building_id,nan_frac_2016,recurrence_level,recurrence_band24,ac_divergence,trend_shift,drift_fired,p2_class
Bear_assembly_Angel,0.35,-0.02184093969579952,-0.1507986980628007,0.1838395686562421,0.0547615825117247,True,TRUE_DRIFT
Bear_assembly_Beatrice,0.0,0.4383277117411595,0.40000453202087877,0.1724448262918294,0.1109317838155891,True,TRUE_DRIFT
Bear_assembly_Danial,0.606,,,0.1568286388591744,0.091253612082523,True,UNKNOWN_2016
Bear_assembly_Genia,0.007,0.8126521840253412,0.07981667780838696,0.0941665903418763,0.1441086868672874,False,STABLE
Bear_assembly_Harry,0.687,,,0.0313751730750032,0.0433941430424304,False,STABLE
Bear_assembly_Jose,0.0,0.8353998896410679,0.21445610848054222,0.0539349532680182,0.0885779529374638,False,STABLE
Bear_assembly_Roxy,0.024,0.4744611253785526,0.3793895791408949,0.2636749181853112,0.304128879873318,True,TRUE_DRIFT
Bear_assembly_Ruby,0.0,0.477508259784825,0.4212516404711871,0.147574259244656,0.0961878267096623,False,STABLE
Bear_education_Alvaro,0.001,0.3793592267994888,0.4256879923841854,0.0749021550945588,0.077315106849874,False,STABLE
Bear_education_Augusta,0.001,0.38101638057188386,0.8028488033535871,0.0454224676912607,0.0680580916465476,False,STABLE
Bear_education_Austin,0.0,0.7184282243991981,0.5195605371644733,0.0809685221535271,0.0301617647681124,False,STABLE
Bear_education_Babara,0.008,0.4363001730238852,0.10195951962264693,0.2477181000160562,0.0146353557500247,True,TRUE_DRIFT
Bear_education_Benita,0.0,0.3471460027929205,-0.14455930139703815,0.2222173797589517,0.0740315997364932,True,TRUE_DRIFT
Bear_education_Bob,0.0,0.869317672094532,0.7796331223283359,0.0651908531070944,0.0490436653169202,False,STABLE
Bear_education_Bulah,0.0,0.36106985336495656,0.11640265993386137,0.0643376104335811,0.0872170350882939,False,STABLE
Bear_education_Carlo,0.625,,,0.102348014124727,0.1154242150659403,False,STABLE
Bear_education_Chad,0.003,0.5025271065957038,0.20183231778301494,0.0760211724519104,0.0339364101496497,False,STABLE
Bear_education_Chana,0.0,0.8483714449898028,0.624005318843397,0.0749363203481537,0.00206328441939,False,STABLE
Bear_education_Chun,0.0,0.3940487330771713,0.29896186140546005,0.0798052797251841,0.191388453505568,True,TRUE_DRIFT
Bear_education_Clint,0.001,0.5537096860935805,-0.004227246637985111,0.0345579221483741,0.0448652145811959,False,STABLE
Bear_education_Curtis,0.001,0.36097643797196965,0.28908580406472323,0.0576669622905329,0.0538099963745956,False,STABLE
Bear_education_Danna,0.0,0.8825646597613295,0.8380231351257271,0.0844739949936772,0.0362305448378579,False,STABLE
Bear_education_Darrell,0.0,0.5572495441301278,0.46662578157857393,0.1065666173860853,0.2197396426626714,True,RECURRING_SEASONAL
Bear_education_Deena,0.001,0.7567968153976515,0.5295354615704945,0.0421201624396635,0.0054361354658717,False,STABLE
Bear_education_Derek,0.002,-0.1368318494392935,0.31705469479683657,0.2048590919637747,0.0281887455404929,True,TRUE_DRIFT
Bear_education_Destiny,0.18,0.6598504190078143,0.32938052001383816,0.0590056123939866,0.0955345429412622,False,STABLE
Bear_education_Elise,0.0,0.48777220261823157,0.561554622664062,0.0428122415930991,0.0136085547179596,False,STABLE
Bear_education_Fannie,0.029,0.41630668496409284,0.35042285430876824,0.4103759239710752,0.0287931618056147,True,TRUE_DRIFT
Bear_education_Gavin,0.001,-0.050502380542714796,0.7518843469241988,0.0186546555134283,0.0084681840441785,False,STABLE
Bear_education_Herb,0.0,0.7034438303215879,0.5710571408121143,0.1205747247051487,0.0405182818111867,False,STABLE
Bear_education_Irene,0.0,0.32589728616533953,-0.039433275527400044,0.2487416826774215,0.0503703779356891,True,TRUE_DRIFT
Bear_education_Iris,0.0,0.6197168258881849,0.6580031048307645,0.0242293738960047,0.1192908382662168,False,STABLE
Bear_education_Katy,0.0,0.7117286308202558,0.06651057504088151,0.00959307366121,0.0829086524831495,False,STABLE
Bear_education_Lashanda,0.0,0.623665453684756,0.5373733924573195,0.085991321063677,0.0442045815787374,False,STABLE
Bear_education_Laurette,0.006,0.29344038196538563,0.2943512574491499,0.5231048203858518,0.0020943034027904,True,TRUE_DRIFT
Bear_education_Leonel,0.0,0.6515854074346464,0.24962292161813723,0.1175981225473742,0.0661986448964402,False,STABLE
Bear_education_Lewis,0.0,0.6531711771489527,0.23077941945385047,0.0573473793103519,0.0083363142750577,False,STABLE
Bear_education_Lidia,0.0,0.8514742403555396,0.6408523398258918,0.0276739673292527,0.119495525544027,False,STABLE
Bear_education_Lila,0.0,0.08467200749625477,0.40234515656939246,0.0124842910500508,0.0283400933327582,False,STABLE
Bear_education_Liliana,0.151,0.8377151179400755,0.16252571736437055,0.1238203836628116,0.0570164704328746,False,STABLE
Bear_education_Lorie,0.001,0.2659745971585218,0.19493309759702168,0.0219292603083695,0.0328864005812504,False,STABLE
Bear_education_Mara,0.035,0.46758784430096895,0.09636376307103632,0.0818185914155354,0.0044169180744426,False,STABLE
Bear_education_Marie,0.0,0.7365905945884104,0.8355574522890137,0.0278736158663304,0.0787441483816603,False,STABLE
Bear_education_Marsha,0.0,0.4343176802853853,0.7734743984701741,0.0205761431350502,0.0241610213174825,False,STABLE
Bear_education_Marta,0.0,0.8320704884857517,0.7978709438833734,0.0273841207237631,0.0025346497660473,False,STABLE
Bear_education_Maryjane,0.0,0.5397144027015766,0.33083084048409167,0.0570619018138942,0.1272391169540258,False,STABLE
Bear_education_Merrill,0.353,0.6129802685541056,0.6656355671318623,0.063964164845463,0.0204247375494586,False,STABLE
Bear_education_Nanette,0.182,0.5749507035742247,0.4319240601037795,0.012219619991304,0.0567023467858508,False,STABLE
Bear_education_Oscar,0.0,0.4815354329168707,0.640573751974417,0.0713433325748554,0.1573149924915759,False,STABLE
Bear_education_Owen,0.0,0.8233483560299252,0.7199138649716978,0.0691416912271458,0.0251337640181257,False,STABLE
Bear_education_Paola,0.0,0.22526360015146835,0.21266128432162795,0.0478714677147334,0.0393825063960169,False,STABLE
Bear_education_Patricia,0.0,0.7049012652763138,0.26243054293329204,0.0333271412056801,0.0239903000022986,False,STABLE
Bear_education_Pattie,0.0,0.7129155867186695,0.0853176506576865,0.0963302555624489,0.1631984700413806,True,RECURRING_SEASONAL
Bear_education_Rebecca,0.001,0.3303705953550026,0.08658259632225798,0.0947296658661928,0.0400728986565775,False,STABLE
Bear_education_Sandy,0.005,-0.007378146895209134,0.5170763815965657,0.1040656916445286,0.0834060035493925,False,STABLE
Bear_education_Santos,0.0,0.7935732321809282,0.8750866987729701,0.0380500066581614,0.0270774895333516,False,STABLE
Bear_education_Sharon,0.0,0.11383713594005217,0.0827838580078359,0.0519863822359799,0.0241491088778858,False,STABLE
Bear_education_Shelley,0.0,0.7212977565179867,0.8889114271466639,0.0343130382319398,0.060750669204181,False,STABLE
Bear_education_Tara,0.0,0.546776358512451,0.31962932521668536,0.1457082642444618,0.1658259890956949,True,RECURRING_SEASONAL
Bear_education_Thuy,0.0,0.5822821038409228,0.5447369996830826,0.0351537167103584,0.0666852315417034,False,STABLE
Bear_education_Val,0.0,0.4020798687064661,0.255325903019494,0.0191809199564135,0.037492868951443,False,STABLE
Bear_education_Wade,0.0,0.02663870398736053,-0.044499787151530426,0.3076897596213245,0.1713585831719966,True,TRUE_DRIFT
Bear_education_Wilton,0.001,0.44358150663427126,0.05734163204776097,0.0625400143207802,0.0776691602326518,False,STABLE
Bear_education_Wm,0.0,0.7247518411716215,0.5558480142825074,0.0604706031279255,0.048336433709627,False,STABLE
Bear_education_Yuri,0.0,0.772937140652991,0.8054930837408063,0.0673253239080576,0.0948528161369744,False,STABLE
Bear_education_Yvette,0.0,0.5550121372568988,0.6644060057352245,0.1165267659818027,0.1051823900597783,False,STABLE
Bear_education_Zandra,0.001,-0.44777483539925084,0.43716323191131323,0.45143910161007,0.0927157834753287,True,TRUE_DRIFT
Bear_lodging_Dannie,0.001,0.9117001220892228,0.46576633936748946,0.0344115106463402,0.0909670558842046,False,STABLE
Bear_lodging_Erick,0.0,0.6557832549809801,0.15163813823566097,0.0520507445233493,0.1237970161719241,False,STABLE
Bear_lodging_Esperanza,0.621,,,0.0685722739128619,0.0186181549952455,False,STABLE
Bear_lodging_Evan,0.0,0.9031071343775866,0.5977183256425774,0.0512287593128484,0.004705695931364,False,STABLE
Bear_parking_Bridget,0.651,,,0.1239560000120232,0.0921341383651748,False,STABLE
Bear_parking_Bruce,0.004,0.5916944699642545,0.6730117129272486,0.582733171473893,0.0615759023982558,True,RECURRING_SEASONAL
Bear_public_Arlean,0.238,0.3402182731335227,0.21693526118933398,0.0748805876840256,0.1842922839368879,True,TRUE_DRIFT
Bear_public_Jocelyn,0.0,0.4019812856964129,0.6256273680109026,0.070413399105679,0.0004779832835811,False,STABLE
Bear_public_Lowell,0.0,0.8159813459994506,-0.031293320305323266,0.0692600309774224,0.0299107469109128,False,STABLE
Bear_public_Orville,0.0,0.6699712275892193,0.3244235722201242,0.062986565056435,0.0337861756541581,False,STABLE
Bear_public_Rayna,0.0,0.6760859130026595,0.6817077544265271,0.0398966220943011,0.0185573468353326,False,STABLE
Bear_public_Valorie,0.0,0.8310365583928332,0.5527472732233004,0.0976929631100065,0.0662280217029152,False,STABLE
Bear_science_Alison,0.001,0.22849065903128393,0.13941309443337785,0.2699166021048198,0.0058836114181683,True,TRUE_DRIFT
Bear_science_Eleanor,0.002,-0.006195750797844083,0.5395061201513773,0.3980311003352889,0.4014144288411327,True,RECURRING_SEASONAL
Bear_utility_Sidney,0.004,-0.4058026619581279,-0.2648224874060038,0.0598160478594312,0.0182619535242932,False,STABLE
Bobcat_assembly_Adam,0.003,0.7412753951158836,0.4588085157362902,0.401575779915903,0.0988235882713891,True,RECURRING_SEASONAL
Bobcat_assembly_Billy,0.025,0.6326208273834979,0.6352085715554814,0.2710879256883728,0.0188732685598558,True,RECURRING_SEASONAL
Bobcat_assembly_Camilla,0.003,-0.22696799501052145,-0.3695907921013041,0.7287937872425789,0.1491151468975562,True,TRUE_DRIFT
Bobcat_assembly_Franklin,0.03,0.32123995360579305,0.28233950387324286,0.0365972588143668,0.007560795000062,False,STABLE
Bobcat_education_Alissa,0.002,-0.21026862747611394,0.2976528660002975,0.3777327702409965,0.2832247295752572,True,TRUE_DRIFT
Bobcat_education_Angela,0.004,0.5407979869993295,0.08228428275506983,0.0612858359876463,0.08207319184947,False,STABLE
Bobcat_education_Coleman,0.038,-0.02712839218102068,-0.023550949153772493,0.1413156950566981,0.0538499829707736,False,STABLE
Bobcat_education_Dylan,0.112,0.5258727316240491,-0.14621647402074614,0.2077826596218577,0.0578727821480153,True,RECURRING_SEASONAL
Bobcat_education_Hollis,0.001,0.4626796997559625,0.36862250331981644,0.2484313503073837,0.1262039447508673,True,TRUE_DRIFT
Bobcat_education_Jayne,0.001,0.8499206374561378,0.17981775055027494,0.3453736010259617,0.4432690709648945,True,RECURRING_SEASONAL
Bobcat_education_Marisha,0.004,0.2817407220591408,0.37257932928661736,0.2353776272075101,0.1943454336610811,True,TRUE_DRIFT
Bobcat_education_Monte,0.243,0.544810104484288,0.10520454673577545,0.4148202888246072,0.2111582144045615,True,RECURRING_SEASONAL
Bobcat_education_Rosalva,0.12,0.5316316515201436,-0.28121467097404346,0.2475319049869881,0.1952156309524642,True,RECURRING_SEASONAL
Bobcat_education_Toni,0.002,0.3174075149587507,0.17015051789890778,0.1612916620440605,0.2231053123244249,True,TRUE_DRIFT
Bobcat_education_Whitney,0.024,0.8092273831662956,0.21549177764119914,0.2652061327886237,0.0434051759543826,True,RECURRING_SEASONAL
Bobcat_lodging_Darin,0.002,0.769641178127281,0.4769258306009725,0.2471467082541366,0.1734184535556274,True,RECURRING_SEASONAL
Bobcat_lodging_Melaine,0.001,0.7438834059309383,0.7571185480348347,0.1256105407865739,0.1156461202102992,False,STABLE
Bobcat_lodging_Nickolas,0.002,0.3731693788340817,0.6617895062763195,0.238450037127727,0.2419800023170487,True,RECURRING_SEASONAL
Bobcat_office_Alma,0.002,0.47784518959981637,0.4249711199413242,0.1307231974855316,0.0298465996328403,False,STABLE
Bobcat_office_Justine,0.301,0.7640731625809541,0.07741416053151717,0.3955423032811442,0.0012263993191775,True,RECURRING_SEASONAL
Bobcat_office_Kassandra,0.136,0.41735342097318984,-0.011216937730892334,0.2110898703938897,0.4227813910822767,True,TRUE_DRIFT
Bobcat_office_Melody,0.293,0.7461940824748007,0.4140624612191456,0.2470471293442637,0.0751597995901475,True,RECURRING_SEASONAL
Bobcat_office_Nikita,0.015,0.844580861325626,0.1265333108396955,0.1438732127581846,0.1198667720045544,False,STABLE
Bobcat_other_Howard,0.012,0.2149834110400966,0.03973427720960917,0.1479529006760548,0.2522618165828215,True,TRUE_DRIFT
Bobcat_other_Jovita,0.015,0.8763220475040207,0.6155117022769034,0.4735677693407513,0.9284032327950053,True,RECURRING_SEASONAL
Bobcat_other_Timothy,0.001,0.17256998319984404,0.3714089245801532,0.3340717922601046,0.2384265608438049,True,TRUE_DRIFT
Bull_assembly_Amalia,0.002,-0.0073622517234788465,-0.019428812744115356,0.7140659652625293,0.1561111273472817,True,TRUE_DRIFT
Bull_assembly_Beau,0.002,0.382132770507434,0.1848802294424417,0.0933145336548767,0.0103721030862858,False,STABLE
Bull_assembly_Brandon,0.002,0.07097431119168342,0.15131093441905802,0.5110073918861453,0.0115760228946426,True,TRUE_DRIFT
Bull_assembly_Daryl,0.024,0.5244325446519322,0.3636900384415912,0.2953382426018154,0.0616760460374571,True,RECURRING_SEASONAL
Bull_assembly_Dorethea,0.003,0.36638276092983013,-0.012790354637774096,0.3405002016464973,0.0261477318907452,True,TRUE_DRIFT
Bull_assembly_Freddie,0.002,0.548654464556638,0.08082642857251224,0.0632932380907764,0.1534920173328005,False,STABLE
Bull_assembly_Gerri,0.002,0.49137268707641124,0.3153447330089094,0.1751124502331209,0.1360474366148745,True,TRUE_DRIFT
Bull_assembly_Gigi,0.002,0.39331357146929263,-0.12936765481212203,0.2459723940440362,0.2042101332484835,True,TRUE_DRIFT
Bull_assembly_Goldie,0.002,0.5999913776939069,0.369901498188797,0.3313706784023708,0.0303424329719588,True,RECURRING_SEASONAL
Bull_assembly_Katia,0.036,0.48303980276742386,-0.10147399517615233,0.2392111801198744,0.2538106756561138,True,TRUE_DRIFT
Bull_assembly_Lance,0.001,0.3892288273618475,-0.039635522480661683,1.1330316986568127,0.0742759811366512,True,TRUE_DRIFT
Bull_assembly_Lesa,0.002,0.7100611781223948,0.12495203681723878,0.1210465742409989,0.1646238339374645,True,RECURRING_SEASONAL
Bull_assembly_Maren,0.018,0.13413330967928122,0.0852683212428263,0.2620352770006943,0.1474343161522923,True,TRUE_DRIFT
Bull_assembly_Nathanial,0.003,0.18335098522313104,-0.07875067549917385,0.8723620958197175,0.0309191845083652,True,TRUE_DRIFT
Bull_assembly_Newton,0.011,0.3173458805509412,0.4198496620062216,0.1799611164692521,0.1345897341958175,True,TRUE_DRIFT
Bull_assembly_Nick,0.002,0.2791140998258792,0.5054851787158432,0.4662875342274357,0.0051896197828401,True,RECURRING_SEASONAL
Bull_assembly_Vanessa,0.002,-0.1484725219070796,0.054220778308449305,0.2756842699471391,0.0483345714011347,True,TRUE_DRIFT
Bull_education_Annette,0.0,-0.6241443852906524,-0.3047136865734573,1.1267215028149915,0.6499889353274784,True,TRUE_DRIFT
Bull_education_Antonia,0.002,0.6433531548854544,0.11425411130537481,0.4154238588600581,0.117942876507143,True,RECURRING_SEASONAL
Bull_education_Arthur,0.002,0.20471900311926527,-0.040415409681826525,0.9170886736363124,0.0353739427591611,True,TRUE_DRIFT
Bull_education_Barry,0.002,-0.09871160021484121,-0.14260488142029257,0.2593811307864988,0.01448602440485,True,TRUE_DRIFT
Bull_education_Bernice,0.001,0.0054253913090680774,0.17234733024887516,0.6901257207850903,0.2104723901309516,True,TRUE_DRIFT
Bull_education_Brady,0.002,0.781400155740732,0.4144199465312833,0.1272996797622604,0.0446995690049585,False,STABLE
Bull_education_Brain,0.002,0.12873632444060654,0.17656304382002716,0.8648506956151072,0.0718714483533297,True,TRUE_DRIFT
Bull_education_Brandi,0.002,0.4204005325387935,0.2909902730414662,0.2660804873455201,0.0336245515971274,True,TRUE_DRIFT
Bull_education_Brenda,0.002,0.6075571064517284,0.1905156768047349,0.4830676257146331,0.050564207647996,True,RECURRING_SEASONAL
Bull_education_Bryon,0.002,0.3636463343278229,0.32057935719585706,0.2572702195927161,0.0760835061290239,True,TRUE_DRIFT
Bull_education_Carl,0.002,0.044281576583743314,-0.16051170393316586,0.5780439651389011,0.0220153038977776,True,TRUE_DRIFT
Bull_education_Clarice,0.002,0.19978304341331518,-0.3379982811708935,0.4857662875883806,0.0002923455050171,True,TRUE_DRIFT
Bull_education_Clarita,0.01,-0.03893596719996004,-0.04435204732623527,0.6556042546816151,0.0621426608215928,True,TRUE_DRIFT
Bull_education_Dakota,0.002,0.7492786670702817,0.5095756790246602,0.1083535199598584,0.0069316122979119,False,STABLE
Bull_education_Dan,0.002,0.32580204223578196,0.020789671664588255,0.7969763390245255,0.0289111845989653,True,TRUE_DRIFT
Bull_education_Dania,0.002,0.4916122615426116,0.3595178828409987,0.2571152973069133,0.0556591055964759,True,TRUE_DRIFT
Bull_education_Delia,0.0,0.42295970568446406,0.2587036832257439,1.2121341732669195,0.0712827623638888,True,TRUE_DRIFT
Bull_education_Dora,0.002,0.5276077671047976,0.2911755436635097,0.2154576339563246,0.0658225572652183,True,RECURRING_SEASONAL
Bull_education_Dottie,0.001,-0.45302790495884615,0.06057124790570278,0.0638196438872378,0.286721899117992,True,TRUE_DRIFT
Bull_education_Elva,0.002,0.1964931761908458,0.3271599570178022,0.6968768052195582,0.0263016781756252,True,TRUE_DRIFT
Bull_education_Fabiola,0.002,0.5139419978509429,0.17925359575985697,0.393867933473218,0.0073133760880282,True,RECURRING_SEASONAL
Bull_education_Geneva,0.002,0.4022990499167683,0.2376639616876706,0.0877646559848391,0.1269239621069752,False,STABLE
Bull_education_Genie,0.002,0.6271016318007883,0.28938561839822696,0.349837788754376,0.006754798471106,True,RECURRING_SEASONAL
Bull_education_Gregory,0.002,0.5999685719269935,0.2585097724241936,0.1465118707974116,7.009593474483461e-05,False,STABLE
Bull_education_Hayley,0.002,0.1166489196434121,0.23435858272298438,0.7575953567997117,0.0200206344817096,True,TRUE_DRIFT
Bull_education_Jae,0.002,0.0945578783484785,-0.004057427041708721,0.6890303675345052,0.0107818702333413,True,TRUE_DRIFT
Bull_education_Jeffery,0.001,0.48089120218826126,0.20284458200414804,0.5417851778714751,0.0704186649731644,True,TRUE_DRIFT
Bull_education_Joseph,0.004,0.6659696866992659,0.13729415546808466,0.3072314850922422,0.012862288631965,True,RECURRING_SEASONAL
Bull_education_Juan,0.002,0.4245979272591512,0.058342376362220776,0.3484038694103822,0.0623934495769751,True,TRUE_DRIFT
Bull_education_Kendra,0.002,0.7054237922798982,0.39637449429272276,0.3474471711578162,0.0055973856668886,True,RECURRING_SEASONAL
Bull_education_Krista,0.002,0.4039199819549066,0.10715475569316463,0.4407538053552555,0.0762307985053285,True,TRUE_DRIFT
Bull_education_Kristal,0.002,0.10729124247596758,-0.07930359810893715,0.9198949207558448,0.034783306996188,True,TRUE_DRIFT
Bull_education_Lenny,0.002,0.0865047344608593,0.30741691212793454,0.3748520127018706,0.0237160352393199,True,TRUE_DRIFT
Bull_education_Linnie,0.002,0.7828234346071163,0.467884115016908,0.2027295936417098,0.0381277000672645,True,RECURRING_SEASONAL
Bull_education_Luke,0.002,0.6664056576524684,0.27503727547646944,0.3842953932881605,0.0558946419291058,True,RECURRING_SEASONAL
Bull_education_Lydia,0.001,0.3913583140521974,0.3359249119788526,0.7174019859220391,0.1951426618566117,True,TRUE_DRIFT
Bull_education_Lyn,0.002,0.5091825032662546,0.16183781761448737,0.2597267175906435,0.0895107104257184,True,RECURRING_SEASONAL
Bull_education_Magaret,0.002,0.6806745361987387,0.2888248695651728,0.178677713518969,0.0397524282935998,True,RECURRING_SEASONAL
Bull_education_Mario,0.002,0.21670765359520758,0.2537471390943336,0.3213054033149629,0.0313330812702169,True,TRUE_DRIFT
Bull_education_Matilda,0.001,0.4322305030928764,-0.027514805022005876,1.1506726863969674,0.0585350613253925,True,TRUE_DRIFT
Bull_education_Mervin,0.002,0.34719087698887835,0.1919929286026751,0.4041352154611603,0.0782397808487048,True,TRUE_DRIFT
Bull_education_Miquel,0.002,0.6370162164423934,0.22422076574985828,0.3713894210185208,0.0528692534241411,True,RECURRING_SEASONAL
Bull_education_Miranda,0.002,0.25556821687408676,-0.007668327213555761,0.71641348753358,0.0492788858094509,True,TRUE_DRIFT
Bull_education_Myra,0.002,0.7267836591692779,0.2275692646116841,0.2774135039352834,0.0307467696778725,True,RECURRING_SEASONAL
Bull_education_Nichole,0.002,0.37115215793911693,0.2018687966262548,0.4914837337299816,0.0829004733885436,True,TRUE_DRIFT
Bull_education_Nina,0.002,0.025880881106094513,-0.05503822203228501,0.726431219252833,0.0007268582717429,True,TRUE_DRIFT
Bull_education_Nolan,0.002,-0.02222508895424416,0.12251378973318873,0.2611400177482237,0.0434804388932716,True,TRUE_DRIFT
Bull_education_Olive,0.002,0.5459509920321732,0.267282347620763,0.1793288347771976,0.2547494472409102,True,RECURRING_SEASONAL
Bull_education_Pablo,0.002,0.5348303446745719,0.4051079842171748,0.2408056885350721,0.018857225258753,True,RECURRING_SEASONAL
Bull_education_Pamela,0.002,0.27220672607271545,0.10106529047947364,0.530367166366046,0.0203805804010411,True,TRUE_DRIFT
Bull_education_Patrina,0.002,0.513904250419211,0.294544742454732,0.2383004151662864,0.0139518992889668,True,RECURRING_SEASONAL
Bull_education_Racheal,0.002,0.2347986115754133,0.06692951172768868,0.6194542372654199,0.019698033551946,True,TRUE_DRIFT
Bull_education_Reina,0.002,0.27619399887160795,0.3903181836952373,0.1143299344519608,0.0065281100651736,False,STABLE
Bull_education_Reynaldo,0.002,-0.09992766212327046,0.3344235444501149,0.317569324443779,0.0288742268050626,True,TRUE_DRIFT
Bull_education_Roland,0.003,0.3276923836238708,0.014255425308772413,0.5184928053360455,0.0314207050209263,True,TRUE_DRIFT
Bull_education_Roseann,0.003,-0.17939209629516598,-0.004458046802890753,0.3958443353753241,0.0051186483646252,True,TRUE_DRIFT
Bull_education_Sebastian,0.002,0.43256734591731616,0.20445237939359928,0.2909788424436814,0.0409981621047853,True,TRUE_DRIFT
Bull_education_Shona,0.002,0.09328181246014552,-0.026153017868603454,0.5576074852185864,0.009198443005363,True,TRUE_DRIFT
Bull_education_Stewart,0.002,0.3991811963046126,-0.06240319529012338,0.5386629480303844,0.039768053213625,True,TRUE_DRIFT
Bull_education_Summer,0.003,0.49331923189288573,0.08640104188818326,0.1933333723492197,0.0068965684527517,True,TRUE_DRIFT
Bull_education_Tracey,0.002,0.12233361174284575,0.3576291198470789,0.1946971440652332,0.1891830198007681,True,TRUE_DRIFT
Bull_education_Venita,0.002,-0.08747660270302872,0.4116458614649177,0.4283525283084062,0.1029440678878162,True,TRUE_DRIFT
Bull_education_Violeta,0.002,0.1053016532819296,0.18896157416591075,0.5011725034214431,0.0145951380772334,True,TRUE_DRIFT
Bull_lodging_Abby,0.003,0.5026159781846918,0.4472087057972318,0.4177028870861984,0.027247900852388,True,RECURRING_SEASONAL
Bull_lodging_Allen,0.002,0.8806374947955039,0.45995203171984644,0.149385034174203,0.1773208864560153,True,RECURRING_SEASONAL
Bull_lodging_Anibal,0.002,0.6925045658912274,0.29491001495542785,0.1153231744782137,0.0303820012660759,False,STABLE
Bull_lodging_Caren,0.002,0.5455835450735155,0.5985190734279126,0.3055237213310282,0.0689989130663651,True,RECURRING_SEASONAL
Bull_lodging_Carie,0.002,0.597369164566731,0.5809864499000341,0.6410369952422509,0.0250431459485901,True,RECURRING_SEASONAL
Bull_lodging_Charlotte,0.002,0.8551469914724917,0.45696163959484354,0.1207908965281121,0.2977603455833694,True,RECURRING_SEASONAL
Bull_lodging_Danielle,0.001,0.6294336838615978,0.20939143735069354,0.4125181465226995,0.2412863628782285,True,RECURRING_SEASONAL
Bull_lodging_Dave,0.002,0.7675634444582888,0.38147634534019503,0.405737147975027,0.004328736896261,True,RECURRING_SEASONAL
Bull_lodging_Elena,0.002,0.759465543034394,0.5542647042789745,0.2294292694181289,0.0091706472146323,True,RECURRING_SEASONAL
Bull_lodging_Graciela,0.003,0.13919025235717866,0.17789395377275133,0.0930518911222435,0.0366804754595879,False,STABLE
Bull_lodging_Hugo,0.001,0.786373409518616,0.3026341801930664,0.7683415809463968,0.0653078842169418,True,RECURRING_SEASONAL
Bull_lodging_Jeremiah,0.002,0.7903047228704637,0.020389021002273057,0.2083520768738636,0.0052259508937456,True,RECURRING_SEASONAL
Bull_lodging_Leonard,0.002,0.7170170442847071,0.5008265936240098,0.5066574405369516,0.0441431580943923,True,RECURRING_SEASONAL
Bull_lodging_Lettie,0.002,0.6923155781555612,0.23129414695536343,0.3798258185106636,0.0448095218402732,True,RECURRING_SEASONAL
Bull_lodging_Melissa,0.002,0.6241016571722023,0.47109047980390334,0.5544612216507404,0.0258888101712858,True,RECURRING_SEASONAL
Bull_lodging_Perry,0.002,0.7250323636342632,0.2969957577969513,0.3646127810972391,0.0150705804409675,True,RECURRING_SEASONAL
Bull_lodging_Terence,0.001,0.759798196335347,-0.21706431243349814,0.3386982830239917,0.1078636529016436,True,RECURRING_SEASONAL
Bull_lodging_Travis,0.002,0.7817330422531281,0.4027846279745673,1.3603865930698449,0.0194414606334171,True,RECURRING_SEASONAL
Bull_lodging_Xavier,0.002,0.8824212770390513,0.3370369833984899,0.0616835389109792,0.3748712080878429,True,RECURRING_SEASONAL
Bull_office_Anne,0.003,0.0677142906324197,0.1457843650222305,0.4939548863679751,0.0289240040771108,True,TRUE_DRIFT
Bull_office_Chantel,0.002,0.5707250993548848,0.2334287951889348,0.1910554197476957,0.2958612230912087,True,RECURRING_SEASONAL
Bull_office_Claudia,0.002,-0.00043346978060751056,0.3084053449433179,0.6012020316177047,0.0193903834070293,True,TRUE_DRIFT
Bull_office_Debbie,0.003,0.5123792771884145,0.4140716991437301,0.1927040533947664,0.0206438456302615,True,RECURRING_SEASONAL
Bull_office_Efren,0.0,0.36550296248218056,0.2149186835059252,1.205394839045963,0.1068768106818057,True,TRUE_DRIFT
Bull_office_Ella,0.0,0.5669653273511606,-0.14979792147960672,0.9117202993301564,0.1122780305878305,True,RECURRING_SEASONAL
Bull_office_Hilton,0.003,-0.11313585398724392,-0.1739708323040156,0.2191011665119365,0.0475382099351521,True,TRUE_DRIFT
Bull_office_Ivette,0.002,0.2943662335812262,0.2430352497701565,0.2175278160405435,0.0302689189272031,True,TRUE_DRIFT
Bull_office_Lilla,0.002,0.3523906673213451,0.3284109705158227,0.738321541392771,0.0531980183186854,True,TRUE_DRIFT
Bull_office_Marco,0.002,0.6979148918305219,0.27760991491435516,0.5114326985953785,0.142067957868347,True,RECURRING_SEASONAL
Bull_office_Myron,0.002,0.153433113459508,-0.08263510232049881,0.1450319646461846,0.0277261122695342,False,STABLE
Bull_office_Nicolas,0.002,0.06866010208527151,0.08857394806994277,0.1375734595102047,0.1055713386497207,False,STABLE
Bull_office_Rob,0.002,0.5303901736456436,0.2325542385380566,0.2990065628654392,0.004009243792742,True,RECURRING_SEASONAL
Bull_office_Sally,0.001,0.3207846560452124,0.06106755448888847,0.2398848769101128,0.0039526139604819,True,TRUE_DRIFT
Bull_office_Trevor,0.0,-0.11362141134536873,0.13931442086285725,1.2715111589421486,0.0283874127135571,True,TRUE_DRIFT
Bull_office_Yvonne,0.002,0.527722441258561,0.18701473076929137,0.3028995032287911,0.0446036827469345,True,RECURRING_SEASONAL
Bull_public_Hyun,0.002,-0.167521129965821,0.14946553144198169,0.6969114128462495,0.0627510178267638,True,TRUE_DRIFT
Bull_public_Jefferson,0.002,0.08295495671060163,0.26443634231751045,0.249562973008618,0.1024020501640061,True,TRUE_DRIFT
Bull_services_Jeanmarie,0.003,0.4261781480010938,0.16736535209285458,0.2953936060837934,0.0261787734777907,True,TRUE_DRIFT
Bull_services_Juanita,0.002,-0.18970740771848077,-0.19589724661940466,0.7392850120768065,0.0935050384510374,True,TRUE_DRIFT
Bull_services_Nadine,0.002,0.35110762917590277,-0.04097891371930519,0.7495627654777057,0.031236646379156,True,TRUE_DRIFT
Bull_services_Rachelle,0.002,0.1289749050700694,0.17318182125662002,0.3965813751653084,0.1220123946762893,True,TRUE_DRIFT
Bull_services_Winford,0.002,0.15926612832208917,-0.22629251627070796,0.2020061493444236,0.0644483679929137,True,TRUE_DRIFT
Cockatoo_assembly_Doyle,0.15,0.8842093533917269,0.4889226336475355,0.0010232960938812,0.0083293446178105,False,STABLE
Cockatoo_assembly_Ed,0.153,0.6465960099501953,0.5497508693489831,0.0675815587311239,0.0497867041132318,False,STABLE
Cockatoo_assembly_Emilio,0.149,0.7234615058722683,0.6482459173473496,0.1807913471149542,0.1089920650728001,True,RECURRING_SEASONAL
Cockatoo_assembly_Evelyn,0.152,0.6734366518778293,0.6416088898042444,0.3831550091171991,0.0177053991744693,True,RECURRING_SEASONAL
Cockatoo_assembly_Fernanda,0.219,0.8286367894320984,0.6643275778852621,0.1210804441683482,0.0472390732142837,False,STABLE
Cockatoo_assembly_Genoveva,0.15,0.20389024465145578,0.4716424476938791,0.1150539963664946,0.0168026856125107,False,STABLE
Cockatoo_assembly_Griselda,0.149,0.9518803769266477,0.7768220135386246,0.1019535767485658,0.046544447423275,False,STABLE
Cockatoo_assembly_Heath,0.149,-0.4930162977684008,0.19070334770551528,0.1684181524047924,0.2984463053908393,True,TRUE_DRIFT
Cockatoo_assembly_Meredith,0.149,0.03808341942432246,0.2672643796773766,0.15486256056618,0.3724866954426598,True,TRUE_DRIFT
Cockatoo_assembly_Pierre,0.15,0.05235508958631749,0.2798225407088458,0.1668191294248825,0.0615342512856887,True,TRUE_DRIFT
Cockatoo_assembly_Ralph,0.761,,,0.3078415626161296,0.0411612484479739,True,UNKNOWN_2016
Cockatoo_assembly_Rodger,0.151,0.31884597372751033,0.5744494404432153,0.0700265823092377,0.0498534482874108,False,STABLE
Cockatoo_assembly_Tabitha,0.149,0.6046511796429734,0.6303771218581611,0.0447600406919072,0.0275887027873919,False,STABLE
Cockatoo_assembly_Valencia,0.149,0.6113547037373046,0.13498871580136043,0.0812913714657828,0.2744252930519116,True,RECURRING_SEASONAL
Cockatoo_education_Amira,0.16,0.9062585775076705,0.5743241207278446,0.1400942254604722,0.1093932929601278,False,STABLE
Cockatoo_education_Arlen,0.149,-0.22733015445610785,-0.00024635460781583304,0.1041501910740013,0.2844486108227438,True,TRUE_DRIFT
Cockatoo_education_Brendan,0.15,0.079776183725596,0.37214109031094506,0.074322600442101,0.0148074007591906,False,STABLE
Cockatoo_education_Brigitte,0.149,0.55040009841257,0.06073855262633401,0.053778956725871,0.0156213767528555,False,STABLE
Cockatoo_education_Charity,0.151,0.03853741659407396,0.5707049499666629,0.0497495597352531,0.0314693753226454,False,STABLE
Cockatoo_education_Christi,0.255,0.7494298897404725,0.19711056748459324,0.4742052986428727,0.2959264294072293,True,RECURRING_SEASONAL
Cockatoo_education_Claudine,0.15,0.8311369175755544,0.6277780281683881,0.1340354864427524,0.0287062042301101,False,STABLE
Cockatoo_education_Collin,0.149,-0.1915404219086158,0.42911830308616333,0.0737595708986583,0.1861324905464988,True,TRUE_DRIFT
Cockatoo_education_Deloris,0.157,0.6398248923935732,0.06195662486710181,0.0779813591515317,0.0454372917166934,False,STABLE
Cockatoo_education_Doreen,0.149,0.7591755686334676,0.6439626333538963,0.1076719666792848,0.0166872522449104,False,STABLE
Cockatoo_education_Erik,0.15,0.7540552074575569,0.3068423840426227,0.0341371600338723,0.1164009383068772,False,STABLE
Cockatoo_education_Eunice,0.149,0.36367631624081487,0.3071591257194636,0.1039055276137206,0.0373992715589019,False,STABLE
Cockatoo_education_Evangeline,0.149,0.8077282165587123,0.26850507455064615,0.0674600818958031,0.0480295763272799,False,STABLE
Cockatoo_education_Flora,0.15,0.30816263376432823,0.2882450914924888,0.457897478318615,0.0098443078454813,True,TRUE_DRIFT
Cockatoo_education_Gussie,0.15,0.5436137582776438,0.616301060392305,0.0576611551764144,0.0031848489425154,False,STABLE
Cockatoo_education_Helene,0.151,0.31382330131208197,0.26772802523061207,0.3803076856388562,0.1746239720001842,True,TRUE_DRIFT
Cockatoo_education_Jack,0.15,0.5315642079851147,0.5069108539507777,0.1136709249960545,0.1087830399857228,False,STABLE
Cockatoo_education_Janet,0.15,0.7189290325358866,-0.041973191835720056,0.0763102006694071,0.0148189319157553,False,STABLE
Cockatoo_education_Joeann,0.149,0.37554249994873135,0.7344010925607491,0.0590272784286872,0.0795751730880468,False,STABLE
Cockatoo_education_Joel,0.149,0.02011523997177323,-0.15141105656286083,0.3696381133906544,0.0298204009629689,True,TRUE_DRIFT
Cockatoo_education_Jon,0.149,0.8371631302815439,0.6227710949323025,0.0682765252214117,0.2517170151212891,True,RECURRING_SEASONAL
Cockatoo_education_Julia,0.151,0.7970839763274141,0.5466607735521009,0.047607077702669,0.0483493844541254,False,STABLE
Cockatoo_education_Julio,0.149,0.8046524859327974,0.17109819064307163,0.0319650009330384,0.1147472254297359,False,STABLE
Cockatoo_education_June,0.151,0.40701284225334877,0.2958107863559603,0.0791966042845695,0.0024928985812128,False,STABLE
Cockatoo_education_Laurence,0.149,0.5563936343973443,0.16719291805671826,0.1241149947763402,0.0435017234095966,False,STABLE
Cockatoo_education_Lionel,0.164,0.5246096217738859,0.33516359790600125,0.0315139658139452,0.0032408931932659,False,STABLE
Cockatoo_education_Magdalena,0.149,-0.3432179509626503,-0.1738678494853711,0.3840401887630953,0.1836278155602043,True,TRUE_DRIFT
Cockatoo_education_Marva,0.149,0.7978220380225781,0.5002817509864399,0.041717370147617,0.0102051513989675,False,STABLE
Cockatoo_education_Maynard,0.15,0.8068311329964701,0.31135134055312996,0.012755532638206,0.0259020679320776,False,STABLE
Cockatoo_education_Mayra,0.151,0.4782989717705106,0.5030188984767862,0.09193492035973,0.0459539478366079,False,STABLE
Cockatoo_education_Melanie,0.149,-0.1230503561637708,0.12396786606341852,0.0959046454836588,0.678234260081639,True,TRUE_DRIFT
Cockatoo_education_Minh,0.15,0.4691420577954556,0.43402277813970197,0.1193520917369946,0.0577843865511331,False,STABLE
Cockatoo_education_Nelda,0.151,-0.04617685921804386,0.1062526900874934,0.1957640761374267,0.1320042782605518,True,TRUE_DRIFT
Cockatoo_education_Oliver,0.149,0.8701731450875066,0.685823611155558,0.1627033353220142,0.0021651792890206,True,RECURRING_SEASONAL
Cockatoo_education_Orlando,0.149,0.5842765259765276,0.2331885932158932,0.1191006601320032,0.0190629867512338,False,STABLE
Cockatoo_education_Rita,0.149,0.4496204865714628,0.5092312065865651,0.1354933248480228,0.0719135292092223,False,STABLE
Cockatoo_education_Shawn,0.149,0.8927265582219437,0.5862450702493504,0.0399950643503317,0.0043778437173468,False,STABLE
Cockatoo_education_Sheryl,0.149,0.7585380665209225,0.2905367370974075,0.0840925121326086,0.0266856266384404,False,STABLE
Cockatoo_education_Terrence,0.15,0.38834227974588315,0.4438804654919174,0.0763655701845592,0.0100623037560175,False,STABLE
Cockatoo_education_Tyler,0.15,0.6641722689058674,0.16257836011818272,0.0659132195844282,0.0232649880735197,False,STABLE
Cockatoo_education_Victoria,0.152,0.7343937607206278,0.5869585361411285,0.0912223182086675,0.1967115863604052,True,RECURRING_SEASONAL
Cockatoo_industrial_Nathaniel,0.149,0.6880498984855037,0.7940807214456871,0.0565577084803839,0.1661100455446008,True,RECURRING_SEASONAL
Cockatoo_industrial_Sarita,0.149,-0.19629365924142073,-0.2565032327234677,0.1186618792908102,0.1459358913583262,False,STABLE
Cockatoo_lodging_Aimee,0.149,0.9588538300628114,0.1946683900925512,0.1085004182536886,0.0120687234635309,False,STABLE
Cockatoo_lodging_Albert,0.149,0.9534402827377925,0.5642770781181833,0.0863931847712717,0.0158981741194992,False,STABLE
Cockatoo_lodging_Alicia,0.156,0.2380265256653191,0.4912293791267628,0.161398272245229,0.0759495842883766,True,TRUE_DRIFT
Cockatoo_lodging_Ana,0.149,0.9584457124061017,0.3379646925948812,0.0658655416317817,0.0457063075602526,False,STABLE
Cockatoo_lodging_Carmen,0.149,0.9095922004848893,0.34988348861364205,0.2550014932233216,0.0344681919227232,True,RECURRING_SEASONAL
Cockatoo_lodging_Cletus,0.149,0.9265886381308519,0.3375013860895659,0.2139202138325389,0.0671900359071762,True,RECURRING_SEASONAL
Cockatoo_lodging_Elvia,0.15,0.8424469337502634,0.7610973914227888,0.1011807512111303,0.0536261572963893,False,STABLE
Cockatoo_lodging_Emory,0.15,0.9344188680074643,0.3849701847540027,0.0132110572290315,0.0019354492350149,False,STABLE
Cockatoo_lodging_Eric,0.149,0.8827794433005456,0.518629257671165,0.3183053458494528,0.0436435880832602,True,RECURRING_SEASONAL
Cockatoo_lodging_Homer,0.149,0.6348632828646993,0.5310381666782128,0.0973669875257999,0.0222258912757531,False,STABLE
Cockatoo_lodging_Jarrod,0.149,0.3702033605803222,0.17785934885952603,0.4384890557618761,1.292390285931445,True,TRUE_DRIFT
Cockatoo_lodging_Javier,0.149,0.9026018046234683,0.4961382984315859,0.0103636560874352,0.0848702502095731,False,STABLE
Cockatoo_lodging_Jim,0.149,0.44942995633906996,0.5232302595348168,0.0887649936576315,0.093657073648736,False,STABLE
Cockatoo_lodging_Jimmie,0.149,0.8657929237557593,0.7127478791057995,0.2096268931015897,0.0271929779193031,True,RECURRING_SEASONAL
Cockatoo_lodging_Johnathan,0.149,0.9381792408392778,0.4413004066729867,0.1708327951704032,0.0006981474761561,True,RECURRING_SEASONAL
Cockatoo_lodging_Josephine,0.149,0.8549683350862334,0.9087397102317105,0.0642782406506266,0.0016637611675331,False,STABLE
Cockatoo_lodging_Judi,0.149,0.8939575402525145,0.7085014627278627,0.040206087584953,0.1037016243206975,False,STABLE
Cockatoo_lodging_Katharine,0.15,0.6684293515045763,0.4020381008645666,0.0322712154444309,0.190884058785285,True,RECURRING_SEASONAL
Cockatoo_lodging_Kerri,0.282,0.9327484828980929,0.4384174793394774,0.1981638945340774,0.091701829236484,True,RECURRING_SEASONAL
Cockatoo_lodging_Kyle,0.149,0.9408089729872898,0.7565815632454252,0.0476746421084277,0.0078047259661244,False,STABLE
Cockatoo_lodging_Lana,0.15,0.8682887656836674,0.7627281576920947,0.0181570923038757,0.0726451759895955,False,STABLE
Cockatoo_lodging_Linwood,0.149,0.8122821448273189,0.6426895486644159,0.2007375637833826,0.1065750282035949,True,RECURRING_SEASONAL
Cockatoo_lodging_Lynne,0.149,0.8613282928362421,0.7996219910136986,0.041275445458664,0.1078197655632377,False,STABLE
Cockatoo_lodging_Mandy,0.151,0.20209649593442372,0.27742605395143577,0.1130852723349196,0.0565378209337728,False,STABLE
Cockatoo_lodging_Olga,0.149,0.8796893190813917,0.4935666009556768,0.0125780934535612,0.1287644863983792,False,STABLE
Cockatoo_lodging_Raphael,0.149,0.9309002041430603,0.8506817205153416,0.047563508589313,0.0049872598266,False,STABLE
Cockatoo_lodging_Tesha,0.152,0.811005609864518,0.3961563733999002,0.3650598403245588,0.1411272339548657,True,RECURRING_SEASONAL
Cockatoo_lodging_Tessie,0.149,0.9496118518026864,0.8749692578446926,0.0164262290232477,0.0231406717155192,False,STABLE
Cockatoo_office_Ada,0.391,0.04302066728882472,-0.06922027151081724,0.1735932208729077,0.0305377579847765,True,TRUE_DRIFT
Cockatoo_office_Alton,0.149,0.5494634344339306,0.29086629449992624,0.0472133502527036,0.0819389432118968,False,STABLE
Cockatoo_office_Christy,0.15,0.48515388826148986,0.6928453007171418,0.0572469163001068,0.0471566904908024,False,STABLE
Cockatoo_office_Delores,0.149,0.8108424875270261,0.22534289499406038,0.0471176494505284,0.0318010113417263,False,STABLE
Cockatoo_office_Elbert,0.151,0.24027942269018854,0.2456310509658497,0.0216639884273319,0.0443943014384005,False,STABLE
Cockatoo_office_Gail,0.149,0.3642159104168204,0.5955742372516228,0.0652233406613757,0.1326775781078924,False,STABLE
Cockatoo_office_Georgia,0.149,0.756739416961881,0.6902116480964045,0.0432245762904233,0.012083841399248,False,STABLE
Cockatoo_office_Giovanni,0.153,0.388929905744407,0.5685198562851528,0.1379355949878563,0.0760821225294018,False,STABLE
Cockatoo_office_Jimmy,0.151,0.8198542291164636,-0.44605690660133934,0.0802445426840737,0.0815546429439734,False,STABLE
Cockatoo_office_Jodie,0.149,0.5516303799992365,0.584384697115959,0.0947416369488561,0.0372238856721655,False,STABLE
Cockatoo_office_Kristin,0.15,0.30312373195291936,0.5111520856174333,0.105736599351412,0.0346166294253043,False,STABLE
Cockatoo_office_Laila,0.15,-0.022356949682978154,0.3456143489042624,0.0464508158716243,0.0162627940903066,False,STABLE
Cockatoo_office_Lorraine,0.153,0.5486538924039692,0.203427280774894,0.1007088750245707,0.0238250372064886,False,STABLE
Cockatoo_office_Paige,0.149,0.7841314792291935,0.11712556117782784,0.0982530181467278,0.0525548590820913,False,STABLE
Cockatoo_office_Pansy,0.15,0.7045928400986393,0.6080315695639834,0.0946669977861743,0.0091463472701621,False,STABLE
Cockatoo_office_Rodney,0.149,0.7370704520474479,0.5639498401093826,0.063033488636514,0.0607117496151979,False,STABLE
Cockatoo_office_Roxanna,0.152,0.47115379151817205,0.5071303314192809,0.1068372909028875,0.0444575791273062,False,STABLE
Cockatoo_public_Caleb,0.149,0.7716071557027757,0.6966768973868073,0.0854391429577031,0.2219926335852095,True,RECURRING_SEASONAL
Cockatoo_public_Chiquita,0.149,0.8357934547515127,0.6802944271718859,0.0969521953279748,0.0092433933894871,False,STABLE
Cockatoo_public_Harland,0.15,0.8535420508341388,0.7652763441387791,0.1617425912770179,0.0542797301053717,True,RECURRING_SEASONAL
Cockatoo_public_Leah,0.149,0.8820763888599217,0.6176356597351765,0.0950476747330159,0.0491036623679222,False,STABLE
Cockatoo_public_Shad,0.149,0.6528194626162924,0.7652088635201095,0.0303457994005282,0.1033083141606435,False,STABLE
Cockatoo_public_Valerie,0.149,-0.0951518251631727,-0.1865804305304971,0.0937822579316939,0.0197009200796658,False,STABLE
Cockatoo_religion_Diedre,0.149,0.4233522424936326,-0.03154727828965196,0.0499185983462598,0.0495171444501368,False,STABLE
Cockatoo_science_Rex,0.149,0.2707755881210943,0.44068435149113305,0.0831682691752435,0.1060827726837499,False,STABLE
Cockatoo_utility_Kimiko,0.149,0.6477013284021973,-0.037060490034029656,0.0604531400282939,0.2980792788746171,True,RECURRING_SEASONAL
Cockatoo_utility_Sherri,0.149,0.4391903314844761,0.6028459444423937,0.0631496638918004,0.1059528464274904,False,STABLE
Crow_education_Kate,0.011,0.6422810712095942,-0.12594067934109265,0.1630210337129111,0.2034781570609651,True,RECURRING_SEASONAL
Crow_education_Keisha,0.001,0.5986643772810755,-0.022075744888500774,0.057766453374082,0.0217905442766679,False,STABLE
Crow_education_Marlin,0.037,0.8920560615993163,0.17540111152336127,0.0494852799011854,0.4129701345659652,True,RECURRING_SEASONAL
Crow_education_Omer,0.0,0.5065011978695428,0.18598592169146633,0.037885896215496,0.0026678040603538,False,STABLE
Crow_education_Winston,0.01,0.9423043386079677,0.3058982684022038,0.0660175719218175,0.2442675393910482,True,RECURRING_SEASONAL
Eagle_assembly_Benny,0.0,0.6718930728069298,0.5448709145058004,0.0386498530286549,0.0876045598927491,False,STABLE
Eagle_assembly_Candice,0.0,0.588212477674206,0.35719922429770545,0.2225490268168566,0.1364662826763337,True,RECURRING_SEASONAL
Eagle_assembly_Estelle,0.0,0.30798237175987936,-0.06018066081302085,0.1182563060289334,0.0958354722961991,False,STABLE
Eagle_assembly_Herbert,0.0,0.8192804941009073,0.35752262238561916,0.1104527496361845,0.1590974746234208,False,STABLE
Eagle_assembly_Ian,0.0,0.6478773464935532,-0.06185667936045842,0.1123358766201326,0.0405228645926981,False,STABLE
Eagle_assembly_Josie,0.024,0.5029939035817289,0.07406671960895007,0.4540809533569102,0.2143351029135257,True,RECURRING_SEASONAL
Eagle_assembly_Lacy,0.001,0.36842238889772483,-0.22475921837368693,0.3459168497539066,0.0176333127179222,True,TRUE_DRIFT
Eagle_assembly_Latrina,0.0,0.4066144739945499,0.0405749277245252,0.376863139123423,0.6810750394752184,True,TRUE_DRIFT
Eagle_assembly_Margret,0.0,0.1444681275383776,0.0352603561091958,0.4675130388433024,0.246590027046518,True,TRUE_DRIFT
Eagle_assembly_Portia,0.0,0.8821363425897878,-0.02111305171393494,0.0364041467678275,0.1903935333284621,True,RECURRING_SEASONAL
Eagle_education_Alberto,0.0,-0.0719337850087486,0.09650053576167271,0.6022451722736967,0.0736602525753532,True,TRUE_DRIFT
Eagle_education_April,0.0,-0.026514960844286027,-0.1524057875517605,0.5182817040950318,0.1819319163940312,True,TRUE_DRIFT
Eagle_education_Brianne,0.0,0.41819177168025523,0.1262949969498818,0.2796060784990564,0.1919199453611471,True,TRUE_DRIFT
Eagle_education_Brooke,0.0,0.26801498810781027,-0.15175446170590576,0.4002550130113315,0.0367972216546912,True,TRUE_DRIFT
Eagle_education_Edith,0.0,0.3719150536776079,0.1673171187835282,0.1040964328616324,0.0123001513300393,False,STABLE
Eagle_education_Eileen,0.0,0.01341595188147431,0.08489785872203387,0.2471635435086515,0.0078650234249023,True,TRUE_DRIFT
Eagle_education_Jewell,0.114,-0.007155592009588614,0.26779178939328896,0.3004683484422204,0.198628641216093,True,TRUE_DRIFT
Eagle_education_Lino,0.001,0.7849555935660363,0.44110987397869394,0.0228514972247045,0.0597256474536051,False,STABLE
Eagle_education_Luther,0.0,0.35751102413154834,0.03623224408242132,0.518530548548126,0.0390056403755729,True,TRUE_DRIFT
Eagle_education_Maragret,0.0,0.12328202590771689,0.4334781792688998,0.4713744410092526,0.0147962153985198,True,TRUE_DRIFT
Eagle_education_Norah,0.0,-0.15051122187594593,-0.02256175205414983,0.1850939291465997,0.0396196408682721,True,TRUE_DRIFT
Eagle_education_Paul,0.0,-0.21900754643662265,0.003027435416113668,0.1494051216002548,0.2182575298020042,True,TRUE_DRIFT
Eagle_education_Peter,0.0,0.3615085979803049,-0.2665920165653954,0.3081859978720719,0.0414359159022822,True,TRUE_DRIFT
Eagle_education_Petra,0.0,-0.14784750005704506,0.053926861983454165,0.1481282865880636,0.0653965595314381,False,STABLE
Eagle_education_Raul,0.0,0.11850345997959845,-0.24773410450826203,0.11183134867541,0.0295179757896839,False,STABLE
Eagle_education_Roman,0.0,0.16946378970871748,0.03441971408609157,0.1461299975975919,0.0207579862367739,False,STABLE
Eagle_education_Samantha,0.0,0.39331642289554114,0.04086916506505254,0.6234107121575739,0.0112512375711714,True,TRUE_DRIFT
Eagle_education_Shana,0.0,-0.07781252306436984,0.13234552141773293,0.602474309022915,0.0707765475219222,True,TRUE_DRIFT
Eagle_education_Shanna,0.0,0.6321256763921966,0.23743119730748388,0.1603548622045192,0.0683793718720875,True,RECURRING_SEASONAL
Eagle_education_Shante,0.0,-0.17320574718938003,0.06541394750279214,0.2494977116997383,0.0024930462624141,True,TRUE_DRIFT
Eagle_education_Sheena,0.0,-0.21903743833811604,0.0029796966761920047,0.1494641593623193,0.2182733128862718,True,TRUE_DRIFT
Eagle_education_Sherrill,0.002,0.1482821372982237,-0.19858835107901243,0.4843046281648385,0.0097031677724398,True,TRUE_DRIFT
Eagle_education_Teresa,0.0,0.40347613718370584,0.49440665255314026,0.1232160551019585,0.0069843363871626,False,STABLE
Eagle_education_Wesley,0.0,0.5846296904178977,-0.18708327740661695,0.0645607804841558,0.0038393040989394,False,STABLE
Eagle_education_Will,0.0,0.4082694672932987,0.23707348818267818,0.495561307537508,0.0057474679209281,True,TRUE_DRIFT
Eagle_food_Jennifer,0.01,0.24800705621738864,0.6880071331244786,0.1791987249370923,0.5510681421735079,True,RECURRING_SEASONAL
Eagle_food_Kay,0.0,0.7761830206934301,0.46066349337045576,0.5519406996164127,0.1549333245465457,True,RECURRING_SEASONAL
Eagle_health_Amy,0.0,0.7213861446384011,0.494890669931641,0.0950635442931148,0.0389637650958418,False,STABLE
Eagle_health_Athena,0.0,0.11512080938723769,0.4737394953749084,0.0291415886428374,0.0407069450292737,False,STABLE
Eagle_health_Gregoria,0.0,-0.35002060392025647,0.002123990006033773,0.6202153963288286,1.1027043457920167,True,TRUE_DRIFT
Eagle_health_Jodi,0.0,0.31914723640306336,-0.034968554277253344,0.029831412821355,0.0347212498561043,False,STABLE
Eagle_health_Lucinda,0.0,0.5962341843956823,0.13020905095442756,0.1887329276583542,0.0847532333724482,True,RECURRING_SEASONAL
Eagle_health_Margo,0.0,-0.06584628085874718,-0.052000051104895535,0.5914084764809144,0.0993693359167009,True,TRUE_DRIFT
Eagle_health_Reba,0.0,0.32761662139243736,-0.17298797797924417,0.0030040229576303,0.0962683662635528,False,STABLE
Eagle_health_Reuben,0.0,0.3448992303116701,0.0011982961615092569,0.3993569605293999,0.0858043081678193,True,TRUE_DRIFT
Eagle_health_Trisha,0.0,0.166971518146139,0.45225682956390406,0.2478278874662385,0.0260115092915368,True,TRUE_DRIFT
Eagle_health_Vincenza,0.0,0.6472907604130604,0.5503141711717111,0.0510320811012997,0.0038393816907783,False,STABLE
Eagle_lodging_Andy,0.0,0.8759701026307332,0.7047383093956996,0.2109005754562933,0.0867255832639418,True,RECURRING_SEASONAL
Eagle_lodging_Casey,0.0,0.9383006343487021,0.7818300007487794,0.1574462145219031,0.0026982143515691,True,RECURRING_SEASONAL
Eagle_lodging_Dawn,0.0,0.939210089138166,0.828017302534419,0.1549634520483626,0.0005271280678698,True,RECURRING_SEASONAL
Eagle_lodging_Edgardo,0.0,0.8706733309259991,0.752711341175361,0.2004732097501059,0.0238668955661693,True,RECURRING_SEASONAL
Eagle_lodging_Stephanie,0.0,0.8806787291841124,0.5918724930329202,0.11463625272008,0.012414867038073,False,STABLE
Eagle_lodging_Terri,0.0,0.5987604518768989,0.2986071798140286,0.3590881011811836,0.0281696771756091,True,RECURRING_SEASONAL
Eagle_lodging_Tressa,0.0,0.2937132266526814,0.6684859717074978,0.0175122865963912,0.0748375937666727,False,STABLE
Eagle_lodging_Trina,0.0,0.915844011060667,0.8242822671019445,0.1937470972990157,0.0525465223001196,True,RECURRING_SEASONAL
Eagle_office_Amanda,0.0,0.3116646603379564,0.2532519312192561,0.1135387165610904,0.3236682965373668,True,TRUE_DRIFT
Eagle_office_Amie,0.381,0.8881762662815855,0.510576750290749,0.0639214499547845,0.2159072118441527,True,RECURRING_SEASONAL
Eagle_office_Bridgett,0.0,0.7493103522193781,0.37816269101844496,0.1902607506035263,0.0697461099430394,True,RECURRING_SEASONAL
Eagle_office_Chantelle,0.017,0.2393457030140219,-0.16099538914890693,0.8768066656098548,0.2434515998148669,True,TRUE_DRIFT
Eagle_office_Chauncey,0.0,-0.06861355148100033,-0.007434582061191952,0.6718705659257043,0.1009571699803,True,TRUE_DRIFT
Eagle_office_Dallas,0.0,0.8036868242019464,0.38464674494695406,0.0287984105841697,0.1174102340776918,False,STABLE
Eagle_office_Damian,0.0,0.220050571990239,0.1880221340267005,0.0429677354224278,0.0260467837387008,False,STABLE
Eagle_office_Demetra,0.0,0.6945907551682631,0.26366719689548757,0.0524901226047567,0.022997454033458,False,STABLE
Eagle_office_Donovan,0.0,0.17180557217689385,0.13364427461902761,0.071339586132973,0.0196563807013824,False,STABLE
Eagle_office_Efrain,0.0,0.8569653511697685,0.02541775300059414,0.0838015213179806,0.1693102472167052,True,RECURRING_SEASONAL
Eagle_office_Elia,0.0,0.346466138251618,0.1575773128710929,0.1565614247658944,0.0414597249705662,True,TRUE_DRIFT
Eagle_office_Elias,0.0,0.22007454948794564,0.18845808243255271,0.0431086541310375,0.0260331946998106,False,STABLE
Eagle_office_Elvis,0.0,0.7598333173797636,0.5004993432707052,0.0449943527235757,0.0795844497489602,False,STABLE
Eagle_office_Flossie,0.0,-0.5085997627290485,0.13967876501573417,0.7430879676993034,0.2939100857618119,True,TRUE_DRIFT
Eagle_office_Francis,0.0,0.2600484324303745,0.1847155184025725,0.0924137291102236,0.0360462673531816,False,STABLE
Eagle_office_Freida,0.0,0.36572835673333565,-0.13371700943125747,0.1552546886651734,0.1175254852674365,True,TRUE_DRIFT
Eagle_office_Henriette,0.0,0.3078382352626311,0.17625579893369409,0.273448173425168,0.0481287964844972,True,TRUE_DRIFT
Eagle_office_Isidro,0.0,0.13546466237188906,0.16946063792721958,0.1723057944651529,0.0821431839175711,True,TRUE_DRIFT
Eagle_office_Jackie,0.0,0.14415820762160228,0.2434283130630796,0.0392839981795681,0.0302683362386708,False,STABLE
Eagle_office_Jeff,0.0,0.8377693109163762,0.40872942746813673,0.0494026018460104,0.0133162902229054,False,STABLE
Eagle_office_Joette,1.0,,,0.0557177131798768,0.0508084943950188,False,STABLE
Eagle_office_Katheleen,0.0,-0.05060600672234117,0.14133472307945583,0.1840766984631978,0.2851054735986953,True,TRUE_DRIFT
Eagle_office_Lamont,0.0,-0.15120540855829584,0.10516994384061572,0.487350995745581,0.0729033867369196,True,TRUE_DRIFT
Eagle_office_Lane,0.0,0.3520072980681434,0.2198571775629117,0.0478011874876397,0.0377962854771957,False,STABLE
Eagle_office_Lillian,0.0,-0.09188904702916681,-0.034953285592623916,0.2722651235620207,0.1279446954245755,True,TRUE_DRIFT
Eagle_office_Mable,0.0,0.45474217059993766,0.36399083656012765,0.1990273640326384,0.0600590793854149,True,TRUE_DRIFT
Eagle_office_Mandi,0.0,-0.07785506304241999,0.13353498988140158,0.6023740163539798,0.0707558731341734,True,TRUE_DRIFT
Eagle_office_Marisela,0.0,-0.13901204833714526,0.15021948651955552,0.232835801285831,0.0219232926354919,True,TRUE_DRIFT
Eagle_office_Michele,1.0,,,0.1531289178846558,0.0510672936629804,True,UNKNOWN_2016
Eagle_office_Nereida,0.0,-0.014943409147043616,0.09538842417766191,0.3350592266108916,0.0845099312479352,True,TRUE_DRIFT
Eagle_office_Norbert,0.0,-0.0250451021499911,0.09282428758236783,0.2554828755167351,0.0838742251075617,True,TRUE_DRIFT
Eagle_office_Patrice,0.0,0.8304311202631208,0.30074714351731385,0.0543114525340545,0.0016403322064326,False,STABLE
Eagle_office_Phyllis,0.0,-0.07787051335168463,0.1322086365399357,0.6025234057721125,0.0707654883029882,True,TRUE_DRIFT
Eagle_office_Randolph,0.0,0.5034337037934086,0.4133576064796028,0.0247322216628957,0.0091525827306457,False,STABLE
Eagle_office_Remedios,0.0,-0.0580578757383031,0.11160465263739645,0.4413088935910558,0.0693802485625439,True,TRUE_DRIFT
Eagle_office_Ryan,0.0,0.2936020023233363,0.2604700759030796,0.0391316805734057,0.0223163545533189,False,STABLE
Eagle_office_Sheree,0.0,0.34245909527561624,0.3595259389167674,0.1719135339445657,0.1316534118875014,True,TRUE_DRIFT
Eagle_office_Sonya,0.0,0.09294177960331476,-0.014099164324354771,0.124423634973798,0.0240113624702958,False,STABLE
Eagle_office_Tia,0.0,0.013415907075325107,0.08489718935895454,0.2471635702252026,0.0078650113498723,True,TRUE_DRIFT
Eagle_office_Yadira,0.0,0.856282645848962,0.3035291817355966,0.0784116995487749,0.0233137517330973,False,STABLE
Eagle_public_Alvin,0.0,0.40793897090241693,0.13882424047331393,0.1245699360655542,0.1216139461428076,False,STABLE
Eagle_public_Henry,0.003,0.8412776273494341,0.5168098163936004,0.2157654107424307,0.3458936717165121,True,RECURRING_SEASONAL
Eagle_public_Minnie,0.0,0.33168749204813763,0.3052647522922576,0.6744254562520903,0.1006664587210049,True,TRUE_DRIFT
Eagle_public_Missy,0.0,0.2323837716456645,-0.08975259408316674,0.1952649932216609,0.0028609992637413,True,TRUE_DRIFT
Eagle_public_Ola,0.037,0.00805054927137797,0.09843762074780163,0.3987019422409849,0.2645515274253693,True,TRUE_DRIFT
Eagle_public_Pearle,0.0,0.15560212285734362,-0.020534665280376056,0.0750997166226908,0.0293778314680581,False,STABLE
Eagle_public_Preston,0.0,0.4759104484324718,0.04969294203126623,0.0798063522632026,0.0142021747498494,False,STABLE
Fox_assembly_Adrianne,0.0,0.21455829439437554,0.23900912001445246,0.2009180473492664,0.1661611406771245,True,TRUE_DRIFT
Fox_assembly_Audrey,0.0,0.4157562785164814,0.19769892012211243,0.0801917885965456,0.0978967494149219,False,STABLE
Fox_assembly_Boyce,0.0,0.150866186225048,0.12384789729461947,0.3205393536220787,0.0018958729164631,True,TRUE_DRIFT
Fox_assembly_Bradley,0.0,-0.2814011098653773,0.020984143853551504,0.3037583269215685,0.2591225218494435,True,TRUE_DRIFT
Fox_assembly_Carlos,0.003,0.7681898255930935,0.4058134380348152,0.018542211874641,0.0025260553932152,False,STABLE
Fox_assembly_Cathy,0.0,0.32027076547978756,0.4759994533076218,0.1975599730685491,0.0668598034591132,True,TRUE_DRIFT
Fox_assembly_Cecelia,0.0,0.9388729298785421,0.7037657688479679,0.0641316212777127,0.4504488270900971,True,RECURRING_SEASONAL
Fox_assembly_Christie,0.0,0.5195983710369473,0.6115660709808614,0.17996136557595,0.1333689793254068,True,RECURRING_SEASONAL
Fox_assembly_Cindy,0.0,0.4471988632815212,-0.04643907789628666,0.1913564132539279,0.0732358293351055,True,TRUE_DRIFT
Fox_assembly_Dixie,0.0,0.9192261433478435,0.6442305088137886,0.1294121967274802,0.2737094824109127,True,RECURRING_SEASONAL
Fox_assembly_Emma,0.0,-0.38972236830151485,-0.003794845366991859,0.0537069281045547,0.1355646946365839,False,STABLE
Fox_assembly_Gary,0.0,0.724570007710662,0.6213137764641228,0.1411790815341216,0.0056154804265107,False,STABLE
Fox_assembly_Jerrod,0.043,0.12057472671909238,0.20194369882977445,0.0856000689456374,0.2745010583529191,True,TRUE_DRIFT
Fox_assembly_Johnnie,0.0,0.548531300005796,0.36674366602080555,0.0897982679368639,0.0034136922723301,False,STABLE
Fox_assembly_Kathie,0.02,0.5069811942390707,0.6295109144154951,0.1459180716816996,0.1165350232740405,False,STABLE
Fox_assembly_Lakeisha,0.0,0.6888392298788584,0.5695708389742307,0.1169635387968351,0.1756989905604218,True,RECURRING_SEASONAL
Fox_assembly_Leeanne,0.0,0.8364573410770276,0.12539336170269746,0.1921487065094743,0.1883960781627835,True,RECURRING_SEASONAL
Fox_assembly_Renna,0.0,0.11855624335821642,0.26294199433827603,0.0733102555647781,0.0291259080445966,False,STABLE
Fox_assembly_Sheldon,0.0,0.06876259771349631,-0.049636805995611245,0.0783209486941688,0.1262121878495201,False,STABLE
Fox_assembly_Terrell,0.0,0.9025611434530283,-0.04523794640110878,0.6605495493677902,0.0288536444890984,True,RECURRING_SEASONAL
Fox_assembly_Tony,0.0,0.4351481830777494,0.22588170455207834,0.127595149874767,0.0088319541352617,False,STABLE
Fox_education_Andre,0.0,-0.5607760878979573,0.10361935855040703,0.0746537309710481,0.0299951777622557,False,STABLE
Fox_education_Ashli,0.0,-0.30837955603071043,-0.22913454818355714,0.6166944676738236,0.3074301945338556,True,TRUE_DRIFT
Fox_education_Burton,0.0,0.5544483229370123,0.08545910990817078,0.1212875463179495,0.0726408161026106,False,STABLE
Fox_education_Carleen,0.0,0.46152770240134383,-0.16026109505966177,0.0903878841264482,0.0409038518449468,False,STABLE
Fox_education_Charles,0.001,0.9265134853554814,0.6479486545960175,0.1284900405693955,0.2772204747785643,True,RECURRING_SEASONAL
Fox_education_Claire,0.0,0.32061036209527205,0.3023202844502085,0.1540235349316118,0.0529217039133548,True,TRUE_DRIFT
Fox_education_Claude,0.001,0.14589380652100528,-0.01066309151484692,0.2761685911818702,0.0167576463276337,True,TRUE_DRIFT
Fox_education_Cynthia,0.007,0.2025210932829177,0.15443707404539106,0.0646854397938195,0.0669990274378964,False,STABLE
Fox_education_Delma,0.0,0.5996935788007974,0.2232808608682521,0.1236022620617788,0.2417985655174953,True,RECURRING_SEASONAL
Fox_education_Dewayne,0.0,0.7692018254430459,-0.030781882952623428,0.0052934258028507,0.0515910404392755,False,STABLE
Fox_education_Dominique,0.001,0.44583593070128935,0.06306474854809797,0.0450896212094694,0.0155567470118409,False,STABLE
Fox_education_Eddy,0.0,0.740778829873105,0.6148532311362633,0.1482726054949804,0.0733013282679099,False,STABLE
Fox_education_Eldon,0.0,-0.40119771516438607,0.04740525216313307,0.0686758508480809,0.0320360169427225,False,STABLE
Fox_education_Elizabeth,0.0,0.13700404566929972,0.28167699346734315,0.0306686644285472,0.1792693879139837,True,TRUE_DRIFT
Fox_education_Elois,0.0,0.15377752294619623,0.061303188333842774,0.1200257401410108,0.1192001124600873,False,STABLE
Fox_education_Elvira,0.001,0.20397661618427357,0.4285554676408477,0.0550689009854743,0.0602747066642768,False,STABLE
Fox_education_Etta,0.0,0.7834435323795937,0.3379474658989644,0.2768899698935715,0.1040257575666844,True,RECURRING_SEASONAL
Fox_education_Gayla,0.0,0.14955434195984238,-0.17313464013495097,0.2829505642197488,0.1682562591876102,True,TRUE_DRIFT
Fox_education_Geoffrey,0.0,0.09935660363793686,0.04922574940146686,0.078343067884635,0.0597300492045496,False,STABLE
Fox_education_Gloria,0.0,0.48215568487651034,0.3652950193436427,0.238191046610151,0.0283594050535498,True,TRUE_DRIFT
Fox_education_Henrietta,0.0,0.43907026022676027,-0.02539791670002462,0.1653365668626702,0.8409213390122029,True,TRUE_DRIFT
Fox_education_Heriberto,0.0,0.4253143914891785,-0.3428272612805517,0.2643593208436878,0.1454706954369946,True,TRUE_DRIFT
Fox_education_Jaclyn,0.0,-0.009390073508227136,-0.41091500706442374,0.479057272155103,0.0899387560466193,True,TRUE_DRIFT
Fox_education_Jacqueline,0.0,-0.20087636429755426,0.27807597221904573,0.191280449278232,0.4660082331951125,True,TRUE_DRIFT
Fox_education_Janina,0.0,0.0339901510406612,0.2560139568450275,0.1385834172873238,0.1081792496303185,False,STABLE
Fox_education_John,0.0,0.8004655038682932,0.3117988620435482,0.1764369878304158,0.0923940427157891,True,RECURRING_SEASONAL
Fox_education_Kendrick,0.0,0.19299221618144033,-0.06912816499763404,0.1120939213073213,0.2240140431177707,True,TRUE_DRIFT
Fox_education_Kim,0.0,0.7870737549188901,-0.003961442052246225,0.0449371855778305,0.1148441501579196,False,STABLE
Fox_education_Kris,0.0,0.9374753478028476,0.6296059690762027,0.0087927028207552,0.2676982273795593,True,RECURRING_SEASONAL
Fox_education_Leona,0.0,0.7913206158740334,0.5741793017086504,0.0473055199869272,0.0163221815569446,False,STABLE
Fox_education_Leota,0.0,0.7038250867630023,0.4532675857519898,0.0579088334710511,0.0465961721434839,False,STABLE
Fox_education_Lesley,0.0,0.0013702781631992798,0.12593628456056713,0.2014076637353977,0.0654247992715483,True,TRUE_DRIFT
Fox_education_Lilly,0.0,0.622736180957763,0.17085316982212084,0.1470705022037793,0.021313189206198,False,STABLE
Fox_education_Long,0.0,0.7676814278752984,0.6888787015588451,0.0718267812836924,0.0655459480292972,False,STABLE
Fox_education_Louie,0.0,0.71584173655132,0.674265491758529,0.1038323708362701,0.0085434910006222,False,STABLE
Fox_education_Marcelina,0.001,0.825649459478667,0.5189488022888272,0.1158956376741733,0.3020287159341558,True,RECURRING_SEASONAL
Fox_education_Maris,0.0,0.1856238241347396,-0.6937724488192267,0.2676628606845784,0.0143570334709032,True,TRUE_DRIFT
Fox_education_Marlana,0.0,0.06847270755328434,-0.19900358917820263,0.485992506571014,0.0116030079147032,True,TRUE_DRIFT
Fox_education_Maureen,1.0,,,0.0382890089654397,0.009104244339567,False,STABLE
Fox_education_Melinda,0.0,0.3428105194823141,0.023639762733818535,0.2836302768812465,0.0153257669084796,True,TRUE_DRIFT
Fox_education_Melvin,0.0,0.27937901296998036,0.18391843387139023,0.0598165220820573,0.079904591611183,False,STABLE
Fox_education_Miguelina,0.001,0.6367649918222865,0.6383729937840706,0.1096703433816187,0.0701582046747699,False,STABLE
Fox_education_Nilda,0.0,0.5324675911859568,0.014255655001625765,0.0984107766634924,0.0013600328392846,False,STABLE
Fox_education_Ollie,0.0,0.9124702587342138,0.4253059374533595,0.0365325810829778,0.0010228850201271,False,STABLE
Fox_education_Otilia,0.0,0.39137748599292227,0.10758437430615059,0.221614975012614,0.0096533716732476,True,TRUE_DRIFT
Fox_education_Ray,0.0,0.6723502659353907,0.11486394157238819,0.0776470442726483,0.3284579099360972,True,RECURRING_SEASONAL
Fox_education_Rosie,0.0,0.8515456159385524,0.29525890212426714,0.0484508796037487,0.0639263932769802,False,STABLE
Fox_education_Rudolph,0.0,0.46438193503274217,-0.4978520613047668,0.3595959535445686,0.1600767817497671,True,TRUE_DRIFT
Fox_education_Shaun,0.0,0.386676208343307,0.4238134318433132,0.1421373136347555,0.0112931805821327,False,STABLE
Fox_education_Shawanda,0.0,0.6383196626976728,0.45279722862176824,0.1642961651286439,0.3909419624119997,True,RECURRING_SEASONAL
Fox_education_Shirley,0.013,0.7102163069086073,0.672799457311671,0.0148794884061495,0.0015550527532414,False,STABLE
Fox_education_Stacia,0.0,0.05765379229376923,-0.10486332377033605,0.2184535751791747,0.0207613443201347,True,TRUE_DRIFT
Fox_education_Sterling,0.0,0.5886318371831307,0.5144422618053841,0.025483102310822,0.0626354310733895,False,STABLE
Fox_education_Suzan,0.0,-0.020529983653609776,0.3574491649863412,0.135460229913118,0.1444777217293758,False,STABLE
Fox_education_Tamika,0.0,0.7877742896947618,-0.26904430330255935,0.0737728107525622,0.0274554459243164,False,STABLE
Fox_education_Theodore,0.0,0.17850720921392976,0.18145915577328783,0.2736884039463623,0.0022761784291791,True,TRUE_DRIFT
Fox_education_Tonya,0.0,0.10018901938161524,0.2397107657739857,0.025894390055311,0.1014912321485008,False,STABLE
Fox_education_Virgil,0.0,0.22157753484910928,0.4050698338313418,0.1604714363243855,0.0415949441359919,True,TRUE_DRIFT
Fox_education_Virginia,0.004,0.6538677005115903,0.5958368706578338,0.1184692325864115,0.0257691027129738,False,STABLE
Fox_education_Wendell,0.0,0.33794639008448196,0.11225043061437684,0.0167732226238894,0.0095106690273028,False,STABLE
Fox_education_Willis,0.0,0.8950974153574944,-0.0214446991594474,0.3564666633047955,0.0387093654533711,True,RECURRING_SEASONAL
Fox_education_Yolande,0.0,0.3086629709140207,0.0035884906426227933,0.021276360661821,0.0427926496859347,False,STABLE
Fox_food_Francesco,0.0,0.9127870232690697,0.6325209058943937,0.1602316169981078,0.0463292842486655,True,RECURRING_SEASONAL
Fox_food_Scott,0.0,0.7164359821762308,0.7221105969650866,0.0618645815740322,0.0068870171761037,False,STABLE
Fox_health_Lorena,0.003,0.36813466088480123,0.46466622103837707,0.0812092854414318,0.0451574920987668,False,STABLE
Fox_lodging_Alana,0.0,0.9084368592093625,0.7797166264051222,0.0849982186589435,0.0217775060057588,False,STABLE
Fox_lodging_Angla,0.0,0.964882868610778,0.8370918002952961,0.0680193702191951,0.0919337347563031,False,STABLE
Fox_lodging_Frances,0.0,0.6616767980884135,0.4147894310838166,0.2664253445509454,0.130461325844286,True,RECURRING_SEASONAL
Fox_lodging_Helen,0.0,0.8188789399979697,0.6377000151122406,0.1814219745625382,0.0447833154204561,True,RECURRING_SEASONAL
Fox_lodging_Isabell,0.0,0.2655355069345174,-0.04175141315068708,0.536318253962597,0.1016202503921706,True,TRUE_DRIFT
Fox_lodging_Jina,0.0,0.8689516218945476,0.6209699565286556,0.0304630630381113,0.0283558984374994,False,STABLE
Fox_lodging_Morris,0.0,-0.18270358674789017,0.00263130882223902,0.1948076312638369,0.2072445296062154,True,TRUE_DRIFT
Fox_lodging_Stephan,0.0,0.8259498596778386,0.3957507588740955,0.4151732456440859,0.0665551075919041,True,RECURRING_SEASONAL
Fox_lodging_Stephen,0.0,0.9384738627262647,0.6364494418823217,0.0256357155649754,0.0345110638907829,False,STABLE
Fox_lodging_Wallace,0.0,0.9347677991036287,0.6701170231938758,0.1518275648217162,0.0230563139122549,True,RECURRING_SEASONAL
Fox_lodging_Warren,0.0,0.49897191404752084,0.3195490840434918,0.130975854873601,0.0454875854697876,False,STABLE
Fox_lodging_Winifred,0.0,0.7882958990765007,0.6514053012245794,0.3628893233732664,0.0342241443073593,True,RECURRING_SEASONAL
Fox_office_Alice,0.0,0.45319049240663906,-0.054838547349049444,0.0149539053334959,0.0015481403097967,False,STABLE
Fox_office_Bernard,0.0,0.4947990909715797,0.2860012180694183,0.0944260887737918,0.0487541068157763,False,STABLE
Fox_office_Berniece,0.0,0.3950597475888423,-0.0016419245125653254,0.2604260746386598,0.3032048761172148,True,TRUE_DRIFT
Fox_office_Brandy,0.0,0.9170454406927323,0.660235429386138,0.0410356751546027,0.1543483696139743,False,STABLE
Fox_office_Carson,0.0,0.41237367695075117,0.5549722249945545,0.1435510594648023,0.0354350400542529,False,STABLE
Fox_office_Clayton,0.0,0.8821011775106233,0.230496583048142,0.0796798020449471,0.1173776470150797,False,STABLE
Fox_office_Demetrius,0.0,0.6949659312177857,0.25494935426090637,0.0614953142736546,0.1266788309942347,False,STABLE
Fox_office_Easter,0.006,-0.1484558077089057,0.5651713817341901,0.0089006178845567,0.2028682381390389,True,RECURRING_SEASONAL
Fox_office_Edythe,0.0,0.7756232291939079,0.2554974923762195,0.018421494808128,0.0058976218900774,False,STABLE
Fox_office_Essie,0.0,0.2688950046603568,-0.025610635187886432,0.0158849649116895,0.0517267692147327,False,STABLE
Fox_office_Gaylord,0.0,0.8243097208738944,0.09885459458640083,0.0181916042327284,0.126059770767047,False,STABLE
Fox_office_Israel,0.0,0.5743578125129175,0.47976355157415673,0.2089086278736224,0.0348665884595345,True,RECURRING_SEASONAL
Fox_office_Joy,0.0,0.7584516544730004,0.40714213120963344,0.0972487294425493,0.0326710337497151,False,STABLE
Fox_office_Juana,0.01,0.377571044694628,0.5428976203399126,0.1208977678520459,0.1431212048725986,False,STABLE
Fox_office_Karima,0.0,0.5284672453526467,0.38555392704249525,0.0919099846165139,0.0227201934574092,False,STABLE
Fox_office_Margarita,0.0,0.8228296485857742,-0.09420368178836498,0.0844329879213254,0.175125563337831,True,RECURRING_SEASONAL
Fox_office_Molly,0.0,0.7474004728431262,0.48929250860975226,0.2025495425979969,0.0560011232212356,True,RECURRING_SEASONAL
Fox_office_Rowena,0.0,0.7911670834034127,0.41456639994489997,0.0017527813670205,0.1596329647494331,False,STABLE
Fox_office_Sheila,0.0,0.7383243793783493,0.4886172101320657,0.0445161530888883,0.3718371331937282,True,RECURRING_SEASONAL
Fox_office_Susanne,0.0,0.8332912632158712,0.6749082977510009,0.037235540396398,0.3233337959677294,True,RECURRING_SEASONAL
Fox_office_Thelma,0.0,0.4561898144136354,0.5484325764302518,0.0683919513825402,0.0338778699668106,False,STABLE
Fox_office_Vicki,0.0,0.936836442586522,0.2174555760965958,0.0554024865863215,0.0882999010713505,False,STABLE
Fox_office_Yong,0.0,0.807610377420431,0.22329686778650282,0.080374414756022,0.1068804267615206,False,STABLE
Fox_office_Zachary,0.0,0.8331856787241145,0.11990122010804995,0.0800554374416917,0.0613776986832057,False,STABLE
Fox_parking_Felipa,0.0,0.44434911950452366,0.05611858376534497,0.475445825323379,0.0598314961873121,True,TRUE_DRIFT
Fox_parking_Lynelle,0.0,0.8709156056715827,0.40061981818860437,0.0132279394249474,0.11151401855782,False,STABLE
Fox_parking_Tommie,0.0,0.12456745339495173,-0.1980803392686594,0.0417862708367257,0.0097321569386583,False,STABLE
Fox_public_Bart,0.0,0.6466509085630072,0.31576092842467046,0.024131928669609,0.0325585224304795,False,STABLE
Fox_public_Belle,0.0,0.033327579326355036,-0.33103498980778834,0.6658227297914301,0.1601399641548626,True,TRUE_DRIFT
Fox_public_Denny,0.0,0.8142940032020858,0.5932951981128545,0.0684946306503678,0.204102780425798,True,RECURRING_SEASONAL
Fox_public_Lauren,0.0,0.47506419253973314,0.6031178840437316,0.1015409108618428,0.0572258266945463,False,STABLE
Fox_public_Martin,0.0,0.7121920517710333,0.5493046807091283,0.0531053411845624,0.0224216488712017,False,STABLE
Fox_public_Rhonda,0.0,0.9060921166229085,0.5095295823561173,0.0929736377133825,0.1186370920200594,False,STABLE
Fox_religion_Maurice,0.0,0.8118300996037253,0.5306562199958151,0.1269147362057022,0.5466480477061418,True,RECURRING_SEASONAL
Fox_retail_Manie,0.0,0.7911411326298724,0.25644854300594516,0.2820945269328413,0.0500820578078108,True,RECURRING_SEASONAL
Fox_utility_Marian,0.0,0.9360362610667134,0.4516448187683855,0.1392030107128087,0.2751322685068154,True,RECURRING_SEASONAL
Fox_warehouse_Lorretta,0.005,0.48061489728672474,-0.24347779004457637,0.3611478513644464,0.1005342636397858,True,TRUE_DRIFT
Fox_warehouse_Pearl,0.005,0.8877367375103437,0.7611781163078541,0.114778854687924,0.2728988390422261,True,RECURRING_SEASONAL
Gator_assembly_Blanca,0.03,0.36154923674004835,0.023002922870300698,0.090445568162154,0.1288979375032514,False,STABLE
Gator_assembly_Daisy,0.117,0.4922993358225966,0.13120420995410276,0.3651506113150433,0.281843589773242,True,TRUE_DRIFT
Gator_assembly_Enid,0.038,-0.22195805099847243,0.2258494961114774,0.097243621170821,0.0920380633474755,False,STABLE
Gator_assembly_Gene,0.129,0.26932655671272393,0.1759703843512367,0.0842485042533805,0.2153657461989978,True,TRUE_DRIFT
Gator_assembly_Joni,0.06,0.1695125096982796,0.03276649739828818,0.0146552558093126,0.0454618012158298,False,STABLE
Gator_assembly_Kayleigh,0.107,0.7739379093132831,0.28732566015400884,0.1674150377450196,0.191716599767959,True,RECURRING_SEASONAL
Gator_assembly_Kimberly,0.038,0.02157561392133985,0.11420855364417543,0.7739709165992507,0.0204871654252766,True,TRUE_DRIFT
Gator_assembly_Lelia,0.049,-0.27442125775193354,0.10256190957789123,0.2625107011436856,0.6660774466638452,True,TRUE_DRIFT
Gator_assembly_Loyce,0.038,0.05587815529392994,0.051423609793255935,0.1757262975506387,0.0401511535361965,True,TRUE_DRIFT
Gator_assembly_Lucia,0.101,0.5272336289865269,0.12494234843080025,0.2931693968645796,0.1002942238181745,True,RECURRING_SEASONAL
Gator_assembly_Marjorie,0.038,0.5770361678491387,0.02411774306848491,0.2130185725741451,0.0211747761277218,True,RECURRING_SEASONAL
Gator_assembly_Maurine,0.038,0.4273413929257789,0.07520455215996859,0.4190507990496188,0.4738751748823212,True,TRUE_DRIFT
Gator_assembly_Regina,0.098,0.46847565307630123,0.03577562676881476,1.3055363753720028,0.5620558523682055,True,TRUE_DRIFT
Gator_office_August,0.101,0.5803734085819294,0.2892986588858653,0.7225984295444519,0.0772558771938249,True,RECURRING_SEASONAL
Gator_office_Betty,0.112,0.0499021030471625,0.26019659485495417,0.235831363424414,0.0404178202991045,True,TRUE_DRIFT
Gator_office_Hunter,0.137,0.6146340015236248,0.19695733095863527,0.1265575345150276,0.0945969229697328,False,STABLE
Gator_office_Julie,0.052,0.5565245905060626,0.17628485333684227,0.3277289170941265,0.1146687472661697,True,RECURRING_SEASONAL
Gator_office_Lisa,0.107,0.5235466334457988,0.07708559875514633,0.1284454245042757,0.0816878172410831,False,STABLE
Gator_office_Lucy,0.104,0.4688036671149284,-0.12416831720138537,1.587208914144772,2.014304399356412,True,TRUE_DRIFT
Gator_other_Cassandra,0.049,0.628188988307841,0.11778596398455839,0.1408621908301469,0.2269537349629866,True,RECURRING_SEASONAL
Gator_other_Elfriede,0.041,0.0254465796795886,-0.005744749774167716,0.0644389216305623,0.0207551109621929,False,STABLE
Gator_other_Gertrude,0.036,0.5014605849110398,-0.0010703488222805907,0.4120079187166456,0.2491302915606116,True,RECURRING_SEASONAL
Gator_other_Minda,0.071,0.9087643960217271,0.32426244982332864,0.2457659102911041,0.2981734296206823,True,RECURRING_SEASONAL
Gator_other_Reginald,0.131,0.7879229354833069,0.15222405852592286,0.1798925896294014,0.2049396782545895,True,RECURRING_SEASONAL
Gator_other_Russel,0.172,0.5152125467851075,-0.16815906427395252,0.2743819833641841,0.0369584328430076,True,RECURRING_SEASONAL
Gator_public_Alexandra,0.044,0.5637370536125212,0.04854030956575153,0.0493607712716932,0.202396836095637,True,RECURRING_SEASONAL
Gator_public_Beulah,0.038,0.6610078323784534,0.24538512213548014,0.3396338507337411,0.1346747428067594,True,RECURRING_SEASONAL
Gator_public_Cheri,0.041,0.11059551713257178,0.12301743455969062,0.1646938628713906,0.0717651259851637,True,TRUE_DRIFT
Gator_public_Clara,0.098,0.6440326228177298,0.10523989359617593,0.0902288484563462,0.1090305905797657,False,STABLE
Gator_public_Dale,0.107,0.6850542122473313,0.337360630232976,0.2473178512301506,0.0456876124062601,True,RECURRING_SEASONAL
Gator_public_Dewey,0.041,0.6334686721580118,-0.13998229055867809,0.0724684044216373,0.0393431291686318,False,STABLE
Gator_public_Dionna,0.041,0.31990371285778235,-0.18493826299882687,0.146809928990964,0.0671924649676085,False,STABLE
Gator_public_Erika,0.109,0.5890776681679286,-0.004640244827327882,0.4650864312586392,0.0960632991688635,True,RECURRING_SEASONAL
Gator_public_Everette,0.068,0.3257874293305319,0.13308933515789753,0.2663795050909058,0.0154126756968457,True,TRUE_DRIFT
Gator_public_Geraldine,0.112,0.8124378021215712,0.2671905727325353,0.3821991148860899,0.0358966256081428,True,RECURRING_SEASONAL
Gator_public_Janna,0.107,0.07735961722913393,-0.025003450846555537,0.1404109470483408,0.0885461382042473,False,STABLE
Gator_public_Jayme,0.044,0.47738779575920187,0.1779510300020385,0.4185568830710922,0.2236173298884978,True,TRUE_DRIFT
Gator_public_Kendall,0.104,0.40621520095737945,0.05977940987752428,0.2411103320681326,0.0585567909020328,True,TRUE_DRIFT
Gator_public_Kenny,0.038,0.2864847665391522,0.31290041331636365,0.8101038738514885,0.0855497126452814,True,TRUE_DRIFT
Gator_public_Latasha,0.101,0.3373214192553715,-0.1673591135856592,0.0933618309729907,0.0393846305412851,False,STABLE
Gator_public_Leroy,0.038,0.5300772067490669,0.22133133634777347,0.2483202498076153,0.1308682154948737,True,RECURRING_SEASONAL
Gator_public_Lindsey,0.044,0.08660838388197949,-0.18676515430904753,0.1627320648047471,0.097151811702065,True,TRUE_DRIFT
Gator_public_Marcie,0.041,0.18307088129554425,-0.06711741008862346,0.16116116359453,0.0065243987157981,True,TRUE_DRIFT
Gator_public_Marissa,0.049,0.7039259189194949,-0.06206111750369681,0.2130681406209885,0.1206376423194394,True,RECURRING_SEASONAL
Gator_public_Maude,0.096,0.3149742442618883,0.007906887767430978,0.1322372708614623,0.0882111705500191,False,STABLE
Gator_public_Natasha,0.049,0.32572806620899847,0.4911908097287197,0.2371885843378115,0.0490327880390493,True,TRUE_DRIFT
Gator_public_Nettie,0.049,0.40801053357743733,0.11453436598519454,0.4642291291898864,0.1487400765014339,True,TRUE_DRIFT
Gator_public_Noe,0.098,0.672504788477307,0.2376400490830819,0.1300334305935566,0.1763432573871418,True,RECURRING_SEASONAL
Gator_public_Philip,0.109,0.8381868538294713,-0.11741298557267728,0.1095011638308813,0.3534058630465776,True,RECURRING_SEASONAL
Gator_public_Randall,0.038,-0.02924288184894741,-0.0880555184140328,0.2850127212923822,0.0382764431558443,True,TRUE_DRIFT
Gator_public_Ross,0.107,0.1579264533691049,-0.122385346413845,0.0800768665500929,0.2048830897799965,True,TRUE_DRIFT
Gator_public_Tiffany,0.115,0.7755598346589845,-0.021171766011306006,0.179435600111123,0.0967797155772103,True,RECURRING_SEASONAL
Gator_warehouse_Constance,0.049,0.6560638494592071,0.09244402333603295,0.101535990596039,0.2533558842191677,True,RECURRING_SEASONAL
Gator_warehouse_Stacie,0.115,0.6188110815089989,0.30681748183683866,0.1771815330266019,0.0800370848556548,True,RECURRING_SEASONAL
Hog_assembly_Colette,0.0,0.8790330151584773,0.3184842016672058,0.1522148605271081,0.3232476767048633,True,RECURRING_SEASONAL
Hog_assembly_Dona,0.0,0.5868890273163013,0.5965223915535571,0.066403943612437,0.0002315418290629,False,STABLE
Hog_assembly_Edward,0.0,,,0.388234291007338,0.8844953032692362,True,UNKNOWN_2016
Hog_assembly_Jasmine,0.0,0.6782537782025374,0.6659787716999592,0.0084138644028617,0.0960010000298188,False,STABLE
Hog_assembly_Letha,0.02,0.3370151287705355,0.06970465688491174,0.1912154361228969,0.1007815786492823,True,TRUE_DRIFT
Hog_assembly_Maribel,0.0,0.19855550061403848,0.31452265031384496,0.0738933461642422,0.054516438900131,False,STABLE
Hog_assembly_Pedro,0.0,0.6672546038411666,0.4131256693434431,0.2578153265028805,0.1138019544762327,True,RECURRING_SEASONAL
Hog_education_Beth,0.001,0.7734331973755932,0.18181426347897936,0.0223084624583081,0.0076564521003465,False,STABLE
Hog_education_Bruno,0.0,-0.1747806576047074,0.22357037975427801,0.0639758990736456,0.0101299090922106,False,STABLE
Hog_education_Caridad,0.0,0.5829142791363484,0.5474024188219934,0.0415896512610168,0.0770161846859067,False,STABLE
Hog_education_Casandra,0.0,0.7341307000291946,0.3560771037455617,0.5318718505107893,0.1572706406583507,True,RECURRING_SEASONAL
Hog_education_Cathleen,0.0,0.3571096271851635,-0.3378801626458429,0.0601229246124105,0.0567980057252267,False,STABLE
Hog_education_Darryl,0.0,,,0.5970305235435265,0.771246325050349,True,UNKNOWN_2016
Hog_education_Donnie,0.0,0.924681530376833,0.2942979001024154,0.0327044320464909,0.3385801265391835,True,RECURRING_SEASONAL
Hog_education_George,0.002,0.849857601700473,0.22808335619645415,0.0695815060315495,0.064263793207509,False,STABLE
Hog_education_Hallie,0.0,0.18458515503585773,0.3223368091850292,0.0094813560550173,0.007078539046866,False,STABLE
Hog_education_Haywood,0.001,0.09137591557804688,0.16638023683090084,0.3733744617310043,0.0143394669585805,True,TRUE_DRIFT
Hog_education_Janell,0.002,0.695637530016041,0.7826463866320149,0.4673071052932699,0.2158546040655405,True,RECURRING_SEASONAL
Hog_education_Jared,0.0,0.8736027233615948,0.3810853614261303,0.0399902482722793,0.1225222485400369,False,STABLE
Hog_education_Jewel,0.0,0.19518898220213002,0.16591269721055915,0.1340112737247596,0.05276798357122,False,STABLE
Hog_education_Jordan,0.0,0.7725131467324657,0.47649283814638244,0.0185153300709756,0.0320785034340877,False,STABLE
Hog_education_Josh,0.0,0.20052849779252643,0.26321778007861885,0.0923838336567046,0.8405318466676441,True,TRUE_DRIFT
Hog_education_Leandro,0.005,0.7992848387438676,0.35881124097694594,0.0641194863983213,0.0995763010502012,False,STABLE
Hog_education_Luvenia,0.0,0.3862930310509852,0.24839356323171644,0.2309477914640676,0.0550727691500372,True,TRUE_DRIFT
Hog_education_Madge,0.0,0.20897177979966441,0.2280756603557681,0.0839260808440408,0.0857471273618928,False,STABLE
Hog_education_Odell,0.003,0.7030190686081046,0.5652764850050519,0.0996188821263802,0.0243687039343221,False,STABLE
Hog_education_Rachael,0.0,0.8869806048313977,0.10823845052845948,0.3396727240093167,0.153241204769779,True,RECURRING_SEASONAL
Hog_education_Robert,0.0,0.8902675193664699,0.3379797744099033,0.0430843393212803,0.1046633646724545,False,STABLE
Hog_education_Roberto,0.0,0.8494059885551757,0.5359104543816895,0.0214173092794879,0.0219538876035418,False,STABLE
Hog_education_Sonia,0.001,0.6493986733610738,0.19373333148141542,0.0239014845813724,0.0259365979010983,False,STABLE
Hog_education_Wayne,0.001,0.6954560728794472,0.17482354579155834,0.0953710699905684,0.0108109086397297,False,STABLE
Hog_food_Morgan,0.0,0.9134492888191796,0.7277597728523559,0.0550790958834859,0.0658338603038312,False,STABLE
Hog_health_Hisako,0.0,0.6957389745268893,0.44577823948677175,0.0203400774576604,0.0268468902935656,False,STABLE
Hog_health_Jenny,0.001,-0.0029572051578719448,0.3202833180438075,0.0676097263773817,0.0020393345024244,False,STABLE
Hog_health_Kesha,0.0,0.618820643384773,0.22536116038843348,0.1203985701535628,0.0142929194212131,False,STABLE
Hog_industrial_Jay,0.0,0.809225941180846,0.627502996268595,0.2139611343680406,0.0194448535507641,True,RECURRING_SEASONAL
Hog_industrial_Jeremy,0.0,0.8820899816312882,0.6261197268613741,0.0901636700603429,0.0304406317170039,False,STABLE
Hog_industrial_Joanne,0.0,0.13397016392274233,0.4500811599434133,0.0494812870383823,0.0347571231069822,False,STABLE
Hog_industrial_Mariah,0.0,0.5178833268727473,-0.4728737485325057,0.1442636656898327,0.4825049360125133,True,RECURRING_SEASONAL
Hog_industrial_Quentin,0.0,0.7599816580752977,0.05456272859011429,0.0677997943526136,0.2072584895919829,True,RECURRING_SEASONAL
Hog_lodging_Brian,0.0,0.9718650096971327,0.9063148012557415,0.039293454590606,0.0169293009860026,False,STABLE
Hog_lodging_Celeste,0.0,0.9086974095609088,0.7952277735901916,0.0418566922846767,0.0811294103267891,False,STABLE
Hog_lodging_Edgar,0.0,0.0034733314524917833,0.46750347703450623,0.13815745416357,1.290899207253163,True,TRUE_DRIFT
Hog_lodging_Francisco,0.0,0.8819600933467546,0.6333068236532308,0.0760170500835112,0.0038185134760613,False,STABLE
Hog_lodging_Hal,0.0,0.030441125978164014,0.7119930452584564,0.137785079710148,0.3340943759372408,True,RECURRING_SEASONAL
Hog_lodging_Mauricio,0.0,0.9344974195060952,0.7701996446929804,0.0567836983068733,0.1800658142781873,True,RECURRING_SEASONAL
Hog_lodging_Nikki,0.0,0.4487386146693513,0.5782354149536988,0.1021357991181937,0.2717986115027005,True,RECURRING_SEASONAL
Hog_lodging_Ora,0.0,0.671513741465252,0.4213966959914684,0.0809609605053267,0.2375765434194005,True,RECURRING_SEASONAL
Hog_lodging_Retha,0.034,0.5556485672715774,0.3409617263247505,0.190722792279619,0.0240245669863037,True,RECURRING_SEASONAL
Hog_lodging_Shanti,0.0,0.5594154947731768,0.5598173825953245,0.1577845205375693,0.1207979594176408,True,RECURRING_SEASONAL
Hog_lodging_Shonda,0.0,0.9373465049363459,0.6690627386154422,0.0195368842552813,0.0387275699147248,False,STABLE
Hog_office_Alexis,0.0,0.6393877849199799,0.23994836730907088,0.0576325158192351,0.0904846621415437,False,STABLE
Hog_office_Alisha,0.0,0.30549097339677034,0.38479350887669644,0.3132471607051986,0.1294575570690587,True,TRUE_DRIFT
Hog_office_Almeda,0.0,0.6649191223247459,0.3712920813936105,0.039472005502306,0.0325475165109975,False,STABLE
Hog_office_Bessie,0.0,0.7605034410181273,0.4243052022004802,0.0536968851477279,0.0370530493990359,False,STABLE
Hog_office_Betsy,0.0,0.8494279195990522,0.14555845278495683,0.0819058277956727,0.3260398611205537,True,RECURRING_SEASONAL
Hog_office_Bill,0.0,0.8995056237068176,0.2645917228882359,0.1167598258424323,0.1542040521144113,False,STABLE
Hog_office_Bryan,0.0,,,0.037690120469337,0.1841893701775284,True,UNKNOWN_2016
Hog_office_Byron,0.014,0.3704659512863231,-0.049404147221460734,0.2482325697847064,0.0413197681057625,True,TRUE_DRIFT
Hog_office_Candi,0.004,-0.29698260705229884,-0.12110575063286504,0.0407509056624584,0.0953716737787501,False,STABLE
Hog_office_Carri,0.007,0.817676602184998,0.09804053258636893,0.046776978049987,0.121980744057305,False,STABLE
Hog_office_Catalina,0.0,0.675809385923053,0.5099467966789933,0.4559321553987093,0.0971235747607168,True,RECURRING_SEASONAL
Hog_office_Catharine,0.034,0.6017907674261838,0.6426586498309609,0.1774311679096057,0.0740217562542553,True,RECURRING_SEASONAL
Hog_office_Charla,0.0,0.0549648164864786,0.4377256227243541,0.0369265470440406,0.0099037807674837,False,STABLE
Hog_office_Clemencia,0.001,0.5039760581876782,0.06310927543739818,0.2285480442909242,0.0585967387656941,True,RECURRING_SEASONAL
Hog_office_Concetta,0.0,-0.40967944312242843,,0.0248387473855742,0.0707475377360002,False,STABLE
Hog_office_Cordelia,0.0,0.8562958836949756,0.2925919311446574,0.0884892497764019,0.1346166529271762,False,STABLE
Hog_office_Corey,0.0,0.7468809153865233,0.4495128087841765,0.0204259240679939,0.0567411344398969,False,STABLE
Hog_office_Corie,0.0,0.74210512704352,0.4815947698887468,0.0477439778243482,0.0389826050017786,False,STABLE
Hog_office_Cornell,0.017,0.7159783207861942,0.3360486679418898,0.0606725143406469,0.1228729167360014,False,STABLE
Hog_office_Cortney,0.0,0.3159559996167014,0.03397321568634167,0.1465392289461132,0.6138405246911054,True,TRUE_DRIFT
Hog_office_Darline,0.0,-0.4204959140700587,0.19481078102819094,0.8028443451109462,0.2206792615559203,True,TRUE_DRIFT
Hog_office_Denita,0.0,0.6662893204299518,0.44665823233300284,0.0515599536820483,0.0426526729412834,False,STABLE
Hog_office_Elizbeth,0.001,0.42521848620722524,0.4088675353814617,0.1082409988632135,0.0045869941273801,False,STABLE
Hog_office_Elke,0.0,0.7063052620639181,-0.021443141407650412,0.0348555198779094,0.0030760908062311,False,STABLE
Hog_office_Elnora,0.0,0.6486119277955285,0.014750703475471848,0.5636223542246221,0.0301901263044033,True,RECURRING_SEASONAL
Hog_office_Eloise,0.0,0.2287204821827496,0.3177379685464936,0.0920315169655549,0.0182194940151049,False,STABLE
Hog_office_Elsy,0.001,0.6261320407296935,0.28939346556531936,0.1025286080950093,0.0267717786607113,False,STABLE
Hog_office_Emmanuel,0.001,0.48621536242774066,0.1935385324328278,0.0579584762970731,0.002600700600656,False,STABLE
Hog_office_Garrett,0.0,0.4013468415556989,0.3988350168406452,0.1160404979080715,0.1563111491394548,False,STABLE
Hog_office_Guadalupe,0.0,0.8994774376804098,0.5034302639701488,0.0196048417122224,0.0930281526897491,False,STABLE
Hog_office_Gustavo,0.0,-0.02896716508401372,0.00025757811438472674,0.0205136035741296,0.0161548526287479,False,STABLE
Hog_office_Joey,0.0,0.3733323091679401,0.32018461855948854,0.3799117551118838,0.2253329811166681,True,TRUE_DRIFT
Hog_office_Josefina,0.0,0.4958825688033838,0.08065846140873865,0.0815668421009679,0.0144483830423598,False,STABLE
Hog_office_Lanell,0.0,0.18847484329549927,0.31366521953828896,0.0778422389382326,0.0305662705033755,False,STABLE
Hog_office_Lavon,0.0,0.4701619459776022,0.053999364424927795,0.0377511778415314,0.877567332374676,True,TRUE_DRIFT
Hog_office_Leanne,0.0,0.20755270539549137,0.19846342522541446,0.024138216266506,0.0148999827074791,False,STABLE
Hog_office_Leon,0.0,0.28069609818516594,0.03204625680039379,0.0527400992347502,0.1215690501522421,False,STABLE
Hog_office_Lizzie,0.0,0.3755855887737979,0.04650663646972418,0.059119971104057,0.0271740691334186,False,STABLE
Hog_office_Mack,0.0,0.49946217819570987,-0.18276965696571412,0.1131108959493409,0.0390643857084883,False,STABLE
Hog_office_Man,0.0,0.581620703269904,-0.1310550827433468,0.0642482937322628,0.0393471568531843,False,STABLE
Hog_office_Mari,0.0,0.8792302362669897,0.357720483678741,0.0292877691959547,0.2116299631849106,True,RECURRING_SEASONAL
Hog_office_Marilyn,0.0,0.27260121016795774,0.18910302780545776,0.2909796064554995,0.3187162886525745,True,TRUE_DRIFT
Hog_office_Marlena,0.0,0.3063579737196986,0.030805327785109575,0.06019169660552,0.0302384527828661,False,STABLE
Hog_office_Marlene,0.0,0.7356154981142972,0.5479670179076686,0.0509270081054381,0.098030004419614,False,STABLE
Hog_office_Mary,0.0,0.6529387496447344,0.450241367950283,0.0421699787458662,0.0280093885749074,False,STABLE
Hog_office_Merilyn,0.0,0.8165959508647214,0.37065250060055915,0.1284917174280683,0.3346846653514799,True,RECURRING_SEASONAL
Hog_office_Migdalia,0.0,0.7405377815990216,0.3833480550613004,0.1156844358109014,0.1111580491381225,False,STABLE
Hog_office_Mike,0.0,0.09601405881668879,-0.048389083642985865,0.1044926318279011,0.1862131260330022,True,TRUE_DRIFT
Hog_office_Miriam,0.0,0.6083506462031786,0.5020058479864183,0.0533769634547162,0.075823199064227,False,STABLE
Hog_office_Myles,0.0,0.7436580994803023,0.24044410230635171,0.0617931881200097,0.0249879223922418,False,STABLE
Hog_office_Nancie,0.0,0.6221337433005303,0.3236323385113269,0.0160261498161984,0.0052701041668205,False,STABLE
Hog_office_Napoleon,0.0,0.517257168780765,0.6771897220959061,0.0130835103322742,0.0146426384203205,False,STABLE
Hog_office_Nia,0.029,0.8577507485929938,0.30031058580689857,0.0220163140665051,0.2701302794964678,True,RECURRING_SEASONAL
Hog_office_Patrick,0.001,0.6951314109194046,0.4144475834815429,0.0602150110141019,0.0022168722407608,False,STABLE
Hog_office_Randi,0.0,0.8626120795957414,0.47362622720645453,0.0474481765794255,0.0760746524215854,False,STABLE
Hog_office_Richelle,0.0,0.562787069533638,0.2336916688101638,0.0176429025256219,0.0009701246230062,False,STABLE
Hog_office_Roger,0.003,0.22205539646772085,-0.10604225915771162,0.529783903232151,0.1783994685090424,True,TRUE_DRIFT
Hog_office_Rolando,0.0,-0.3126880302379075,0.3776491314247186,0.0616035503002503,0.0835250215549709,False,STABLE
Hog_office_Sarah,0.0,0.5321663201744227,0.23409484456958596,0.0278856508286653,0.0126863522716415,False,STABLE
Hog_office_Shawna,0.0,0.25583371591100434,0.2379877411001467,0.0570332423600762,0.0513167390956718,False,STABLE
Hog_office_Shawnna,0.0,0.8943321696300764,0.5668542862855109,0.0333952383212596,0.030736986813968,False,STABLE
Hog_office_Sherrie,0.0,0.6630553291959839,0.4318355694108525,0.0350198286307824,0.0289464606663699,False,STABLE
Hog_office_Shon,0.0,0.8065463948902029,0.6193220014748214,0.0323496557771585,0.0900183862363157,False,STABLE
Hog_office_Simon,0.0,0.3017512937463964,0.49207568980487,0.0337987085932058,0.0683239703262719,False,STABLE
Hog_office_Sonny,0.008,0.89228813009401,0.4118813159803,0.1993018909995578,0.1339669594521718,True,RECURRING_SEASONAL
Hog_office_Sung,0.018,0.6840234652256654,-0.1273703237311879,0.1174935165945765,0.1015116802882334,False,STABLE
Hog_office_Sydney,0.0,-0.027674515318337298,0.1410941928107463,0.0312473426012684,0.0516132056505286,False,STABLE
Hog_office_Terry,0.0,0.85625938948726,0.08972530715261767,0.1356802216105201,0.6296008169181995,True,RECURRING_SEASONAL
Hog_office_Thomas,0.0,0.6891436638928023,0.717644049113188,0.1277354172124336,1.157572898445144,True,RECURRING_SEASONAL
Hog_office_Valda,0.0,0.6876510109579353,0.4893100782850486,0.0630529710891288,0.1466389953789252,False,STABLE
Hog_office_Vera,0.0,0.6224212925998229,0.4205218614829661,0.0302632544123274,0.1273717744657765,False,STABLE
Hog_other_Noma,0.0,0.14624962533266808,0.21995697453586366,0.0726087485630405,0.0135232780793888,False,STABLE
Hog_other_Tobias,0.0,0.6238085071131765,0.32173409479388354,0.0343546790872614,0.0008303252367252,False,STABLE
Hog_parking_Antoinette,0.0,0.6832205554597043,0.2692133764683336,0.1417642140083219,0.122550113273085,False,STABLE
Hog_parking_Bernardo,0.0,0.6393371310619292,0.23645573671091275,0.113402977470354,0.0808991548593692,False,STABLE
Hog_parking_Cliff,0.003,0.8515751608602629,0.31347349300291005,0.1192901404525879,0.0596921113173379,False,STABLE
Hog_parking_Jean,0.0,0.81164932911331,0.14322442016680742,0.1062063894822561,0.2946612960099532,True,RECURRING_SEASONAL
Hog_parking_Jeana,0.0,0.8778892436224351,0.49755072091480224,0.4969464789297632,0.3483836185865209,True,RECURRING_SEASONAL
Hog_parking_Marcus,0.0,0.9045060633845746,0.3840714048067077,0.0470140575579958,0.3623435461230837,True,RECURRING_SEASONAL
Hog_parking_Shannon,0.0,0.7602597068460802,0.22825713292028574,0.3943224094072578,0.1228102449647905,True,RECURRING_SEASONAL
Hog_public_Brad,0.0,0.6285929980475315,0.2824837225709875,0.1090593565231433,0.0345277154700308,False,STABLE
Hog_public_Crystal,0.0,0.9139159273378511,0.47509839048270486,0.0681764702866238,0.1280796986638203,False,STABLE
Hog_public_Gerard,0.0,0.46636592637296764,0.3908603475598442,0.0505197811846824,0.0699526498482435,False,STABLE
Hog_public_Kevin,0.0,0.8230942323110717,0.36333103573255043,0.0674665988499009,0.3008507011884657,True,RECURRING_SEASONAL
Hog_public_Octavia,0.0,0.032148287182815316,0.28157975040194266,0.1520195711430495,0.0315068797518248,True,TRUE_DRIFT
Hog_science_Max,0.0,0.028880847634002216,0.12154562098473369,0.0230663725323246,0.0128593857057187,False,STABLE
Hog_services_Adrianna,0.0,0.4752221656163235,0.12375242998428372,0.3148306632175098,0.1724748527413746,True,TRUE_DRIFT
Hog_services_Joe,0.0,0.7699099528748603,0.19146794373694012,0.0852509000183868,0.1114314720319603,False,STABLE
Hog_services_Kerrie,0.0,-0.4250104576258633,0.10040007758389076,0.1156589824945137,0.0540181237552648,False,STABLE
Hog_services_Marshall,0.0,0.757014663266128,0.11552228626924908,0.0464412859015144,0.0848420044801484,False,STABLE
Hog_warehouse_Louise,0.0,0.5848404910466138,-0.2143763566544413,0.0473808301518082,0.1100904188485326,False,STABLE
Hog_warehouse_Porsha,0.0,0.9306732947982314,0.8206733456647244,0.0046378057503444,0.0356002708236841,False,STABLE
Hog_warehouse_Rosanna,0.0,0.20102205525404668,0.08818244660596583,0.082623106068259,0.2098411626309983,True,TRUE_DRIFT
Lamb_assembly_Bertie,0.0,-0.0011779814559547594,0.2843133676237533,0.1867999459194994,0.0415208455750884,True,TRUE_DRIFT
Lamb_assembly_Cesar,0.0,0.218574934862269,-0.13957994142971594,0.2172910457550909,0.4183994858819711,True,TRUE_DRIFT
Lamb_assembly_Cherie,0.0,0.08021759282292859,0.15026363576390814,0.4318047655774741,1.1574879869840835,True,TRUE_DRIFT
Lamb_assembly_Corliss,0.0,0.4906244629180919,,0.2558278448012168,0.005822857375409,True,TRUE_DRIFT
Lamb_assembly_Dillon,0.0,-0.1462178175117408,0.08535743981651593,0.5163317690032683,1.290946598557552,True,TRUE_DRIFT
Lamb_assembly_Dorathy,0.0,0.4582212626289519,-0.13409050098814984,0.1426454673969825,1.4528890387313151,True,TRUE_DRIFT
Lamb_assembly_Dorothy,0.0,0.6675854856675768,0.08620895011389278,0.3268710563117718,0.3584678140918411,True,RECURRING_SEASONAL
Lamb_assembly_Elinor,0.0,0.13493689639588105,0.27347047003130937,0.2129549498549934,1.4729337575202524,True,TRUE_DRIFT
Lamb_assembly_Isa,0.0,-0.026738951485312242,-0.06534934437871015,0.4649935741052466,0.7855409903429716,True,TRUE_DRIFT
Lamb_assembly_Jerry,0.0,0.14756495258155364,0.055018820145983555,0.4363298002025852,0.2673572405940697,True,TRUE_DRIFT
Lamb_assembly_Katelyn,0.0,0.4365940423202354,0.18071165480732523,0.2724520101358124,0.4271164065322116,True,TRUE_DRIFT
Lamb_assembly_Kurt,0.0,0.038780832253051546,0.0667915253596686,0.6460525980672209,0.4524833846987929,True,TRUE_DRIFT
Lamb_assembly_Librada,0.0,0.5367759492287585,0.04507423407273294,0.3701284231310079,0.7384811998862154,True,RECURRING_SEASONAL
Lamb_assembly_Louis,0.0,0.4349147580750645,-0.3349860270401313,0.1830233148951222,1.017950627159313,True,TRUE_DRIFT
Lamb_assembly_Nicole,0.0,0.29003561419106705,-0.2235911086861615,0.3745889601703931,1.2034411775286291,True,TRUE_DRIFT
Lamb_assembly_Ossie,0.0,0.14452742970304436,0.12724187133448012,0.3417224496212901,0.7101922240792194,True,TRUE_DRIFT
Lamb_assembly_Rosa,0.0,0.1676280428294188,0.2350652540845425,0.3350050240610294,0.4651218204623595,True,TRUE_DRIFT
Lamb_assembly_Steven,0.0,0.047411981992593576,0.1429294479622243,0.2957274467333189,1.1251819353139725,True,TRUE_DRIFT
Lamb_assembly_Tasha,0.0,-0.38602496080499493,,0.0911272123600065,0.434806815904644,True,TRUE_DRIFT
Lamb_assembly_Tawana,0.0,0.10000546403844139,0.12149680300300597,0.5811107045564705,0.5139075773205346,True,TRUE_DRIFT
Lamb_assembly_Theresa,0.0,0.15944844234150976,-0.2049771148302188,0.4766865441400255,0.6681503924353513,True,TRUE_DRIFT
Lamb_assembly_Walter,0.0,-0.05548543839436118,-0.09158863493649777,0.3997376686978226,0.3561711780745945,True,TRUE_DRIFT
Lamb_education_Aldo,0.0,-0.0913826021584866,0.010868075046255421,0.5539787165669946,0.8657295571814224,True,TRUE_DRIFT
Lamb_education_Antonio,0.0,0.34263610904524877,0.053783815176058396,0.2658646352596745,0.4150261227640944,True,TRUE_DRIFT
Lamb_education_Armando,0.0,0.18037673723729725,0.0025589942224626123,0.2454845015243254,0.2842637360534963,True,TRUE_DRIFT
Lamb_education_Augustine,0.0,0.3290731616533087,,0.3000343808906813,0.275451493666957,True,TRUE_DRIFT
Lamb_education_Bert,0.0,0.2722494189632673,0.2584068713534924,0.4624231027746778,0.5616295259573316,True,TRUE_DRIFT
Lamb_education_Bettye,0.0,0.009872949505845783,-0.007803136542245243,0.597836022204665,0.8563292243727609,True,TRUE_DRIFT
Lamb_education_Carlton,0.0,0.2500923823934952,0.12364437593597162,0.4252668169657881,0.4094557249952626,True,TRUE_DRIFT
Lamb_education_Chet,0.0,0.08481011978601055,0.027888121695979057,0.6342701942144482,0.998904290726008,True,TRUE_DRIFT
Lamb_education_Daniel,0.0,0.13569472374286434,0.03681211059013949,0.4628904768210067,0.509169537417573,True,TRUE_DRIFT
Lamb_education_Darrel,0.0,0.2601019589150758,0.20220342678309755,0.3101666117324301,0.4985475079579318,True,TRUE_DRIFT
Lamb_education_Debby,0.0,-0.03569870718901059,-0.07845248743718425,0.6251707769437804,0.8574754595858414,True,TRUE_DRIFT
Lamb_education_Dolly,0.0,0.10920147383796759,0.013035728107156867,0.4963479297433165,0.0100445653782861,True,TRUE_DRIFT
Lamb_education_Domitila,0.0,0.19277187485709843,-0.0332479764582463,0.3017762277050309,0.4260571285281814,True,TRUE_DRIFT
Lamb_education_Dwayne,0.0,0.11652540499450409,0.24403218254522413,0.4523783820820297,0.6009977863773345,True,TRUE_DRIFT
Lamb_education_Ellen,0.0,0.045356621231494185,-0.18838611454356702,0.681973596453388,0.9428148718154884,True,TRUE_DRIFT
Lamb_education_Emery,0.0,0.257040387569515,0.20160051392034314,0.38539244939378,0.122566717947834,True,TRUE_DRIFT
Lamb_education_Emilie,0.0,0.2702634466729756,0.10002107904213912,0.4080136625812234,0.5680892777163287,True,TRUE_DRIFT
Lamb_education_Eula,0.0,0.42865277970490073,0.23722959861585327,0.3368376335332256,1.5445516018339875,True,TRUE_DRIFT
Lamb_education_Faith,0.0,0.32485045207999236,0.294238126408697,0.4534923477574653,0.5902815548079916,True,TRUE_DRIFT
Lamb_education_Felicia,0.0,0.21675125018324565,0.11707932813529644,0.4789425153042878,0.0094260581701387,True,TRUE_DRIFT
Lamb_education_Felipe,0.0,0.3093508550143305,0.06445246956094591,0.2449691538808187,0.3456507714668297,True,TRUE_DRIFT
Lamb_education_Fred,0.0,0.20500430970794487,-0.005007153740352243,0.441688066934657,0.5339233455873685,True,TRUE_DRIFT
Lamb_education_Freddy,0.0,0.2271514819772665,0.14383145551004656,1.1464772291430911,2.0489978603302257,True,TRUE_DRIFT
Lamb_education_Gabriel,0.0,0.10210788394026417,-0.062101960408950385,0.4515990843289428,0.2705777582091163,True,TRUE_DRIFT
Lamb_education_Gabrielle,0.0,0.044950088322300234,0.21655191867484702,0.5721613172152873,0.5656498828951808,True,TRUE_DRIFT
Lamb_education_Garry,0.0,0.17034777617948402,,1.2776336295096975,2.0574789137747174,True,TRUE_DRIFT
Lamb_education_Harold,0.0,0.25070250996832966,,1.3856874959588676,2.05341943529139,True,TRUE_DRIFT
Lamb_education_Heidi,0.0,0.041554071574539456,0.1957040226421546,0.5205583504220314,0.0939256636614049,True,TRUE_DRIFT
Lamb_education_Hellen,0.0,0.2684533941118314,0.18582827210386949,0.462593010851053,0.6369408107134721,True,TRUE_DRIFT
Lamb_education_Hilary,0.0,0.43649818139258745,,0.277433552254243,0.4886724519783667,True,TRUE_DRIFT
Lamb_education_Hillary,0.0,0.34122636031703873,0.09796647180158187,1.191646918081184,2.0566375817168736,True,TRUE_DRIFT
Lamb_education_Hubert,0.0,0.4175530567127745,-0.31584068374106494,0.5214120136077003,2.0507366658395134,True,TRUE_DRIFT
Lamb_education_Hui,0.0,0.3727249160047852,,0.288238378675161,0.3487545785369916,True,TRUE_DRIFT
Lamb_education_Ira,0.0,0.2241908819556571,0.443457770005286,0.318830249138089,1.1576866979818687,True,TRUE_DRIFT
Lamb_education_Isabelle,0.0,0.3124718213273036,,0.2738482831477244,0.3518894001585793,True,TRUE_DRIFT
Lamb_education_Jane,0.0,0.12039677662771771,0.10954234068054833,0.5218431763959455,0.0240045713058089,True,TRUE_DRIFT
Lamb_education_Junior,0.0,0.2673820682047256,0.22422043164460756,0.2699690322410964,0.3437400937348839,True,TRUE_DRIFT
Lamb_education_Kasha,0.0,0.1637080012709018,0.04467478815825238,0.4858190249507182,1.060620045621548,True,TRUE_DRIFT
Lamb_education_Kayla,0.0,0.04844881687159735,0.24276482102711622,0.4636845764327607,0.0977089488047707,True,TRUE_DRIFT
Lamb_education_Larissa,0.0,-0.03268303018947858,-0.18900555132904123,0.637206573734917,0.8992073537505073,True,TRUE_DRIFT
Lamb_education_Lawrence,0.0,0.13266508062955212,-0.10544045321288878,0.2738080853484154,0.3687361218231432,True,TRUE_DRIFT
Lamb_education_Lazaro,0.0,-0.030438691303241873,-0.18626004048328493,0.503439727166466,0.5762930520447636,True,TRUE_DRIFT
Lamb_education_Lemuel,0.0,0.2009592829282546,-0.009996179068433458,0.5581428841407856,1.14851694460513,True,TRUE_DRIFT
Lamb_education_Leopoldo,0.0,0.07582514758984528,-0.175574708744826,0.7012817483869407,0.8745034534878631,True,TRUE_DRIFT
Lamb_education_Logan,0.0,0.01311622814214299,-0.32310657352626376,0.1897817949415638,0.0870254158202181,True,TRUE_DRIFT
Lamb_education_Lucas,0.0,0.3179220451740209,0.2700811261778267,0.3319420856508495,0.0994211612364703,True,TRUE_DRIFT
Lamb_education_Luz,0.0,0.07279691301412966,0.1767415700538879,0.2090890633653091,0.587681125054328,True,TRUE_DRIFT
Lamb_education_Mae,0.0,0.41562448778138655,-0.01577193018878143,0.2146382151028554,0.063031061330044,True,TRUE_DRIFT
Lamb_education_Manuel,0.0,0.16219674453522737,-0.1666883683495837,0.2684490600645262,0.5464954006312529,True,TRUE_DRIFT
Lamb_education_Marc,0.0,0.40692417969403355,0.354417716867458,0.5838502923219205,0.2304694348511551,True,TRUE_DRIFT
Lamb_education_Maritza,0.0,0.0007041819252806857,0.08067553342309108,0.4482509936625458,0.6279076515502477,True,TRUE_DRIFT
Lamb_education_Marty,0.0,0.08904872360491377,-0.19764849666202905,0.6087903627094259,0.8785471696919815,True,TRUE_DRIFT
Lamb_education_Maxwell,0.0,0.286758475874434,-0.13736505469383908,0.4054146923346437,0.2847366389633258,True,TRUE_DRIFT
Lamb_education_Mckenzie,0.0,0.2299760671580551,-0.03635191030102423,0.242335843344205,0.3931209179119651,True,TRUE_DRIFT
Lamb_education_Moses,0.0,0.23970737673710757,0.2647350918623898,0.4388022230416744,0.5891126974619721,True,TRUE_DRIFT
Lamb_education_Nathan,0.0,-0.041413875269139075,-0.17022112406689788,0.6370236826047413,0.8201758359466208,True,TRUE_DRIFT
Lamb_education_Nichol,0.0,0.09980900754863334,0.230333669006469,1.0889150703085293,2.0494119035577154,True,TRUE_DRIFT
Lamb_education_Norris,0.0,0.2760486934792825,0.27571179129824114,0.4302658945693094,0.0042559735172406,True,TRUE_DRIFT
Lamb_education_Patsy,0.0,0.20432618997754678,,1.3206351937341676,2.0494391380791463,True,TRUE_DRIFT
Lamb_education_Phil,0.0,0.016263123854104625,0.0776472677430754,0.6649181839172794,0.7946698919437678,True,TRUE_DRIFT
Lamb_education_Philomena,0.0,0.16885299203364312,-0.013288401589737642,0.2892729121769526,0.5007690442165167,True,TRUE_DRIFT
Lamb_education_Princess,0.0,0.2558604143546999,0.1018358620929243,0.3419020829043132,0.3704753596393652,True,TRUE_DRIFT
Lamb_education_Randal,0.0,0.1676067098969738,0.24599603657269353,0.4657071797755525,0.5507688550359943,True,TRUE_DRIFT
Lamb_education_Rick,0.0,0.4172126789243058,,0.2431085574440623,0.3803717657217054,True,TRUE_DRIFT
Lamb_education_Robin,0.0,0.22206515245461572,-0.07147743943075774,0.2896851854489174,0.293727905671668,True,TRUE_DRIFT
Lamb_education_Rodrigo,0.0,0.02072173187589131,0.12998157854765532,0.3103813132156566,0.5329380647831239,True,TRUE_DRIFT
Lamb_education_Ruben,0.0,0.1624043685856593,0.12983912098411526,0.5765216066064324,0.8477381361882006,True,TRUE_DRIFT
Lamb_education_Sabrina,0.0,0.2931461856987343,0.33420762912368723,0.4640289011235876,0.6031895736965815,True,TRUE_DRIFT
Lamb_education_Salvador,0.0,0.07667238028081473,0.0010851526876651263,0.5496633809506981,0.0871038009457774,True,TRUE_DRIFT
Lamb_education_Sara,0.0,0.3144217211680857,0.007265742515383271,0.2171682021321299,0.184075829924544,True,TRUE_DRIFT
Lamb_education_Stefan,0.0,0.33838082139781467,-0.044658695271433235,0.3582737081186494,0.3658726688399254,True,TRUE_DRIFT
Lamb_education_Sunny,0.0,0.21989919152175777,0.07551999339431954,0.4231448047035214,0.5972724155932778,True,TRUE_DRIFT
Lamb_education_Sylvester,0.0,0.2805218217539732,0.18976496770785284,0.4835242400030358,0.6074353155148833,True,TRUE_DRIFT
Lamb_education_Terina,0.0,0.054013190788872116,-0.13624808602345292,0.1861362845605657,0.3202705899550232,True,TRUE_DRIFT
Lamb_education_Traci,0.0,0.31956635424981056,0.3265134485149162,0.471148437040233,0.683581151385006,True,TRUE_DRIFT
Lamb_education_Vaughn,0.0,0.23922722036918082,0.14451814856717604,0.4258513235454476,0.0143976975023735,True,TRUE_DRIFT
Lamb_education_Wanda,0.0,0.0005006117110781912,0.1602716693572577,0.6064033251425616,0.9904877076151596,True,TRUE_DRIFT
Lamb_education_Wilbert,0.0,0.10691164555766053,-0.022622987628145567,0.6500469219348353,1.0272897065718178,True,TRUE_DRIFT
Lamb_education_Williams,0.0,0.21630020778050774,0.15207811623666295,0.2566405802063679,0.3113448783353728,True,TRUE_DRIFT
Lamb_food_Sylvia,0.0,0.23531999264803038,-0.01929797651459118,0.3136315657646024,1.5869599946848405,True,TRUE_DRIFT
Lamb_health_Ken,0.0,0.4654325539984202,0.49235804710102904,0.3115315504003018,0.4519305219057677,True,TRUE_DRIFT
Lamb_industrial_Carla,0.0,0.49811802943357064,0.8661959118654854,0.357081127040234,0.1241397624509205,True,RECURRING_SEASONAL
Lamb_industrial_Enrique,0.0,0.44271483821637436,0.4479579434306183,0.5446100525526636,0.8388096508061775,True,TRUE_DRIFT
Lamb_industrial_Venessa,0.0,0.35699581049066303,-0.6047784615935701,0.3717516040842592,0.363763530060558,True,TRUE_DRIFT
Lamb_industrial_Willard,0.0,0.44124257416004853,0.309551737273629,0.4549924778413421,0.5714211642245297,True,TRUE_DRIFT
Lamb_lodging_Burt,0.0,0.6968245133298998,0.015103057530047908,0.2671608305849311,0.2062917144014749,True,RECURRING_SEASONAL
Lamb_lodging_Harley,0.0,0.021588379517378884,-0.04783687288095652,0.7046129286486874,0.8790073364722225,True,TRUE_DRIFT
Lamb_office_Bertha,0.0,0.08936425929159407,0.3903986901966453,0.1979278811599322,1.3998085410228636,True,TRUE_DRIFT
Lamb_office_Caitlin,0.0,-0.026423219329798325,-0.27029060095465474,0.2971798720918864,0.2386139244653266,True,TRUE_DRIFT
Lamb_office_Callie,0.0,-0.16753043233894235,-0.03606092131689348,0.4783257188757761,0.5961541622254847,True,TRUE_DRIFT
Lamb_office_Gerardo,0.0,0.31901487446639715,,0.2273354980716945,0.4285682281518302,True,TRUE_DRIFT
Lamb_office_Jo,0.0,0.32476323709550675,-0.062093749089435685,1.4506985222156852,2.038657768432518,True,TRUE_DRIFT
Lamb_office_Maggie,0.0,0.5146883511161158,0.2356517710302135,0.1268095804763781,0.4116989580822244,True,RECURRING_SEASONAL
Lamb_office_Raymond,0.0,0.3746279457638777,0.08169270500500372,0.238147649279941,0.6800990842030842,True,TRUE_DRIFT
Lamb_office_Stefani,0.0,0.11354901828914285,-0.021193028982374056,0.447568691914218,0.5370775479635975,True,TRUE_DRIFT
Lamb_office_Vasiliki,0.0,0.061223016263498235,-0.10713886049499995,0.3220803974606013,0.4838240904409274,True,TRUE_DRIFT
Lamb_office_Velma,0.0,0.3321231203038308,0.19617627255597714,0.3586273833096056,0.4808305171827614,True,TRUE_DRIFT
Lamb_office_William,0.0,0.250909971246875,0.02505738224943197,0.1377685350835153,1.3463293212634877,True,TRUE_DRIFT
Lamb_other_Katharina,0.0,0.48481894034693623,-0.04678883488215352,0.1380410977448205,0.378617719009522,True,TRUE_DRIFT
Lamb_other_Minerva,0.0,0.032578960173182916,-0.11208064969826786,0.1822150806230748,0.0793118899880376,True,TRUE_DRIFT
Lamb_public_Angeline,0.0,-0.12301070653210709,,0.1756269458898365,0.0900628707222476,True,TRUE_DRIFT
Lamb_public_Grace,0.0,0.2368714731644239,-0.24223708906283134,0.4315584602704845,0.1027516352464244,True,TRUE_DRIFT
Lamb_public_Gracie,0.0,0.5872560103296441,,0.2571781918348614,0.1132782769543208,True,RECURRING_SEASONAL
Lamb_public_Nyla,0.0,0.25955435680376754,0.2592013481884969,0.4307656579118543,0.2187967224901928,True,TRUE_DRIFT
Lamb_public_Vania,0.0,0.35472847627727505,0.12351100543338851,0.2675466551282867,0.6970352593661678,True,TRUE_DRIFT
Lamb_warehouse_Allan,0.0,0.23881191787657838,0.140599732432332,0.3822780792896354,1.003552415519403,True,TRUE_DRIFT
Moose_education_Abbie,0.0,0.38067236741206933,0.25220670881479285,0.0291569224336419,0.0660492748277923,False,STABLE
Moose_education_Clark,0.0,0.2914238922320202,0.11824086355983711,0.0509569185115296,0.0471367654053323,False,STABLE
Moose_education_Florence,0.0,0.14848013443768235,,0.0163327967344529,0.0276569024378214,False,STABLE
Moose_education_Gladys,0.0,0.26854324718596495,0.17072365396582773,0.0375050552434401,0.034436354389115,False,STABLE
Moose_education_Leland,0.0,-0.3987069298749198,-0.05053651707299282,0.1499180572989162,0.6125018316502446,True,TRUE_DRIFT
Moose_education_Lori,0.0,0.8286546139627395,0.39214033718992364,0.0962197643949638,0.071694458014791,False,STABLE
Moose_education_Maria,0.0,-0.2154917057122396,0.27015338382993653,0.1036047966495402,0.2208869771016587,True,TRUE_DRIFT
Moose_education_Marina,0.0,-0.02191906194010249,0.1272065428396988,0.0761605799647913,0.0236710686210251,False,STABLE
Moose_education_Marlon,0.0,0.22476032336359694,0.1769011672996495,0.0177467414593067,0.0872599894800434,False,STABLE
Moose_education_Rene,0.0,0.5581421473915826,0.38380153363172786,0.0476992548216013,0.0520711391123239,False,STABLE
Moose_education_Ricardo,0.0,0.8624463682892811,-0.07502802521310789,0.0392751258559238,0.0417522954248634,False,STABLE
Mouse_health_Estela,0.0,-0.009158135886588174,-0.02100487682911007,0.3247031656445718,0.4979625608347161,True,TRUE_DRIFT
Mouse_health_Ileana,0.001,0.2620791710940784,0.03521591302629335,0.2521038675427638,0.5367138058730828,True,TRUE_DRIFT
Mouse_health_Justin,0.0,0.34326684731692175,0.12510981430747417,0.3686490104272729,0.3576976701298525,True,TRUE_DRIFT
Mouse_health_Modesto,0.0,0.5348236121524638,0.2966991961939313,0.869935395745908,0.3804895127071956,True,RECURRING_SEASONAL
Mouse_lodging_Vicente,0.0,0.12022652000774305,0.0492344645027285,0.3660367652862369,0.3459804136496198,True,TRUE_DRIFT
Panther_assembly_Carrol,0.0,0.4286842036408084,0.13806473958727442,0.3539072752140446,0.0723430713522029,True,TRUE_DRIFT
Panther_assembly_David,0.041,-0.4319056455613598,0.23131806354183512,0.1902100043877074,0.1976155953305199,True,TRUE_DRIFT
Panther_assembly_Denice,0.0,0.41019895955557606,-0.010077207881035543,0.145452314701453,0.1338972493705026,False,STABLE
Panther_assembly_Gwyneth,0.0,0.5862560716352114,-0.08215637609827448,0.1143635061377311,0.1139534009023403,False,STABLE
Panther_assembly_Pamella,0.0,0.4082591117014434,0.13484429081153587,0.5267474583403515,1.424546864692352,True,TRUE_DRIFT
Panther_education_Alecia,0.0,-0.36558703414125654,-0.0076623323657513225,0.1264853248852538,0.0596468036286157,False,STABLE
Panther_education_Annetta,0.0,-0.26288294259101785,0.39035799438059876,0.0886187548887058,0.0241332715621823,False,STABLE
Panther_education_Aurora,0.0,0.18972363499669695,-0.3351378535699708,0.1090297888503215,0.0317295177708321,False,STABLE
Panther_education_Cleopatra,0.008,0.1923221046754659,-0.004959558660864375,0.0327594538556771,0.0775751349004405,False,STABLE
Panther_education_Diann,0.0,-0.17516274162189027,0.4702488688331556,0.0671261787253836,0.0580941263016394,False,STABLE
Panther_education_Edna,0.0,-0.5376402779335349,-0.2715682469800454,0.0664365991521358,0.1389312639121423,False,STABLE
Panther_education_Emily,0.0,0.14678865942573324,-0.2840426223099828,0.0334106072577892,0.0489619801887432,False,STABLE
Panther_education_Enriqueta,0.0,-0.1849231372061505,0.42879335483550224,0.0366600953978334,0.0121030245597705,False,STABLE
Panther_education_Genevieve,0.0,0.2511477406486132,-0.050408796104895716,0.3537160146280468,0.0156454614679232,True,TRUE_DRIFT
Panther_education_Gina,0.0,-0.6211208778440382,0.09782238175257421,0.4023228042619609,0.1838487396862396,True,TRUE_DRIFT
Panther_education_Hugh,0.0,-0.16270498496314137,0.1288770293627678,0.2799636107583751,0.0003020823080273,True,TRUE_DRIFT
Panther_education_Ivan,0.0,-0.12504546236850966,0.4722502429065199,0.0849310794623955,0.0041351078868398,False,STABLE
Panther_education_Janis,0.0,0.6297011583960185,-0.13037428934184897,0.4117997616921063,0.170024097522926,True,RECURRING_SEASONAL
Panther_education_Jerome,0.0,0.10862141535998444,-0.09720617780822356,0.2673998742211804,0.0066156115336814,True,TRUE_DRIFT
Panther_education_Jonathan,0.0,0.4056281040764529,0.13176093911305892,0.2154032760999256,0.4059537559194827,True,TRUE_DRIFT
Panther_education_Karri,0.0,0.3154086322369601,-0.05629622797570912,0.1851296410108663,0.0093316147822085,True,TRUE_DRIFT
Panther_education_Mattie,0.0,0.7313935204707174,0.6007562243801251,0.2862967027976235,0.5265796339505874,True,RECURRING_SEASONAL
Panther_education_Misty,0.0,0.7294368972944167,0.07005294110149513,0.1826757488297406,0.1597392440225072,True,RECURRING_SEASONAL
Panther_education_Mohammad,0.0,0.2378093843004124,-0.03904509497194128,0.1430778546994907,0.0447311821574628,False,STABLE
Panther_education_Neal,0.0,0.201823681434633,0.718938436870229,0.2576475752531408,0.0747679926209007,True,RECURRING_SEASONAL
Panther_education_Quintin,0.566,,,0.0284807884684012,0.0921857833194634,False,STABLE
Panther_education_Rosalie,0.0,0.3527873760341057,-0.1270022131546635,0.2651787852003108,0.0813783438021467,True,TRUE_DRIFT
Panther_education_Scarlett,0.0,0.14440465813920234,0.10529996930930577,0.1031699320332821,0.011358779252469,False,STABLE
Panther_education_Shelton,0.0,-0.28972518177289414,0.15927529988870726,0.1242214493443567,0.0532880063413254,False,STABLE
Panther_education_Sophia,0.0,0.5122134397517513,0.165316691791052,0.6854926987799554,0.0551719711313259,True,RECURRING_SEASONAL
Panther_education_Teofila,0.0,-0.0971167596656025,0.038705538928318975,0.160377942966935,0.0077583332633892,True,TRUE_DRIFT
Panther_education_Tina,0.0,0.7117644268942792,0.4706842434074071,0.1521395468455365,0.4429740101058926,True,RECURRING_SEASONAL
Panther_education_Vincent,0.0,-0.3526695304198696,0.30544693703057507,0.0126593999288646,0.0401813295623218,False,STABLE
Panther_education_Violet,0.0,0.3115634581619678,0.36629742877618954,0.2524867450646024,0.001536666084921,True,TRUE_DRIFT
Panther_education_Zelda,0.0,-0.3803122856989843,0.22307031115369033,0.0755853565389431,0.0639418635683317,False,STABLE
Panther_lodging_Alita,0.0,0.28544971536000024,0.5318571865338613,0.1098054900341549,0.0927381327204159,False,STABLE
Panther_lodging_Anastasia,0.0,-0.24355738711236627,0.47947034241958236,0.3593210301280813,0.0998835532754204,True,TRUE_DRIFT
Panther_lodging_Awilda,0.0,-0.12981470495511968,0.6810196974513978,0.0732946454839925,0.0019872714935628,False,STABLE
Panther_lodging_Blaine,0.0,0.6810024517557663,0.34576944924757497,0.3784457574006066,0.1939140822688745,True,RECURRING_SEASONAL
Panther_lodging_Cora,0.0,-0.3305036556002237,0.5898930221242623,0.2204686589078657,0.0336115705384174,True,RECURRING_SEASONAL
Panther_lodging_Cornelia,0.0,0.33647806076332026,0.4063308489129159,0.3404921511705234,0.2126126890353004,True,TRUE_DRIFT
Panther_lodging_Dianna,0.0,-0.043137691420970105,0.40799592819275965,0.3049274222674968,0.0591494096469728,True,TRUE_DRIFT
Panther_lodging_Edison,0.0,0.27532148025694014,0.49010575239107235,0.2947528108983405,0.0843947749468904,True,TRUE_DRIFT
Panther_lodging_Edmond,0.0,0.5531404612585616,0.6200302162611308,0.214909665017992,0.1652709649262604,True,RECURRING_SEASONAL
Panther_lodging_Else,0.0,-0.3416337976787891,0.7515045426938273,0.1921451554869411,0.2103400261959858,True,RECURRING_SEASONAL
Panther_lodging_Fausto,0.0,-0.28163129376466234,0.5765701732958326,0.1976432491413045,0.1743520100833066,True,RECURRING_SEASONAL
Panther_lodging_Floyd,0.0,0.6276085175893166,0.5595217470911344,0.5486779663053516,0.1814762439371001,True,RECURRING_SEASONAL
Panther_lodging_Gale,0.0,-0.148206877473208,0.7186381708277415,0.4500203634252742,0.0205563522512421,True,RECURRING_SEASONAL
Panther_lodging_Hattie,0.0,0.2219816544485708,0.46697346428543884,0.6195076912364001,0.0160387735505891,True,TRUE_DRIFT
Panther_lodging_Jana,0.0,0.6472187671582009,0.5733837104684626,0.4052660185610297,0.2167903834593808,True,RECURRING_SEASONAL
Panther_lodging_Janice,0.0,-0.17295276447102131,0.44625975355274056,0.5156305103613062,0.0630355215767611,True,TRUE_DRIFT
Panther_lodging_Jorge,0.0,0.646398430945414,0.18743555386660302,0.2557324254466487,0.1514272304948171,True,RECURRING_SEASONAL
Panther_lodging_Kaitlin,0.0,0.5318615808920193,0.39524439900735425,0.2829364901686581,0.2005340185881747,True,RECURRING_SEASONAL
Panther_lodging_Kara,0.0,-0.2875592935103902,0.5573495746098261,0.2158699203085761,0.0390927888340411,True,RECURRING_SEASONAL
Panther_lodging_Kirk,0.0,-0.14231010237045974,0.43433767418620794,0.0555211130659888,0.0109437159452616,False,STABLE
Panther_lodging_Marisol,0.0,-0.48710950818256393,0.8422532266552297,0.349989685586608,0.0624417523088002,True,RECURRING_SEASONAL
Panther_lodging_Myrtle,0.0,0.026183036787193303,0.26133387100061944,0.0822365860108814,0.0105245830548869,False,STABLE
Panther_lodging_Russell,0.0,0.08199443554046705,0.6671350357847234,0.3499740480741559,0.0571685830707145,True,RECURRING_SEASONAL
Panther_lodging_Sonja,0.0,0.45249044622298573,0.5228964640542902,0.0474617598355885,0.129080017892261,False,STABLE
Panther_lodging_Teresita,0.0,0.6042936565210775,0.49870953277570307,0.3806390261426642,0.180930374052074,True,RECURRING_SEASONAL
Panther_lodging_Tracie,0.0,0.47779787112111605,0.5558610263186928,0.1367585514189767,0.1642598717306122,True,RECURRING_SEASONAL
Panther_lodging_Willa,0.0,-0.3720661939941938,0.5321812831021144,0.1056932041545811,0.0715231952011662,False,STABLE
Panther_office_Antonette,0.0,0.0016152975430980922,-0.05980258231491693,0.1650913844278253,0.0262147991383858,True,TRUE_DRIFT
Panther_office_Brent,0.0,0.043241503276555696,-0.18533568688767493,0.1891892798499154,0.0124796065474112,True,TRUE_DRIFT
Panther_office_Catherine,0.0,-0.559641882339998,0.3352739651250687,0.0476105839801036,0.1606460985566568,True,TRUE_DRIFT
Panther_office_Christian,0.0,-0.3359295670077249,-0.16661492350076326,0.0054986740920076,0.0862598900958448,False,STABLE
Panther_office_Christin,0.0,-0.6320814110055314,0.30603667639054155,1.615081357120263,1.8305666056215235,True,TRUE_DRIFT
Panther_office_Clementine,0.0,-0.504597040097425,-0.03733624888502296,0.1465682543587272,0.076477011372586,False,STABLE
Panther_office_Danica,0.0,0.6769903763727799,0.21173135001348994,0.1174799293746668,0.1723176181973829,True,RECURRING_SEASONAL
Panther_office_Garth,0.0,-0.09151692731000563,0.1286354940187036,0.0331125056681823,0.0067535541659239,False,STABLE
Panther_office_Graham,0.0,-0.3383938341610001,0.024374078600455873,0.1635620194414416,0.1408967026301527,True,TRUE_DRIFT
Panther_office_Hannah,0.0,0.5057300465560906,0.262901132530149,0.2555016269306102,0.0487051220337104,True,RECURRING_SEASONAL
Panther_office_Jeane,0.0,0.7463888417005196,0.026443613073009277,0.0788103028109509,0.2563615475835883,True,RECURRING_SEASONAL
Panther_office_Jesus,0.0,0.6004785088709371,0.1535973618780036,0.0592051103510188,0.0946169191704433,False,STABLE
Panther_office_Karla,0.0,-0.6410671693621209,0.01895627530197338,0.2026215395766082,0.3359027571047908,True,TRUE_DRIFT
Panther_office_Kristen,0.0,0.2287804710397483,0.15469658353466137,0.3256241323106231,0.1337522891450072,True,TRUE_DRIFT
Panther_office_Larry,0.0,0.08372048125622376,0.17228165567674067,0.1551791069984628,0.0044690700935487,True,TRUE_DRIFT
Panther_office_Lauretta,0.0,0.669821196742047,-0.0813824314289909,0.0980552375966578,0.1084086959191115,False,STABLE
Panther_office_Lavinia,0.0,-0.4500133836924889,0.3221138990732621,0.1345124047029117,0.1144600424649238,False,STABLE
Panther_office_Lois,0.0,-0.8481706150000773,-0.10655866123263018,0.2770947233923361,0.2076489237627252,True,TRUE_DRIFT
Panther_office_Otto,0.808,,,0.060643457019204,0.1238984345586617,False,STABLE
Panther_office_Patti,0.0,0.7500182605303092,0.18990548483785144,0.055865567572182,0.1010194498494295,False,STABLE
Panther_office_Ruthie,0.0,0.7448574619932576,-0.5259132300024215,0.4752505398532495,0.1782249318009744,True,RECURRING_SEASONAL
Panther_office_Shauna,0.0,-0.24484242942929743,-0.10108566383795596,0.0302447047702804,0.0357486258476174,False,STABLE
Panther_office_Taryn,0.0,-0.32613286650588114,0.13460273531650213,0.1730962341521253,0.041085884329235,True,TRUE_DRIFT
Panther_office_Valarie,0.0,-0.273756588247753,0.3076005326850758,0.0882773870215919,0.1385018474032895,False,STABLE
Panther_other_Bethel,0.0,-0.20261689319876233,-0.39316239783803053,0.1169644232373823,0.0285926266455027,False,STABLE
Panther_other_Bettie,0.0,0.6311531242117975,0.8681620415506884,0.4300849819408066,0.1285253165296327,True,RECURRING_SEASONAL
Panther_other_Lucina,0.0,0.4537746714861736,0.034481140851768545,0.6741395359438279,0.0270333982968428,True,TRUE_DRIFT
Panther_other_Tyrone,0.161,0.7866629870039782,0.5140653586462177,0.0964720304833013,0.3401632028649871,True,RECURRING_SEASONAL
Panther_parking_Adela,0.0,0.07178918021648657,-0.15766416987634582,0.0229548972357689,0.0196991685941821,False,STABLE
Panther_parking_Alaina,0.0,0.380585026933171,-0.1879124282789613,0.0070598293415291,0.0339239681620129,False,STABLE
Panther_parking_Asia,0.0,0.006218684030551681,-0.19816284146523705,0.0155791034227072,0.0193322236333614,False,STABLE
Panther_parking_Charlene,0.0,0.14286925257256167,-0.01669966648020005,0.026974771021189,0.0279091923720074,False,STABLE
Panther_parking_Jody,0.0,0.42715384143426344,-0.3527975217696115,0.0872792675059872,0.0466838546947428,False,STABLE
Panther_parking_Lorriane,0.0,-0.8169936132466806,0.21892067013044023,0.0678852887576878,0.2096086480443936,True,TRUE_DRIFT
Panther_parking_Mellissa,0.0,-0.3839870746252379,-0.082505760076932,0.0261723332707423,0.0692607086724418,False,STABLE
Panther_parking_Stanley,0.0,0.3991087963608075,-0.2765673821507165,0.0059516809870436,0.0376492836974474,False,STABLE
Panther_retail_Felix,0.0,0.3804365259269873,0.08164902201788496,0.031255425134632,0.0051504825868051,False,STABLE
Panther_retail_Kristina,0.0,0.04678322534498415,0.31292662672125493,0.0465549785975281,0.0317881722560908,False,STABLE
Panther_retail_Lester,0.0,0.33456743327264615,0.2770624659393801,0.104799328996906,0.9759067844531998,True,TRUE_DRIFT
Panther_retail_Rachel,0.0,0.17651135618574473,0.41026281817772975,0.059941944124309,0.0094815784907598,False,STABLE
Panther_retail_Romeo,0.0,-0.6465046670933992,0.06819525758988611,0.1366319233053161,0.0857381656674935,False,STABLE
Peacock_assembly_Dena,0.001,0.17293281554882012,0.5018701859852074,0.0365022691670899,0.0212448811012164,False,STABLE
Peacock_assembly_Mamie,1.0,,,0.3969613667860877,0.2072808618597997,True,UNKNOWN_2016
Peacock_assembly_Russ,0.001,0.371273139396439,0.1789470538890945,0.0926140337834972,0.0104904741402594,False,STABLE
Peacock_assembly_Socorro,0.001,0.08472426738861014,0.10870281300734323,0.1034815196787333,0.1026184931088527,False,STABLE
Peacock_education_Anita,0.001,0.46102341213331977,0.5407466036690877,0.0772952714164747,0.2356886457115451,True,RECURRING_SEASONAL
Peacock_education_Bianca,1.0,,,0.2329484671898754,0.0092337426429332,True,UNKNOWN_2016
Peacock_education_Dustin,0.001,0.6297399674668369,0.11718435008945415,0.0986517200727093,0.0335392659975171,False,STABLE
Peacock_education_Forest,0.001,0.04552075665444267,0.019284412755403605,0.081545191068545,0.019926861744848,False,STABLE
Peacock_education_Gilberto,0.001,0.3980533932769168,0.014357819094936905,0.0807574972122837,0.0228653614999692,False,STABLE
Peacock_education_Joshua,0.007,-0.04432148936586364,0.054992039562399606,0.0644727878285016,0.0183772544760516,False,STABLE
Peacock_education_Karl,1.0,,,0.1915841124398116,0.1426655965087922,True,UNKNOWN_2016
Peacock_education_Karyn,0.0,-0.40276790043611654,0.646757266554389,0.0365706859036244,0.0286562661701001,False,STABLE
Peacock_education_Lucie,1.0,,,0.1981437433940817,0.0807623686601842,True,UNKNOWN_2016
Peacock_education_Lyle,0.001,0.7647276669001051,0.37873202261144434,0.058677077913928,0.0809070336749343,False,STABLE
Peacock_education_Ophelia,0.001,0.4813786799933858,0.3962144405644456,0.0959137882789324,0.0044081211188349,False,STABLE
Peacock_education_Pasquale,0.003,0.46477666209420815,0.20791116400122028,0.3505683924560024,0.0018290217840306,True,TRUE_DRIFT
Peacock_education_Patience,0.001,0.35862571885301087,0.34185866357763084,0.1060394823144296,0.0789155661318128,False,STABLE
Peacock_education_Robbie,0.0,0.3898535315591609,0.16317734988428542,0.1853198747358289,0.0659271114945254,True,TRUE_DRIFT
Peacock_education_Shelly,0.015,0.6802929793213923,0.409029066273247,0.1321249865110692,0.0043075581612775,False,STABLE
Peacock_education_Weldon,1.0,,,0.0995638889122598,0.0061965222959668,False,STABLE
Peacock_education_Yolanda,0.0,0.6383399628082087,0.2191169136412956,0.0170372769164549,0.0582417950862061,False,STABLE
Peacock_lodging_Chloe,0.001,0.7501841353840834,0.7017624620699081,0.127070949115687,0.2721099954237038,True,RECURRING_SEASONAL
Peacock_lodging_Francesca,0.001,0.48498796476053657,-0.14125879508875763,0.1864715834782917,0.3399439667717315,True,TRUE_DRIFT
Peacock_lodging_Jamaal,0.001,0.8491353325014586,0.7432834800947391,0.1339863820328859,0.1598277081827108,False,STABLE
Peacock_lodging_James,0.008,0.4655898405769172,0.8656278910748278,0.0616875886284825,0.0731044891947755,False,STABLE
Peacock_lodging_Lou,0.0,0.4769685650055106,0.6183408936428276,0.0992888503926959,0.0760451575089512,False,STABLE
Peacock_lodging_Mathew,0.001,0.8897277628259528,0.7829853234962657,0.2381282811198176,0.1445173287400029,True,RECURRING_SEASONAL
Peacock_lodging_Matthew,0.001,0.7612853259344052,0.8803595558270579,0.1619058887504228,0.1263835637998278,True,RECURRING_SEASONAL
Peacock_lodging_Nova,0.001,0.8109336560130719,0.6143585789921195,0.2292091943778326,0.1581429182615161,True,RECURRING_SEASONAL
Peacock_lodging_Sergio,0.001,0.8765128961958545,0.39273276331549184,0.138270048612526,0.1154420427906352,False,STABLE
Peacock_lodging_Terrie,0.001,0.5444400101379693,0.5659240422799766,0.1981814464513749,0.222144323590761,True,RECURRING_SEASONAL
Peacock_lodging_Wes,0.001,0.7014085229308198,0.5161672531111988,0.0472807166185799,0.1164848563757006,False,STABLE
Peacock_office_Annie,0.001,0.5741247334064831,0.41209292351315174,0.0334821393990073,0.0573826226259956,False,STABLE
Peacock_office_Burl,0.001,0.7363878918191538,0.1064717389835234,0.1534234450513113,0.1804435276940309,True,RECURRING_SEASONAL
Peacock_office_Dara,0.001,0.7830623215089966,0.4258085007211551,0.1211157361056647,0.0395971162815212,False,STABLE
Peacock_office_Effie,0.001,0.4311634167631794,0.36445782855093756,0.0929832365549632,0.0165070480667076,False,STABLE
Peacock_office_Elton,0.003,0.5087496035993068,0.40852641181154814,0.1724390564562334,0.0610357126171609,True,RECURRING_SEASONAL
Peacock_office_Glenn,1.0,,,0.0721432804813184,0.0477220785732498,False,STABLE
Peacock_office_Jonathon,1.0,,,0.0240518773438943,0.0074405329369551,False,STABLE
Peacock_office_Julian,0.001,0.7033160349025727,0.2395347336649937,0.0440663730090322,0.0833317815946146,False,STABLE
Peacock_office_Major,0.025,-0.27116620539224473,0.11738019683092134,0.1081511138542007,0.0031874689500094,False,STABLE
Peacock_office_Naomi,1.0,,,0.0653673616454698,0.0142289765601607,False,STABLE
Peacock_office_Norman,0.002,0.5851129513303944,0.20251484919218865,0.0914288859175095,0.0377073865457199,False,STABLE
Peacock_public_Kelvin,0.001,0.7641572186683256,0.2905472602583253,0.0586189480732056,0.0798777706450089,False,STABLE
Rat_assembly_Adolfo,0.0,0.5083862074882001,0.2102927696341581,0.1149022300977864,0.0450708130280719,False,STABLE
Rat_assembly_Aisha,0.003,0.5318378258192669,-0.11338720290035084,0.1661093165394147,0.3282072739482473,True,RECURRING_SEASONAL
Rat_assembly_Alex,0.0,0.4404569335545578,0.008640167971093954,0.1894252524811891,0.7382327036118986,True,TRUE_DRIFT
Rat_assembly_Archie,0.0,0.4336675139398589,0.8065987462151117,0.2490001671607387,0.4017404181738553,True,RECURRING_SEASONAL
Rat_assembly_Aubrey,0.0,0.6593995226458363,0.07605520919807374,0.4038535322778221,0.0899736742157565,True,RECURRING_SEASONAL
Rat_assembly_Cristina,0.0,0.6361724791995133,-0.16672580955183539,0.0822447450063632,0.3561836238176961,True,RECURRING_SEASONAL
Rat_assembly_Damaris,0.0,0.37547585383440596,-0.09923763164255689,0.0199169381897955,0.0051948596510093,False,STABLE
Rat_assembly_Deandre,0.0,0.8134275371212214,0.7389459804617108,0.1151430570794042,0.0249485321550579,False,STABLE
Rat_assembly_Donny,0.003,0.33107066999011114,0.4172411679496431,0.0861395367342247,0.1069027091120791,False,STABLE
Rat_assembly_Dovie,0.0,0.8452097803518316,0.6388647761977929,0.1845082160076044,0.2215151088040725,True,RECURRING_SEASONAL
Rat_assembly_Erwin,0.0,0.782710597430347,0.3524998709427469,0.0406852486142752,0.5516349044466727,True,RECURRING_SEASONAL
Rat_assembly_Ezequiel,0.0,0.7601630229093559,0.3347751626187219,0.1215684793336228,0.4624120284237485,True,RECURRING_SEASONAL
Rat_assembly_Francine,0.003,0.5446468793575698,0.24980839926172832,0.0728772792904174,0.0206978710830992,False,STABLE
Rat_assembly_Frieda,0.003,0.7954944781255965,0.1336505224381203,0.3516304892991994,0.054082378804746,True,RECURRING_SEASONAL
Rat_assembly_Gwen,0.003,-0.4784975940572131,0.6698212826081349,0.2114393768119937,0.3154242759452312,True,RECURRING_SEASONAL
Rat_assembly_Horace,0.0,0.616149909891972,0.5025965161850622,0.0056676904522916,0.1469269101268266,False,STABLE
Rat_assembly_Ida,0.003,0.36987899489633097,0.24250024586107843,0.4902131223879073,0.1676304835894812,True,TRUE_DRIFT
Rat_assembly_Jamie,0.003,0.5902824319908309,0.7322051674034048,0.0644127614067382,0.1976030595153078,True,RECURRING_SEASONAL
Rat_assembly_Jannie,0.0,0.31007811338850305,0.13810892877852082,0.1102987710666647,1.4069471453346611,True,TRUE_DRIFT
Rat_assembly_Jennie,0.0,0.2709248045850634,0.10893035176799672,0.2179390739893657,0.8712163986026664,True,TRUE_DRIFT
Rat_assembly_Kaitlyn,0.0,0.8573769465202276,0.39218995964919673,0.0536187691770816,0.1211769066106697,False,STABLE
Rat_assembly_Kelley,0.0,0.41019558523676963,0.09384825226243733,0.2013410206184883,0.1560531168696958,True,TRUE_DRIFT
Rat_assembly_Kenya,0.0,0.605234641995843,0.5670984796059967,0.1148254559655493,0.0031424496852379,False,STABLE
Rat_assembly_Kimberley,0.0,0.8262628918082486,-0.00023211163426487287,0.0841754437961144,0.1313903085135543,False,STABLE
Rat_assembly_Kristine,0.023,0.6987569598888957,0.4794527333688194,0.2604231365849513,0.0168128494704973,True,RECURRING_SEASONAL
Rat_assembly_Kristy,0.0,-0.07030862507757868,-0.2534693546535562,0.3523579885264434,0.0272029115350571,True,TRUE_DRIFT
Rat_assembly_Lillie,0.0,0.5343047553967984,0.9033288935657801,0.0304375878742194,0.0748918011636142,False,STABLE
Rat_assembly_Michel,0.0,0.9703988734336485,0.6219102326743265,0.0389124238588314,0.121769399570999,False,STABLE
Rat_assembly_Mirta,0.0,0.7316594967656181,0.30518398648495304,0.2492865233674471,0.1944826258459908,True,RECURRING_SEASONAL
Rat_assembly_Monica,0.003,-0.05344923593417454,0.5896516290961827,0.0672323623336806,0.0328290702863308,False,STABLE
Rat_assembly_Pauline,0.003,0.8764761516237324,0.5250502975969158,0.7115066672403034,0.3073215406079098,True,RECURRING_SEASONAL
Rat_assembly_Rolland,0.0,-0.11964957812194188,0.1218945412400398,0.1128065550098514,0.145534805431498,False,STABLE
Rat_assembly_Rosemarie,0.003,0.8132295027249681,0.152578223802415,0.3790112154044888,0.0501562248667031,True,RECURRING_SEASONAL
Rat_assembly_Ruth,0.003,0.6595791698222538,-0.1709681572733211,0.1469030259612479,0.4941289005363778,True,RECURRING_SEASONAL
Rat_assembly_Silvia,0.003,0.7972542362037269,0.8160874407848931,0.2092175606804119,0.0547418979442509,True,RECURRING_SEASONAL
Rat_assembly_Suzanne,0.0,0.7364660137890101,-0.16020175656886568,0.0213901769348641,0.1943143437015642,True,RECURRING_SEASONAL
Rat_assembly_Teddy,0.0,0.729769770247196,-0.03201190885340751,0.0924915109620949,0.1141734701313425,False,STABLE
Rat_assembly_Teodoro,0.0,0.902662517201142,0.40093838485036737,0.0261201740775673,0.0933082699658245,False,STABLE
Rat_assembly_Trent,0.0,0.3522511395698052,0.41290623994493186,0.2182675712509994,0.0213404360080375,True,TRUE_DRIFT
Rat_assembly_Trudy,0.0,0.43830513957238554,0.3990465916704718,0.2341732883133088,0.2413718416506148,True,TRUE_DRIFT
Rat_assembly_Victorina,0.0,0.8606049966101612,0.24247444465256338,0.1467312998194976,0.3205625523325697,True,RECURRING_SEASONAL
Rat_assembly_Viola,0.0,0.8529172618112492,0.10596950009519196,0.0949329546092145,0.1873132352125514,True,RECURRING_SEASONAL
Rat_education_Adell,0.003,0.33911921025504144,0.14385810096235838,0.048098515444055,0.0077350308963037,False,STABLE
Rat_education_Adrian,0.003,0.8830560467889094,0.3261310212870943,0.1320919247595007,0.2488387521828164,True,RECURRING_SEASONAL
Rat_education_Alfonso,0.0,-0.2917864178939678,-0.08886439980462199,0.1805849055665442,0.6871080935027691,True,TRUE_DRIFT
Rat_education_Alfred,0.014,0.396629615989849,-0.05928443528204344,0.3398598967594932,0.6873595232520986,True,TRUE_DRIFT
Rat_education_Barbara,0.003,0.9068107291972677,0.4271905362348029,0.0501123942579422,0.0315281858984868,False,STABLE
Rat_education_Barney,0.003,0.6460450637578814,0.6075180646088372,0.2460411715910193,0.1451918978965088,True,RECURRING_SEASONAL
Rat_education_Beverly,0.0,-0.22780792918491458,0.12196252770469812,0.1419466916564884,0.3927171185462789,True,TRUE_DRIFT
Rat_education_Brett,0.0,-0.24575906521705732,-0.1286560000836625,0.8028943633025292,0.5611475618460781,True,TRUE_DRIFT
Rat_education_Bryant,0.003,0.5784624199371304,0.594076214412114,0.057326723120279,0.066380142254257,False,STABLE
Rat_education_Calvin,0.0,0.3351989741317718,-0.24192741943969429,0.1291169007815062,0.1675720563596172,True,TRUE_DRIFT
Rat_education_Candida,0.0,0.33008001011583266,0.20832843806306828,0.0367717986137301,0.1064846984465756,False,STABLE
Rat_education_Carmela,0.003,0.4411830460778808,0.20597407889216077,0.0977413435784763,0.0478120667012372,False,STABLE
Rat_education_Cecil,0.003,0.7853405504353981,0.07558174841128952,0.0440898735402005,0.4097164832460699,True,RECURRING_SEASONAL
Rat_education_Cedric,0.0,0.5020172133988434,0.35982049336323485,0.0813450484219203,0.0401718795877201,False,STABLE
Rat_education_Colin,0.0,0.43984865137236767,-0.22018340970279243,0.4361255370040892,0.3705187368950736,True,TRUE_DRIFT
Rat_education_Conrad,0.093,0.8492828795730639,0.17494803369534992,0.2534074767420782,0.4621961933449101,True,RECURRING_SEASONAL
Rat_education_Dana,0.0,0.8081705542963374,0.06483682850112173,0.2625388258676621,0.0808729492115107,True,RECURRING_SEASONAL
Rat_education_Dann,0.003,0.8385383630403622,0.05097817092499298,0.0383690447761579,0.1894425164643663,True,RECURRING_SEASONAL
Rat_education_Davis,0.003,0.826401264854543,-0.13914821226154284,0.3575626284299236,0.0147253489331854,True,RECURRING_SEASONAL
Rat_education_Deanna,0.0,0.7293135187232993,-0.17678460230998302,0.1583508333488477,0.0978094742278681,True,RECURRING_SEASONAL
Rat_education_Debra,0.003,0.6983702218140656,0.22696536512746834,0.4484747827180441,0.0125100831612375,True,RECURRING_SEASONAL
Rat_education_Dreama,0.0,0.008087384238326006,0.1323171720741274,0.155684935810947,0.2009011906910192,True,TRUE_DRIFT
Rat_education_Earl,0.003,0.7608949976339059,0.30630189883619174,0.1150608241905317,0.2304862177659518,True,RECURRING_SEASONAL
Rat_education_Earnest,0.003,0.7368479524878048,0.11873573699992282,0.170383984111316,0.0473733233477608,True,RECURRING_SEASONAL
Rat_education_Elisa,0.0,0.5757943385263371,0.6931204986550284,0.0402839129021165,0.0432157065057253,False,STABLE
Rat_education_Elsie,0.0,0.1933670105978089,-0.005022274767216646,0.0404408997579033,0.0120457373281925,False,STABLE
Rat_education_Esther,0.003,0.030196752563302336,0.3368108317350499,0.0723698304593907,0.0533798445062196,False,STABLE
Rat_education_Everett,0.003,0.4401465096828138,0.007473757021939658,0.1180987976123255,0.0392522538550887,False,STABLE
Rat_education_Fernando,0.003,0.7677383958572842,0.16160676687091519,0.1483780516589852,0.2415656976624897,True,RECURRING_SEASONAL
Rat_education_Francisca,0.0,0.07569822087799477,-0.15235160866500905,0.3883146835508001,0.6761061588666827,True,TRUE_DRIFT
Rat_education_Gricelda,0.47,0.38571947628830106,0.20341588474505026,0.0871759258604841,0.0528876140345132,False,STABLE
Rat_education_Guillermo,0.0,0.4459944778264667,0.07227174520089535,0.074216273398164,0.0921895416913237,False,STABLE
Rat_education_Humberto,0.014,-0.1516148205897938,0.2650349587803556,0.7224226359815679,1.0288163018307446,True,TRUE_DRIFT
Rat_education_Irma,0.001,0.6713034197007148,0.2360378753568937,0.1483858940402337,0.1306474062996184,False,STABLE
Rat_education_Jacob,0.003,0.543979697754846,0.5937298449779432,0.1382213574905593,0.0354979194628619,False,STABLE
Rat_education_Jame,0.004,0.24380204514261566,0.256317959489379,0.1053360909595743,0.0167443822503377,False,STABLE
Rat_education_Jeanne,0.945,,,0.1872311858566998,0.1070497827141948,True,UNKNOWN_2016
Rat_education_Jena,0.0,0.6080643776932149,0.10337735303640593,0.0977022953891481,0.0367062507458674,False,STABLE
Rat_education_Jesse,0.0,0.2834787099163253,-0.3334630258506262,0.6310015108861946,0.2406845193615588,True,TRUE_DRIFT
Rat_education_Kandice,0.0,0.11704061829962434,0.1399990840988891,0.188815762500478,0.3195647890822071,True,TRUE_DRIFT
Rat_education_Kathryn,0.0,-0.033214028342571617,-0.0954487200818913,0.1086984441123209,0.0072156841182674,False,STABLE
Rat_education_Keith,0.0,0.41425986223260186,0.03800523883497655,0.0982142377551363,0.0366923110380686,False,STABLE
Rat_education_Kelsey,0.0,0.44609778220528074,-0.1412765030976881,0.3331510999854501,0.0752300409802637,True,TRUE_DRIFT
Rat_education_Lee,0.0,0.6577538558030502,0.6682358485345841,0.2547496909605788,0.1134124625340162,True,RECURRING_SEASONAL
Rat_education_Leonardo,0.003,-0.07302460063438973,-0.007852011784489351,0.2871278695052235,0.2677047957651646,True,TRUE_DRIFT
Rat_education_Lincoln,0.003,0.5889430520141589,-0.2196351120461907,0.2487802954210568,0.1700810458144052,True,RECURRING_SEASONAL
Rat_education_Liz,0.0,0.24926582535877273,0.12857201082267364,0.0720614457379508,0.150952991570939,False,STABLE
Rat_education_Lonnie,0.003,0.7485391271151315,0.587977889509987,0.074252021438767,0.1945819416456727,True,RECURRING_SEASONAL
Rat_education_Lynn,0.003,0.3258804824471826,0.2284662537345614,0.2384498562877426,0.0136282095971527,True,TRUE_DRIFT
Rat_education_Marcos,0.006,-0.11862596802226279,0.4504889928058808,0.2506016003490099,0.589592762654556,True,TRUE_DRIFT
Rat_education_Marianna,0.006,0.718057114373878,0.4093353225752547,0.0879775716994649,0.1158119057843267,False,STABLE
Rat_education_Maricela,0.0,0.6628531064977763,0.4809450508417537,0.0481802539631346,0.3244718043431342,True,RECURRING_SEASONAL
Rat_education_Marvin,0.0,0.5791234472462433,0.07926085843470933,0.2523944215190781,0.2014777393905879,True,RECURRING_SEASONAL
Rat_education_Meghan,0.0,0.8019111630151362,0.607860276780961,0.1215544621975626,0.233574225813284,True,RECURRING_SEASONAL
Rat_education_Milagros,0.003,0.7188372270696652,0.06188449647779812,0.1209558507113354,0.2153104961796706,True,RECURRING_SEASONAL
Rat_education_Mona,0.0,0.41828068054363116,0.10237731647558637,0.0374556959692781,0.0057531120462775,False,STABLE
Rat_education_Morton,0.003,0.48886305138306657,0.13280959200890632,0.4537196382333047,0.0279433732085091,True,TRUE_DRIFT
Rat_education_Mose,0.0,0.6229175336915195,0.40453463663974215,0.1702796922848107,0.0922842229504221,True,RECURRING_SEASONAL
Rat_education_Nellie,0.0,0.6878649243802266,0.1575026968157701,0.080588729418047,0.0844977044489059,False,STABLE
Rat_education_Nona,0.0,0.3308006033072131,0.39922265685513647,0.3192170410189887,0.4815219000300929,True,TRUE_DRIFT
Rat_education_Nydia,0.001,0.2334013395954802,0.3356700464119686,0.1744916753733547,0.0865959571672229,True,TRUE_DRIFT
Rat_education_Pat,0.006,-0.03474711913268115,0.2863504999916943,0.9711547684985165,0.9275343498721365,True,TRUE_DRIFT
Rat_education_Patty,0.0,-0.061959999320704236,0.15058771820045208,0.211203652260509,0.5351105085913046,True,TRUE_DRIFT
Rat_education_Paula,0.003,0.32305372697251344,0.18872470306407715,0.1295016094617814,0.0209429237206154,False,STABLE
Rat_education_Renee,0.0,0.3856030755514618,0.044752078350589475,0.4943278894948431,0.253651700752921,True,TRUE_DRIFT
Rat_education_Robyn,0.0,0.7181184254216816,0.1971916026846612,0.1101987716244439,0.3133916080400872,True,RECURRING_SEASONAL
Rat_education_Rogelio,0.017,0.5666733942146305,0.6524178405749647,0.0230851334904186,0.0552511165050685,False,STABLE
Rat_education_Rosalyn,0.0,0.35975094380006417,0.21367705495823375,0.0518698182183799,0.0314232094955104,False,STABLE
Rat_education_Royal,0.003,0.8199342599392528,0.17237297797314124,0.22544816979746,0.1215062502327219,True,RECURRING_SEASONAL
Rat_education_Salvatore,0.0,0.602693561842272,0.3190061269474908,0.2363911069486537,0.214329862077986,True,RECURRING_SEASONAL
Rat_education_Shellie,0.003,0.8488304134486997,-0.2289006694513784,0.2252334207176693,0.3016782963249395,True,RECURRING_SEASONAL
Rat_education_Sherwood,0.003,0.7588183918185212,0.015413812234895161,0.0725169791211975,0.1092884018068668,False,STABLE
Rat_education_Sina,0.003,0.5213950042658062,0.3114742324441778,0.1379661472047738,0.2802616353780246,True,RECURRING_SEASONAL
Rat_education_Stuart,0.0,0.4527659089444054,0.5409530702744842,0.1010361006142342,0.0050661478491252,False,STABLE
Rat_education_Tania,0.0,0.016659683166896287,0.19398281350645605,0.1161248500105488,0.0053829436755772,False,STABLE
Rat_education_Terese,0.002,0.7918194089831313,0.4765717599241532,0.0302323558942557,0.1791433201771905,True,RECURRING_SEASONAL
Rat_education_Theo,0.0,0.3950876011521721,0.336607051847865,0.1827469931454188,0.486128855878534,True,TRUE_DRIFT
Rat_education_Tim,0.0,0.7203505535825737,-0.04213359052442699,0.2265720274819604,0.1568249234671285,True,RECURRING_SEASONAL
Rat_education_Tristan,0.0,0.6630460664500689,0.20785818394567857,0.1698956568294006,0.2486098252233459,True,RECURRING_SEASONAL
Rat_education_Ulrike,0.0,0.4673495206933289,0.2737769288832691,0.1911964372791651,0.0292559242677852,True,TRUE_DRIFT
Rat_education_Verna,0.003,0.6300643975439084,0.20159444534026888,0.0646455596005108,0.1320271915561393,False,STABLE
Rat_education_Vicky,0.028,0.3783362868320365,-0.2896353392295467,0.2837278458243311,0.2313626951272448,True,TRUE_DRIFT
Rat_education_Willie,0.003,0.8219243119153448,0.08310694114432625,0.1969457406690636,0.0987554033323828,True,RECURRING_SEASONAL
Rat_education_Willy,0.227,0.016622588683100504,0.09868466573637973,0.06098825192665,0.5047962002488815,True,TRUE_DRIFT
Rat_education_Wilmer,0.003,0.48271169269780717,0.5137073046202966,0.113427009035844,0.0270319120557911,False,STABLE
Rat_education_Winnie,0.003,0.13555610837340615,0.01493898572687182,0.264288616716148,0.2580939002796868,True,TRUE_DRIFT
Rat_education_Yu,0.041,0.1742386416118629,0.58349419310962,0.0277445272270069,0.0884473665793347,False,STABLE
Rat_education_Zina,0.003,0.6474244467311568,0.24145246733315345,0.064609085976437,0.0891970451125487,False,STABLE
Rat_education_Zoe,0.0,-0.06125379564025848,0.32039819314027806,0.2373412370920422,0.0212949742872167,True,TRUE_DRIFT
Rat_health_Gaye,0.0,0.7618029094434947,0.5120141743219958,0.1351422685986449,0.0633491663815891,False,STABLE
Rat_health_Guy,0.0,0.35020477365828395,0.2634801714251903,0.1199965888939805,0.112289101135866,False,STABLE
Rat_health_Mildred,0.003,0.2858549667482372,0.5627166924927338,0.144181770528029,0.0001732660862453,False,STABLE
Rat_health_Rosaria,0.003,0.6448858083290216,0.7627774541183641,0.0507845444673598,0.0240375144023919,False,STABLE
Rat_health_Shane,0.003,0.7023963970243308,-0.048693069954438985,0.0722936606001154,0.0354021350018095,False,STABLE
Rat_health_Tanya,0.0,0.36879442917561456,0.5435587327997157,0.3819825925250993,0.0253657811379776,True,RECURRING_SEASONAL
Rat_lodging_Ardell,0.0,0.7567088689556501,0.3537735567854958,0.4075913627058698,0.0911874258804193,True,RECURRING_SEASONAL
Rat_lodging_Ben,0.003,0.899873082512026,0.2481971585500819,0.1092638531258953,0.1660529351227857,True,RECURRING_SEASONAL
Rat_lodging_Christine,0.0,0.8815719602368672,0.5279522625126811,0.2868233221229143,0.0993462470518281,True,RECURRING_SEASONAL
Rat_lodging_Dwight,0.0,0.6128156763925948,0.5316838657698433,0.1640778547431235,0.0691706152007824,True,RECURRING_SEASONAL
Rat_lodging_Jeannette,0.0,0.4193015257166563,-0.19999055062076487,0.3276377608012178,0.0601887240995192,True,TRUE_DRIFT
Rat_lodging_Lorenzo,0.003,0.8101950650222621,0.013659522904541055,0.3135651449490474,0.2010006547481047,True,RECURRING_SEASONAL
Rat_lodging_Marguerite,0.009,0.4930612080757581,0.719314076412785,0.117004049901933,0.1386434673314505,False,STABLE
Rat_lodging_Marion,0.006,0.6443523969045991,0.6220302369971449,0.0786921959531313,0.2018325288001669,True,RECURRING_SEASONAL
Rat_lodging_Ted,0.003,0.6401223436498723,0.313059558685458,0.2162249336110029,0.1787494701296203,True,RECURRING_SEASONAL
Rat_office_Adele,0.0,-0.20022656096461366,0.04633458041988182,0.1032342021149083,0.2165192959837049,True,TRUE_DRIFT
Rat_office_Annis,0.0,0.8707996005955724,-0.2235412383017265,0.031973133306818,0.2023686407129739,True,RECURRING_SEASONAL
Rat_office_Arron,0.0,0.8160182090836766,0.12085838766816465,0.1451115684302776,0.0826286150994652,False,STABLE
Rat_office_Avis,0.0,0.5991675032653369,0.3787125300185038,0.4635158479597552,0.1665117739878382,True,RECURRING_SEASONAL
Rat_office_Chris,0.148,0.7369049112658986,0.18181250618651837,0.2069601253183579,0.3041042468440362,True,RECURRING_SEASONAL
Rat_office_Colby,0.0,0.09213238072256907,0.20191998833474492,0.0606079655749253,0.0333136641496607,False,STABLE
Rat_office_Craig,0.006,0.7558989806650762,0.22012218417765442,0.1581846807297614,0.0929538373661863,True,RECURRING_SEASONAL
Rat_office_Jacinta,0.003,0.8011879034736364,0.33624978274608325,0.2146436766381395,0.1875004321514684,True,RECURRING_SEASONAL
Rat_office_Jamal,0.0,0.36037483099015294,0.2854815308503725,0.0608391154654586,0.5282586689170305,True,TRUE_DRIFT
Rat_office_Jeannie,0.0,0.5921149220092713,0.04881913696525631,0.3327965938403756,0.2763516953587829,True,RECURRING_SEASONAL
Rat_office_Jessica,0.003,-0.28948976145913946,0.058991449249804914,0.0063027491822131,0.0436819820373122,False,STABLE
Rat_office_Jill,0.008,0.5302547070404208,0.382832156014852,0.2411101879220819,0.3916120521507719,True,RECURRING_SEASONAL
Rat_office_Kasey,0.0,0.17421930133715788,0.29040756993031086,0.2007483748955566,0.0801125153722551,True,TRUE_DRIFT
Rat_office_Lora,0.0,0.25191115586427454,0.02672875653911368,0.2332775384653215,0.0817899721951143,True,TRUE_DRIFT
Rat_office_Loyd,0.0,0.34720381919766485,0.38853805985433254,0.1593834934279575,0.090997429054727,True,TRUE_DRIFT
Rat_office_Mei,0.033,0.38272038490632526,0.4005132138993251,0.3607061949717648,0.0993910270733553,True,TRUE_DRIFT
Rat_office_Olivia,0.0,0.7866853907736362,0.5041937117636639,0.1111523367527537,0.1833607219968883,True,RECURRING_SEASONAL
Rat_office_Ramiro,0.003,-0.5303331361752308,0.011560731253981613,0.1320706111003617,0.0152646155425742,False,STABLE
Rat_office_Randy,0.003,0.8368416050860462,0.09368299645430653,0.0929963558800178,0.0858379855636643,False,STABLE
Rat_office_Ronald,0.0,0.4970140200636357,0.5606444301568457,0.0663896883064834,0.063731234451215,False,STABLE
Rat_office_Rosemary,0.0,0.3948552611401626,0.08433114840880822,0.0858522744707765,0.1247467291983383,False,STABLE
Rat_office_Sammy,0.0,0.33303906105833486,-0.023902940322444128,0.7682518388362463,0.0291293380900864,True,TRUE_DRIFT
Rat_office_Tracy,0.0,0.5895888760862311,0.3380114211082088,0.3794089714606325,0.0376696994009332,True,RECURRING_SEASONAL
Rat_other_Al,0.0,0.8354911985608972,0.7317056599271351,0.1102470070323063,0.213440196945363,True,RECURRING_SEASONAL
Rat_other_Daphne,0.004,0.4702623881582219,0.4718333789091448,0.0902994904163332,0.0493749764969689,False,STABLE
Rat_other_Hazel,0.0,0.04881649946278838,0.7021966485142319,0.1315118866519506,0.0164550978014531,False,STABLE
Rat_other_Lan,0.003,0.05869045302166679,0.0023306719730638516,0.1366411138509526,0.0406463997671947,False,STABLE
Rat_parking_Ronnie,0.0,0.4882301386499682,0.5938399891046331,0.1777432429767853,0.0291387355652303,True,RECURRING_SEASONAL
Rat_public_Alanna,0.008,0.6234886523068492,0.0884287798954094,0.3093392978128296,0.1375028472940597,True,RECURRING_SEASONAL
Rat_public_Allie,0.0,0.8899045552210687,0.26320169865494786,0.0225919641421848,0.3111333826480154,True,RECURRING_SEASONAL
Rat_public_Allyson,0.0,0.18606642097097464,0.2494624151068875,0.39479110399172,0.0178096539657106,True,TRUE_DRIFT
Rat_public_Amber,0.0,0.3523713679178181,0.08437961481926926,0.0789915299797034,0.0141506861419439,False,STABLE
Rat_public_Angelina,0.0,0.8840526033116904,0.045839080042324024,0.1547518033713026,0.2852220089443056,True,RECURRING_SEASONAL
Rat_public_Angle,0.735,,,0.2972380671181266,0.0879410010362607,True,UNKNOWN_2016
Rat_public_Becky,0.0,0.7727095365390889,0.4464176393717359,0.0995147205283484,0.1586950134976583,False,STABLE
Rat_public_Berry,0.0,0.9484291961950186,0.036397622097774966,0.0335641857156079,0.0870374969091528,False,STABLE
Rat_public_Bronwyn,0.008,0.5211295893165351,-0.017388002998810544,0.0271181233139704,0.0730750622603674,False,STABLE
Rat_public_Carole,0.005,0.7904003708874414,0.38103695815753175,0.4567093049395738,0.1020172437286174,True,RECURRING_SEASONAL
Rat_public_Caroline,0.0,0.7586695873479137,-0.008370956906199826,0.3444151864710247,0.1337275995507563,True,RECURRING_SEASONAL
Rat_public_Chrissy,0.039,0.7494116215178968,0.35245142600825285,0.031228617347464,0.1417868350273727,False,STABLE
Rat_public_Clyde,0.002,0.6950864678408163,0.1682241785311671,0.0475774056904295,0.0523639587898535,False,STABLE
Rat_public_Corinne,0.0,0.8520913196755228,0.16140220507000413,0.0508869284821728,0.2858308712073871,True,RECURRING_SEASONAL
Rat_public_Courtney,0.003,0.8542581992718925,0.18236312488855042,0.1110368568723539,0.2742686470822454,True,RECURRING_SEASONAL
Rat_public_Dalia,0.003,0.8061890320362088,0.34004726866434026,0.1706898402216209,0.0768693561526765,True,RECURRING_SEASONAL
Rat_public_Damon,0.003,0.9040763204824913,0.155464868303765,0.1787379975415129,0.2356493028662141,True,RECURRING_SEASONAL
Rat_public_Deidre,0.0,0.626571760032852,0.5995149362008678,0.2731203811231998,0.1877065564300599,True,RECURRING_SEASONAL
Rat_public_Desiree,0.0,0.734575392973624,0.5500006077769268,0.4646023395623345,0.0998629572793139,True,RECURRING_SEASONAL
Rat_public_Dexter,0.003,0.6058982803551152,0.5506452985342413,0.2909257219732872,0.0983585562249041,True,RECURRING_SEASONAL
Rat_public_Duane,0.0,0.6225679585428006,0.15659793496657395,0.164496398533087,0.2106072594533795,True,RECURRING_SEASONAL
Rat_public_Elmira,0.404,0.7770610140822719,0.07545310393731931,0.3155157221104214,0.1607468662189288,True,RECURRING_SEASONAL
Rat_public_Emilee,0.0,0.7779497891302267,0.0023767239126075545,0.0508415283873771,0.1296567780955245,False,STABLE
Rat_public_Faye,0.003,0.5443434495096868,0.03536638347889021,0.6074221524726895,0.0512813708063775,True,RECURRING_SEASONAL
Rat_public_Fern,0.0,0.8604884363293839,-0.18136646604765194,0.3249601220046055,0.1638934947418426,True,RECURRING_SEASONAL
Rat_public_Frank,0.003,-0.3629880857396548,0.07962700642348321,0.6811805185485216,0.6253066104010789,True,TRUE_DRIFT
Rat_public_Frederick,0.003,0.8463776594475376,0.2644437435596068,0.2115279851430037,0.215179934910663,True,RECURRING_SEASONAL
Rat_public_Fredrick,0.0,-0.14680568922569545,-0.05500897194558354,0.7795317140898408,0.426758751523701,True,TRUE_DRIFT
Rat_public_Grover,0.0,0.7835112271533915,-0.0002547330336528518,0.0887525555100222,0.1559156505121338,False,STABLE
Rat_public_Helena,0.0,0.2899711970224077,0.8418776918628494,0.2182725756738514,0.0708937297328949,True,RECURRING_SEASONAL
Rat_public_Hortencia,0.0,0.5895601398040791,0.428135502416306,0.0176569160354492,0.0064227920673976,False,STABLE
Rat_public_Isabel,0.0,0.654139415052909,-0.26737852449849336,0.1995191190320787,0.0400035925691048,True,RECURRING_SEASONAL
Rat_public_Jason,0.0,0.4948593481431444,0.0665929651839334,0.3689818134504982,0.0860073178575479,True,TRUE_DRIFT
Rat_public_Joann,0.0,0.8133510925611138,0.5694150678305122,0.082452511871302,0.1484986588939637,False,STABLE
Rat_public_Johnna,0.0,0.6690390110827554,0.13672183279038003,0.5787035251152927,1.292957537039212,True,RECURRING_SEASONAL
Rat_public_Johnny,0.0,0.8009888498872052,-0.1470566162705159,0.2011894029357239,0.2241377540946963,True,RECURRING_SEASONAL
Rat_public_Josiah,0.0,0.7168708053958798,0.3060947759851499,0.6024700409423044,0.0552454234695154,True,RECURRING_SEASONAL
Rat_public_Julieann,0.0,0.9213921383986293,0.8734673985780045,0.0034398497310891,0.0439229803515101,False,STABLE
Rat_public_Kathleen,0.008,0.5372887026970227,0.0860855717034321,0.109356776149552,0.0492501893063397,False,STABLE
Rat_public_Kelle,0.0,-0.5845255599530012,-0.00859303578216081,0.0841401572567281,0.0962517567717028,False,STABLE
Rat_public_Kelly,0.003,0.7804606866128654,0.28682261417994237,0.2152103816778489,0.1246351808592718,True,RECURRING_SEASONAL
Rat_public_Kermit,0.0,-0.7363751996248692,0.04986040725388562,0.1338781505724856,0.2732135140848357,True,TRUE_DRIFT
Rat_public_Kimber,0.0,0.43483505807366357,0.0734058888345309,0.2132070880691409,0.0706816867827543,True,TRUE_DRIFT
Rat_public_Laura,0.014,0.5860998286638843,0.19604994918474952,0.1397412628745179,0.0958704075946394,False,STABLE
Rat_public_Laurie,0.005,0.5889258043820533,0.2541287103735042,0.5361605530780634,0.1055864666907105,True,RECURRING_SEASONAL
Rat_public_Laverne,0.0,0.8266502564416013,0.39221639482871423,0.2807349552309213,0.1041342182557103,True,RECURRING_SEASONAL
Rat_public_Lea,0.03,0.4368359764391672,0.3869493312602066,0.1893435934196461,0.2826252208402688,True,TRUE_DRIFT
Rat_public_Leo,0.0,0.6756640894678771,0.38912705554982363,0.5799078803570876,0.0137686997146014,True,RECURRING_SEASONAL
Rat_public_Leta,0.0,0.8184066852412002,0.5261392098204096,0.4512911936572216,0.1252920388924676,True,RECURRING_SEASONAL
Rat_public_Lloyd,0.003,0.8609898184930194,-0.009831991922055566,0.0761198834183893,0.2624913498845366,True,RECURRING_SEASONAL
Rat_public_Loretta,0.0,0.039029946014264204,-0.1034431653193911,0.3837267411965323,0.4912386368713388,True,TRUE_DRIFT
Rat_public_Lynda,0.0,0.6576351367485922,0.2844818941088493,0.1250794053143722,0.1089515068755549,False,STABLE
Rat_public_Mabel,0.003,0.8835474555330759,0.3266314736352937,0.5129881215845629,0.1680810345436041,True,RECURRING_SEASONAL
Rat_public_Marcellus,0.0,0.8526957911815426,-0.1428605699509512,0.2041294453345563,0.1319969842974898,True,RECURRING_SEASONAL
Rat_public_Margart,0.0,0.7340488514663237,-0.13163860675590264,0.1545396609587129,0.1577372935460536,True,RECURRING_SEASONAL
Rat_public_Mark,0.0,0.07686269158395531,0.4393402901442258,0.2421688112990415,0.3754085867733676,True,TRUE_DRIFT
Rat_public_Michael,0.003,0.8351704499355341,0.08306501514303771,0.1138067060640488,0.1743560300613206,True,RECURRING_SEASONAL
Rat_public_Michelle,0.0,0.3126562882336019,0.40392545378047195,0.0190481683906664,0.0778569948786885,False,STABLE
Rat_public_Muriel,0.01,0.7075310020142188,0.3711957729694121,0.6643685684848241,0.2748962321751256,True,RECURRING_SEASONAL
Rat_public_Nancy,0.0,0.677359496371818,0.31788134389559547,0.2702786381258006,0.1076921550444298,True,RECURRING_SEASONAL
Rat_public_Neil,0.0,0.8048038297858718,0.32099881983774464,0.515362322808085,0.4237160367170506,True,RECURRING_SEASONAL
Rat_public_Nell,0.0,-0.212532501744146,0.03514007762003084,0.5529994989752406,0.4989328645406726,True,TRUE_DRIFT
Rat_public_Nelson,0.003,0.5267140739793051,0.8343961955780653,0.0792657097024621,0.0536308896915623,False,STABLE
Rat_public_Norene,0.146,0.34461568211798493,0.3178095529974653,0.0338674068545672,0.3457035184446029,True,TRUE_DRIFT
Rat_public_Ramon,0.0,0.3785718658468,0.40995318438871875,0.1226300065914877,0.021911933062614,False,STABLE
Rat_public_Ramona,0.0,0.6959982476357822,-0.030491320122027262,0.1961140445706338,0.1505162227249981,True,RECURRING_SEASONAL
Rat_public_Roberta,0.0,0.7994466768147908,-0.009144766281633666,0.2174907722200771,0.1049658039221455,True,RECURRING_SEASONAL
Rat_public_Roma,0.0,0.26920753821171994,0.08299034406410588,0.1334716890511597,0.1324896747678339,False,STABLE
Rat_public_Sade,0.003,0.854096924830171,0.40051427769546366,0.039264069508426,0.1734548929195397,True,RECURRING_SEASONAL
Rat_public_Sana,0.014,-0.319818751636222,0.3829607939108878,0.4787352630664552,1.736355317907751,True,TRUE_DRIFT
Rat_public_Sean,0.0,0.8431081229528714,0.23560850865400332,0.0218350402772656,0.3630794586997793,True,RECURRING_SEASONAL
Rat_public_Shanta,0.003,0.8577145440521685,0.6546094709555843,0.1824874451178467,0.3278612808453998,True,RECURRING_SEASONAL
Rat_public_Sharonda,0.0,0.6067855481702692,0.2774928879267224,0.1093628513141727,0.052481599461321,False,STABLE
Rat_public_Sharron,0.0,0.6911758685976042,-0.020474963911056666,0.3459518139190669,0.0602997952412347,True,RECURRING_SEASONAL
Rat_public_Stacey,0.0,0.8019390670201803,0.177610375904284,0.2903400005390312,0.222406823776086,True,RECURRING_SEASONAL
Rat_public_Stella,0.0,0.4938063246446255,0.2637676255303308,0.27068670025517,0.0142995552101439,True,TRUE_DRIFT
Rat_public_Sue,0.0,0.42427172685394055,0.5083644087627225,0.1730708218251299,0.1656911133951776,True,RECURRING_SEASONAL
Rat_public_Tammara,0.0,0.8223086753866894,0.20823652288135788,0.1867730456457645,0.3411207730416462,True,RECURRING_SEASONAL
Rat_public_Tamra,0.003,0.7393228203627749,0.28262536138280125,0.3544452429735331,0.0334550752014439,True,RECURRING_SEASONAL
Rat_public_Tommy,0.003,0.8379947511226806,0.481875305058045,0.1555096179239919,0.1251350053789229,True,RECURRING_SEASONAL
Rat_public_Toya,0.0,0.3588645238309561,0.47040303437567155,0.6617949045145561,0.0933970870913265,True,TRUE_DRIFT
Rat_public_Tricia,0.0,0.6181056177590777,0.48883812475206595,0.3708633436572045,0.1606376150831458,True,RECURRING_SEASONAL
Rat_public_Vickie,0.0,0.8142759287766699,-0.08841509274149527,0.0735144311783296,0.00954246805629,False,STABLE
Rat_public_Wilbur,0.0,0.40940322598348877,0.20201966518141068,0.1792554244188595,0.0336257255043625,True,TRUE_DRIFT
Rat_public_Wilma,0.0,0.588250423631969,0.04280366966448792,0.1407711223450983,0.0742895171420337,False,STABLE
Rat_public_Yessenia,0.0,0.0007031069642300837,-0.16161606760629701,0.0558676631115053,0.0109390640985405,False,STABLE
Rat_religion_Kathy,0.0,0.602322570095306,0.28303210162241393,0.1555606864088925,0.0830318791932657,True,RECURRING_SEASONAL
Rat_retail_Jeffrey,0.0,0.6037307151984831,-0.16197171867893187,0.5890535334251468,0.001910986562912,True,RECURRING_SEASONAL
Rat_warehouse_Breanna,0.0,0.507776569252376,-0.2819138868743091,0.2510515323261073,0.2079836162672662,True,RECURRING_SEASONAL
Rat_warehouse_Doretta,0.0,0.743394965129412,0.4170358587958514,0.3818363854409142,0.0904861436987045,True,RECURRING_SEASONAL
Rat_warehouse_Eloisa,0.0,0.22661021818431437,0.6806120251342184,0.0512970334771036,0.0899506434165328,False,STABLE
Rat_warehouse_Maegan,0.088,0.6051266411971915,-0.022743340664732353,0.3506084664661514,0.071837941245314,True,RECURRING_SEASONAL
Rat_warehouse_Shari,0.003,0.2839514499232521,0.03674924947835134,0.3223370010880968,0.0482239068839176,True,TRUE_DRIFT
Robin_assembly_Colleen,0.0,0.4695753994761187,0.1966508838383162,0.0189293953413189,0.0142523338043605,False,STABLE
Robin_education_Audrea,0.0,0.3304109169142342,0.04667551323765768,0.5147224286367715,0.0908159025743176,True,TRUE_DRIFT
Robin_education_Billi,0.0,0.40431717681186136,0.1598181928004598,0.0911317021639595,0.0226121245301335,False,STABLE
Robin_education_Cecilia,0.0,0.370364555869646,0.09559935586670537,0.1357314739124111,0.1364598796540192,False,STABLE
Robin_education_Della,0.0,0.46148303429906556,,0.0715005658783629,0.1679091037230932,True,TRUE_DRIFT
Robin_education_Derick,0.0,-0.002013510061708545,-0.18760736719890428,0.3536375937886193,0.1590348887481675,True,TRUE_DRIFT
Robin_education_Derrick,0.0,0.40022261737260667,0.19408222366626227,0.0073283485555507,0.0042775008421574,False,STABLE
Robin_education_Jasper,0.0,0.1646316959419727,0.3011331590845303,0.3291477822689023,0.0169793556426241,True,TRUE_DRIFT
Robin_education_Julius,0.0,0.42524649691347505,0.005857377629632388,0.1741280966847309,0.0043918460525488,True,TRUE_DRIFT
Robin_education_Karyl,0.0,-0.2782770195057348,-0.15047038606998506,0.0716838682618439,0.0606745127247742,False,STABLE
Robin_education_Kiera,0.0,0.6705060654794305,0.04843027869986098,0.0622563151018061,0.0511389165015426,False,STABLE
Robin_education_Kristopher,0.0,0.1181119239614427,-0.10509158732448552,0.197308053754803,0.1051715554276261,True,TRUE_DRIFT
Robin_education_Lashandra,0.0,0.284134399567228,0.3963262836111126,0.1841842066281666,0.0966817699882107,True,TRUE_DRIFT
Robin_education_Leslie,0.0,0.6453038669027016,0.15792779139382385,0.0213919710817954,0.012343388455823,False,STABLE
Robin_education_Lizbeth,0.0,0.42575734984169195,0.20996600104840096,0.3174018987349987,0.0601224870482379,True,TRUE_DRIFT
Robin_education_Madeline,0.0,0.5988414759386542,0.17924246258662224,0.0188783668891582,0.0075108170677173,False,STABLE
Robin_education_Margarito,0.0,0.6171768585754668,0.2621364667252705,0.0256393642108933,0.0116710476753028,False,STABLE
Robin_education_Megan,0.0,0.13063518484257997,0.05737250940405651,0.1692637273837127,0.0170189560773554,True,TRUE_DRIFT
Robin_education_Mercedes,0.0,0.7696085203525354,0.0685584803624553,0.1161348435438154,0.1426253377958413,False,STABLE
Robin_education_So,0.0,0.7338800086705628,0.3784091185409368,0.0917092914199381,0.0094407600818939,False,STABLE
Robin_education_Takako,0.0,-0.6445527645220609,0.32721695302411535,0.7914974854617944,0.5633077677320188,True,TRUE_DRIFT
Robin_education_Terrance,0.0,0.27705634904557236,0.4185262183343943,0.2496615009370583,0.0179734666144866,True,TRUE_DRIFT
Robin_education_Zenia,0.0,-0.22053351776525756,0.15131121431559263,0.0643122042722293,0.0117151373941781,False,STABLE
Robin_lodging_Armand,0.0,0.9010842352828055,0.21064768611792206,0.0609441475384845,0.1013997748895726,False,STABLE
Robin_lodging_Celia,0.0,0.9212756571231332,0.7779510701968773,0.196618899704675,0.0953215652855555,True,RECURRING_SEASONAL
Robin_lodging_Donna,0.0,0.9123068674839501,0.5928122153047649,0.018276816904833,0.1012388681873778,False,STABLE
Robin_lodging_Dorthy,0.0,0.6444664160425393,0.3176393722387457,0.0939561812671733,0.1017663491417461,False,STABLE
Robin_lodging_Elmer,0.0,0.8442596455655905,0.5871121500188891,0.2739049942401799,0.0451046936450136,True,RECURRING_SEASONAL
Robin_lodging_Janie,0.0,0.9098767709349073,0.20609134908574778,0.033036718474105,0.3409219648805914,True,RECURRING_SEASONAL
Robin_lodging_Oliva,0.0,0.7804994135635707,0.4722800131031269,0.1302749929835969,0.0733337836031735,False,STABLE
Robin_lodging_Phillip,0.0,0.10067501200121967,0.05083445522128409,0.1843035659908346,0.1111091352773595,True,TRUE_DRIFT
Robin_lodging_Pricilla,0.0,0.9168944005467464,0.23033432311373417,0.0465536066267889,0.2971664247212358,True,RECURRING_SEASONAL
Robin_lodging_Renea,0.0,0.8642202625547118,0.28844492731123206,0.2718952315166903,0.072129067532923,True,RECURRING_SEASONAL
Robin_office_Addie,0.0,0.21725625705204624,0.38769269836458164,0.3253446355855479,0.0249981059378849,True,TRUE_DRIFT
Robin_office_Adolph,0.0,0.062053839089202936,0.16423621187261106,0.114289452257318,0.1534398463900008,False,STABLE
Robin_office_Antonina,0.0,0.3745069303672539,0.24770214374590854,0.2542360508574436,0.0101356966875504,True,TRUE_DRIFT
Robin_office_Dina,0.0,0.623672309850241,0.05264433042232667,0.1940936160356136,0.2558077256785043,True,RECURRING_SEASONAL
Robin_office_Donald,0.0,0.24092326519648288,0.1685334859124099,0.1252170852366779,0.0446138624716448,False,STABLE
Robin_office_Gayle,0.0,0.6898691126543874,0.433658012477406,0.0429077414572663,0.0328218190792307,False,STABLE
Robin_office_Lindsay,0.0,0.627522742084084,0.00014844395729486892,0.0451769242196262,0.0441312889878498,False,STABLE
Robin_office_Maryann,0.0,0.23717206954892323,0.2061192200789638,0.3766292913986076,0.0069594777766766,True,TRUE_DRIFT
Robin_office_Sammie,0.0,0.847014033066194,0.031429489003722964,0.0437512791775874,0.2165724214302368,True,RECURRING_SEASONAL
Robin_office_Saul,0.0,0.4856600516068761,-0.15415479893697082,0.2843273313452161,0.2702207726474452,True,TRUE_DRIFT
Robin_office_Serena,0.0,0.49863586661903814,-0.07285337502246732,0.0831034300421383,0.0780716430930045,False,STABLE
Robin_office_Shirlene,0.0,0.7104872180926463,0.33600179090845306,0.0914106019662438,0.0202875087923494,False,STABLE
Robin_office_Soledad,0.0,0.6399675729052305,0.25621811911346487,0.1847008535114663,7.638498775416625e-05,True,RECURRING_SEASONAL
Robin_office_Victor,0.0,0.6446639150757318,0.13858343905413853,0.036579347337725,0.0366514903654968,False,STABLE
Robin_office_Wai,0.0,-0.04065635379740246,-0.34749144216327865,0.27134093421095,0.22651722658474,True,TRUE_DRIFT
Robin_office_Zelma,0.0,0.5563176951156514,0.3083448367601289,0.0129187541352148,0.0677147066958762,False,STABLE
Robin_public_Cami,0.0,0.7279927325348157,0.05500948695999775,0.0335064624235774,0.1085800263064087,False,STABLE
Robin_public_Carolina,0.0,0.1984843098800995,0.08318277122908443,0.0089706263486508,0.0357423152455171,False,STABLE
Swan_unknown_Allison,1.0,,,0.0800280529626492,0.016383114478215,False,STABLE
Swan_unknown_Andres,1.0,,,0.0503319994065216,0.0037094260996083,False,STABLE
Swan_unknown_Bette,1.0,,,0.2968974355632559,0.0172546760933122,True,UNKNOWN_2016
Swan_unknown_Christoper,1.0,,,0.2193042845378935,0.0151967315209362,True,UNKNOWN_2016
Swan_unknown_Douglas,1.0,,,0.2797720570475854,0.2275397322163202,True,UNKNOWN_2016
Swan_unknown_Esteban,1.0,,,0.7598401186527198,0.0314236801394909,True,UNKNOWN_2016
Swan_unknown_Fabian,1.0,,,0.3594137031555963,0.0955821549979167,True,UNKNOWN_2016
Swan_unknown_Ike,1.0,,,0.1875469989604988,0.1009755178466006,True,UNKNOWN_2016
Swan_unknown_Isaiah,1.0,,,0.6038146910061017,0.0108748997046321,True,UNKNOWN_2016
Swan_unknown_Jan,1.0,,,0.5494877892485069,0.0092381798043664,True,UNKNOWN_2016
Swan_unknown_Jerold,1.0,,,0.3875995320174478,0.2446305655027497,True,UNKNOWN_2016
Swan_unknown_Noelia,1.0,,,0.1108484899170574,0.0384138568482141,False,STABLE
Swan_unknown_Raquel,1.0,,,0.746102237503951,0.0264122263991108,True,UNKNOWN_2016
Swan_unknown_Reyna,1.0,,,0.3028785089232354,0.0155080045892956,True,UNKNOWN_2016
Swan_unknown_Rocco,1.0,,,0.0094484639820685,0.1601450184695622,True,UNKNOWN_2016
Swan_unknown_Rudy,1.0,,,0.1626167129979062,0.2040765597777515,True,UNKNOWN_2016
Swan_unknown_Tom,1.0,,,0.1698334747162442,0.0443823767068703,True,UNKNOWN_2016
Swan_unknown_Valeria,1.0,,,0.4447431544451996,0.0310872145841589,True,UNKNOWN_2016
Swan_unknown_Wendy,1.0,,,0.4537096919456902,0.0090451263870042,True,UNKNOWN_2016
Wolf_assembly_Elaine,0.022,0.857196451214984,0.4331298204746072,0.0611427350840136,0.0468196394579854,False,STABLE
Wolf_assembly_Sallie,0.01,0.5479149936065638,0.24630674807128128,0.0124205679549985,0.0169574927212651,False,STABLE
Wolf_education_Anisa,0.0,0.8355876718575453,0.5463488858711884,0.0884870544126372,0.1582510889519832,False,STABLE
Wolf_education_Arnulfo,0.0,0.17373210788987212,0.2980439264709234,0.0312987152049215,0.0747182439168056,False,STABLE
Wolf_education_Bobby,0.0,0.6243488866040147,0.3607389617921023,0.0678838039531307,0.0286581871277716,False,STABLE
Wolf_education_Cheryl,0.0,0.6583390359721314,0.2894843637151419,0.0364361369653031,0.017210870834071,False,STABLE
Wolf_education_Clarissa,0.0,0.7325197475708922,0.5740223071240249,0.0661191444630246,0.0009066078834093,False,STABLE
Wolf_education_Cody,0.0,0.5508399321786315,0.3362268890394928,0.2713570055501059,0.0938059386097943,True,RECURRING_SEASONAL
Wolf_education_Dolores,0.0,0.7779423731070861,0.2740486224019648,0.0305000362465531,0.0106521569690704,False,STABLE
Wolf_education_Dorris,0.0,0.5910158233597211,0.5761262474198178,0.0613712322547486,0.0358789830609591,False,STABLE
Wolf_education_Eulalia,0.0,0.5538900273200884,-0.022906456411067127,0.0574180138103992,0.0198413032807502,False,STABLE
Wolf_education_Joaquin,0.0,0.5937540616438395,0.5949895939132587,0.0313643911697031,0.0412338736408421,False,STABLE
Wolf_education_Josefa,0.0,0.5353738226966821,0.40968034766053546,0.0270263619500301,0.0095227132870271,False,STABLE
Wolf_education_Katie,0.0,0.5508280232800781,0.3933848218787391,0.0535045396615124,0.0811430579743554,False,STABLE
Wolf_education_Laurinda,0.0,0.31201443562588793,0.3381488938939257,0.0359750909318917,0.1421196451387751,False,STABLE
Wolf_education_Loren,0.0,0.48630149574607406,0.234319884776131,0.0276155605742274,0.0376815543955749,False,STABLE
Wolf_education_Miguel,0.0,0.601088747003381,0.4153171440448244,0.0858238485092577,0.0139517243820387,False,STABLE
Wolf_education_Roderick,0.0,0.24223525860613226,0.4393263915628398,0.0755790309027489,0.0719804647273389,False,STABLE
Wolf_education_Tammie,0.0,0.6734156240063061,0.37780198546649846,0.0743528549780803,0.0041899680495082,False,STABLE
Wolf_education_Tori,0.0,0.40998801187929257,0.32997503242340404,0.0333063031910619,0.0485311063691083,False,STABLE
Wolf_education_Ursula,0.0,0.5567271887190363,0.4999865186444895,0.0263690883811147,0.087313250089979,False,STABLE
Wolf_education_Vivian,0.0,0.5173553369684898,0.23476208650353264,0.0364894420967814,0.0241673841854259,False,STABLE
Wolf_office_Bobbie,0.0,0.25129102751342225,0.33343666514692716,0.0258205319431653,0.0358535354854826,False,STABLE
Wolf_office_Cary,0.001,0.3919051825546504,0.10504191906894975,0.0086397707317839,0.0258975820324109,False,STABLE
Wolf_office_Darleen,0.0,0.4603558613466173,0.3300758704124144,0.0253883372265042,0.006612985019233,False,STABLE
Wolf_office_Elisabeth,0.0,0.3456870233768832,0.3796897865426293,0.1748998616749856,0.0050126346254,True,TRUE_DRIFT
Wolf_office_Emanuel,0.0,0.6814872964372898,0.5616349087227681,0.057013142256356,0.0041423128234583,False,STABLE
Wolf_office_Haydee,0.0,0.7655971770998599,0.5118046323792304,0.0521387157773526,0.0617596841462103,False,STABLE
Wolf_office_Joana,0.0,0.4637928490775233,0.5941824159748283,0.2157299778720957,0.0377330156043212,True,RECURRING_SEASONAL
Wolf_office_Nadia,0.0,0.2640824163494081,-0.01182122249712773,0.038163209909438,0.0062618809550614,False,STABLE
Wolf_office_Rochelle,0.0,0.5967535686832391,0.32468470958114504,0.0279639643712966,0.0260579765452715,False,STABLE
Wolf_public_Norma,0.0,0.6255977078751809,0.4907250744258593,0.0619787383014377,0.059563354722445,False,STABLE
Wolf_retail_Harriett,0.0,0.7073823444574369,0.5259747160586293,0.1270389251904713,0.0552169912223583,False,STABLE
Wolf_retail_Marcella,0.0,0.4412534442151263,0.5511021528126008,0.0179355839002295,0.0101143455243757,False,STABLE
Wolf_retail_Toshia,0.0,0.6552573603473549,0.3875755737840229,0.037332153454415,0.0307373446430081,False,STABLE
Wolf_science_Alfreda,0.001,0.8319779113429905,0.7517618785088379,0.0500716182217394,0.0490827166895578,False,STABLE
