building_id,early_flat_frac,early_zero_frac,early_late_mean_ratio,early_late_std_logratio
Bear_assembly_Angel,0.08494845360824742,0.0,1.0271481129963782,0.20538589296381632
Bear_assembly_Beatrice,0.11298969072164948,0.0,1.0676517848506952,0.03272590307257794
Bear_assembly_Danial,0.03917525773195876,0.0,0.8700036907622619,0.09072707344314045
Bear_assembly_Genia,0.08618556701030927,0.0,0.7585564407994776,-0.29465589331603964
Bear_assembly_Harry,0.06927835051546392,0.0,1.0661286345210372,-0.0403548439945859
Bear_assembly_Jose,0.04329896907216495,0.0,0.8565181625229878,-0.2985989825665298
Bear_assembly_Roxy,0.2606185567010309,0.0,0.5285003213130998,-0.6819333329146755
Bear_assembly_Ruby,0.05567010309278351,0.0,0.9204475753014829,0.23246722583982546
Bear_education_Alvaro,0.05814432989690722,0.0,0.8739983835969971,-0.15615205770592555
Bear_education_Augusta,0.2065979381443299,0.0,0.9133293337886282,-0.014607209856535647
Bear_education_Austin,0.3014432989690722,0.0,1.0349225202906414,0.07898151796386098
Bear_education_Babara,0.05938144329896907,0.0,0.9545057732407244,-0.7226161883431685
Bear_education_Benita,0.2556701030927835,0.0,0.8777449318709848,-0.4927964347422225
Bear_education_Bob,0.08618556701030927,0.0,0.9236596205990852,0.0033059098034800695
Bear_education_Bulah,0.05484536082474227,0.0,0.8851243674401962,-0.38410538146631257
Bear_education_Carlo,0.0890721649484536,0.0,1.1481896505477982,0.079935836837491
Bear_education_Chad,0.04082474226804124,0.0,0.9259122920826531,-0.22502637507297507
Bear_education_Chana,0.2441237113402062,0.0,0.9750068477809225,-0.08834361445502917
Bear_education_Chun,0.11051546391752577,0.0,0.7766523442704324,-0.9277465390414524
Bear_education_Clint,0.09030927835051547,0.0,1.0435548916290407,-0.1727295707940616
Bear_education_Curtis,0.08164948453608248,0.0,1.0656295343674205,-0.2182116949182459
Bear_education_Danna,0.07298969072164949,0.0,0.8973360888006126,-0.1739017473578045
Bear_education_Darrell,0.3138144329896907,0.0,1.2280519979714828,0.35195680684283304
Bear_education_Deena,0.34845360824742266,0.0,0.9044193894985598,0.04055941764832979
Bear_education_Derek,0.08371134020618556,0.0416323165704864,0.8997299747012547,0.7073917182772539
Bear_education_Destiny,0.03463917525773196,0.0,1.0377377810469088,-0.23150266202987824
Bear_education_Elise,0.08288659793814433,0.0,0.970344469713438,-0.10783517413149174
Bear_education_Fannie,0.18639175257731957,0.0,0.926928347083701,-0.8489073499985329
Bear_education_Gavin,0.01443298969072165,0.0,0.9886276317293228,-0.09151517230592546
Bear_education_Herb,0.07876288659793815,0.0,1.0561826020794758,0.027667739781853863
Bear_education_Irene,0.2771134020618557,0.0,1.054672209436129,0.09216920122962483
Bear_education_Iris,0.04865979381443299,0.0,1.1717115966739602,0.12568734677792578
Bear_education_Katy,0.08206185567010309,0.0,0.8359910645637036,-0.4210022172135387
Bear_education_Lashanda,0.07463917525773196,0.0,0.891099087079858,0.09259236845218587
Bear_education_Laurette,0.02597938144329897,0.0,1.0028272989533678,0.1963688423104138
Bear_education_Leonel,0.12329896907216495,0.0,0.8684592827519719,-0.16278253334878795
Bear_education_Lewis,0.13030927835051545,0.0,0.9647009030495118,-0.010073008056933825
Bear_education_Lidia,0.10309278350515463,0.0,1.0915452745813734,0.018376570748770242
Bear_education_Lila,0.07340206185567011,0.0,1.043246970382268,-0.10005130421482394
Bear_education_Liliana,0.1822680412371134,0.0,0.8973453308002027,-0.2895812771456753
Bear_education_Lorie,0.15793814432989692,0.0,0.9317338781290218,-0.4149342928142106
Bear_education_Mara,0.04206185567010309,0.0,0.9876473487966487,0.02046299502995846
Bear_education_Marie,0.10969072164948454,0.0,1.0881603182753643,0.034256867847190765
Bear_education_Marsha,0.06350515463917526,0.0,0.961282159264126,0.05276138130631348
Bear_education_Marta,0.08494845360824742,0.0,0.957207637956856,0.0029021496069792803
Bear_education_Maryjane,0.0668041237113402,0.0,0.816522042920892,-0.4657982617035329
Bear_education_Merrill,0.061855670103092786,0.0,0.9952965008560817,-0.31272421491682534
Bear_education_Nanette,0.036701030927835054,0.0,0.8671735360873366,-0.5278679378100946
Bear_education_Oscar,0.06597938144329897,0.0,1.0753496884582268,-0.28228792295284216
Bear_education_Owen,0.1884536082474227,0.002061005770816158,1.0123795715567903,0.0550984811398909
Bear_education_Paola,0.12494845360824743,0.0,0.8625902963870473,-0.34791392596539517
Bear_education_Patricia,0.04824742268041237,0.0,0.9453176492893146,0.09193488093285168
Bear_education_Pattie,0.05567010309278351,0.0,0.7918668215268099,-0.4492320863846008
Bear_education_Rebecca,0.052371134020618555,0.0,1.0117636465956537,-0.038964898533108416
Bear_education_Sandy,0.03958762886597938,0.0,1.1076424096151065,-0.17180189565558165
Bear_education_Santos,0.5224742268041237,0.0,0.9380385926154542,0.11828002940472733
Bear_education_Sharon,0.02515463917525773,0.0,0.9638087905676722,0.06685658887912461
Bear_education_Shelley,0.1360824742268041,0.0,1.0580834960011802,0.0026597717763883243
Bear_education_Tara,0.04989690721649485,0.0,1.2884123461156174,0.11305198914886475
Bear_education_Thuy,0.1290721649484536,0.0,0.9112460976898551,0.06369373976488754
Bear_education_Val,0.05402061855670103,0.0,1.0406643340389783,0.03639866607086531
Bear_education_Wade,0.14845360824742268,0.0,1.4656424517460394,-0.44559225883002546
Bear_education_Wilton,0.07876288659793815,0.0028854080791426216,0.8768375609096992,-0.23371214052953984
Bear_education_Wm,0.04082474226804124,0.0,1.0371333948161665,0.03524912076015288
Bear_education_Yuri,0.15051546391752577,0.0,1.1209722542305736,0.09154423241739613
Bear_education_Yvette,0.1327835051546392,0.0,1.1180571998186775,-0.002052839661450434
Bear_education_Zandra,0.06804123711340206,0.00041220115416323167,1.086735137647002,0.9291768286008132
Bear_lodging_Dannie,0.050721649484536085,0.0,0.8905013849748405,0.17157601795898691
Bear_lodging_Erick,0.03422680412371134,0.0,1.3771961758122553,0.18827630510471155
Bear_lodging_Esperanza,0.032989690721649485,0.0,1.0019707615398867,0.2532606851953791
Bear_lodging_Evan,0.024329896907216497,0.0,0.950539836654262,-0.010165892274232435
Bear_parking_Bridget,0.05649484536082474,0.0,1.0716851547349768,-0.2817780195837771
Bear_parking_Bruce,0.0288659793814433,0.0,1.0945390894234983,0.2243137970010583
Bear_public_Arlean,0.09938144329896907,0.0,0.7613037784112602,-0.774778877753423
Bear_public_Jocelyn,0.0977319587628866,0.0,0.9865095327303355,-0.05930720878031917
Bear_public_Lowell,0.055257731958762886,0.0,0.9504511433700622,-0.054817203508707134
Bear_public_Orville,0.3987628865979381,0.0,0.8808513046573803,-0.20731228000281268
Bear_public_Rayna,0.1265979381443299,0.0,1.007228140264558,0.028622121141958126
Bear_public_Valorie,0.168659793814433,0.0,0.8611947813766974,-0.3184910125792653
Bear_science_Alison,0.05814432989690722,0.0,0.9810941371775252,-0.2240642983833281
Bear_science_Eleanor,0.08536082474226804,0.0,0.5566752260752129,-0.6530077435875761
Bear_utility_Sidney,0.029278350515463916,0.0,0.957979950310444,0.06817070694852478
Bobcat_assembly_Adam,0.6927835051546392,0.0,0.975312967383626,-0.43044787167639204
Bobcat_assembly_Billy,0.694020618556701,0.0,0.9778889564827375,-0.4119857680129149
Bobcat_assembly_Camilla,0.6997938144329897,0.0,0.8707961668007826,-0.2127863634597622
Bobcat_assembly_Franklin,0.4705154639175258,0.0,1.0506561136811228,-0.39623426194542444
Bobcat_education_Alissa,0.471340206185567,0.416323165704864,0.6100417944242347,0.5055480604615402
Bobcat_education_Angela,0.43216494845360826,0.0,0.913208097769348,-0.15016982550699198
Bobcat_education_Coleman,0.4420618556701031,0.0,0.8954106167267109,-0.04698300588961458
Bobcat_education_Dylan,0.4329896907216495,0.0,0.9081457860248867,0.16718489267476855
Bobcat_education_Hollis,0.6936082474226805,0.0,0.8956532338802066,-0.5906251175136762
Bobcat_education_Jayne,0.7183505154639175,0.24402308326463315,0.643659833825359,0.038939320585799506
Bobcat_education_Marisha,0.6894845360824742,0.0,0.8798042585665355,-0.45567248001025173
Bobcat_education_Monte,0.7534020618556702,0.0,0.7523600432028867,-0.7548327413882329
Bobcat_education_Rosalva,0.7290721649484536,0.0,0.8285615609000554,-0.20453940981071717
Bobcat_education_Toni,0.697319587628866,0.0,0.7206254709650908,-0.4150399708625452
Bobcat_education_Whitney,0.7191752577319588,0.0,0.9421433208541902,-0.6921652062957598
Bobcat_lodging_Darin,0.4288659793814433,0.0,0.8923224517760526,-0.5619380063583668
Bobcat_lodging_Melaine,0.4247422680412371,0.0,0.9694063000814039,-0.2608073740871159
Bobcat_lodging_Nickolas,0.4420618556701031,0.0,1.4233844915482778,0.03415440424391625
Bobcat_office_Alma,0.603298969072165,0.0,1.1186913477825937,-0.26549436723007724
Bobcat_office_Justine,0.4383505154639175,0.0,1.1440234404887315,-0.1688448445381185
Bobcat_office_Kassandra,0.4894845360824742,0.0,0.6937452806602604,-0.11455842554141281
Bobcat_office_Melody,0.43752577319587627,0.0,1.2131691228538357,0.08609515382648229
Bobcat_office_Nikita,0.4663917525773196,0.0,0.8971112944170158,-0.5459944318885149
Bobcat_other_Howard,0.5278350515463918,0.00041220115416323167,0.5217300454334389,-0.995669017079952
Bobcat_other_Jovita,0.6338144329896908,0.02679307502061006,0.22927365925322907,-2.5503196482636796
Bobcat_other_Timothy,0.43752577319587627,0.416323165704864,0.7558360081893022,0.676880090968934
Bull_assembly_Amalia,0.07958762886597938,0.0,0.848821875416677,-0.6609530473824723
Bull_assembly_Beau,0.14597938144329897,0.0,0.9827888946313159,-0.06604171599067914
Bull_assembly_Brandon,0.05649484536082474,0.0,1.0002724944138643,-0.8024375187155641
Bull_assembly_Daryl,0.2441237113402062,0.0,1.0009352998612466,0.329464825243252
Bull_assembly_Dorethea,0.36329896907216497,0.0,1.0284995808885162,-0.32154109746158815
Bull_assembly_Freddie,0.06969072164948453,0.0,1.1385824541674376,-0.09617514064842633
Bull_assembly_Gerri,0.09484536082474226,0.0,1.0960347667592267,0.0452959563626036
Bull_assembly_Gigi,0.14185567010309277,0.014427040395713108,0.7493002854144434,-0.5476786683280492
Bull_assembly_Goldie,0.14680412371134022,0.0,0.8687725047152736,-0.16092842381533706
Bull_assembly_Katia,0.0977319587628866,0.007007419620774938,1.3707165472777976,0.6895926027835174
Bull_assembly_Lance,0.12247422680412372,0.0,0.8888445462457143,-2.1898009139190244
Bull_assembly_Lesa,0.2721649484536082,0.0,0.7911257304825559,-0.32644106500725506
Bull_assembly_Maren,0.2445360824742268,0.007007419620774938,1.321011229116582,-1.477191652988828
Bull_assembly_Nathanial,0.09278350515463918,0.0,0.9711834255817868,-0.3847526313156282
Bull_assembly_Newton,0.4070103092783505,0.12530915086562242,0.8341691741892343,-0.1558995050982232
Bull_assembly_Nick,0.06309278350515464,0.0,1.00618900216776,-0.6554964515298488
Bull_assembly_Vanessa,0.07051546391752578,0.0,1.069015043399988,-0.06682988768976737
Bull_education_Annette,0.7690721649484537,0.0,0.49319827099809693,-3.904530731815307
Bull_education_Antonia,0.13402061855670103,0.0,0.8344403684284415,-0.9864880967760348
Bull_education_Arthur,0.05567010309278351,0.0,1.0175938926851593,-0.6268981764272311
Bull_education_Barry,0.1265979381443299,0.007007419620774938,1.017065250768781,-0.34167531766654236
Bull_education_Bernice,0.2845360824742268,0.0,1.5409656997921468,-2.6400710084106294
Bull_education_Brady,0.18721649484536082,0.0,1.0135510324158346,-0.0969730178551485
Bull_education_Brain,0.07835051546391752,0.0,1.0848255244854115,-0.6875854586571032
Bull_education_Brandi,0.23010309278350516,0.0,1.0030268446385153,-0.08921372164707911
Bull_education_Brenda,0.08371134020618556,0.007831821929101401,1.0073913066171363,-0.23858406971849136
Bull_education_Bryon,0.2004123711340206,0.0,1.0897523152086726,-0.27164230465970046
Bull_education_Carl,0.10969072164948454,0.0,0.9586019137346888,-1.114197699307747
Bull_education_Clarice,0.24,0.0,1.0085316217908578,0.14830588729908822
Bull_education_Clarita,0.0511340206185567,0.001236603462489695,1.11566658370885,-1.1553755785043596
Bull_education_Dakota,0.18061855670103094,0.0,0.9606900853392305,-0.23906808768923726
Bull_education_Dan,0.22309278350515463,0.0,0.970144975018429,-0.6520169672485474
Bull_education_Dania,0.22969072164948454,0.0,1.0440629530793637,-0.07207426539935152
Bull_education_Delia,0.3645360824742268,0.00041220115416323167,0.9178804675693639,-2.6929111156148196
Bull_education_Dora,0.11257731958762887,0.0,1.0756688602172824,0.013297993579731389
Bull_education_Dottie,0.8465979381443299,0.01483924154987634,1.4901384191892906,-0.3291729702862696
Bull_education_Elva,0.19628865979381444,0.0,1.0079485046830363,-0.22121467317195415
Bull_education_Fabiola,0.07051546391752578,0.0,0.9828986880932834,-0.26587116167716296
Bull_education_Geneva,0.40329896907216495,0.0585325638911789,1.004664158418769,0.052926298025504935
Bull_education_Genie,0.10391752577319588,0.0,0.9821339137804831,-0.2901516487985194
Bull_education_Gregory,0.1327835051546392,0.0,0.9886748016544739,-0.2683987085237943
Bull_education_Hayley,0.08288659793814433,0.0,0.9769086034093761,-0.614414001092673
Bull_education_Jae,0.056082474226804124,0.0,1.0277263063529856,-1.0673823785491734
Bull_education_Jeffery,0.32948453608247424,0.0,0.9052639447589,-3.315313530576407
Bull_education_Joseph,0.09731958762886599,0.0,0.9938570696264764,-0.17128085314053565
Bull_education_Juan,0.08618556701030927,0.00041220115416323167,0.9575281216955447,-0.29004622690643306
Bull_education_Kendra,0.11134020618556702,0.0,0.9500026483401528,-0.22788405670274492
Bull_education_Krista,0.04577319587628866,0.0,1.0736677853825074,-0.14235487716618328
Bull_education_Kristal,0.06597938144329897,0.0,1.0441786312320505,-0.8271539355421339
Bull_education_Lenny,0.21731958762886597,0.0,0.9708717901855066,-0.14953563240972087
Bull_education_Linnie,0.038350515463917524,0.0,0.9889219515219144,-0.14502566464336716
Bull_education_Luke,0.037525773195876286,0.0,1.0217552978369568,-0.2761285141497478
Bull_education_Lydia,0.3084536082474227,0.21145919208573785,0.665311729365618,0.5789117905739978
Bull_education_Lyn,0.2334020618556701,0.0,1.1050583657587547,-0.2625669138301806
Bull_education_Magaret,0.12247422680412372,0.0,0.9621133987308235,-0.10980813307756326
Bull_education_Mario,0.12041237113402062,0.0,1.0413943615892243,-0.2746639923097891
Bull_education_Matilda,0.1154639175257732,0.0,1.0102257073222423,-0.8634709242867543
Bull_education_Mervin,0.08371134020618556,0.0,1.0569492787552959,-0.3995621996125194
Bull_education_Miquel,0.0511340206185567,0.0,1.0159479973178112,-0.25564550278371295
Bull_education_Miranda,0.11752577319587629,0.0,1.0785396715024707,-0.4835884492132568
Bull_education_Myra,0.15298969072164947,0.0,1.009444608483564,-0.3080937216230624
Bull_education_Nichole,0.11711340206185566,0.0,1.0739907662002317,-0.17208634583502863
Bull_education_Nina,0.047835051546391755,0.0,0.9744132013565572,-0.6493324370115905
Bull_education_Nolan,0.20247422680412372,0.0,1.019373957681077,-0.41711266273678166
Bull_education_Olive,0.19711340206185568,0.0,0.7241754408629933,-0.6715408508264599
Bull_education_Pablo,0.20824742268041238,0.0,0.9474152718252876,-0.19209332656675865
Bull_education_Pamela,0.07298969072164949,0.0,1.0117423548800586,-0.24919194651677806
Bull_education_Patrina,0.27670103092783505,0.0,0.9191394887502442,-0.24084722021189656
Bull_education_Racheal,0.13814432989690723,0.0,1.0197055155990613,-0.4762145870967992
Bull_education_Reina,0.20577319587628867,0.0,0.9527541850220262,-0.5185739989323848
Bull_education_Reynaldo,0.2894845360824742,0.00041220115416323167,0.9893060049041759,-0.14224133555193932
Bull_education_Roland,0.06515463917525773,0.0,0.94208410131977,-0.30633832449885273
Bull_education_Roseann,0.11793814432989691,0.007007419620774938,0.9904652319366508,-0.5535356794764916
Bull_education_Sebastian,0.23381443298969073,0.0,0.9731398099348467,-0.19872985908786625
Bull_education_Shona,0.27876288659793813,0.0,1.0204294821608322,-2.421630637682148
Bull_education_Stewart,0.1711340206185567,0.0,1.035771104880537,-0.49211998103453836
Bull_education_Summer,0.18721649484536082,0.0,0.976314603848877,-0.33845700779540583
Bull_education_Tracey,0.0779381443298969,0.0,1.2692315158574168,-0.19949325243404684
Bull_education_Venita,0.18969072164948453,0.0,1.121260878245857,-0.19948934455249073
Bull_education_Violeta,0.10680412371134021,0.0,1.0333463448439975,-0.10944759275677453
Bull_lodging_Abby,0.2531958762886598,0.0,1.0137811835604704,-0.6095506595419903
Bull_lodging_Allen,0.15628865979381443,0.0,0.6747710298517691,-0.3556359343629154
Bull_lodging_Anibal,0.2202061855670103,0.0,0.8783162648173534,-0.34800469962750447
Bull_lodging_Caren,0.08041237113402062,0.004534212695795548,1.0169507997078444,-0.19393872158358583
Bull_lodging_Carie,0.1909278350515464,0.0,0.9915447542411788,-0.4758524071897153
Bull_lodging_Charlotte,0.15546391752577318,0.0,0.6171082799536719,-0.5166963363854747
Bull_lodging_Danielle,0.24701030927835052,0.0,1.04522764405159,-1.7210405404707863
Bull_lodging_Dave,0.03793814432989691,0.0,0.9265123371206706,-0.3782255869496723
Bull_lodging_Elena,0.29649484536082477,0.0,0.9482861400894188,-0.3341761237759194
Bull_lodging_Graciela,0.23175257731958762,0.041220115416323165,0.9119589018022569,-0.045891238168139156
Bull_lodging_Hugo,0.10597938144329896,0.0,0.8933570145142165,-1.105388673740889
Bull_lodging_Jeremiah,0.11752577319587629,0.0,0.9724035225258412,-0.19493342250407486
Bull_lodging_Leonard,0.19463917525773197,0.0,0.9954898805611584,-0.2221456731902738
Bull_lodging_Lettie,0.16082474226804125,0.0,0.8988060539326813,-0.3596223605686615
Bull_lodging_Melissa,0.044123711340206186,0.0,0.9404758559353636,-0.44147621361831124
Bull_lodging_Perry,0.16742268041237113,0.0,0.940691547008638,-0.4091345723953136
Bull_lodging_Terence,0.24082474226804124,0.004534212695795548,0.8815733870911875,-0.2213066595359451
Bull_lodging_Travis,0.10927835051546392,0.0,0.9830182406740096,-1.0147566245720865
Bull_lodging_Xavier,0.16783505154639175,0.0,0.5220047309569349,-0.488710026881489
Bull_office_Anne,0.4094845360824742,0.0,1.0522738988186033,-0.5634963514166313
Bull_office_Chantel,0.09154639175257732,0.014427040395713108,0.7017535065772842,-0.5987675810964926
Bull_office_Claudia,0.3352577319587629,0.0,1.0347474848842166,-0.98413004200559
Bull_office_Debbie,0.23876288659793815,0.0,0.9673766296572431,-0.16229485627775583
Bull_office_Efren,0.17938144329896907,0.0,1.0989362525475763,-0.6578291127264125
Bull_office_Ella,0.13072164948453607,0.0,0.9036587858554201,-1.4928370671265792
Bull_office_Hilton,0.5298969072164949,0.0,0.9767221203112152,-0.588703887668301
Bull_office_Ivette,0.27463917525773196,0.0,1.0118010026995756,-0.3978071457297068
Bull_office_Lilla,0.029690721649484535,0.0,1.0980255340476481,-0.43011349645840413
Bull_office_Marco,0.10721649484536082,0.0,0.8166118389777329,-0.8969417166122097
Bull_office_Myron,0.12123711340206185,0.0,0.9847149398933803,-0.24815968213882775
Bull_office_Nicolas,0.3084536082474227,0.0,1.2380294818241449,-0.20936757596256
Bull_office_Rob,0.0668041237113402,0.0,1.00732465317192,-0.21606507185007265
Bull_office_Sally,0.13072164948453607,0.0,0.9554949585212277,-1.254647615085209
Bull_office_Trevor,0.22391752577319587,0.0,1.0382767899806353,-0.3647687538747586
Bull_office_Yvonne,0.10391752577319588,0.0,1.036698932144916,-0.2387015338433374
Bull_public_Hyun,0.08701030927835052,0.0,1.0784276396699626,-0.8209854384525699
Bull_public_Jefferson,0.34515463917525774,0.0,1.0840020245562754,-0.04974782845030584
Bull_services_Jeanmarie,0.14680412371134022,0.0,1.0337235508810951,-0.5518086492384534
Bull_services_Juanita,0.20247422680412372,0.0,1.1418558972537707,-0.28051871113081034
Bull_services_Nadine,0.1909278350515464,0.0,0.9661300939500929,-0.7112615974611121
Bull_services_Rachelle,0.12412371134020618,0.0,1.214110972508144,-0.31628167563390264
Bull_services_Winford,0.3554639175257732,0.0,1.0746040129274212,-0.2519163683703812
Cockatoo_assembly_Doyle,0.07587628865979382,0.0,0.9252096851193314,-0.139315535896938
Cockatoo_assembly_Ed,0.037525773195876286,0.0,0.9468421261908057,0.013615725991523438
Cockatoo_assembly_Emilio,0.046597938144329894,0.0,0.9255099269763041,0.22280805259245018
Cockatoo_assembly_Evelyn,0.09608247422680412,0.0,0.9577556699066132,-0.4626597607041002
Cockatoo_assembly_Fernanda,0.05690721649484536,0.0,0.918006717739877,-0.130003892225238
Cockatoo_assembly_Genoveva,0.055257731958762886,0.0,1.0296938212057694,-0.10795282222222909
Cockatoo_assembly_Griselda,0.04,0.0,0.9552068845111992,-0.023869203731528222
Cockatoo_assembly_Heath,0.07298969072164949,0.0,1.50652562863284,-0.036936607890091476
Cockatoo_assembly_Meredith,0.055257731958762886,0.0,0.6589286618936536,-0.14695317602097138
Cockatoo_assembly_Pierre,0.03505154639175258,0.0,0.9027699936191513,-0.28133351281611846
Cockatoo_assembly_Ralph,0.027216494845360824,0.0,1.0245201944677356,0.05680394176473871
Cockatoo_assembly_Rodger,0.04082474226804124,0.0,1.0837893223323143,-0.026922245175264783
Cockatoo_assembly_Tabitha,0.04247422680412371,0.0,0.9446985787659766,0.2884060551719228
Cockatoo_assembly_Valencia,0.1402061855670103,0.0,0.8399539099900646,0.2918182474933303
Cockatoo_education_Amira,0.3835051546391753,0.0,0.845791386126936,0.04481312785829905
Cockatoo_education_Arlen,0.05979381443298969,0.0,1.337314574289055,-0.1757601206261016
Cockatoo_education_Brendan,0.029690721649484535,0.0,0.9725784450428205,-0.11109354427147784
Cockatoo_education_Brigitte,0.04329896907216495,0.0,1.0283000247987857,0.11437891660839251
Cockatoo_education_Charity,0.03628865979381443,0.0,0.9751539415874607,-0.26059232770000595
Cockatoo_education_Christi,0.06762886597938145,0.0,1.2992280970090437,-0.21285580403929116
Cockatoo_education_Claudine,0.03958762886597938,0.0,1.0944332043069855,-0.08017304261842463
Cockatoo_education_Collin,0.04329896907216495,0.0,0.8104143863691211,-0.13021674122419247
Cockatoo_education_Deloris,0.02597938144329897,0.0,1.0637341024893823,-0.04136363022704617
Cockatoo_education_Doreen,0.055257731958762886,0.0,0.9336966909850414,0.0656853349915647
Cockatoo_education_Erik,0.04536082474226804,0.0,0.8845099321698225,-0.3015863622365165
Cockatoo_education_Eunice,0.08041237113402062,0.0,0.9858613588290784,-0.06786965444685553
Cockatoo_education_Evangeline,0.03422680412371134,0.0,1.05718373022582,0.32729815451953964
Cockatoo_education_Flora,0.0222680412371134,0.0,1.0014075638004718,0.06115827878766259
Cockatoo_education_Gussie,0.03546391752577319,0.0,1.0162340449344494,0.027526879399405773
Cockatoo_education_Helene,0.05278350515463918,0.0,1.29823052326607,0.33603287824142
Cockatoo_education_Jack,0.044948453608247424,0.0,0.9343469639667904,-0.1351613567839145
Cockatoo_education_Janet,0.056082474226804124,0.0,0.9789488598794382,-0.19514454977831688
Cockatoo_education_Joeann,0.1488659793814433,0.0,1.167724843617259,0.2830654809027266
Cockatoo_education_Joel,0.03175257731958763,0.0,1.0332467712696969,0.18613388831145608
Cockatoo_education_Jon,0.08371134020618556,0.0,1.196358211790223,0.22103010524026648
Cockatoo_education_Julia,0.04329896907216495,0.0,0.9237358743863473,-0.07135053177399528
Cockatoo_education_Julio,0.03134020618556701,0.0,1.1499406641828904,-0.14274795301283685
Cockatoo_education_June,0.04577319587628866,0.00041220115416323167,0.9813705449386096,0.0302125025498806
Cockatoo_education_Laurence,0.1154639175257732,0.0,1.0568187611159727,-0.0621205933009064
Cockatoo_education_Lionel,0.04041237113402062,0.0,1.0242412731976893,-0.041437670129787704
Cockatoo_education_Magdalena,0.06845360824742268,0.0,0.9185108977258469,-1.2217968706265085
Cockatoo_education_Marva,0.07216494845360824,0.0,0.9445939686935685,-0.18495495389244912
Cockatoo_education_Maynard,0.030515463917525774,0.0,0.9161091730004745,0.08410872563112298
Cockatoo_education_Mayra,0.0511340206185567,0.0,1.2008828791965829,-0.03436730970028559
Cockatoo_education_Melanie,0.12164948453608247,0.0,0.47554164759327044,-0.6571806759227202
Cockatoo_education_Minh,0.04989690721649485,0.0,0.8951461237681037,-0.25445138449395316
Cockatoo_education_Nelda,0.037525773195876286,0.0,1.1980882457857813,0.129325874915277
Cockatoo_education_Oliver,0.04371134020618557,0.0,0.9708983513642299,0.06041164706170207
Cockatoo_education_Orlando,0.052371134020618555,0.0,1.0069262078320893,0.1001753469841517
Cockatoo_education_Rita,0.08247422680412371,0.0,0.9447300856349491,0.40105891212613815
Cockatoo_education_Shawn,0.04,0.0,0.953795117636653,0.1856571392485192
Cockatoo_education_Sheryl,0.04618556701030928,0.0,1.024528085053729,0.10598244003360273
Cockatoo_education_Terrence,0.04536082474226804,0.0,0.9944034177118958,-0.06558641631548141
Cockatoo_education_Tyler,0.04,0.0,1.015645344148926,0.05364904489487382
Cockatoo_education_Victoria,0.07298969072164949,0.0,1.2988856562610207,-0.42957342648981556
Cockatoo_industrial_Nathaniel,0.3117525773195876,0.0,1.324418545317896,0.270127864814006
Cockatoo_industrial_Sarita,0.04907216494845361,0.0,0.84723492526839,-0.22863447008964807
Cockatoo_lodging_Aimee,0.03505154639175258,0.0,0.9192708038762999,0.0920667633085477
Cockatoo_lodging_Albert,0.056082474226804124,0.0,0.9125391828657403,0.23541551107351041
Cockatoo_lodging_Alicia,0.03175257731958763,0.0,1.15826404741525,0.08494931593479983
Cockatoo_lodging_Ana,0.04865979381443299,0.0,0.9867396447088244,-0.009846153837474869
Cockatoo_lodging_Carmen,0.05443298969072165,0.0,0.935126501209595,0.16474552614213459
Cockatoo_lodging_Cletus,0.047835051546391755,0.0,0.9346404398674031,0.2625565608351919
Cockatoo_lodging_Elvia,0.0445360824742268,0.0,1.0544636919078905,-0.012554502708120335
Cockatoo_lodging_Emory,0.04536082474226804,0.00041220115416323167,0.9022679648348947,0.4173700957220488
Cockatoo_lodging_Eric,0.06515463917525773,0.0,0.9481373991157338,0.2698905669075104
Cockatoo_lodging_Homer,0.03958762886597938,0.0,0.9646568397290428,0.0010081745816544509
Cockatoo_lodging_Jarrod,0.1575257731958763,0.0,7.380183352025037,-0.5466834676722798
Cockatoo_lodging_Javier,0.044948453608247424,0.0,0.8705208058657156,0.06410300766578522
Cockatoo_lodging_Jim,0.04206185567010309,0.0,1.055313767353485,0.3352610646455295
Cockatoo_lodging_Jimmie,0.04041237113402062,0.0,0.9892771412664936,0.21133702476906016
Cockatoo_lodging_Johnathan,0.02639175257731959,0.0,0.9253978186816152,0.16844271200321737
Cockatoo_lodging_Josephine,0.07051546391752578,0.0,0.880771180997399,0.029606677902967435
Cockatoo_lodging_Judi,0.04371134020618557,0.0,0.9673719221180525,0.26257128445588696
Cockatoo_lodging_Katharine,0.0577319587628866,0.0,0.8305869687731751,-0.008889186711418291
Cockatoo_lodging_Kerri,0.037525773195876286,0.0,0.9237959794154182,0.09565272694226531
Cockatoo_lodging_Kyle,0.05360824742268041,0.0,0.9152796191964411,0.10787404589196363
Cockatoo_lodging_Lana,0.024742268041237112,0.0,1.0667251735213799,0.08307466049371731
Cockatoo_lodging_Linwood,0.04618556701030928,0.0,1.1211501285369678,0.1227416581303679
Cockatoo_lodging_Lynne,0.04041237113402062,0.0,0.8460297940011404,-0.04589382669567787
Cockatoo_lodging_Mandy,0.021855670103092785,0.0,0.9504919394446201,-0.1600515794657954
Cockatoo_lodging_Olga,0.060618556701030925,0.0,1.3379420030679365,-0.05714348476369177
Cockatoo_lodging_Raphael,0.044948453608247424,0.0,0.8988021925947969,0.11994829325912967
Cockatoo_lodging_Tesha,0.03628865979381443,0.0,0.7574485958680726,-0.3266949725501085
Cockatoo_lodging_Tessie,0.05690721649484536,0.0,0.9136321975995869,0.1509151585569382
Cockatoo_office_Ada,0.14144329896907218,0.0,0.9161051318090799,0.5488017249559216
Cockatoo_office_Alton,0.04577319587628866,0.0,1.0946087358689505,0.03754881671227829
Cockatoo_office_Christy,0.05731958762886598,0.0,0.8830053353344386,-0.14126650086412615
Cockatoo_office_Delores,0.0445360824742268,0.0,1.0251948742294636,0.03206874812122871
Cockatoo_office_Elbert,0.041237113402061855,0.0,1.06159257871772,-0.13610362229279663
Cockatoo_office_Gail,0.06845360824742268,0.0,1.2904952656337714,0.3032230192505687
Cockatoo_office_Georgia,0.04247422680412371,0.0,1.0162728143905766,-0.0737826983143454
Cockatoo_office_Giovanni,0.047835051546391755,0.0,1.1025307517680516,-0.2519035028654453
Cockatoo_office_Jimmy,0.13072164948453607,0.0,1.2871028026299793,-0.24771697252610592
Cockatoo_office_Jodie,0.07216494845360824,0.0,1.1504063103625595,0.23811971039482865
Cockatoo_office_Kristin,0.04206185567010309,0.0,1.075986317799597,0.21232515027845503
Cockatoo_office_Laila,0.033814432989690724,0.0,1.005909350083776,-0.25154968046485193
Cockatoo_office_Lorraine,0.03463917525773196,0.0,0.9175413110390136,0.08040889523536329
Cockatoo_office_Paige,0.07216494845360824,0.0,1.0418131322133175,-0.35032267265594297
Cockatoo_office_Pansy,0.06927835051546392,0.0,1.0058632753980425,0.09193029595761729
Cockatoo_office_Rodney,0.05360824742268041,0.0,1.0963682128532646,-0.061856542252476936
Cockatoo_office_Roxanna,0.019381443298969073,0.0,1.0862982110998176,0.08427869704232181
Cockatoo_public_Caleb,0.07917525773195876,0.0,1.2324432067364524,0.3013781972566181
Cockatoo_public_Chiquita,0.04041237113402062,0.0,0.9626979389083128,0.03876080944001406
Cockatoo_public_Harland,0.05154639175257732,0.0,1.0060413059859319,0.03790621622584371
Cockatoo_public_Leah,0.0511340206185567,0.00041220115416323167,1.0212851077963703,0.07458968497890682
Cockatoo_public_Shad,0.0668041237113402,0.0,1.1471346718137165,0.16492336157865645
Cockatoo_public_Valerie,0.07876288659793815,0.0,0.9743684738285915,0.032818323713223164
Cockatoo_religion_Diedre,0.1439175257731959,0.0,0.8331979601558233,-0.028272196635678586
Cockatoo_science_Rex,0.06350515463917526,0.0,1.1418175537176374,0.4537569243494072
Cockatoo_utility_Kimiko,0.4074226804123711,0.0,0.786420512030549,-0.10076410497151182
Cockatoo_utility_Sherri,0.08329896907216496,0.0,1.146110340150962,0.1725415748339305
Crow_education_Kate,0.12618556701030928,0.0,0.8193312030634141,-0.3531993829465698
Crow_education_Keisha,0.04247422680412371,0.0,1.0274477817561452,0.16934391077819444
Crow_education_Marlin,0.19381443298969073,0.0,0.506632208931219,-1.4323956609909765
Crow_education_Omer,0.07010309278350516,0.0,1.0525058073680702,0.08288945763682525
Crow_education_Winston,0.2734020618556701,0.0,0.6853587677378321,-1.2048608028322825
Eagle_assembly_Benny,0.08536082474226804,0.021022258862324814,1.0785442532261156,-0.03613105280581082
Eagle_assembly_Candice,0.5760824742268041,0.005770816158285243,1.0783592410446317,-0.008725089599146916
Eagle_assembly_Estelle,0.4222680412371134,0.005770816158285243,0.9089690685289034,-0.14635167257695103
Eagle_assembly_Herbert,0.3802061855670103,0.012778235779060182,0.8269020896682778,-0.15049079207748964
Eagle_assembly_Ian,0.047010309278350516,0.005770816158285243,1.0154412924737877,0.22149311481717684
Eagle_assembly_Josie,0.05278350515463918,0.0053586150041220115,0.7775043448596457,-0.8623892563608254
Eagle_assembly_Lacy,0.02515463917525773,0.011953833470733718,1.1362750762134763,-0.006930449272340866
Eagle_assembly_Latrina,0.43876288659793816,0.043281121187139324,0.4084091689669739,-0.8142151198495075
Eagle_assembly_Margret,0.0779381443298969,0.01236603462489695,1.1405907172116219,0.13142324520028456
Eagle_assembly_Portia,0.13195876288659794,0.005770816158285243,0.7635613414197713,-0.6240405481606209
Eagle_education_Alberto,0.03793814432989691,0.006595218466611707,0.991253970268281,0.14231020086555338
Eagle_education_April,0.9975257731958763,0.11046990931574609,1.1158917284881675,-0.29745422822013623
Eagle_education_Brianne,0.08701030927835052,0.006595218466611707,0.7599347054125233,0.03596392445544656
Eagle_education_Brooke,0.03876288659793815,0.004534212695795548,1.0539594859368726,0.5707004790737102
Eagle_education_Edith,0.052371134020618555,0.006595218466611707,0.9225175110418201,-0.15312204305563534
Eagle_education_Eileen,0.03876288659793815,0.007007419620774938,0.9257765670995861,0.05741030317427692
Eagle_education_Jewell,0.26144329896907215,0.1768342951360264,0.7806903718084295,1.089293946572769
Eagle_education_Lino,0.03958762886597938,0.0053586150041220115,1.1174070340625293,0.16808673927405968
Eagle_education_Luther,0.10927835051546392,0.010717230008244023,0.9552639631347881,0.39890848616294255
Eagle_education_Maragret,0.16989690721649484,0.005770816158285243,0.9857517875030224,0.1595956443477555
Eagle_education_Norah,0.03546391752577319,0.005770816158285243,0.951495268823035,0.3281002506929338
Eagle_education_Paul,0.07175257731958763,0.007007419620774938,1.2027707108235632,0.0863925915137788
Eagle_education_Peter,0.04824742268041237,0.006595218466611707,1.0615784205862164,0.2744242411358105
Eagle_education_Petra,0.15381443298969072,0.005770816158285243,0.9220792641967654,0.0007250377010663351
Eagle_education_Raul,0.02639175257731959,0.0053586150041220115,1.0551620067386107,0.26635651173756314
Eagle_education_Roman,0.03546391752577319,0.0053586150041220115,0.986203474351496,0.20074187996955434
Eagle_education_Samantha,0.021030927835051547,0.003709810387469085,0.9756610327829874,0.6945875686682963
Eagle_education_Shana,0.03134020618556701,0.006595218466611707,0.9716191151797817,0.1388375823597195
Eagle_education_Shanna,0.0334020618556701,0.006183017312448475,1.1601626277425274,0.6278530547290141
Eagle_education_Shante,0.023917525773195877,0.006595218466611707,0.9988673560939401,0.326434038608924
Eagle_education_Sheena,0.07216494845360824,0.007007419620774938,1.2028058614945838,0.08625788357573816
Eagle_education_Sherrill,0.03546391752577319,0.009480626545754328,1.0130836308609676,0.3398315704229002
Eagle_education_Teresa,0.04041237113402062,0.0053586150041220115,0.9937843647403332,-0.06540706750361834
Eagle_education_Wesley,0.06474226804123712,0.005770816158285243,1.0062915374390784,-0.41313395510850426
Eagle_education_Will,0.029690721649484535,0.01236603462489695,1.0115999530782063,0.40254867552788787
Eagle_food_Jennifer,0.10268041237113402,0.025968672712283595,1.9056389203898254,-0.0670320091847357
Eagle_food_Kay,0.15711340206185567,0.15333882934872217,0.7588993909801975,0.3000282445911363
Eagle_health_Amy,0.0997938144329897,0.005770816158285243,0.9204415045946844,0.0030876661153310375
Eagle_health_Athena,0.04907216494845361,0.005770816158285243,0.9914261900331524,-0.07511942385519006
Eagle_health_Gregoria,0.1575257731958763,0.0053586150041220115,589144384995.878,25.066402819079237
Eagle_health_Jodi,0.060618556701030925,0.005770816158285243,1.0454256249907672,0.10091880109844201
Eagle_health_Lucinda,0.033814432989690724,0.015251442704039572,0.8716268131651015,0.7704881153827647
Eagle_health_Margo,0.035876288659793816,0.013190436933223413,1.014623468115215,0.27055313846912005
Eagle_health_Reba,0.04865979381443299,0.005770816158285243,0.8745369564510749,-0.0731668418424478
Eagle_health_Reuben,0.04824742268041237,0.006183017312448475,1.1217404346759066,0.25095067965337936
Eagle_health_Trisha,0.030103092783505155,0.005770816158285243,1.0813778078831524,0.3294219004690527
Eagle_health_Vincenza,0.05690721649484536,0.013602638087386645,0.9756732105815843,0.005665842806838127
Eagle_lodging_Andy,0.04247422680412371,0.00494641384995878,0.9554431827643313,0.15710301522816972
Eagle_lodging_Casey,0.03917525773195876,0.005770816158285243,0.9205875678797405,0.17770918412899092
Eagle_lodging_Dawn,0.03463917525773196,0.005770816158285243,0.9268990462058967,0.17292698672146709
Eagle_lodging_Edgardo,0.029690721649484535,0.005770816158285243,0.9272705755862303,0.07334278016869669
Eagle_lodging_Stephanie,0.08288659793814433,0.006183017312448475,0.9571563513122233,0.0850917731033369
Eagle_lodging_Terri,0.02597938144329897,0.00741962077493817,1.2332104935742827,0.4259735792992808
Eagle_lodging_Tressa,0.10969072164948454,0.005770816158285243,1.0783082698793136,-0.04896944193656799
Eagle_lodging_Trina,0.03505154639175258,0.005770816158285243,0.952823913616985,0.0772495555142206
Eagle_office_Amanda,0.08742268041237114,0.011129431162407255,1.7846534397263336,-0.6471029830787149
Eagle_office_Amie,0.9987628865979381,0.0,0.7458250587671391,-0.5143554372181764
Eagle_office_Bridgett,0.09278350515463918,0.013602638087386645,0.943652545332365,-0.20961444157305004
Eagle_office_Chantelle,0.3377319587628866,0.09356966199505358,1.5185603474850338,1.1630456841000147
Eagle_office_Chauncey,0.030103092783505155,0.006183017312448475,1.0168826875142636,0.3125866453000556
Eagle_office_Dallas,0.07051546391752578,0.03462489694971146,0.8060996212304218,-0.32200089894811007
Eagle_office_Damian,0.02556701030927835,0.006595218466611707,1.0332541502682597,0.04471416652817241
Eagle_office_Demetra,0.07835051546391752,0.005770816158285243,1.0022306988180787,0.06467400748188507
Eagle_office_Donovan,0.04329896907216495,0.011953833470733718,0.9868086954179727,0.021476865852419185
Eagle_office_Efrain,0.05690721649484536,0.005770816158285243,1.1665753276035384,0.3074748456356681
Eagle_office_Elia,0.05278350515463918,0.006595218466611707,0.9657117192442117,-0.28216523834058105
Eagle_office_Elias,0.02556701030927835,0.006595218466611707,1.0332292866396842,0.04474442022436623
Eagle_office_Elvis,0.08948453608247423,0.005770816158285243,1.1512864960402434,-0.023586541338165897
Eagle_office_Flossie,0.04824742268041237,0.02267106347897774,0.980040875227976,-0.029749748216202958
Eagle_office_Francis,0.023917525773195877,0.005770816158285243,1.0444045221953338,0.3140860198388815
Eagle_office_Freida,0.10474226804123711,0.005770816158285243,1.2512652967172238,0.30603634485516135
Eagle_office_Henriette,0.6263917525773196,0.013190436933223413,0.9245283405537883,-0.016357311739147187
Eagle_office_Isidro,0.3022680412371134,0.005770816158285243,0.92,0.099442077305248
Eagle_office_Jackie,0.0865979381443299,0.006183017312448475,1.0408021211028216,0.06887391887652879
Eagle_office_Jeff,0.0997938144329897,0.005770816158285243,0.9173177411495875,-0.05419573951549712
Eagle_office_Joette,0.30556701030927835,0.005770816158285243,0.9303877188617106,-0.18728289085735164
Eagle_office_Katheleen,0.05278350515463918,0.006595218466611707,0.7130875964226866,-0.8357658848038311
Eagle_office_Lamont,0.015257731958762887,0.007007419620774938,0.9908336668066687,0.1131395681223352
Eagle_office_Lane,0.0668041237113402,0.005770816158285243,0.922996652028349,0.0001602979208982199
Eagle_office_Lillian,0.03175257731958763,0.005770816158285243,1.0500098288763124,-0.20384608474518828
Eagle_office_Mable,0.1220618556701031,0.013190436933223413,0.9360968880270862,0.08557474337389298
Eagle_office_Mandi,0.03134020618556701,0.006595218466611707,0.9716530680447195,0.13873621201189285
Eagle_office_Marisela,0.02515463917525773,0.00741962077493817,0.9645636410329202,0.11144660331702898
Eagle_office_Michele,0.2956701030927835,0.0053586150041220115,0.9325661319282673,0.02412897478256569
Eagle_office_Nereida,0.030927835051546393,0.0016488046166529267,0.9912869490245249,0.18241669663214077
Eagle_office_Norbert,0.038350515463917524,0.00741962077493817,0.9942205736035808,0.06397810034656676
Eagle_office_Patrice,0.04329896907216495,0.005770816158285243,0.974784613205239,-0.09129511322283157
Eagle_office_Phyllis,0.03134020618556701,0.006595218466611707,0.9716171861331037,0.1385595855995164
Eagle_office_Randolph,0.07010309278350516,0.013190436933223413,1.0450976599906983,-0.07194728263848017
Eagle_office_Remedios,0.023505154639175258,0.007007419620774938,0.9744967682546853,0.19530946449381897
Eagle_office_Ryan,0.18103092783505154,0.005770816158285243,0.9610638837784685,0.29740704092162856
Eagle_office_Sheree,0.5773195876288659,0.016900247320692497,1.1917495854063018,-0.22998750463540749
Eagle_office_Sonya,0.0445360824742268,0.005770816158285243,1.0231337370535967,-0.013844053374166993
Eagle_office_Tia,0.03876288659793815,0.007007419620774938,0.9257765209216259,0.05741032579847997
Eagle_office_Yadira,0.05567010309278351,0.0053586150041220115,0.9833571470061447,-0.04897703323013299
Eagle_public_Alvin,0.05195876288659794,0.00494641384995878,0.8552645934157277,0.04102303021595175
Eagle_public_Henry,0.0865979381443299,0.010717230008244023,1.8368043758918255,0.07830661415271287
Eagle_public_Minnie,0.28164948453608246,0.014014839241549877,1.121054498167632,0.3700311852624327
Eagle_public_Missy,0.07298969072164949,0.006183017312448475,1.0468799920748646,-0.43608915512600965
Eagle_public_Ola,0.5010309278350515,0.0053586150041220115,0.6936876103852614,0.012358415486250383
Eagle_public_Pearle,0.08989690721649485,0.007007419620774938,1.0220843361262106,0.2923212725259582
Eagle_public_Preston,0.05855670103092783,0.00741962077493817,0.990550718562022,0.08525395089658812
Fox_assembly_Adrianne,0.09731958762886599,0.003709810387469085,0.8213791785047171,-0.2285056017640894
Fox_assembly_Audrey,0.17237113402061854,0.00041220115416323167,0.8864080411412535,-0.044060911482636654
Fox_assembly_Boyce,0.053195876288659794,0.00041220115416323167,0.9300206639397178,-0.31351815665834337
Fox_assembly_Bradley,0.15257731958762888,0.00041220115416323167,0.7253982766879722,-1.7256964108297392
Fox_assembly_Carlos,0.1327835051546392,0.00041220115416323167,0.9714484479131161,0.07859868311890435
Fox_assembly_Cathy,0.06969072164948453,0.0008244023083264633,1.0373341445768085,0.05626807126881111
Fox_assembly_Cecelia,0.1397938144329897,0.0,0.42219195536384085,-1.2272899246089608
Fox_assembly_Christie,0.10639175257731959,0.00494641384995878,0.7819851753769181,-0.41068011802855636
Fox_assembly_Cindy,0.02268041237113402,0.00041220115416323167,0.8838019413487066,-0.29557468264177134
Fox_assembly_Dixie,0.37731958762886597,0.00041220115416323167,0.6733631733758481,-0.30792896794733
Fox_assembly_Emma,0.0775257731958763,0.00041220115416323167,0.8268370376077847,-0.06245370869564197
Fox_assembly_Gary,0.03216494845360825,0.00041220115416323167,0.9578099871958208,-0.007259309543695817
Fox_assembly_Jerrod,0.7278350515463917,0.004122011541632316,0.6430180094374022,-0.387747530558585
Fox_assembly_Johnnie,0.05814432989690722,0.00041220115416323167,0.9641404976227634,-0.049311324408336105
Fox_assembly_Kathie,0.08536082474226804,0.0016488046166529267,1.6060126205804173,1.0685569619635178
Fox_assembly_Lakeisha,0.030103092783505155,0.00041220115416323167,0.862427860017881,-0.3104239125964577
Fox_assembly_Leeanne,0.06268041237113402,0.0008244023083264633,0.6390886100140837,-0.5324831679710427
Fox_assembly_Renna,0.04618556701030928,0.00041220115416323167,1.0520005642740546,0.11866298675762682
Fox_assembly_Sheldon,0.047835051546391755,0.0,1.201985814624004,0.0029220001869091046
Fox_assembly_Terrell,0.12082474226804124,0.048639736191261336,1.0395657614165454,0.21668354758371944
Fox_assembly_Tony,0.06721649484536082,0.0,1.1466283295593356,-0.09982919272977833
Fox_education_Andre,0.012783505154639175,0.0,0.9556598962021193,0.008128320970358918
Fox_education_Ashli,0.10969072164948454,0.00041220115416323167,1.4580057986659487,-0.2376201750403314
Fox_education_Burton,0.07051546391752578,0.0008244023083264633,1.0075991840569047,0.015292071126527333
Fox_education_Carleen,0.15793814432989692,0.00041220115416323167,0.7177931769539976,-0.020491491019795444
Fox_education_Charles,0.21896907216494846,0.0,0.6246941966509936,-1.0390450511991147
Fox_education_Claire,0.3216494845360825,0.00041220115416323167,0.9490646236215408,0.09497848219815075
Fox_education_Claude,0.03958762886597938,0.00041220115416323167,0.9915870512867833,0.132159301340458
Fox_education_Cynthia,0.04536082474226804,0.0016488046166529267,1.1322312395866798,0.3789068247059415
Fox_education_Delma,0.43381443298969075,0.00041220115416323167,1.3573456102980168,0.05789793309685358
Fox_education_Dewayne,0.14144329896907218,0.0008244023083264633,1.018036050775139,0.16935794363006548
Fox_education_Dominique,0.04536082474226804,0.00041220115416323167,0.9967621577410744,-0.05429493830587341
Fox_education_Eddy,0.05649484536082474,0.00041220115416323167,1.1165287888169602,0.035454965050901524
Fox_education_Eldon,0.041237113402061855,0.0,1.0286336662285318,-0.07667054890815822
Fox_education_Elizabeth,0.09402061855670103,0.01772464962901896,0.7522635940338581,-0.3142440592341276
Fox_education_Elois,0.10639175257731959,0.0,1.1969919620890535,-0.4297030990458298
Fox_education_Elvira,0.04742268041237113,0.00041220115416323167,1.1963599089279255,0.5139288867516667
Fox_education_Etta,0.0668041237113402,0.0,0.8318347687782839,-0.49806713389901386
Fox_education_Gayla,0.3938144329896907,0.33264633140972794,0.6839360569768095,0.3936802173771326
Fox_education_Geoffrey,0.05030927835051546,0.0,0.9164677182266329,0.041714904693240414
Fox_education_Gloria,0.07051546391752578,0.00041220115416323167,1.0227651740715042,0.05575341057963367
Fox_education_Henrietta,0.31092783505154636,0.00041220115416323167,0.3308724977647056,-0.4132298643057602
Fox_education_Heriberto,0.08783505154639175,0.00041220115416323167,1.1616601973520686,0.09997973883153279
Fox_education_Jaclyn,0.10597938144329896,0.0,0.9312299453060034,-0.2455202826327604
Fox_education_Jacqueline,0.5080412371134021,0.4777411376751855,0.9441810215473262,0.004630842975335206
Fox_education_Janina,0.04329896907216495,0.0,0.8920778912248332,-0.05813652513632726
Fox_education_John,0.07917525773195876,0.00041220115416323167,0.7577298803994997,-0.3526450477776943
Fox_education_Kendrick,0.09608247422680412,0.00041220115416323167,0.762861712078694,-0.24876373542542143
Fox_education_Kim,0.06350515463917526,0.00041220115416323167,1.0254515701667264,0.12015483097118297
Fox_education_Kris,0.11134020618556702,0.001236603462489695,0.6616904724347359,-0.2767867891354145
Fox_education_Leona,0.09319587628865979,0.00041220115416323167,0.9477017981370711,-0.040571017532707
Fox_education_Leota,0.04742268041237113,0.0008244023083264633,1.0562753282833997,0.18423855832689037
Fox_education_Lesley,0.06103092783505155,0.00041220115416323167,1.0442095033636463,-0.025520997230232698
Fox_education_Lilly,0.06515463917525773,0.0,1.0036162567320006,-0.12855091745767122
Fox_education_Long,0.07628865979381444,0.00041220115416323167,1.0718561394453876,0.2173034999549196
Fox_education_Louie,0.03628865979381443,0.0,0.9524344180235421,-0.10528899240570665
Fox_education_Marcelina,0.12288659793814433,0.002061005770816158,2.1740495261247728,1.2966349633932894
Fox_education_Maris,0.5806185567010309,0.0,1.0940235611720008,-0.08652360443765572
Fox_education_Marlana,0.028041237113402062,0.00041220115416323167,1.0097573826111021,-0.07374047853549238
Fox_education_Maureen,0.044948453608247424,0.00041220115416323167,0.9985988513926504,-0.07860323196548634
Fox_education_Melinda,0.044123711340206186,0.00041220115416323167,0.9612012570919929,0.26087295019056655
Fox_education_Melvin,0.0890721649484536,0.00041220115416323167,0.9789287073510177,-0.13202776790650422
Fox_education_Miguelina,0.09360824742268041,0.00041220115416323167,0.954315561025369,-0.2096354292242607
Fox_education_Nilda,0.06144329896907216,0.00041220115416323167,0.9709932547051418,-0.008229104145368815
Fox_education_Ollie,0.04206185567010309,0.00041220115416323167,0.9290004469734975,-0.07523142192214327
Fox_education_Otilia,0.035876288659793816,0.0,0.9710731403771931,0.11588548676968029
Fox_education_Ray,0.052371134020618555,0.0,1.639020640308545,0.6562508698376792
Fox_education_Rosie,0.04164948453608248,0.00041220115416323167,1.2591764893358388,1.1131780003330627
Fox_education_Rudolph,0.11587628865979381,0.00041220115416323167,1.1253201318155925,0.42668514365172766
Fox_education_Shaun,0.09484536082474226,0.0016488046166529267,1.2365846242344527,0.8656843516388919
Fox_education_Shawanda,0.4816494845360825,0.00041220115416323167,0.6694497913354762,-1.0661424072871648
Fox_education_Shirley,0.0668041237113402,0.00041220115416323167,1.104332075368085,0.4797895604958074
Fox_education_Stacia,0.06020618556701031,0.00041220115416323167,0.9737624534267956,0.5472238542605445
Fox_education_Sterling,0.11505154639175258,0.00041220115416323167,0.8695732339398663,0.1501121674574131
Fox_education_Suzan,0.09690721649484536,0.002061005770816158,1.3811403555767805,0.9692758355629135
Fox_education_Tamika,0.09690721649484536,0.001236603462489695,0.9655201689426054,0.29662448262079105
Fox_education_Theodore,0.06721649484536082,0.0008244023083264633,0.9987601006157992,-0.17329141811494353
Fox_education_Tonya,0.04824742268041237,0.0,0.8837414274664225,-0.2109362624097914
Fox_education_Virgil,0.03505154639175258,0.0,1.0558988894416679,0.1256888943838554
Fox_education_Virginia,0.056082474226804124,0.00041220115416323167,1.3634925787396708,0.8181423808046878
Fox_education_Wendell,0.06350515463917526,0.00041220115416323167,0.9908126829411841,0.07998503683969083
Fox_education_Willis,0.1336082474226804,0.00041220115416323167,0.9776056289692271,-0.12171957270340199
Fox_education_Yolande,0.04082474226804124,0.00041220115416323167,1.0492363278084582,0.06922362674808363
Fox_food_Francesco,0.05195876288659794,0.00041220115416323167,0.8866530645895974,-0.14384998733898602
Fox_food_Scott,0.035876288659793816,0.00041220115416323167,0.9888171142604166,0.10327141977718367
Fox_health_Lorena,0.05278350515463918,0.00041220115416323167,1.0466106061510023,0.05277680844082495
Fox_lodging_Alana,0.03422680412371134,0.00041220115416323167,0.9471807805714483,-0.040425770894840035
Fox_lodging_Angla,0.041237113402061855,0.00494641384995878,0.8992809003306548,0.029030383734911593
Fox_lodging_Frances,0.07422680412371134,0.004534212695795548,0.8416836991278539,0.10372055550458326
Fox_lodging_Helen,0.02597938144329897,0.0,0.912834598288518,0.04284531991686904
Fox_lodging_Isabell,0.027216494845360824,0.00041220115416323167,1.193175055613397,0.9235721000049348
Fox_lodging_Jina,0.0334020618556701,0.00041220115416323167,1.0109032107721068,0.04148199221902438
Fox_lodging_Morris,0.018556701030927835,0.0016488046166529267,0.69061575603231,0.3425576192088616
Fox_lodging_Stephan,0.02845360824742268,0.0,0.9010379699415332,-0.10505091628115751
Fox_lodging_Stephen,0.02556701030927835,0.00041220115416323167,1.019936391663881,0.01186591892926587
Fox_lodging_Wallace,0.026804123711340205,0.00041220115416323167,0.9390020951405884,0.152775049523173
Fox_lodging_Warren,0.02515463917525773,0.00041220115416323167,0.9721399573038108,0.49523074679764145
Fox_lodging_Winifred,0.024329896907216497,0.00041220115416323167,0.9490237465109007,-0.08387957818728331
Fox_office_Alice,0.052371134020618555,0.00041220115416323167,0.9763533256879288,-0.024174092230727213
Fox_office_Bernard,0.25443298969072164,0.00041220115416323167,1.0713279174699428,0.15146146116425555
Fox_office_Berniece,0.037525773195876286,0.0,1.6565219864989724,0.4613289845333341
Fox_office_Brandy,0.11670103092783506,0.00041220115416323167,0.7760696938879387,-0.44237429122621374
Fox_office_Carson,0.08618556701030927,0.0,1.0480414836711411,0.22426280694361747
Fox_office_Clayton,0.11051546391752577,0.00041220115416323167,0.8099036685448902,-0.3689991060384994
Fox_office_Demetrius,0.0334020618556701,0.00041220115416323167,1.366514620851685,0.28190877267804354
Fox_office_Easter,0.12247422680412372,0.001236603462489695,1.2917272140346654,0.5933968500141829
Fox_office_Edythe,0.056082474226804124,0.0,0.9892029803715664,-0.20920257036456338
Fox_office_Essie,0.24618556701030928,0.00041220115416323167,0.9133644255474996,-0.02394686017006598
Fox_office_Gaylord,0.1472164948453608,0.00041220115416323167,0.8399593730105418,-0.2773551679026983
Fox_office_Israel,0.04907216494845361,0.00041220115416323167,1.081253585237651,0.18027933531918314
Fox_office_Joy,0.044123711340206186,0.0,1.0074347624464777,0.24587044324573282
Fox_office_Juana,0.08494845360824742,0.00041220115416323167,1.2876298063481189,0.7432049872065197
Fox_office_Karima,0.20247422680412372,0.00041220115416323167,0.9096485198528784,-0.03849580775695896
Fox_office_Margarita,0.1711340206185567,0.04286892003297609,0.7085395552806623,0.278605776274042
Fox_office_Molly,0.11463917525773196,0.00041220115416323167,1.190518238840509,0.14155504194598312
Fox_office_Rowena,0.0688659793814433,0.00041220115416323167,0.7480585087759374,-0.3314730252264222
Fox_office_Sheila,0.12329896907216495,0.002061005770816158,0.5188662948752971,-0.6402758366431325
Fox_office_Susanne,0.14680412371134022,0.0008244023083264633,0.641619778302305,-0.6639598652267042
Fox_office_Thelma,0.10185567010309278,0.00041220115416323167,0.9830782512973454,-0.21556642873880594
Fox_office_Vicki,0.06597938144329897,0.0008244023083264633,0.844719660832751,-0.12884604007138312
Fox_office_Yong,0.0511340206185567,0.00041220115416323167,1.2871958507812464,0.10696703685835993
Fox_office_Zachary,0.03463917525773196,0.00041220115416323167,1.2718703609656752,0.46487838755797256
Fox_parking_Felipa,0.12123711340206185,0.018136850783182192,0.9223206971225947,0.411872697902081
Fox_parking_Lynelle,0.10969072164948454,0.00041220115416323167,0.8324536714777082,0.01071755584019588
Fox_parking_Tommie,0.029690721649484535,0.00041220115416323167,1.0063324743021755,0.12383173395733844
Fox_public_Bart,0.10391752577319588,0.0008244023083264633,0.9745440062566604,-0.10260921271292216
Fox_public_Belle,0.6136082474226804,0.00041220115416323167,0.6708327685417406,0.47567978747596373
Fox_public_Denny,0.05938144329896907,0.00041220115416323167,0.7689122162065886,-0.7424000391499913
Fox_public_Lauren,0.03628865979381443,0.0,1.0462499372026222,0.27008345540917256
Fox_public_Martin,0.06721649484536082,0.00041220115416323167,1.0064486917391258,-0.12345209058214543
Fox_public_Rhonda,0.049484536082474224,0.00041220115416323167,1.266347374437101,0.13265428653744205
Fox_religion_Maurice,0.34144329896907216,0.038746908491343775,0.5787463876348158,-0.5404472519451781
Fox_retail_Manie,0.23876288659793815,0.0,1.06561701093425,0.050088502340590875
Fox_utility_Marian,0.32618556701030926,0.00041220115416323167,0.6882972635966111,-0.4840427377796685
Fox_warehouse_Lorretta,0.5583505154639176,0.18713932399010716,0.9947706306854416,0.13889742304946806
Fox_warehouse_Pearl,0.07010309278350516,0.00041220115416323167,0.6198231385739477,-0.6330632595389757
Gator_assembly_Blanca,0.963298969072165,0.0,0.9399901582398937,0.27416655099218096
Gator_assembly_Daisy,0.9657731958762886,0.0,1.4410993037198172,0.055178418547378816
Gator_assembly_Enid,0.9628865979381444,0.0,1.1897492720093927,0.18783774591699312
Gator_assembly_Gene,0.9628865979381444,0.0,1.0055293111336125,-0.5142800706485015
Gator_assembly_Joni,0.9802061855670103,0.0,0.9429525367568197,-0.6424542583357354
Gator_assembly_Kayleigh,0.9698969072164948,0.0,0.7972044011486041,-0.22048770872290488
Gator_assembly_Kimberly,0.9690721649484536,0.17807089859851608,0.9804342619889411,0.7521057836194215
Gator_assembly_Lelia,0.9727835051546392,0.0,1.8276319247031843,0.3305262212649796
Gator_assembly_Loyce,0.9649484536082474,0.0,0.9447762008591161,0.1759259430754004
Gator_assembly_Lucia,0.971958762886598,0.00989282769991756,1.193493217396716,0.04330075089529644
Gator_assembly_Marjorie,0.963298969072165,0.0,1.0686646415467533,-0.28762207864925804
Gator_assembly_Maurine,0.9645360824742268,0.0,2.0415719396846996,0.8718524453506196
Gator_assembly_Regina,0.9703092783505155,0.33635614179719703,0.34885783763393063,0.5608088657903336
Gator_office_August,0.9641237113402061,0.0,1.1520056097413482,-0.1335129690896329
Gator_office_Betty,0.9624742268041238,0.0,0.958728224422239,-0.13201462505033834
Gator_office_Hunter,0.963298969072165,0.00989282769991756,0.801468578804033,-0.2506031183552926
Gator_office_Julie,0.9645360824742268,0.0,0.86338921142828,-0.33590012608573355
Gator_office_Lisa,0.963298969072165,0.0,1.069307248998943,-0.08884440766274584
Gator_office_Lucy,0.9740206185567011,0.0,295.71338902173613,6.38790698921128
Gator_other_Cassandra,0.9649484536082474,0.0,0.9987207535867296,0.08240185756167372
Gator_other_Elfriede,0.9628865979381444,0.0,0.9369747627730153,-0.6538317459329055
Gator_other_Gertrude,0.963298969072165,0.0,0.7096299758812904,-0.4067459199505394
Gator_other_Minda,0.9740206185567011,0.00989282769991756,1.1537172548408634,0.1862143995263118
Gator_other_Reginald,0.963298969072165,0.0,0.7019119738654012,-0.26455889376679775
Gator_other_Russel,0.9674226804123711,0.0,1.0284119358896786,-0.24603734094473365
Gator_public_Alexandra,0.962061855670103,0.0,0.6873739306854622,-0.3817250554318178
Gator_public_Beulah,0.9649484536082474,0.0,0.7800472992952188,-0.1343093413230484
Gator_public_Cheri,0.9637113402061855,0.0,0.9317069822833657,0.35834876247779623
Gator_public_Clara,0.9661855670103093,0.0,0.8372839621558172,-0.35802628056601377
Gator_public_Dale,0.9641237113402061,0.0,0.8784810082924818,-0.32794300750854477
Gator_public_Dewey,0.9690721649484536,0.0,0.9063085596863039,-0.5243395557246008
Gator_public_Dionna,0.9694845360824742,0.00989282769991756,0.9109782445568951,-0.5662029752618317
Gator_public_Erika,0.9624742268041238,0.0,0.8750197518852246,-0.12919490056186322
Gator_public_Everette,0.9624742268041238,0.0,1.068682430312387,0.38734867862642525
Gator_public_Geraldine,0.9637113402061855,0.0,0.880858831037337,-0.25018833473737345
Gator_public_Janna,0.963298969072165,0.0,1.1283418732536357,-0.029521904183558843
Gator_public_Jayme,0.9649484536082474,0.0,0.7367981803063228,0.007713697865951945
Gator_public_Kendall,0.962061855670103,0.00989282769991756,0.9379639423405804,-0.003941800566017033
Gator_public_Kenny,0.9624742268041238,0.0,1.063530890499918,0.23293739133116628
Gator_public_Latasha,0.9665979381443299,0.0,0.9848992125277942,-0.11577568507433972
Gator_public_Leroy,0.9657731958762886,0.0,0.7720569912085418,0.08132023120833913
Gator_public_Lindsey,0.9661855670103093,0.0,0.8435541529286545,-0.32338302663032165
Gator_public_Marcie,0.962061855670103,0.0,1.0418700098178102,0.12847073514549523
Gator_public_Marissa,0.963298969072165,0.0,0.7937182558201106,-0.2519704179310573
Gator_public_Maude,0.9703092783505155,0.0,0.8910388205560235,-0.724278444935337
Gator_public_Natasha,0.9698969072164948,0.0,0.9631812080341766,-0.37966695179634374
Gator_public_Nettie,0.9707216494845361,0.0,0.764811142783662,0.4348641334703652
Gator_public_Noe,0.962061855670103,0.00989282769991756,0.7436372235039198,0.05446788554303321
Gator_public_Philip,0.965360824742268,0.01978565539983512,0.6750512197092294,-0.7370096683757646
Gator_public_Randall,0.9616494845360825,0.0,1.01548597280376,-0.15791515606199094
Gator_public_Ross,0.9674226804123711,0.0,0.8249107936296721,0.2850394700125089
Gator_public_Tiffany,0.965360824742268,0.0,0.8449513780819291,-0.2925258938136619
Gator_warehouse_Constance,0.9628865979381444,0.0,0.6242527377556277,-0.500339236775735
Gator_warehouse_Stacie,0.962061855670103,0.0,0.8411105568261712,-0.41055759404813136
Hog_assembly_Colette,0.12989690721649486,0.0,0.6555400645439124,-0.4754113545112627
Hog_assembly_Dona,0.014845360824742268,0.0,0.9358644099516222,-0.06795882705349672
Hog_assembly_Edward,1.0,1.0,0.0,-21.722065243821422
Hog_assembly_Jasmine,0.088659793814433,0.0,0.8640709857713754,0.14762599069137122
Hog_assembly_Letha,0.09608247422680412,0.0,1.1371477987719314,-0.23810728649898139
Hog_assembly_Maribel,0.09402061855670103,0.0,0.9514668683247925,-0.23380314051931797
Hog_assembly_Pedro,0.1311340206185567,0.0,0.923965898140435,-0.11963227588840683
Hog_education_Beth,0.07628865979381444,0.0,0.9950585643794652,-0.13474021150518892
Hog_education_Bruno,0.04824742268041237,0.0,0.984866332422911,-0.0005221183116011443
Hog_education_Caridad,0.36,0.0,1.004874639503571,-1.2721655375558774
Hog_education_Casandra,0.2791752577319588,0.0,0.817439156277815,-1.6524279370253323
Hog_education_Cathleen,0.06762886597938145,0.0,0.9569890394253506,-0.019744695677057396
Hog_education_Darryl,0.8812371134020619,0.8676834295136027,0.11580272822665266,-0.0296531246252193
Hog_education_Donnie,0.22474226804123712,0.0,0.48938331469626756,-1.2373662592992372
Hog_education_George,0.07628865979381444,0.0,0.9067373447205813,-0.00019681844598769708
Hog_education_Hallie,0.050721649484536085,0.0,0.9907071785863434,0.13561519218274645
Hog_education_Haywood,0.0663917525773196,0.0,1.0195337867401404,0.1876499450273038
Hog_education_Janell,0.19711340206185568,0.0,0.7983762497870676,-1.2696857611516374
Hog_education_Jared,0.14762886597938144,0.00041220115416323167,1.1190800194476522,0.04332533519856451
Hog_education_Jewel,0.22474226804123712,0.0,0.9721642903528522,-0.17121724254351647
Hog_education_Jordan,0.06020618556701031,0.0,0.9825702718012087,-0.16086917536080036
Hog_education_Josh,0.9628865979381444,0.9591920857378401,0.032693860815264174,-0.8874859583909019
Hog_education_Leandro,0.0622680412371134,0.0,0.8910941465521564,-0.1131552460047588
Hog_education_Luvenia,0.1447422680412371,0.0,0.8897339499298375,-0.2902802640787407
Hog_education_Madge,0.16288659793814433,0.0,0.9012083691809796,0.19713337613936388
Hog_education_Odell,0.0754639175257732,0.0,0.9711002468812656,-0.2894899520752028
Hog_education_Rachael,0.12247422680412372,0.0,0.8179452077584339,-0.5018563344202857
Hog_education_Robert,0.088659793814433,0.0,0.8270122100640486,-0.21321441379913608
Hog_education_Roberto,0.08247422680412371,0.0008244023083264633,1.0422695815687426,-0.010927762392233089
Hog_education_Sonia,0.07876288659793815,0.0,0.9691614713930233,-0.04649713809311524
Hog_education_Wayne,0.061855670103092786,0.0,1.001980861740919,0.0270132016887974
Hog_food_Morgan,0.09030927835051547,0.0,0.9673754303243199,-0.047280812268615746
Hog_health_Hisako,0.05567010309278351,0.0,1.0211947494412557,0.04575368456498239
Hog_health_Jenny,0.08494845360824742,0.0,1.0244697415408524,-0.07494499556657026
Hog_health_Kesha,0.0779381443298969,0.0,1.0259006730631586,-0.07125429712679374
Hog_industrial_Jay,0.10391752577319588,0.0008244023083264633,1.020865536220765,0.11657995080097143
Hog_industrial_Jeremy,0.1670103092783505,0.0,1.0756399483680759,0.048288386834395805
Hog_industrial_Joanne,0.1327835051546392,0.0,1.0917640736487544,-0.018926209796933824
Hog_industrial_Mariah,0.06556701030927835,0.0,1.8006962222950025,0.6167539524227453
Hog_industrial_Quentin,0.28989690721649486,0.0,0.828753600239249,-0.48216754799541645
Hog_lodging_Brian,0.10680412371134021,0.0,0.9722356509127839,0.046231383654829046
Hog_lodging_Celeste,0.05938144329896907,0.0,0.9168505735067043,-0.10140445946622652
Hog_lodging_Edgar,0.0643298969072165,0.0,9.102727405318683,0.1672924070341478
Hog_lodging_Francisco,0.05855670103092783,0.0,0.9823037418065572,0.03913219329801647
Hog_lodging_Hal,0.1463917525773196,0.0,0.6782627350776762,-0.7364689348339857
Hog_lodging_Mauricio,0.06845360824742268,0.0,0.7096988883372394,-0.9642130655838125
Hog_lodging_Nikki,0.05360824742268041,0.0,0.7915951600762107,-0.7004241693022578
Hog_lodging_Ora,0.06391752577319587,0.0,0.7363792201703361,-0.20693170572709216
Hog_lodging_Retha,0.044123711340206186,0.002061005770816158,1.0973538440446085,-0.1426037748397467
Hog_lodging_Shanti,0.047010309278350516,0.0,1.058130079637147,-0.2664678327027453
Hog_lodging_Shonda,0.08536082474226804,0.0,0.9433166505388092,0.016738252868192405
Hog_office_Alexis,0.2960824742268041,0.0,1.0400994421667562,-0.42761446016053856
Hog_office_Alisha,0.012783505154639175,0.0,0.82436188478002,-0.22294251677319593
Hog_office_Almeda,0.10474226804123711,0.0,1.0597137940656012,0.03526929700592351
Hog_office_Bessie,0.12164948453608247,0.0,0.9723444103217311,-0.17771615847245648
Hog_office_Betsy,0.30515463917525776,0.0,0.6275413949068414,-1.4371605827186824
Hog_office_Bill,0.5542268041237114,0.0,0.8103641221435949,-0.5014298278330744
Hog_office_Bryan,0.18103092783505154,0.03586150041220115,0.8234882220774891,0.10457318167754653
Hog_office_Byron,0.08453608247422681,0.0,1.008343586874364,-0.024210053047231284
Hog_office_Candi,0.128659793814433,0.0,1.0677110739200235,-0.02463886990756636
Hog_office_Carri,0.11958762886597939,0.0,0.8950819055733876,-0.18980156925068284
Hog_office_Catalina,0.19257731958762886,0.0,1.1645709514151463,0.24061953318362722
Hog_office_Catharine,0.13402061855670103,0.0,0.8526367268973578,-1.0718489015742907
Hog_office_Charla,0.08,0.0,0.9769163845593275,0.08395190906074605
Hog_office_Clemencia,0.06721649484536082,0.001236603462489695,1.0954832366373752,0.18200460238392333
Hog_office_Concetta,0.2824742268041237,0.0,0.9430714112217634,-0.4185417279710863
Hog_office_Cordelia,0.2020618556701031,0.0,0.903180279547794,-0.24220194625414912
Hog_office_Corey,0.13484536082474227,0.0,1.099320377664757,-0.06221554933734581
Hog_office_Corie,0.08123711340206186,0.0,0.9746927002839378,-0.12156496692519468
Hog_office_Cornell,0.08824742268041237,0.0,0.7772884351664572,-0.7726467846277537
Hog_office_Cortney,0.21731958762886597,0.0032976092333058533,2.2509034569042394,0.02448354862898685
Hog_office_Darline,0.0911340206185567,0.0,0.7536398573100284,0.6166887376351396
Hog_office_Denita,0.14804123711340206,0.0,0.9468837203973621,-0.03968585276550987
Hog_office_Elizbeth,0.06721649484536082,0.0,1.0107335645802173,-0.007904240802989421
Hog_office_Elke,0.19010309278350515,0.0,1.0058421697242,0.009331541913320033
Hog_office_Elnora,0.09649484536082474,0.0,0.970844864614416,-0.9958025501443755
Hog_office_Eloise,0.08453608247422681,0.0,0.9836324233919284,-0.08829113000925638
Hog_office_Elsy,0.09402061855670103,0.0,1.0571896513674257,-0.13807707888897083
Hog_office_Emmanuel,0.053195876288659794,0.0,1.035016732012918,0.011533907194421678
Hog_office_Garrett,0.14432989690721648,0.0,0.8325573034647852,-0.515025012502487
Hog_office_Guadalupe,0.16989690721649484,0.0,1.079862897810028,-0.13137472395196115
Hog_office_Gustavo,0.07587628865979382,0.0,1.0661719952831572,-0.12608966630903287
Hog_office_Joey,0.21278350515463917,0.0,0.7633093746301158,-0.7405065013544165
Hog_office_Josefina,0.06391752577319587,0.0,1.0136131869042886,0.035195293280734244
Hog_office_Lanell,0.11051546391752577,0.0,1.016133595389058,-0.012506284476359033
Hog_office_Lavon,0.9756701030927835,0.0,0.05471098271947119,-3.6844559558753027
Hog_office_Leanne,0.047010309278350516,0.0,1.0315939493496906,0.057716203252874854
Hog_office_Leon,0.14350515463917526,0.0,1.1915275842255082,0.05937762512356433
Hog_office_Lizzie,0.08,0.0,0.9878977687366756,-0.28254801927131595
Hog_office_Mack,0.03505154639175258,0.0,0.9601412163674088,-0.008164117246026052
Hog_office_Man,0.08371134020618556,0.0,0.9616769174527254,-0.07890160615099817
Hog_office_Mari,0.24123711340206186,0.0,0.7614440324152324,-0.8578459107255151
Hog_office_Marilyn,0.09814432989690722,0.0,1.7664126055915412,0.6291932732368529
Hog_office_Marlena,0.26597938144329897,0.0,1.041450833518314,0.04296805678668658
Hog_office_Marlene,0.2020618556701031,0.0,0.8979996161010882,-0.169486396113401
Hog_office_Mary,0.25237113402061856,0.0,0.95692577756621,-0.011900272620909381
Hog_office_Merilyn,0.09855670103092784,0.0,0.5955393632546744,-0.7699936146897658
Hog_office_Migdalia,0.08164948453608248,0.0,0.904144762024074,-0.19465030786149617
Hog_office_Mike,0.0997938144329897,0.0,0.7675599143704327,-0.2737151564967828
Hog_office_Miriam,0.03463917525773196,0.0,0.9364509969350622,0.06797204176963537
Hog_office_Myles,0.1360824742268041,0.0,1.062376972391002,0.022515435827456274
Hog_office_Nancie,0.2131958762886598,0.0,1.0055522168724091,-0.02315435180549079
Hog_office_Napoleon,0.049484536082474224,0.0,0.9738034791653024,-0.10677501504598969
Hog_office_Nia,0.2721649484536082,0.0,0.7421099722327296,-1.257229230053577
Hog_office_Patrick,0.21402061855670104,0.0,1.0457969162911707,0.07208955486893853
Hog_office_Randi,0.1645360824742268,0.0,0.898938343520215,-0.6236674074381191
Hog_office_Richelle,0.12247422680412372,0.0,1.0240668727541589,0.06429635984588676
Hog_office_Roger,0.18103092783505154,0.0,1.2682091327173595,0.0022278104445130607
Hog_office_Rolando,0.07010309278350516,0.0,1.0996272261527202,0.23011921364801852
Hog_office_Sarah,0.0668041237113402,0.0,1.021285799144031,-0.06549591398848305
Hog_office_Shawna,0.14927835051546393,0.0,0.9732921039673318,-0.020539768577688234
Hog_office_Shawnna,0.09649484536082474,0.0,0.9482774208541345,-0.19272941359619922
Hog_office_Sherrie,0.07010309278350516,0.0,1.0571074597469667,-0.03893291436664497
Hog_office_Shon,0.12948453608247423,0.0,1.110340444801159,0.29482700533727685
Hog_office_Simon,0.2107216494845361,0.0,0.8738310286947485,-0.18800004841030024
Hog_office_Sonny,0.14845360824742268,0.0,0.8512741803772735,-0.7921158210006866
Hog_office_Sung,0.1624742268041237,0.0,0.9790622223958886,-0.3780951681653304
Hog_office_Sydney,0.06721649484536082,0.0,0.9314524351004202,0.05097961270803019
Hog_office_Terry,0.5117525773195877,0.0,0.3611032057554108,-1.7705617195044374
Hog_office_Thomas,0.21608247422680413,0.00041220115416323167,4.212636049907088,0.3794108453847027
Hog_office_Valda,0.17402061855670103,0.0,0.8389449745494713,-0.2262427861400736
Hog_office_Vera,0.08494845360824742,0.0,1.217475355114489,0.05307683836060867
Hog_other_Noma,0.04288659793814433,0.0,1.0468846944478862,0.5183610508908231
Hog_other_Tobias,0.07711340206185567,0.0,1.1830213776792016,0.1373214163518221
Hog_parking_Antoinette,0.328659793814433,0.0,1.231187461711252,-0.2131026359168008
Hog_parking_Bernardo,0.1550515463917526,0.0,1.1733913201876225,0.568451780617808
Hog_parking_Cliff,0.10597938144329896,0.0,0.9650305842933865,-0.15744744424668194
Hog_parking_Jean,0.0775257731958763,0.0,1.909256799643878,-0.09276343582537806
Hog_parking_Jeana,0.07257731958762886,0.0,1.6862666065820235,-0.07021118417930329
Hog_parking_Marcus,0.08123711340206186,0.0,1.7966442653530823,-0.35914243958277303
Hog_parking_Shannon,0.1002061855670103,0.0,1.5405225619929268,-0.6557712146331404
Hog_public_Brad,0.04082474226804124,0.0,1.0395834309530163,0.07588985693853556
Hog_public_Crystal,0.15793814432989692,0.0,0.8319949342497568,-0.2663624463932281
Hog_public_Gerard,0.07134020618556701,0.0,1.1356645065386248,0.0899931402982626
Hog_public_Kevin,0.257319587628866,0.0,0.6588119798078178,-1.1032537450871098
Hog_public_Octavia,0.04329896907216495,0.0,1.1000138365814507,0.31266714693791386
Hog_science_Max,0.11463917525773196,0.0,0.994271178190174,0.10896352822277286
Hog_services_Adrianna,0.20288659793814434,0.0,0.923079910852575,1.0044423224548806
Hog_services_Joe,0.04618556701030928,0.0,0.9373284153393076,-0.1926538628789977
Hog_services_Kerrie,0.07628865979381444,0.0,1.0636680260920541,-0.009719178555661748
Hog_services_Marshall,0.1265979381443299,0.001236603462489695,0.8978310959158808,-0.5230376851674433
Hog_warehouse_Louise,0.2931958762886598,0.0,1.3189862267777066,0.34641984744573506
Hog_warehouse_Porsha,0.6164948453608248,0.0,1.1380068049914414,0.0280687044219954
Hog_warehouse_Rosanna,0.23010309278350516,0.0,0.9795169496469117,-1.14740848902398
Lamb_assembly_Bertie,0.5360824742268041,0.4542456718878813,0.8610846169846564,0.24903147573311818
Lamb_assembly_Cesar,0.5938144329896907,0.0,7.672409006904569,0.863367686411543
Lamb_assembly_Cherie,0.7550515463917525,0.0,0.350939998770495,0.37375395991938704
Lamb_assembly_Corliss,0.614020618556701,0.0,1.9539454010191755,0.2625373113127881
Lamb_assembly_Dillon,0.7901030927835051,0.0,0.27925014863805575,-0.1886092074487009
Lamb_assembly_Dorathy,0.5942268041237113,0.0,3817.979664743061,21.744173092745218
Lamb_assembly_Dorothy,0.5047422680412371,0.4542456718878813,0.9283579667772411,0.3621380696896035
Lamb_assembly_Elinor,0.7604123711340206,0.0,0.17115272368160278,-0.8431611615682608
Lamb_assembly_Isa,0.49443298969072164,0.0,13768.724649629015,21.28207929684704
Lamb_assembly_Jerry,0.6449484536082474,0.4934047815333883,1.9125323139429322,0.7854469460557663
Lamb_assembly_Katelyn,0.5195876288659794,0.4542456718878813,0.6252357129646516,0.19968991621307716
Lamb_assembly_Kurt,0.7105154639175257,0.027617477328936522,9136.333058532562,20.94659058746732
Lamb_assembly_Librada,0.5393814432989691,0.4542456718878813,0.4580302538961122,-0.0383950897824582
Lamb_assembly_Louis,0.5360824742268041,0.5004122011541632,0.2966001944373093,-0.6802190533468864
Lamb_assembly_Nicole,0.6169072164948454,0.02019785655399835,8950.165292662818,21.582758007510847
Lamb_assembly_Ossie,0.5876288659793815,0.0,0.8961499312769772,-0.4060051697931544
Lamb_assembly_Rosa,0.7521649484536083,0.4542456718878813,0.5308658698042461,-0.24692350026135712
Lamb_assembly_Steven,0.5080412371134021,0.0,5923.088788128607,22.164130650130613
Lamb_assembly_Tasha,0.6098969072164948,0.0,0.8922113832276296,-0.6924307820779564
Lamb_assembly_Tawana,0.5863917525773196,0.009480626545754328,4829.384501236604,21.714923782169578
Lamb_assembly_Theresa,0.6136082474226804,0.009480626545754328,10362.355935696616,21.776201766025306
Lamb_assembly_Walter,0.6779381443298969,0.0,1.3774504491354105,0.020087940367668627
Lamb_education_Aldo,0.5752577319587628,0.13437757625721353,13055.957955482274,21.691836293971196
Lamb_education_Antonio,0.5204123711340206,0.4542456718878813,0.6861089259729928,0.060344576468002446
Lamb_education_Armando,0.5336082474226804,0.4542456718878813,0.7853384781537323,0.17385448253191235
Lamb_education_Augustine,0.6255670103092783,0.0,6.149012147471294,0.7763710243885318
Lamb_education_Bert,0.5562886597938145,0.4934047815333883,0.587854168161703,0.016017803568212356
Lamb_education_Bettye,0.5331958762886598,0.0,32296.8839653751,23.07527449384553
Lamb_education_Carlton,0.5492783505154639,0.4934047815333883,0.6765015933116568,0.13566924622681956
Lamb_education_Chet,0.6560824742268041,0.009480626545754328,21580.02926628194,21.884942930329448
Lamb_education_Daniel,0.5472164948453608,0.4740313272877164,0.6353715963770782,0.12523980980780278
Lamb_education_Darrel,0.5760824742268041,0.4542456718878813,0.5989655687512426,0.04214094453360949
Lamb_education_Debby,0.5476288659793814,0.009480626545754328,21.788141777756692,2.398290968055382
Lamb_education_Dolly,0.5929896907216495,0.4934047815333883,1.0491308707533684,0.1820327891036017
Lamb_education_Domitila,0.5744329896907217,0.4542456718878813,0.6463049051209351,0.0787230754933027
Lamb_education_Dwayne,0.5698969072164949,0.4740313272877164,0.560863646843784,-0.05168938627733842
Lamb_education_Ellen,0.5736082474226805,0.009480626545754328,13742.838691948336,22.58394231503855
Lamb_education_Emery,0.5983505154639175,0.0,0.9923786762670695,0.20026028500412446
Lamb_education_Emilie,0.5096907216494846,0.4934047815333883,0.5783573830813618,-0.05063398685267935
Lamb_education_Eula,0.6791752577319587,0.0,0.22182800459882485,-1.8899291945485295
Lamb_education_Faith,0.5109278350515464,0.4934047815333883,0.551829107336725,-0.034374334722567436
Lamb_education_Felicia,0.5261855670103093,0.4934047815333883,1.1259106957666256,0.2989071302565817
Lamb_education_Felipe,0.5447422680412372,0.4542456718878813,1.8012330790028508,0.8583012220812405
Lamb_education_Fred,0.511340206185567,0.4934047815333883,0.6307260625693081,0.04951377021808559
Lamb_education_Freddy,0.5447422680412372,0.00989282769991756,26723.533388293483,22.090946746347942
Lamb_education_Gabriel,0.6041237113402061,0.0,6.669239425812013,0.8070888553412358
Lamb_education_Gabrielle,0.5175257731958763,0.4740313272877164,4.506922880820188,1.9946467085186426
Lamb_education_Garry,0.6008247422680413,0.0,20180.24471008519,23.157036220359196
Lamb_education_Harold,0.6202061855670103,0.0,15551.573646606214,22.84550252491177
Lamb_education_Heidi,0.5529896907216495,0.4934047815333883,0.9419161292224688,0.03289604738331533
Lamb_education_Hellen,0.5674226804123711,0.4934047815333883,0.5634692805375281,0.1763212404188853
Lamb_education_Hilary,0.6309278350515464,0.0,7.8450925949546395,0.9224194329668868
Lamb_education_Hillary,0.6024742268041237,0.008656224237427864,23114.166941467432,22.883797474009135
Lamb_education_Hubert,0.5439175257731959,0.0,1680.4369421843073,23.18533374214852
Lamb_education_Hui,0.608659793814433,0.0,6.723901610957014,0.8047654806133766
Lamb_education_Ira,0.5525773195876289,0.025556471558120363,8115.263396537512,21.999044474737744
Lamb_education_Isabelle,0.6230927835051546,0.0,6.658192314618468,0.7644467139972501
Lamb_education_Jane,0.5496907216494845,0.4934047815333883,1.1132028088749706,0.1764527544249417
Lamb_education_Junior,0.5369072164948454,0.4542456718878813,0.7435378386724651,0.1728985093539635
Lamb_education_Kasha,0.5760824742268041,0.010305028854080791,26139.08697444353,23.04610825004689
Lamb_education_Kayla,0.5352577319587629,0.4934047815333883,0.9667245550632574,-0.007063350803253436
Lamb_education_Larissa,0.5595876288659793,0.009480626545754328,20276.32591371256,22.993600169845333
Lamb_education_Lawrence,0.5476288659793814,0.4542456718878813,0.6845863116856565,-0.02366224932756481
Lamb_education_Lazaro,0.5830927835051546,0.0,5.5268579099878,0.9299815097454139
Lamb_education_Lemuel,0.5138144329896908,0.009480626545754328,10033.594291014015,23.05830273398998
Lamb_education_Leopoldo,0.5649484536082474,0.009480626545754328,19201.712558395164,23.047553625360603
Lamb_education_Logan,0.5979381443298969,0.5300906842539159,1.353162650992151,0.4206233218860809
Lamb_education_Lucas,0.5212371134020618,0.2765869744435284,2.8211459263173344,0.842801503512264
Lamb_education_Luz,0.5616494845360824,0.4542456718878813,0.7233438157657689,0.15351562264857016
Lamb_education_Mae,0.5418556701030928,0.4542456718878813,1.0391426421747287,0.408983626101786
Lamb_education_Manuel,0.6206185567010309,0.0,8.135769947123308,1.012824918310393
Lamb_education_Marc,0.5554639175257732,0.4934047815333883,2.0731224429825392,0.29133308548322023
Lamb_education_Maritza,0.5624742268041237,0.4934047815333883,0.5375935397205663,0.0914298934884525
Lamb_education_Marty,0.6564948453608247,0.010717230008244023,38128.2786479802,22.68926732994756
Lamb_education_Maxwell,0.5921649484536082,0.0,6.559200523074992,0.7394880074053678
Lamb_education_Mckenzie,0.5402061855670103,0.4542456718878813,0.7167225439673433,0.128537676456851
Lamb_education_Moses,0.5162886597938144,0.4934047815333883,0.5764674237368528,0.0634930126453894
Lamb_education_Nathan,0.5678350515463918,0.009480626545754328,12225.511816433089,22.57294721739261
Lamb_education_Nichol,0.5435051546391753,0.031739488870568835,13660.79431162407,21.784874206524215
Lamb_education_Norris,0.5319587628865979,0.4934047815333883,1.2627721984838798,0.7184008209948842
Lamb_education_Patsy,0.5917525773195876,0.0,15645.070211596592,22.79320802288589
Lamb_education_Phil,0.5459793814432989,0.00989282769991756,13129.26896125309,22.216236868254715
Lamb_education_Philomena,0.5364948453608247,0.4542456718878813,0.5983304140635655,0.06556785259269599
Lamb_education_Princess,0.5905154639175257,0.0,7.323920105563998,0.9622973064027371
Lamb_education_Randal,0.5468041237113402,0.4934047815333883,0.6332849045909691,0.14008236336566343
Lamb_education_Rick,0.5835051546391753,0.0,6.87013066616859,0.7823873661379728
Lamb_education_Robin,0.5929896907216495,0.4542456718878813,0.7876358679162482,0.2645448808270475
Lamb_education_Rodrigo,0.5426804123711341,0.4542456718878813,0.5718985279212566,0.017755065666974042
Lamb_education_Ruben,0.5756701030927835,0.009480626545754328,13921.676009892828,22.59769645398458
Lamb_education_Sabrina,0.5863917525773196,0.49670239076669415,0.5563778649422241,-0.01252188704575627
Lamb_education_Salvador,0.5344329896907216,0.4934047815333883,1.1853137315128561,0.2903743696590771
Lamb_education_Sara,0.5447422680412372,0.4542456718878813,1.073419611997166,0.4713377998140518
Lamb_education_Stefan,0.5991752577319588,0.0,6.856934660132197,0.8862542009035236
Lamb_education_Sunny,0.5212371134020618,0.4740313272877164,0.5509771517849825,-0.09082275758119662
Lamb_education_Sylvester,0.6131958762886598,0.4934047815333883,0.5614277543716591,-0.04319361742720933
Lamb_education_Terina,0.5612371134020618,0.4542456718878813,0.7307393692819253,0.23981655725713777
Lamb_education_Traci,0.6206185567010309,0.5181368507831822,0.49109847311942767,-0.22987574843228886
Lamb_education_Vaughn,0.5241237113402062,0.4934047815333883,1.3713394138692923,0.9471293498325813
Lamb_education_Wanda,0.5950515463917526,0.010717230008244023,10515.281670788678,22.402296931947472
Lamb_education_Wilbert,0.5315463917525773,0.009480626545754328,21568.004946413854,23.250504060624866
Lamb_education_Williams,0.6210309278350515,0.4542456718878813,0.744602465758358,0.177526989423263
Lamb_food_Sylvia,0.5707216494845361,0.009480626545754328,5590.6584975892465,23.73699447326604
Lamb_health_Ken,0.5228865979381443,0.4542456718878813,0.6181474729298195,0.4962139346896096
Lamb_industrial_Carla,0.5030927835051546,0.45671887881286066,0.9310846459629974,0.2464384472500999
Lamb_industrial_Enrique,0.5402061855670103,0.4542456718878813,0.3981921200436365,-0.5398417303107854
Lamb_industrial_Venessa,0.5496907216494845,0.0,3246.7136919483373,22.051489213356163
Lamb_industrial_Willard,0.7377319587628866,0.009480626545754328,14965.076257213519,21.137451755476985
Lamb_lodging_Burt,0.6391752577319587,0.0,1.7912758500219763,0.24894994394047734
Lamb_lodging_Harley,0.6441237113402062,0.009480626545754328,5829.686108821103,21.820201579046802
Lamb_office_Bertha,0.8247422680412371,0.0,0.34725516527498657,-0.21492512087994592
Lamb_office_Caitlin,0.6362886597938144,0.0,0.7239558927193795,-0.04850450557613902
Lamb_office_Callie,0.4948453608247423,0.0,3742.0608291131794,21.698813590742386
Lamb_office_Gerardo,0.596701030927835,0.0,7.049824826779788,0.7702761985507081
Lamb_office_Jo,0.6255670103092783,0.0,10970.293899422917,22.137412455006526
Lamb_office_Maggie,0.6494845360824743,0.020610057708161583,7.625957285559239,1.035671314460486
Lamb_office_Raymond,0.5880412371134021,0.0,10.103709916795783,1.244069737354521
Lamb_office_Stefani,0.5208247422680412,0.0,3343.7023413025563,22.958768866037992
Lamb_office_Vasiliki,0.5468041237113402,0.4542456718878813,0.5775984087817754,0.4434908839120121
Lamb_office_Velma,0.5117525773195877,0.4542456718878813,0.57510182493135,0.5220295141143692
Lamb_office_William,0.6164948453608248,0.009480626545754328,7334.460566089584,21.701840629644977
Lamb_other_Katharina,0.5760824742268041,0.0,1.3098094582687596,-0.16601848617200118
Lamb_other_Minerva,0.514639175257732,0.4934047815333883,1.183994695520859,0.2898941946783879
Lamb_public_Angeline,0.6292783505154639,0.0,5.398423496885263,0.40022054886045316
Lamb_public_Grace,0.6037113402061856,0.0,0.9232947059537605,-0.08491709346063177
Lamb_public_Gracie,0.6371134020618556,0.0,1.7240868196093104,0.10581145278980739
Lamb_public_Nyla,0.551340206185567,0.00989282769991756,2.042966383678478,0.2507428284664244
Lamb_public_Vania,0.6317525773195877,0.460840890354493,0.4893015126097772,0.05528132730585604
Lamb_warehouse_Allan,0.5142268041237114,0.4934047815333883,7.692848593728569,1.9136914366175781
Moose_education_Abbie,0.11587628865979381,0.0,1.1040635204880793,-0.009076142664220013
Moose_education_Clark,0.1360824742268041,0.0,1.0894346052092052,-0.0508861794119048
Moose_education_Florence,0.26144329896907215,0.0,1.0491294671182232,-0.051872267138144176
Moose_education_Gladys,0.12618556701030928,0.0,1.0598209058646229,0.05892584333830712
Moose_education_Leland,0.38597938144329896,0.0,2.4765047455099647,1.3484662986228717
Moose_education_Lori,0.04329896907216495,0.0,1.1669626330568468,-0.09999382015959364
Moose_education_Maria,0.3311340206185567,0.0,0.7474928885742002,1.9716897710385712
Moose_education_Marina,0.08577319587628866,0.0,1.0666472968226108,0.045584267168831655
Moose_education_Marlon,0.3022680412371134,0.0,1.1305217695879561,0.07270136771023405
Moose_education_Rene,0.20082474226804123,0.0,1.1256915768165128,-0.021861364430679122
Moose_education_Ricardo,0.13690721649484536,0.0,1.1041335811847393,-0.07336425274666186
Mouse_health_Estela,0.1575257731958763,0.0,1.8535639629285094,-0.6572791640832791
Mouse_health_Ileana,0.21855670103092784,0.0,2.0269536272202013,-0.22497710225456738
Mouse_health_Justin,0.13237113402061856,0.0032976092333058533,1.570054483551697,-0.9943763297639627
Mouse_health_Modesto,0.18144329896907216,0.0008244023083264633,1.6803500758192995,-0.9002616303582376
Mouse_lodging_Vicente,0.4915463917525773,0.0,1.5756784536236208,-0.68235516556952
Panther_assembly_Carrol,0.0511340206185567,0.0,0.813689709848719,-0.005562019417768331
Panther_assembly_David,0.06762886597938145,0.0,1.314220989391269,0.598591253318515
Panther_assembly_Denice,0.053195876288659794,0.0,0.8767212863719341,-0.06177493379011124
Panther_assembly_Gwyneth,0.05195876288659794,0.0,0.8171915442567103,-0.6595184017573016
Panther_assembly_Pamella,0.7443298969072165,0.0,0.16509647537100128,-0.8842714711567545
Panther_education_Alecia,0.06268041237113402,0.0,1.0914700777708273,0.16181691400057222
Panther_education_Annetta,0.03793814432989691,0.0,1.0497484074763603,0.08900483033866269
Panther_education_Aurora,0.12041237113402062,0.0,0.9449471008558198,-0.07317376273511167
Panther_education_Cleopatra,0.17896907216494845,0.0,0.9689569175277232,0.0662369475899059
Panther_education_Diann,0.1265979381443299,0.0,1.2411344283621528,0.13440236547933898
Panther_education_Edna,0.03958762886597938,0.0,1.1994359030822075,0.05680675338056206
Panther_education_Emily,0.13690721649484536,0.0,0.9857812598689549,0.3056275251085915
Panther_education_Enriqueta,0.04041237113402062,0.0,1.091723264100764,0.23349730936242305
Panther_education_Genevieve,0.05360824742268041,0.0,0.9413173470626535,-0.14480704154562027
Panther_education_Gina,0.07711340206185567,0.0,1.2713128692363311,0.42474567802868674
Panther_education_Hugh,0.047835051546391755,0.00041220115416323167,0.9950937261073766,-0.3287264698783593
Panther_education_Ivan,0.032989690721649485,0.0,1.0396331746244092,0.29239994995850566
Panther_education_Janis,0.13567010309278352,0.0,0.7872060673089593,-0.22701370234765894
Panther_education_Jerome,0.05731958762886598,0.0,0.9990667955520807,-0.1345393051166056
Panther_education_Jonathan,0.18103092783505154,0.0,0.6323010786561502,0.44651315632370886
Panther_education_Karri,0.14103092783505156,0.0,1.008973612726674,0.19370373505840902
Panther_education_Mattie,0.09608247422680412,0.0,0.4678579745780603,-0.48332774147108565
Panther_education_Misty,0.10597938144329896,0.0,0.7471145607715587,-0.13007541953910493
Panther_education_Mohammad,0.07134020618556701,0.0,0.9422653739321835,-0.004518716765825428
Panther_education_Neal,0.09195876288659793,0.0,0.9631925544574585,0.02853433765073722
Panther_education_Quintin,0.03711340206185567,0.0,1.166537430875534,0.4093056871646825
Panther_education_Rosalie,0.04082474226804124,0.0,0.878996694493863,-0.6684299998467889
Panther_education_Scarlett,0.09814432989690722,0.0,0.9417570074274795,-0.19760603781088448
Panther_education_Shelton,0.03876288659793815,0.0,1.154268811737368,0.16563718841196604
Panther_education_Sophia,0.11463917525773196,0.0,0.914953774041703,-0.02368856949041461
Panther_education_Teofila,0.056082474226804124,0.0,1.0494189125866324,0.4097211267158723
Panther_education_Tina,0.04824742268041237,0.0,0.45838010809010293,-0.5535133509738327
Panther_education_Vincent,0.058969072164948455,0.0,1.055517024977287,-0.034280093147813225
Panther_education_Violet,0.030515463917525774,0.0,0.9958858428713457,-0.45902915336603567
Panther_education_Zelda,0.07422680412371134,0.0,1.075992136174454,0.09436717864476096
Panther_lodging_Alita,0.0445360824742268,0.0,0.9137974040598286,-0.0906557912186523
Panther_lodging_Anastasia,0.012371134020618556,0.0,1.1480260952570525,0.3941196334760226
Panther_lodging_Awilda,0.036701030927835054,0.0,1.091154002208269,0.2965756551352164
Panther_lodging_Blaine,0.07175257731958763,0.0,0.7634579606877374,-0.15080244982643906
Panther_lodging_Cora,0.02639175257731959,0.0,1.0496034583435452,0.2597609992752873
Panther_lodging_Cornelia,0.04,0.0,0.7968406952200003,-0.12138429613499002
Panther_lodging_Dianna,0.016907216494845362,0.0,1.106255003144709,-0.013949394412884503
Panther_lodging_Edison,0.049484536082474224,0.0,0.8820137998832339,0.07548561173516283
Panther_lodging_Edmond,0.030515463917525774,0.0,0.7755448958955744,-0.1521571520216165
Panther_lodging_Else,0.08453608247422681,0.0,1.4719559343106703,0.8117978600813994
Panther_lodging_Fausto,0.0865979381443299,0.0,1.4773781892288682,0.26550752505707875
Panther_lodging_Floyd,0.058969072164948455,0.0,0.780711755250925,-0.41975335155429966
Panther_lodging_Gale,0.04288659793814433,0.0,1.0213239848491875,0.2689707467724744
Panther_lodging_Hattie,0.03793814432989691,0.0,0.987167561315985,-0.14714019818837515
Panther_lodging_Jana,0.027628865979381443,0.0,0.7456178552760849,-0.2087564685104706
Panther_lodging_Janice,0.013608247422680412,0.0,1.0880054507049597,-0.01446079659541885
Panther_lodging_Jorge,0.0334020618556701,0.0,0.7927416310872829,-0.0026055618715035626
Panther_lodging_Kaitlin,0.04,0.0,0.775067414031326,-0.18524720297405023
Panther_lodging_Kara,0.021443298969072166,0.0,1.0185562954120695,0.044610993063226634
Panther_lodging_Kirk,0.021443298969072166,0.0,1.0330519493698007,0.11262629729149455
Panther_lodging_Marisol,0.021443298969072166,0.0,1.076878028486096,0.20950757130022904
Panther_lodging_Myrtle,0.014845360824742268,0.0,1.0246785445762574,0.3695524536787713
Panther_lodging_Russell,0.04288659793814433,0.0,1.2244772883228567,0.3675863795933862
Panther_lodging_Sonja,0.04041237113402062,0.0,0.8347998018659207,0.09149771368954188
Panther_lodging_Teresita,0.038350515463917524,0.0,0.7789891190963678,-0.18260126458941459
Panther_lodging_Tracie,0.030927835051546393,0.0,0.8337894673024877,-0.011841291509613949
Panther_lodging_Willa,0.04329896907216495,0.0,1.1109113444889882,0.554819544939583
Panther_office_Antonette,0.09567010309278351,0.0,0.9258670808773402,0.4453051460461314
Panther_office_Brent,0.21484536082474226,0.0,1.0567181664884693,0.30845050895115034
Panther_office_Catherine,0.08329896907216496,0.0,1.2848357829176276,0.38414552158624304
Panther_office_Christian,0.055257731958762886,0.0,1.1662044249017574,0.05578738727769603
Panther_office_Christin,0.10144329896907217,0.0,31.25217257804722,4.765412636209861
Panther_office_Clementine,0.02845360824742268,0.0,1.1532966114673997,0.039359994423125835
Panther_office_Danica,0.08742268041237114,0.0,0.7732189484292932,-0.1980369654345868
Panther_office_Garth,0.038350515463917524,0.0,0.9953000755187363,-0.02883760189820504
Panther_office_Graham,0.10103092783505155,0.0,1.0850077698032123,-0.005905206950446315
Panther_office_Hannah,0.10268041237113402,0.0,0.9383538483036963,0.05813975195128306
Panther_office_Jeane,0.05402061855670103,0.0,0.6416044475806931,-0.27011925338192266
Panther_office_Jesus,0.10185567010309278,0.0,0.8535014926618072,-0.17799139406430212
Panther_office_Karla,0.08041237113402062,0.0,1.7207049182975263,0.13943236720895297
Panther_office_Kristen,0.1002061855670103,0.0,0.9549575462365208,-0.3082188649259327
Panther_office_Larry,0.09938144329896907,0.0,1.0668160116199672,-0.21511656258654502
Panther_office_Lauretta,0.08453608247422681,0.0,0.8391699964266206,0.19531679008087047
Panther_office_Lavinia,0.0334020618556701,0.0,1.2657013963425017,0.211461809038621
Panther_office_Lois,0.14432989690721648,0.0,1.3236647300373423,0.2870867485343263
Panther_office_Otto,0.07835051546391752,0.00741962077493817,1.2197734247534409,0.2610874508324108
Panther_office_Patti,0.044123711340206186,0.0,0.8752682287137983,-0.14464547640499256
Panther_office_Ruthie,0.015670103092783504,0.0,0.8100871841351616,0.7162666722140358
Panther_office_Shauna,0.055257731958762886,0.0,1.033633046945897,0.19648810862729058
Panther_office_Taryn,0.05484536082474227,0.0,1.0489270568464024,-0.11791265946544524
Panther_office_Valarie,0.02309278350515464,0.0,1.2921607804320647,-0.010879507544333993
Panther_other_Bethel,0.19835051546391752,0.0,1.0568167813622629,-0.038769639458261444
Panther_other_Bettie,0.01731958762886598,0.0,0.8379070115540397,-0.12256811883390513
Panther_other_Lucina,0.04989690721649485,0.0,0.9672955989174513,0.017173474699235296
Panther_other_Tyrone,0.2585567010309278,0.0,0.5582992411261767,-0.41958741940414707
Panther_parking_Adela,0.24824742268041236,0.0,0.9825595412765503,0.10182348502902433
Panther_parking_Alaina,0.1888659793814433,0.0,0.9755643773973613,-0.016220009017788136
Panther_parking_Asia,0.1397938144329897,0.0,0.9902725826363931,0.026165952379452788
Panther_parking_Charlene,0.2503092783505155,0.0,0.9765124630733926,0.006411179316435821
Panther_parking_Jody,0.2622680412371134,0.13478977741137677,0.9491319832922063,0.04912639021517124
Panther_parking_Lorriane,0.05567010309278351,0.0,1.3305726765590657,0.43398537925087394
Panther_parking_Mellissa,0.024742268041237112,0.0,1.1525765159937467,0.3378906945747825
Panther_parking_Stanley,0.34845360824742266,0.0,0.9651277067095007,0.2518476501103665
Panther_retail_Felix,0.02639175257731959,0.0,0.9265725164955286,0.06938586109096535
Panther_retail_Kristina,0.08948453608247423,0.0,0.9738053755424582,0.0320554398814571
Panther_retail_Lester,0.3204123711340206,0.0,0.2407204841559017,-0.9983329367111465
Panther_retail_Rachel,0.03175257731958763,0.0,0.9621540521777674,-0.016504396744352407
Panther_retail_Romeo,0.03422680412371134,0.0,1.094492822635842,0.24190192459796697
Peacock_assembly_Dena,0.06515463917525773,0.0,0.9647257481201019,0.06422438733256593
Peacock_assembly_Mamie,0.5195876288659794,0.0,0.7070671585196524,0.25666547308741294
Peacock_assembly_Russ,0.049484536082474224,0.0,0.9780397330979691,-0.11659564772986804
Peacock_assembly_Socorro,0.1402061855670103,0.0,0.7823786771686558,-0.039669358185489556
Peacock_education_Anita,0.06103092783505155,0.0,1.4537926551061588,-0.4835962301935026
Peacock_education_Bianca,0.514639175257732,0.0,0.9902509902851349,-0.34599989601902265
Peacock_education_Dustin,0.04082474226804124,0.0,1.0222199257895692,-0.06448626596276093
Peacock_education_Forest,0.04041237113402062,0.0,0.9693483859945597,-0.1341078773614621
Peacock_education_Gilberto,0.03257731958762886,0.0,0.9770821576774733,-0.02438096408274209
Peacock_education_Joshua,0.036701030927835054,0.0,0.9947126329155808,-0.17419245884205495
Peacock_education_Karl,0.5096907216494846,0.0,1.1359564845607333,-0.09143754477820602
Peacock_education_Karyn,0.026804123711340205,0.0,0.9673541962089269,0.05596630332081708
Peacock_education_Lucie,0.5785567010309278,0.0,0.896205077498969,-0.6828911215178363
Peacock_education_Lyle,0.04041237113402062,0.0,1.0802923114785372,0.020394568838711512
Peacock_education_Ophelia,0.02556701030927835,0.0,1.0184665081423283,0.06290805069149395
Peacock_education_Pasquale,0.018969072164948454,0.0,1.0335449158339922,0.033320066953373896
Peacock_education_Patience,0.041237113402061855,0.0,1.1307731679434572,0.3531493631786384
Peacock_education_Robbie,0.038350515463917524,0.0,1.11132342476499,-0.03996304376413159
Peacock_education_Shelly,0.04,0.0,1.0261177978105367,0.038535835440979486
Peacock_education_Weldon,0.5154639175257731,0.0,1.0003260379586165,-0.4263132761904617
Peacock_education_Yolanda,0.03257731958762886,0.0,1.066136205211517,-0.05051599535464289
Peacock_lodging_Chloe,0.03216494845360825,0.0,1.2051807420271432,4.53362973838065e-05
Peacock_lodging_Francesca,0.02515463917525773,0.0,1.3083245349959645,-0.3372037402281061
Peacock_lodging_Jamaal,0.029690721649484535,0.0,1.1245526425744565,0.13334732249760683
Peacock_lodging_James,0.023505154639175258,0.0,1.081397404208847,-0.0693678503346258
Peacock_lodging_Lou,0.015670103092783504,0.0,1.1136425036890998,-0.15678387420256898
Peacock_lodging_Mathew,0.053195876288659794,0.0,1.0461979669901689,-0.22246167208709594
Peacock_lodging_Matthew,0.018556701030927835,0.0,1.1086154610026433,-0.062345233940603
Peacock_lodging_Nova,0.02639175257731959,0.0,1.0506514749242801,0.0002652788378828305
Peacock_lodging_Sergio,0.026804123711340205,0.0,1.08769524119563,-0.005715167205697818
Peacock_lodging_Terrie,0.030927835051546393,0.0,1.3396421237800902,-0.060613122662221436
Peacock_lodging_Wes,0.02556701030927835,0.0,1.1598610539662004,-0.1357519787753702
Peacock_office_Annie,0.03958762886597938,0.0,1.032657989317227,0.039516494339058995
Peacock_office_Burl,0.03546391752577319,0.0,1.2966390491788868,0.11105755521825492
Peacock_office_Dara,0.07134020618556701,0.0,1.0179221430137038,0.014066621324946056
Peacock_office_Effie,0.030515463917525774,0.0,0.9431621258536175,-0.04359368464244904
Peacock_office_Elton,0.03216494845360825,0.0,1.102095142167645,-0.09023985318326529
Peacock_office_Glenn,0.5567010309278351,0.0,0.9200248953137256,-0.014039664159638206
Peacock_office_Jonathon,0.5723711340206186,0.0,0.9952004001010194,-0.24034096660973114
Peacock_office_Julian,0.060618556701030925,0.0,1.063067563924193,0.022056588818390708
Peacock_office_Major,0.04,0.0,0.9883117802468749,0.11502508795419307
Peacock_office_Naomi,0.5616494845360824,0.0,0.9781741347213417,-0.15437727982481858
Peacock_office_Norman,0.026804123711340205,0.0,0.9583744784317525,-0.06136210498259394
Peacock_public_Kelvin,0.037525773195876286,0.0,1.103574523919928,-0.058434862256123564
Rat_assembly_Adolfo,0.09402061855670103,0.0,1.1935559199147847,-0.09544326467767592
Rat_assembly_Aisha,0.09690721649484536,0.0,2.085839107233775,0.6294754194324015
Rat_assembly_Alex,0.053195876288659794,0.0,2.970598044745045,1.2955313144622536
Rat_assembly_Archie,0.11216494845360825,0.0008244023083264633,0.8463357182946718,-0.04533670086902032
Rat_assembly_Aubrey,0.5282474226804124,0.003709810387469085,0.7370830610168703,0.03596100964554254
Rat_assembly_Cristina,0.2874226804123711,0.0,0.5208153327745573,-0.48408754808855753
Rat_assembly_Damaris,0.21402061855670104,0.0,1.1164493901607309,-0.9431748053324651
Rat_assembly_Deandre,0.04618556701030928,0.0,1.0739743987560821,-0.48411813984804064
Rat_assembly_Donny,0.22350515463917525,0.008244023083264633,1.2906742916697287,-0.14520473664864378
Rat_assembly_Dovie,0.25896907216494847,0.0,0.8386343267158836,-0.6752545749156188
Rat_assembly_Erwin,0.23381443298969073,0.0,0.5323579256841156,-0.36257574869674297
Rat_assembly_Ezequiel,0.10556701030927836,0.0,2.369644543063368,0.10729672484286591
Rat_assembly_Francine,0.2090721649484536,0.0,1.142063821402443,-0.2943233407718822
Rat_assembly_Frieda,0.16123711340206184,0.0,0.9860819054238911,-0.2671146028968581
Rat_assembly_Gwen,0.05938144329896907,0.0,1.6867411264194108,0.21671464259534862
Rat_assembly_Horace,0.16824742268041237,0.0,1.2069690161398692,-0.24325008347585042
Rat_assembly_Ida,0.1245360824742268,0.0,0.9542255422943114,-0.31279842830527216
Rat_assembly_Jamie,0.2181443298969072,0.0,1.9954314725783562,0.347037617623703
Rat_assembly_Jannie,0.9830927835051546,0.0,0.05192296978588274,-1.9784588237952316
Rat_assembly_Jennie,0.21525773195876288,0.030502885408079144,2.860388706354068,2.1942428098477595
Rat_assembly_Kaitlyn,0.208659793814433,0.0,0.9068720781089913,-0.19029666466551168
Rat_assembly_Kelley,0.07628865979381444,0.001236603462489695,1.6999166054691874,0.12417119040446827
Rat_assembly_Kenya,0.09690721649484536,0.0,1.384896401060625,0.40755657503281406
Rat_assembly_Kimberley,0.3698969072164948,0.0,0.8533625573359253,-0.2999656551705494
Rat_assembly_Kristine,0.07216494845360824,0.0,1.2166257939598901,-0.2265790963344209
Rat_assembly_Kristy,0.6375257731958763,0.0,0.985760465026355,0.05528169760980023
Rat_assembly_Lillie,0.22350515463917525,0.0008244023083264633,1.1770503827848902,-0.023635078501939598
Rat_assembly_Michel,0.7674226804123712,0.0,0.4880413897795222,-1.4901318724319699
Rat_assembly_Mirta,0.1670103092783505,0.0,0.8141366362392554,-0.2671741561835281
Rat_assembly_Monica,0.07670103092783505,0.0,1.076752100510492,0.3615329065843447
Rat_assembly_Pauline,0.24,0.03709810387469085,0.9055734257082765,-0.841612778226011
Rat_assembly_Rolland,0.28,0.0016488046166529267,0.9226664639044774,0.03246091992073328
Rat_assembly_Rosemarie,0.06969072164948453,0.0,1.4270478366756456,-0.8046774610480516
Rat_assembly_Ruth,0.36371134020618556,0.0016488046166529267,0.5609134958960018,-0.40170127362986346
Rat_assembly_Silvia,0.10350515463917526,0.0,1.1672596190901563,0.19610889982447857
Rat_assembly_Suzanne,0.1134020618556701,0.008244023083264633,0.8834576194000114,0.09401648810242143
Rat_assembly_Teddy,0.03422680412371134,0.0,1.4595915128505796,0.05465690560937282
Rat_assembly_Teodoro,0.32824742268041235,0.03544929925803792,1.1691816479628507,0.15934597639137105
Rat_assembly_Trent,0.2754639175257732,0.0008244023083264633,1.0741047750719577,-0.3226767467642749
Rat_assembly_Trudy,0.23917525773195877,0.0,0.7004397473159557,-0.41749649928604715
Rat_assembly_Victorina,0.13649484536082473,0.03957131079967024,0.7170557048905134,-0.5233936641176772
Rat_assembly_Viola,0.1958762886597938,0.0,0.7374035170351758,-0.9481812426934422
Rat_education_Adell,0.1797938144329897,0.0,1.034866031363144,-0.05405549536512531
Rat_education_Adrian,0.31051546391752577,0.0,0.7171748545201898,-0.4403908862134032
Rat_education_Alfonso,0.16041237113402063,0.0,2.0439705300926674,0.5245040032812586
Rat_education_Alfred,0.15917525773195876,0.001236603462489695,2.2726479727391364,0.32170626398859825
Rat_education_Barbara,0.4437113402061856,0.10593569661995053,1.0983347471906848,0.06388661337787394
Rat_education_Barney,0.06020618556701031,0.0,1.5843777161268802,0.6611734802772008
Rat_education_Beverly,0.06268041237113402,0.0,1.660376393248693,0.13433598674089323
Rat_education_Brett,0.2915463917525773,0.002061005770816158,3.0410130310982675,-0.5029439494146257
Rat_education_Bryant,0.19051546391752577,0.0,1.0481544033179546,-0.1368160570851229
Rat_education_Calvin,0.1575257731958763,0.0,0.9965326299403132,-0.41435403784436287
Rat_education_Candida,0.03505154639175258,0.0,1.1530393115740343,0.08352056291841099
Rat_education_Carmela,0.0911340206185567,0.0,1.0089835124266537,-0.16937533380717673
Rat_education_Cecil,0.18721649484536082,0.0,0.7065311381843201,-0.8364896164291815
Rat_education_Cedric,0.06556701030927835,0.0,1.139239407797518,-0.20836108434093287
Rat_education_Colin,0.19051546391752577,0.0,1.7118776538564355,0.12629753019730042
Rat_education_Conrad,0.3909278350515464,0.0,0.5308651313323883,-0.6080140049879641
Rat_education_Dana,0.14556701030927835,0.0,0.8772412965212762,-0.36919178516485807
Rat_education_Dann,0.19298969072164948,0.0,0.8124257032446678,-1.1369049071094781
Rat_education_Davis,0.13195876288659794,0.0,1.1606120184879374,-0.4254674694378821
Rat_education_Deanna,0.16288659793814433,0.0,0.9548775267787312,-0.6905742206059714
Rat_education_Debra,0.1731958762886598,0.0,1.0623863700609566,-0.5909881374324051
Rat_education_Dreama,0.3463917525773196,0.005770816158285243,0.7674318808216614,-0.43022800142909473
Rat_education_Earl,0.3954639175257732,0.0,0.6311779754201893,-0.4799219594162256
Rat_education_Earnest,0.15917525773195876,0.0,0.9750968956461868,-0.2961297068715757
Rat_education_Elisa,0.19628865979381444,0.0,0.924553358325478,-0.16679603280357957
Rat_education_Elsie,0.03793814432989691,0.018549051937345424,1.0371291344849107,-0.051884211010786586
Rat_education_Esther,0.047835051546391755,0.0,1.1777336835656254,-0.24068982472184464
Rat_education_Everett,0.07835051546391752,0.0,1.2030766578840058,0.06279317618902734
Rat_education_Fernando,0.13402061855670103,0.00041220115416323167,0.8892262402075682,-0.0603382979326398
Rat_education_Francisca,0.780618556701031,0.0,0.28961882057905425,-1.1197150680842431
Rat_education_Gricelda,0.06350515463917526,0.0,1.1142270533970184,0.0022848093020628167
Rat_education_Guillermo,0.06020618556701031,0.0,0.9047041670095447,-0.5407848886965158
Rat_education_Humberto,0.16288659793814433,0.007831821929101401,4.423317448164072,0.7909769419081203
Rat_education_Irma,0.11216494845360825,0.0,0.9260482811144694,-0.3482716740731392
Rat_education_Jacob,0.07298969072164949,0.0,1.2607718587283125,0.5767263100102201
Rat_education_Jame,0.033814432989690724,0.0,1.1013779074433458,0.13904603820806116
Rat_education_Jeanne,0.20618556701030927,0.0,0.9520644832529261,-0.2958024429868571
Rat_education_Jena,0.11216494845360825,0.0,1.0077762254456446,-0.37831011148629046
Rat_education_Jesse,0.07051546391752578,0.0,1.5500272971429856,0.028000009549481297
Rat_education_Kandice,0.13237113402061856,0.0,1.3467739637872218,-0.10432954162256701
Rat_education_Kathryn,0.1327835051546392,0.0,1.0590124505705834,-0.32320825363448846
Rat_education_Keith,0.06804123711340206,0.0,1.16866896993754,-0.05912696594881122
Rat_education_Kelsey,0.04865979381443299,0.0,0.915404585877929,-0.5330738636479182
Rat_education_Lee,0.05360824742268041,0.0,0.8419551554494917,-0.2352863650960343
Rat_education_Leonardo,0.2503092783505155,0.0,0.5494425883703256,-0.63209154009726
Rat_education_Lincoln,0.24783505154639177,0.0008244023083264633,0.7849921643268882,-0.5735472927028117
Rat_education_Liz,0.10597938144329896,0.0,0.9571734952531281,0.21954082171909917
Rat_education_Lonnie,0.2511340206185567,0.0,0.7200616744828364,-0.5899023180083043
Rat_education_Lynn,0.055257731958762886,0.0,1.164583496890384,0.038459168823323446
Rat_education_Marcos,0.0688659793814433,0.0,2.003830760005381,0.4675115588365972
Rat_education_Marianna,0.22762886597938145,0.0,0.900064955501055,-0.44184324884537246
Rat_education_Maricela,0.3851546391752577,0.00247320692497939,0.6040036127816379,-0.5149301610197332
Rat_education_Marvin,0.26597938144329897,0.0,0.9056363329151654,-0.15775376901892949
Rat_education_Meghan,0.328659793814433,0.0,0.76460836395223,-0.560746127693758
Rat_education_Milagros,0.3868041237113402,0.0016488046166529267,0.757930828692895,-0.30882264689533
Rat_education_Mona,0.15670103092783505,0.0,0.9775954036456841,-0.08140262595205185
Rat_education_Morton,0.16989690721649484,0.0,1.008960392942424,0.05070135799335036
Rat_education_Mose,0.17649484536082474,0.00041220115416323167,1.4301877792935151,0.36455736501833674
Rat_education_Nellie,0.20371134020618556,0.0,0.8450510112382713,-0.682604696320422
Rat_education_Nona,0.6169072164948454,0.0,0.7170584125032428,-0.8262120534328271
Rat_education_Nydia,0.030103092783505155,0.001236603462489695,0.9532028120595065,-0.15277320132961478
Rat_education_Pat,0.5962886597938144,0.0016488046166529267,3.30764512399855,2.873196762128329
Rat_education_Patty,0.09896907216494845,0.0,2.444406648923278,-0.41814690520372133
Rat_education_Paula,0.02639175257731959,0.0,1.1698290016743895,-0.005898748021903895
Rat_education_Renee,0.0577319587628866,0.0,1.7823626040647023,-0.3616570340563285
Rat_education_Robyn,0.35381443298969073,0.0,0.6497218674930537,-0.761803095912613
Rat_education_Rogelio,0.05360824742268041,0.0,1.0594818131252801,0.30285749924343874
Rat_education_Rosalyn,0.04618556701030928,0.0,1.1900550284091467,0.026564553640118446
Rat_education_Royal,0.21525773195876288,0.0,0.9241760370238178,-0.3255589114012076
Rat_education_Salvatore,0.0775257731958763,0.0,0.8109547272510189,-0.43701410231230264
Rat_education_Shellie,0.2692783505154639,0.0,0.7956123466908857,-0.23174477801830817
Rat_education_Sherwood,0.12948453608247423,0.0,0.9102413243925075,-0.1488362256239944
Rat_education_Sina,0.08082474226804123,0.0,0.6601709207766561,-0.2402060921799089
Rat_education_Stuart,0.03876288659793815,0.0,1.3073760410589412,0.6304166890437225
Rat_education_Tania,0.17278350515463917,0.014427040395713108,1.2218468081288687,0.04090512155627321
Rat_education_Terese,0.12742268041237115,0.0,0.8392029114714211,-0.3514801767468347
Rat_education_Theo,0.11711340206185566,0.0,1.7702478813948583,0.5472596168387348
Rat_education_Tim,0.2243298969072165,0.0,0.8058249184035615,-0.46833964175354686
Rat_education_Tristan,0.06845360824742268,0.0,1.6576797354169202,0.9461285044212134
Rat_education_Ulrike,0.05030927835051546,0.0,1.1812473155093872,-0.186195369153706
Rat_education_Verna,0.10061855670103093,0.0,0.8857140827432944,-0.5363025399289928
Rat_education_Vicky,0.648659793814433,0.0,0.872034709367269,-0.5083796311411681
Rat_education_Willie,0.23257731958762887,0.0,0.7988420818497051,-0.4515628404453708
Rat_education_Willy,0.64,0.31162407254740315,0.6532603262368334,-0.09011990679264976
Rat_education_Wilmer,0.07381443298969072,0.0,1.2337660728184394,0.09731745805629224
Rat_education_Winnie,0.21690721649484537,0.0,0.7555396560866509,-0.17588560872708822
Rat_education_Yu,0.032989690721649485,0.0,1.0116024589223318,-0.12719132815298695
Rat_education_Zina,0.408659793814433,0.0,0.883400432478711,-0.43087296473888914
Rat_education_Zoe,0.06762886597938145,0.0,1.0121064259512713,-0.19890295358091037
Rat_health_Gaye,0.07958762886597938,0.0,0.9809218419929515,-0.3112232801136132
Rat_health_Guy,0.1043298969072165,0.00041220115416323167,0.8994141775812743,-0.6100455238368294
Rat_health_Mildred,0.05690721649484536,0.0,1.3036602872813505,0.4239644260539593
Rat_health_Rosaria,0.12577319587628866,0.0,1.459996127207131,-0.014740067114671344
Rat_health_Shane,0.03463917525773196,0.0,0.9939198122152322,0.0584163041434924
Rat_health_Tanya,0.03711340206185567,0.0,1.1094412094239818,0.1967076260813828
Rat_lodging_Ardell,0.04618556701030928,0.0,1.0377350842588176,-0.2075249696650666
Rat_lodging_Ben,0.12824742268041237,0.0,0.7780796810315537,-1.018241603847537
Rat_lodging_Christine,0.046597938144329894,0.0,0.9699493379979051,-0.8459880783635257
Rat_lodging_Dwight,0.018969072164948454,0.0,1.4930836280949975,0.48281402048638705
Rat_lodging_Jeannette,0.06020618556701031,0.0,1.210208680867445,-0.14182023233977628
Rat_lodging_Lorenzo,0.11587628865979381,0.00494641384995878,0.8392440472129358,-0.5463103532741198
Rat_lodging_Marguerite,0.032989690721649485,0.0,1.0284681712517745,0.05369916278666588
Rat_lodging_Marion,0.021030927835051547,0.0,1.6063658017928664,0.6037373916334479
Rat_lodging_Ted,0.06721649484536082,0.04410552349546579,0.7078579339119686,-0.42113391967871483
Rat_office_Adele,0.0890721649484536,0.001236603462489695,1.1487860926752167,0.3641340395750848
Rat_office_Annis,0.0911340206185567,0.0,0.8060329300976263,-0.804319382485373
Rat_office_Arron,0.12412371134020618,0.0,0.9453163547989636,-0.5075358140862112
Rat_office_Avis,0.08742268041237114,0.0,1.4424687539963679,0.1797095008363743
Rat_office_Chris,0.26350515463917523,0.0,0.6512329625804665,-1.3400083641154998
Rat_office_Colby,0.09319587628865979,0.0,0.9995512918943258,-0.8769086699275883
Rat_office_Craig,0.1360824742268041,0.0,0.9069695302803873,-0.48001916991417615
Rat_office_Jacinta,0.1220618556701031,0.0,0.7418357065540663,-0.6980731835048188
Rat_office_Jamal,0.27628865979381445,0.0,2.0235499482482395,0.7275165670592274
Rat_office_Jeannie,0.13814432989690723,0.0,1.724622792402196,0.2204146341916301
Rat_office_Jessica,0.0890721649484536,0.0,1.0797668803572038,0.036341471599584126
Rat_office_Jill,0.25443298969072164,0.0,1.6954169010226925,0.4389402059784823
Rat_office_Kasey,0.07958762886597938,0.0,1.189082448409162,-0.5098805049027911
Rat_office_Lora,0.14804123711340206,0.0,1.1775029874602687,0.027992503325975266
Rat_office_Loyd,0.0775257731958763,0.0,0.9656596011802866,-0.2525970072339219
Rat_office_Mei,0.060618556701030925,0.0,1.1949900369349737,-0.3657087219839845
Rat_office_Olivia,0.21402061855670104,0.0,0.7824867023683688,0.07575657573952575
Rat_office_Ramiro,0.1447422680412371,0.0,0.9064878533225993,0.7445290914415476
Rat_office_Randy,0.208659793814433,0.0,0.875145209554088,-0.5699637006687506
Rat_office_Ronald,0.05402061855670103,0.0,0.998243978491041,-0.4814400299943873
Rat_office_Rosemary,0.07381443298969072,0.0,0.9845690163074358,-0.004036462498213245
Rat_office_Sammy,0.07381443298969072,0.0,1.152201512757106,0.2598829821389249
Rat_office_Tracy,0.08329896907216496,0.00041220115416323167,1.2449343968222268,-0.1937828129772233
Rat_other_Al,0.07051546391752578,0.004534212695795548,1.7820201650841265,0.39804190484634816
Rat_other_Daphne,0.044123711340206186,0.0,1.1920967606956796,0.2897099930407111
Rat_other_Hazel,0.047010309278350516,0.0,0.9854379453750539,0.2827070062846571
Rat_other_Lan,0.0775257731958763,0.00041220115416323167,0.9032035577920502,-0.7511265440229203
Rat_parking_Ronnie,0.04041237113402062,0.0,1.2740586134389127,0.1495428940353587
Rat_public_Alanna,0.18020618556701032,0.0,0.8430915280044744,-0.5574799671070656
Rat_public_Allie,0.2956701030927835,0.0,0.5944629648224387,-0.42990949055276456
Rat_public_Allyson,0.05402061855670103,0.00041220115416323167,1.2242981863757099,0.5586116226987649
Rat_public_Amber,0.3101030927835052,0.0,1.1377018514651631,-0.5885628635677616
Rat_public_Angelina,0.08,0.0,0.6469159337852178,-1.272799463789451
Rat_public_Angle,1.0,0.0,0.9206185386281839,-25.004688779265432
Rat_public_Becky,0.03958762886597938,0.00041220115416323167,0.8710546488785764,-0.8194572023214344
Rat_public_Berry,0.1220618556701031,0.0,0.8112127231921844,-1.306980941598951
Rat_public_Bronwyn,0.10309278350515463,0.0,1.0336669918322081,-0.0039548233578439096
Rat_public_Carole,0.03463917525773196,0.0008244023083264633,0.9947082783907671,-0.1865834544896509
Rat_public_Caroline,0.2111340206185567,0.00041220115416323167,0.8072745808136815,-1.7098743237673752
Rat_public_Chrissy,0.04288659793814433,0.0,0.812918577879489,-0.4785816877507709
Rat_public_Clyde,0.023505154639175258,0.0,1.3031795782651248,0.4924661771739384
Rat_public_Corinne,0.06556701030927835,0.0,0.7011587366410045,-1.2020134032808536
Rat_public_Courtney,0.41360824742268043,0.00041220115416323167,0.749794701981418,-0.413336706419371
Rat_public_Dalia,0.09484536082474226,0.0,0.8866155916738178,-0.9462647227696276
Rat_public_Damon,0.05360824742268041,0.0016488046166529267,0.6938683083756056,-0.7989085922217036
Rat_public_Deidre,0.02020618556701031,0.0,0.8427887693633511,-0.11405825874881946
Rat_public_Desiree,0.027216494845360824,0.004122011541632316,1.0148073437207303,-0.08821842711965837
Rat_public_Dexter,0.02556701030927835,0.0,1.023802702182784,0.11098414106203115
Rat_public_Duane,0.24824742268041236,0.0,1.9513170588595967,0.6592434021592022
Rat_public_Elmira,0.041237113402061855,0.0,0.8813266932238376,-0.985393732741279
Rat_public_Emilee,0.22391752577319587,0.0,0.8060332878132925,-0.05313636348176198
Rat_public_Faye,0.07381443298969072,0.0,1.019249436087746,-0.21206877276385241
Rat_public_Fern,0.14556701030927835,0.0,0.8307439209751144,-0.33774251366848446
Rat_public_Frank,0.12329896907216495,0.0,0.7333247195257073,-0.5048376467616701
Rat_public_Frederick,0.0643298969072165,0.0,0.7305023225624045,-0.8988829976611563
Rat_public_Fredrick,0.5612371134020618,0.0,0.6938233143023175,-0.696720490264697
Rat_public_Grover,0.0754639175257732,0.0,0.8304350596328152,-0.7683874340841871
Rat_public_Helena,0.010721649484536083,0.0,1.1085278308208586,0.19152195934935365
Rat_public_Hortencia,0.08783505154639175,0.0,1.0112214211022834,-0.09128671119231348
Rat_public_Isabel,0.1575257731958763,0.0,0.9220662267415316,-0.0014283409159242695
Rat_public_Jason,0.14515463917525773,0.0,1.0707610748295613,-0.45593487209588646
Rat_public_Joann,0.16,0.0,0.8138256232524068,-0.13950831212353096
Rat_public_Johnna,0.03463917525773196,0.0,7.403196566912628,2.4366135459496343
Rat_public_Johnny,0.03505154639175258,0.0,1.5004759336403233,0.15398056653633171
Rat_public_Josiah,0.05649484536082474,0.0,1.0674636246284555,0.09130980424463273
Rat_public_Julieann,0.817319587628866,0.0016488046166529267,0.7622609569781832,-1.51383877337643
Rat_public_Kathleen,0.06597938144329897,0.0,1.3827321427248322,1.1328661085818859
Rat_public_Kelle,0.4762886597938144,0.0,1.6245774325126843,0.17366037950995808
Rat_public_Kelly,0.033814432989690724,0.0,0.8909813439257327,-0.5246776976190372
Rat_public_Kermit,0.23463917525773195,0.0,1.844331003608789,-0.0597876619086572
Rat_public_Kimber,0.4214432989690722,0.0,0.5716636917972815,0.4536610516256984
Rat_public_Laura,0.07340206185567011,0.0,1.1078649026476806,-0.9290520078003387
Rat_public_Laurie,0.12948453608247423,0.0,1.0381304349534097,-0.43842015925353456
Rat_public_Laverne,0.04989690721649485,0.008244023083264633,0.9401426811082125,-0.39154813456812804
Rat_public_Lea,0.17855670103092783,0.0,0.7794619879158878,0.24565479052752434
Rat_public_Leo,0.0334020618556701,0.0,1.1211270290223196,-0.34564680126342023
Rat_public_Leta,0.03546391752577319,0.0,0.8977775916646927,-0.566288645602686
Rat_public_Lloyd,0.3022680412371134,0.0,0.7138579622813561,-0.5974185159827008
Rat_public_Loretta,0.14309278350515464,0.0,1.5263717706662547,-0.8952164938569621
Rat_public_Lynda,0.04288659793814433,0.0,0.7937181088797427,-0.5810307350549779
Rat_public_Mabel,0.08329896907216496,0.00041220115416323167,0.842156001974578,-1.4190200958932981
Rat_public_Marcellus,0.05979381443298969,0.0,0.9506824794204778,-0.0226808726339984
Rat_public_Margart,0.15628865979381443,0.0,0.8100069563322911,-0.04032911501912879
Rat_public_Mark,0.05731958762886598,0.0,2.0511497681762174,1.3882075870595478
Rat_public_Michael,0.3847422680412371,0.0,0.8157748080587057,-0.21169372389506216
Rat_public_Michelle,0.3270103092783505,0.0,1.1320620561340622,0.028480661821415672
Rat_public_Muriel,0.06474226804123712,0.0,1.8171740464345996,0.8100472546498982
Rat_public_Nancy,0.03422680412371134,0.0008244023083264633,0.9410269242794019,-0.038952863656347356
Rat_public_Neil,0.5068041237113402,0.00041220115416323167,0.8341901187315611,-0.4849801926969327
Rat_public_Nell,0.5657731958762887,0.0,0.4886424272000621,-2.3410459165328157
Rat_public_Nelson,0.03793814432989691,0.0,1.1127029687677448,0.3913319978997252
Rat_public_Norene,0.0865979381443299,0.0,0.6127284859891834,-0.7252910652789492
Rat_public_Ramon,0.049484536082474224,0.0,1.2256477080290682,0.46086730619869615
Rat_public_Ramona,0.04206185567010309,0.0,0.9472277160951955,-0.06873980379474508
Rat_public_Roberta,0.05030927835051546,0.0,0.8926935270994669,-0.8899516429006931
Rat_public_Roma,0.177319587628866,0.0,0.9667348019755685,-0.19344589990336614
Rat_public_Sade,0.05938144329896907,0.0,0.7917139501211119,-0.9120167034489366
Rat_public_Sana,0.49195876288659796,0.0,17.42906166011566,1.0064652216380638
Rat_public_Sean,0.04989690721649485,0.0,2.097009411448362,-0.16982272033742593
Rat_public_Shanta,0.06969072164948453,0.0,0.6012693845770712,-1.2989663171091343
Rat_public_Sharonda,0.12123711340206185,0.0,0.9535642870863724,-0.36975000924871876
Rat_public_Sharron,0.07257731958762886,0.0,1.12240011223825,-0.14304705434811987
Rat_public_Stacey,0.05855670103092783,0.0,0.8025847256616487,-0.6006507584976316
Rat_public_Stella,0.04742268041237113,0.0,1.0913411360807226,-0.36704908752187154
Rat_public_Sue,0.15422680412371134,0.0,0.8228034802632719,-0.182036718280915
Rat_public_Tammara,0.1463917525773196,0.00041220115416323167,0.6985142479987975,-0.6260552074763696
Rat_public_Tamra,0.033814432989690724,0.0,1.0266460425391595,-0.5269000350684593
Rat_public_Tommy,0.07175257731958763,0.0,0.8398792416942114,-0.6779105524751069
Rat_public_Toya,0.058969072164948455,0.0,1.2432676389924138,-0.3393717372144944
Rat_public_Tricia,0.05649484536082474,0.0,1.5567244564517042,0.4459142781147246
Rat_public_Vickie,0.26350515463917523,0.0,1.5888857921792963,0.22552631288354863
Rat_public_Wilbur,0.05360824742268041,0.0,1.0980993812848974,-0.9712320531007508
Rat_public_Wilma,0.1154639175257732,0.0,0.9436982734735969,-0.34667399699043266
Rat_public_Yessenia,0.1422680412371134,0.0,1.0694941577409116,-0.19500991208236246
Rat_religion_Kathy,0.015257731958762887,0.00041220115416323167,1.045662402831275,0.05938853452900448
Rat_retail_Jeffrey,0.11876288659793814,0.0,0.9871721354014447,0.1399124811897325
Rat_warehouse_Breanna,0.1265979381443299,0.0,1.2631983795712938,-1.1354096756362098
Rat_warehouse_Doretta,0.0577319587628866,0.0,0.9804745360110892,-0.01365192904238683
Rat_warehouse_Eloisa,0.03958762886597938,0.0,1.570065190103208,0.5819889844613458
Rat_warehouse_Maegan,0.08041237113402062,0.0,1.2280221610338857,0.026782266846467118
Rat_warehouse_Shari,0.11422680412371133,0.0,1.1989408511514215,-0.7382760662398319
Robin_assembly_Colleen,0.10515463917525773,0.0,0.9986181648067501,-0.08446080999766803
Robin_education_Audrea,0.10391752577319588,0.0,1.1167829147345893,-0.567288507710994
Robin_education_Billi,0.10144329896907217,0.0,0.9662268071326907,0.02299976953495064
Robin_education_Cecilia,0.12536082474226803,0.0,0.7565517443368043,-0.3371320498988532
Robin_education_Della,0.35175257731958764,0.006183017312448475,1.223711596703343,0.2207276294458306
Robin_education_Derick,0.06845360824742268,0.0008244023083264633,0.9493051258555949,-0.15669210809179884
Robin_education_Derrick,0.10762886597938144,0.0,1.0146270606545646,0.03125137303544081
Robin_education_Jasper,0.1002061855670103,0.0,1.0306819268961698,-0.004467480083894688
Robin_education_Julius,0.08371134020618556,0.0,1.0263681489558028,0.08609917373929202
Robin_education_Karyl,0.09030927835051547,0.0,1.0807610750838208,0.13351751681836554
Robin_education_Kiera,0.12824742268041237,0.0,0.9871091087119724,-0.13897973321399723
Robin_education_Kristopher,0.12041237113402062,0.0,0.9203320235699026,-0.2047496589478664
Robin_education_Lashandra,0.18597938144329898,0.045754328112118714,1.2610629567967147,0.2738022497024439
Robin_education_Leslie,0.1022680412371134,0.0,0.9996679509729166,0.15085463688593204
Robin_education_Lizbeth,0.08989690721649485,0.0,0.9288584608400757,-0.03184097994389036
Robin_education_Madeline,0.11917525773195876,0.0,1.026610843536644,0.11725187311267332
Robin_education_Margarito,0.05360824742268041,0.0,0.9974453031606084,-0.230230334848294
Robin_education_Megan,0.09443298969072166,0.0,1.0051387100342386,0.09032866450774146
Robin_education_Mercedes,0.11876288659793814,0.0,0.8037294367017892,-0.14403575096239762
Robin_education_So,0.07628865979381444,0.0,1.026074587353983,0.07856230465261357
Robin_education_Takako,0.12082474226804124,0.0,2.4778480557898077,-0.9282800305469697
Robin_education_Terrance,0.05360824742268041,0.0,1.0875889616914556,0.22308045519939024
Robin_education_Zenia,0.05402061855670103,0.0,1.0178155043286448,-0.08554892579018959
Robin_lodging_Armand,0.016907216494845362,0.0,1.0553404021189299,-0.26256165403531045
Robin_lodging_Celia,0.021030927835051547,0.0,1.1081670726693307,-0.08669653997288265
Robin_lodging_Donna,0.08453608247422681,0.0,1.1356427432201253,-0.08285340857571309
Robin_lodging_Dorthy,0.02268041237113402,0.0,1.1400710016451054,0.03602904456870509
Robin_lodging_Elmer,0.023505154639175258,0.0,1.051208042976077,-0.17767106491559811
Robin_lodging_Janie,0.038350515463917524,0.0,1.7669655246243243,-0.009632694408844763
Robin_lodging_Oliva,0.02556701030927835,0.0,1.1755767070970802,0.05515802305577268
Robin_lodging_Phillip,0.19505154639175257,0.0,1.2098361660281622,-0.171740548033268
Robin_lodging_Pricilla,0.035876288659793816,0.0,1.5913693416184256,0.08183019993133692
Robin_lodging_Renea,0.03422680412371134,0.0,1.136794315041453,-0.0789728402136941
Robin_office_Addie,0.06391752577319587,0.0,1.0426954134003728,0.03260040840449883
Robin_office_Adolph,0.11257731958762887,0.0,1.1815126111845198,0.09302681312007496
Robin_office_Antonina,0.06969072164948453,0.0,0.9998402571680078,-0.03978575079244559
Robin_office_Dina,0.20742268041237114,0.0,1.1629028142694218,0.03018252573824321
Robin_office_Donald,0.10309278350515463,0.0,1.0563036462867792,0.049246114390980554
Robin_office_Gayle,0.10927835051546392,0.0,1.0279555826956657,0.08848240726784881
Robin_office_Lindsay,0.12041237113402062,0.0,1.091762605711917,0.05018914060906101
Robin_office_Maryann,0.0911340206185567,0.0,1.0471099941120972,-0.05037037050046592
Robin_office_Sammie,0.0222680412371134,0.0,1.360979943016896,0.14274717100660989
Robin_office_Saul,0.2734020618556701,0.0,0.8523620772397348,-0.9716266920279872
Robin_office_Serena,0.10969072164948454,0.0,0.9694285080351199,0.06912605470778724
Robin_office_Shirlene,0.1756701030927835,0.0,1.0095312389601598,0.03690237363405502
Robin_office_Soledad,0.06350515463917526,0.0,1.0536873542582341,-0.03178943454993837
Robin_office_Victor,0.1336082474226804,0.0,1.004187533189946,0.0067836385460830605
Robin_office_Wai,0.10556701030927836,0.0,0.9913053020793755,0.1951983258138571
Robin_office_Zelma,0.0622680412371134,0.0,1.0730680132180888,0.1235312522466129
Robin_public_Cami,0.09402061855670103,0.0,1.107832525113141,0.05168069536594031
Robin_public_Carolina,0.10391752577319588,0.0,0.9210163118360442,-0.12264846843211394
Swan_unknown_Allison,0.14927835051546393,0.09150865622423743,0.9650182402488652,0.15240201817012544
Swan_unknown_Andres,0.11010309278350515,0.018549051937345424,0.9879442315813857,0.10317923946346093
Swan_unknown_Bette,0.19051546391752577,0.08944765045342128,0.9545726320836657,0.23809039318362715
Swan_unknown_Christoper,0.2177319587628866,0.09109645507007419,1.0335882408931711,0.30704354634101005
Swan_unknown_Douglas,0.5101030927835052,0.3779884583676834,0.6304439103651502,1.7618529545520503
Swan_unknown_Esteban,0.2354639175257732,0.09274525968672712,0.9543809344222571,1.0678955955963336
Swan_unknown_Fabian,0.14556701030927835,0.09150865622423743,1.0113962751763625,0.4343308439379779
Swan_unknown_Ike,0.17154639175257733,0.08944765045342128,1.082088244716176,0.32856294179131323
Swan_unknown_Isaiah,0.21525773195876288,0.0898598516075845,0.9698571760501936,0.6114048682277163
Swan_unknown_Jan,0.24494845360824744,0.09068425391591096,0.9521776798434192,1.710778905696503
Swan_unknown_Jerold,0.6688659793814433,0.38582028029678483,0.6336301484640037,2.598826959534319
Swan_unknown_Noelia,0.17484536082474228,0.09068425391591096,1.0031672364013895,0.22027025324210586
Swan_unknown_Raquel,0.2045360824742268,0.09109645507007419,0.9297051031094589,0.9053771021872637
Swan_unknown_Reyna,0.2288659793814433,0.09109645507007419,0.9789477993021338,0.24576789182645425
Swan_unknown_Rocco,0.8074226804123711,0.37675185490519375,0.7033999341264975,3.390161087618257
Swan_unknown_Rudy,0.6668041237113402,0.37757625721352017,0.6731223850791591,2.891793926340029
Swan_unknown_Tom,0.208659793814433,0.09027205276174774,0.8822680296557804,-0.002405404050642261
Swan_unknown_Valeria,0.21608247422680413,0.08903544929925804,0.9382392872705966,1.1929136294486133
Swan_unknown_Wendy,0.14061855670103093,0.08944765045342128,0.9433058471313166,0.359051305054491
Wolf_assembly_Elaine,0.19381443298969073,0.00041220115416323167,1.0509246176950482,0.027130655521783464
Wolf_assembly_Sallie,0.16989690721649484,0.0,1.0086884761771588,-0.013011147777653938
Wolf_education_Anisa,0.11010309278350515,0.0,1.1986207077170934,0.030222748811596634
Wolf_education_Arnulfo,0.10391752577319588,0.0,1.064943026434939,0.039295010298823874
Wolf_education_Bobby,0.12989690721649486,0.0,0.9443625065966053,-0.10355666781114
Wolf_education_Cheryl,0.16536082474226804,0.0,1.0114013326375972,0.025145027609666762
Wolf_education_Clarissa,0.10185567010309278,0.00041220115416323167,0.9911615102814227,0.01649931218629721
Wolf_education_Cody,0.23670103092783504,0.0,0.8186391675618795,-0.2613872681488398
Wolf_education_Dolores,0.17443298969072166,0.0,0.9504989839155151,-0.0943292413307264
Wolf_education_Dorris,0.08948453608247423,0.0,0.9483977568038543,0.1561609372420735
Wolf_education_Eulalia,0.17237113402061854,0.0,1.0081052492983507,-0.0278437625582058
Wolf_education_Joaquin,0.0865979381443299,0.0,1.0576871389553504,0.03388954534158673
Wolf_education_Josefa,0.08453608247422681,0.00041220115416323167,1.0366911050590042,0.05605378567689709
Wolf_education_Katie,0.1888659793814433,0.0,1.087473898318964,0.1402153578781139
Wolf_education_Laurinda,0.14556701030927835,0.0,1.1723031080980268,0.10774857942989574
Wolf_education_Loren,0.07463917525773196,0.0,1.0385952836636332,0.049515290170364774
Wolf_education_Miguel,0.22556701030927834,0.0,0.9844206665638918,-0.07019411438080826
Wolf_education_Roderick,0.1843298969072165,0.0,1.1429262941885852,0.10095300027938064
Wolf_education_Tammie,0.05278350515463918,0.00041220115416323167,0.9812654442376446,-0.06164585627295988
Wolf_education_Tori,0.07298969072164949,0.0,1.0492293862166973,-0.019661277990867386
Wolf_education_Ursula,0.09649484536082474,0.0,1.1033993444049186,0.11814731585082684
Wolf_education_Vivian,0.08288659793814433,0.0,1.039308895431406,0.05647547209491288
Wolf_office_Bobbie,0.1575257731958763,0.0,1.047461389408715,0.06507049044147309
Wolf_office_Cary,0.09443298969072166,0.0,0.9768019698997121,0.09180377560848083
Wolf_office_Darleen,0.24783505154639177,0.0,0.9895388931096956,-0.015881511644239798
Wolf_office_Elisabeth,0.03876288659793815,0.0,0.9963020000755086,0.2516251068400241
Wolf_office_Emanuel,0.12082474226804124,0.0,1.0032532315263691,-0.05947680860735082
Wolf_office_Haydee,0.06762886597938145,0.0,1.0603959957764544,-0.028164468603162993
Wolf_office_Joana,0.08371134020618556,0.0,1.104346577707701,0.17237214636352818
Wolf_office_Nadia,0.047010309278350516,0.0,1.0075806648464045,0.08764154642064165
Wolf_office_Rochelle,0.08989690721649485,0.0,0.9971683761063952,-0.0702560946323519
Wolf_public_Norma,0.1109278350515464,0.0,1.0287293736777554,0.07762550742567846
Wolf_retail_Harriett,0.05855670103092783,0.021846661170651278,1.0216558780647225,0.03667888291535114
Wolf_retail_Marcella,0.07835051546391752,0.0,1.0453517426418204,0.15460977551362975
Wolf_retail_Toshia,0.2004123711340206,0.0,1.012058947469572,0.05195868537399488
Wolf_science_Alfreda,0.08288659793814433,0.0,1.069060371455526,0.04198528718615968
