building_id,arm,n_origins,nmae,nrmse,mape
Bear_assembly_Angel,full,28,0.16116131005285608,0.209602446847973,17.40812029588846
Bear_assembly_Beatrice,full,28,0.444161311694545,0.5924900658135308,187.66742499794498
Bear_assembly_Danial,full,28,0.07795055421513039,0.10158490629848996,7.883197095990075
Bear_assembly_Genia,full,28,0.19885099908824558,0.2854958748663598,19.681530725854675
Bear_assembly_Harry,full,28,0.24429529700814573,0.3328080131100293,24.84795846263792
Bear_assembly_Jose,full,28,0.07192040224551069,0.09171428926489966,7.32503685569595
Bear_assembly_Roxy,full,28,0.21180006139016883,0.271784689323276,47.87999117279112
Bear_assembly_Ruby,full,28,0.07704820388330631,0.09900630863170277,7.821618492374263
Bear_education_Alvaro,full,28,0.05618551343525091,0.07045040411450253,5.600121576483168
Bear_education_Augusta,full,28,0.18194184418401615,0.32179378596402464,21.297250560480883
Bear_education_Austin,full,28,0.25230968074450755,0.43052309368907016,34.59523265140174
Bear_education_Babara,full,28,0.05594293344216058,0.07012577243868374,5.545303732336036
Bear_education_Benita,full,28,0.023443099564096383,0.03160306529172154,2.393099362500183
Bear_education_Bob,full,28,0.154589010993922,0.22839533179620072,17.417570641648243
Bear_education_Bulah,full,28,0.03893838710798254,0.04970552092815699,3.884630881827491
Bear_education_Carlo,full,28,0.34713027602074786,0.5593560522119436,62.24613865867812
Bear_education_Chad,full,28,0.03181711300814942,0.04194381299953813,3.2200199031178776
Bear_education_Chana,full,28,0.10876838862880779,0.1436384340706445,10.874312824086887
Bear_education_Chun,full,28,0.1775208454311544,0.232886923070569,18.95102736071401
Bear_education_Clint,full,28,0.06982136050325613,0.09515388158633419,6.966989834323576
Bear_education_Curtis,full,28,0.08732996076262498,0.11721837036271995,8.634692877466088
Bear_education_Danna,full,28,0.2930039797824596,0.4117191160034189,42.985527895638285
Bear_education_Darrell,full,28,0.29259599168656986,0.4494005657954981,36.775378848956116
Bear_education_Deena,full,28,0.16489496811732823,0.22237993206392945,17.853924106105623
Bear_education_Derek,full,28,0.13833481050407762,0.2463290488375153,631.4573392887445
Bear_education_Destiny,full,28,0.13857608245990766,0.18903011521760385,14.813830462478828
Bear_education_Elise,full,28,0.22938904107243116,0.29818337047732674,27.13386935377572
Bear_education_Fannie,full,28,0.046422154441503945,0.06052088440414323,4.6232341758788795
Bear_education_Gavin,full,28,0.04473453641169989,0.06311179729701624,4.519492992855537
Bear_education_Herb,full,28,0.16365523245202876,0.23434474589214616,18.430716445740586
Bear_education_Irene,full,28,0.24407215353676273,0.3359551344669821,24.27246730114772
Bear_education_Iris,full,28,0.2097960445716273,0.351376671921708,30.551209798963637
Bear_education_Katy,full,28,0.10702947242589236,0.15063810144040343,10.872364158361394
Bear_education_Lashanda,full,28,0.18819043260836482,0.2522738911758399,23.4642835538123
Bear_education_Laurette,full,28,0.03505196735252714,0.04685747188239228,3.474692778860978
Bear_education_Leonel,full,28,0.16942593041304863,0.2281792406137581,21.082923906639003
Bear_education_Lewis,full,28,0.21163517387234798,0.33392824260237075,26.77631270822139
Bear_education_Lidia,full,28,0.21715617715695265,0.3174941664729605,24.34584921915844
Bear_education_Lila,full,28,0.04052517699356611,0.055854289790820064,4.1447479022215985
Bear_education_Liliana,full,28,0.050959660011102116,0.0696233725392336,5.312090704674502
Bear_education_Lorie,full,28,0.05407420766073931,0.06871092686070528,5.40644263707426
Bear_education_Mara,full,28,0.03174507698057179,0.04497588061037373,3.2385163113470465
Bear_education_Marie,full,28,0.2083462690909345,0.3759361044128124,27.198729563562363
Bear_education_Marsha,full,28,0.08774022414101412,0.16261610767099283,9.356105937191684
Bear_education_Marta,full,28,0.22423627354074518,0.31577079604955893,29.335350817673035
Bear_education_Maryjane,full,28,0.11043180277895268,0.15108281817716507,10.72625490722293
Bear_education_Merrill,full,28,0.13150981244909649,0.16580655840439953,13.458950464964733
Bear_education_Nanette,full,28,0.13788284413264643,0.16903688945045015,14.890805950902111
Bear_education_Oscar,full,28,0.129456848590501,0.18650940964652948,14.266925957041943
Bear_education_Owen,full,28,0.15665640752276158,0.21147831078436316,17.357085228582882
Bear_education_Paola,full,28,0.16487358310098843,0.25975626782740247,16.245992743776135
Bear_education_Patricia,full,28,0.05228333571946855,0.07167923239596444,5.39404219535634
Bear_education_Pattie,full,28,0.03374425381999537,0.04245369697940022,3.3929613785353285
Bear_education_Rebecca,full,28,0.03327400793088099,0.04559685051169555,3.357919404276647
Bear_education_Sandy,full,28,0.1262588485152254,0.16862415357091823,12.11959342789786
Bear_education_Santos,full,28,0.7500088504885004,1.2043411418575425,73.43967702433982
Bear_education_Sharon,full,28,0.04265265458232598,0.06576649892061766,4.350248603383405
Bear_education_Shelley,full,28,0.15021943056672962,0.2673752045424422,19.164180963289688
Bear_education_Tara,full,28,0.21532683513012765,0.27735214526735374,23.481241852734083
Bear_education_Thuy,full,28,0.17034164812488672,0.26444714661077195,20.934583425201424
Bear_education_Val,full,28,0.05512506476020956,0.08249822133942739,5.612651034161472
Bear_education_Wade,full,28,0.147820776344326,0.2331074814705506,15.63429571651524
Bear_education_Wilton,full,28,0.03255455664283086,0.042832475121146664,3.2180866827428662
Bear_education_Wm,full,28,0.1075114209496882,0.16730943310520635,11.543033283482758
Bear_education_Yuri,full,28,0.281987907144037,0.49310574841724164,39.04951974123966
Bear_education_Yvette,full,28,0.24832135942578437,0.40124358880192157,28.886137922066546
Bear_education_Zandra,full,28,0.011305567272873476,0.015280671990093194,1.1221708658983054
Bear_lodging_Dannie,full,28,0.20599692522894208,0.2834872357401871,23.27276071996167
Bear_lodging_Erick,full,28,0.08675062236975208,0.10919801980143787,8.770726410871681
Bear_lodging_Esperanza,full,28,0.14105399404736294,0.19705779223626532,15.377878370349801
Bear_lodging_Evan,full,28,0.11661237734178381,0.169863395436068,12.603547584518122
Bear_parking_Bridget,full,28,0.149090551008017,0.20222876918176802,15.82838396466664
Bear_parking_Bruce,full,28,0.04743160741087962,0.06336218210767781,4.7842594554678906
Bear_public_Arlean,full,28,0.15455706890054202,0.19423932370792052,16.963075175605194
Bear_public_Jocelyn,full,28,0.09101140149467911,0.15599948599090724,9.336584715961385
Bear_public_Lowell,full,28,0.058385529374327144,0.0820949085676002,5.722084027847309
Bear_public_Orville,full,28,0.1997575478033824,0.3275818226422182,24.756356944173515
Bear_public_Rayna,full,28,0.26807191626874494,0.46156595813708046,45.32466108741647
Bear_public_Valorie,full,28,0.24044321642114613,0.30989481121546564,34.66989651456823
Bear_science_Alison,full,28,0.024658281887345763,0.033134731819151005,2.488787020267812
Bear_science_Eleanor,full,28,0.13258964666045703,0.1854303873539951,13.61943674591487
Bear_utility_Sidney,full,28,0.01772948888671387,0.02368620733800758,1.757454945382686
Bobcat_assembly_Adam,full,28,0.1470400499012523,0.21426812904283943,28.057012800817894
Bobcat_assembly_Billy,full,28,0.12588686539876756,0.17929608018249826,26.471184983186536
Bobcat_assembly_Camilla,full,28,0.11688023890725924,0.18416193309061807,38.928108112945786
Bobcat_assembly_Franklin,full,28,0.3998091133057715,0.5568036119289609,322.1200301842408
Bobcat_education_Alissa,full,28,0.16064084377482446,0.2221217351082166,15.741213012968661
Bobcat_education_Angela,full,28,0.10635396411658381,0.15256155133498114,10.299176466390387
Bobcat_education_Coleman,full,28,0.10426369950875346,0.17924174599597567,77.47277852018706
Bobcat_education_Dylan,full,28,0.09714357930999654,0.13157717295586874,9.773275981949132
Bobcat_education_Hollis,full,28,0.1202084134576184,0.17182187673535532,36.66947413740084
Bobcat_education_Jayne,full,28,0.15050884479651744,0.2419301189505136,26.498612184963573
Bobcat_education_Marisha,full,28,0.1656539832680005,0.22321263812398615,28.904584036158088
Bobcat_education_Monte,full,28,0.14187208803507936,0.1996042997958974,22.923351256842224
Bobcat_education_Rosalva,full,28,0.11303919229073858,0.16992552408017075,21.008991639567817
Bobcat_education_Toni,full,28,0.1118039063139395,0.18045138953582424,23.589415991640323
Bobcat_education_Whitney,full,28,0.14512217476349323,0.24391242872421506,22.01590977320182
Bobcat_lodging_Darin,full,28,0.0934339273213091,0.13544551780317982,9.425198562747685
Bobcat_lodging_Melaine,full,28,0.13665353984457082,0.17023959745338607,13.306192280195303
Bobcat_lodging_Nickolas,full,28,0.11573743618792856,0.15183353519917012,11.424523161200915
Bobcat_office_Alma,full,28,0.29381717718823586,0.39653675758827,300.4678563539493
Bobcat_office_Justine,full,28,0.2442347997098808,0.32579112922185194,26.60915469633311
Bobcat_office_Kassandra,full,28,0.09064277969268494,0.12792882673856495,9.127564076764408
Bobcat_office_Melody,full,28,0.0768533233296926,0.11109718770027774,7.389731121184124
Bobcat_office_Nikita,full,28,0.07837637499685385,0.13553570273062557,7.421636096000686
Bobcat_other_Howard,full,28,0.5753387251898762,0.8366769492863901,99.23389735954127
Bobcat_other_Jovita,full,28,0.17825266077434432,0.24310258441285287,18.238182407678593
Bobcat_other_Timothy,full,28,0.2594470098873514,0.343804625415946,222.3167784043925
Bull_assembly_Amalia,full,28,0.16774190992187707,0.25073198983857725,198.9278257050563
Bull_assembly_Beau,full,28,0.3242651764395694,0.4492848534511436,205.28965203635892
Bull_assembly_Brandon,full,28,0.1699427804289207,0.2357406113019976,227.6825631232992
Bull_assembly_Daryl,full,28,0.30846007379825324,0.5267087614229053,171.89656333147977
Bull_assembly_Dorethea,full,28,0.24827445658329472,0.3468709721561538,230.19785685272373
Bull_assembly_Freddie,full,28,0.5361097669522682,0.6517589877179581,246.22096786884376
Bull_assembly_Gerri,full,28,0.3131008157969343,0.4285815324172263,251.73785481108973
Bull_assembly_Gigi,full,28,0.25381486214105065,0.3524388417571143,202.5855216751105
Bull_assembly_Goldie,full,28,0.3020491279749846,0.3897965952379375,283.14525802751
Bull_assembly_Katia,full,28,0.2584930470995284,0.8996141622438204,269.4032330565659
Bull_assembly_Lance,full,28,0.3188682524709446,0.8559549208917061,221.81594148695382
Bull_assembly_Lesa,full,28,0.23725196803629642,0.319449111826678,228.81163595266378
Bull_assembly_Maren,full,28,0.32670090344881864,0.9195576929141098,600.7305982722525
Bull_assembly_Nathanial,full,28,0.481504741522626,0.833567793859307,2233.4631957067777
Bull_assembly_Newton,full,28,0.4639303120397538,0.5855167238129722,471.4818874324443
Bull_assembly_Nick,full,28,0.19231379647839006,0.2461657718866129,158.3587024378043
Bull_assembly_Vanessa,full,28,0.18873149124506744,0.25034520609466754,161.62498983682602
Bull_education_Annette,full,28,0.8120909825994657,1.8930191818030702,301.33041662697593
Bull_education_Antonia,full,28,0.24682085465727505,0.3521992111397181,299.9396878887503
Bull_education_Arthur,full,28,0.14031295493461143,0.22427354042169598,264.23547697426415
Bull_education_Barry,full,28,0.09742718245032685,0.20750239427142983,263.7197510634845
Bull_education_Bernice,full,28,0.39628801359471216,0.9427395158550739,210.18854959143826
Bull_education_Brady,full,28,0.3266432784086591,0.44257615150705815,279.6732079666433
Bull_education_Brain,full,28,0.2013545205952931,0.28758905527075085,393.89024613215935
Bull_education_Brandi,full,28,0.24747392011091796,0.3623266708065775,280.5639504855637
Bull_education_Brenda,full,28,0.1699144512842206,0.25329526263330715,262.3862267544824
Bull_education_Bryon,full,28,0.22873846138285228,0.3030052163879607,241.72966741458546
Bull_education_Carl,full,28,0.18144807263797758,0.2589092058070775,223.33810219414465
Bull_education_Clarice,full,28,0.14355742372814104,0.24923390215782995,297.295396605732
Bull_education_Clarita,full,28,0.32977636582634856,0.42591450097598665,283.082603981505
Bull_education_Dakota,full,28,0.2942266493260113,0.37262949503384224,200.85070654063674
Bull_education_Dan,full,28,0.14080582454194282,0.23071027279726442,249.27185486525252
Bull_education_Dania,full,28,0.17240428868773808,0.25306105534798207,270.3290188288462
Bull_education_Delia,full,28,0.9578320636431223,1.8874713097226408,323.5842786371613
Bull_education_Dora,full,28,0.26520205034694966,0.35888601077971904,300.2988546738027
Bull_education_Dottie,full,28,0.8232471956730566,1.9798625200871849,439.121472677004
Bull_education_Elva,full,28,0.19466202150576112,0.2898308065065638,276.14593283670183
Bull_education_Fabiola,full,28,0.24264102833035217,0.32435700549956786,257.74112158348885
Bull_education_Geneva,full,28,0.3898119742447857,0.5161856294714,300.8233716400353
Bull_education_Genie,full,28,0.20648884134310816,0.2944867423433756,253.08637080921628
Bull_education_Gregory,full,28,0.23224955583644769,0.32197644374177625,294.21553656566124
Bull_education_Hayley,full,28,0.19425892458189442,0.2812574238474599,298.1889089157614
Bull_education_Jae,full,28,0.12538694084436222,0.2003268214862219,216.93171229368846
Bull_education_Jeffery,full,28,0.14402495622476283,0.774773344512052,216.3461357502909
Bull_education_Joseph,full,28,0.19031742295761228,0.27867023676092556,259.2765170865873
Bull_education_Juan,full,28,0.3078117874723489,0.41714602936378514,248.52166062950835
Bull_education_Kendra,full,28,0.22755874716776875,0.3203807200047906,244.59192273067512
Bull_education_Krista,full,28,0.18136573621620722,0.26157024876637236,257.3014935643131
Bull_education_Kristal,full,28,0.14179641226563203,0.21265594121649462,230.8895077179964
Bull_education_Lenny,full,28,0.22404314016366933,0.31026905821655876,267.58416235058945
Bull_education_Linnie,full,28,0.25812170768744963,0.3467671370333172,283.5908280134895
Bull_education_Luke,full,28,0.21131423036759917,0.30496220180136696,292.1707397547541
Bull_education_Lydia,full,28,0.1429154740776213,0.2276816990340356,265.3464459998343
Bull_education_Lyn,full,28,0.31511324473984165,0.45324290348089286,442.24869794126977
Bull_education_Magaret,full,28,0.25920813172607754,0.3543687046701797,241.25850019347612
Bull_education_Mario,full,28,0.3047981512215127,0.39711759542565034,256.84926057218644
Bull_education_Matilda,full,28,0.5109606742080559,1.2486555955014123,299.70672180950857
Bull_education_Mervin,full,28,0.17982634374428833,0.2383831825139074,198.9775903283257
Bull_education_Miquel,full,28,0.2792166091820007,0.3890434536299377,353.6911474685434
Bull_education_Miranda,full,28,0.1958633930532349,0.28779513144232055,303.38806564638486
Bull_education_Myra,full,28,0.2420278324599597,0.3521647776974349,341.1016797986953
Bull_education_Nichole,full,28,0.18322322205576003,0.2694319347505151,289.79122526157306
Bull_education_Nina,full,28,0.16828319986746992,0.23368245687022257,222.92544568743065
Bull_education_Nolan,full,28,0.1708887929379107,0.23419027463914213,200.80408037770044
Bull_education_Olive,full,28,0.27517032250943796,0.3605354580969988,274.27541933653
Bull_education_Pablo,full,28,0.2420677234928841,0.31318430034801104,235.5738537195234
Bull_education_Pamela,full,28,0.16889681764256742,0.24597349401930363,250.89589279564004
Bull_education_Patrina,full,28,0.3194800642647858,0.39688224654182597,170.9974518459133
Bull_education_Racheal,full,28,0.1716247031932155,0.24741069127302592,241.89951658338225
Bull_education_Reina,full,28,0.23206689479334405,0.31243390129907533,263.19690296385454
Bull_education_Reynaldo,full,28,0.192321666351105,0.25138162330376296,162.02475793950944
Bull_education_Roland,full,28,0.22509017520302368,0.30039922929448315,237.44607480827304
Bull_education_Roseann,full,28,0.15201045854815137,0.20834504673010243,208.9904662747404
Bull_education_Sebastian,full,28,0.19550540876856368,0.2872703911895877,269.65570938707566
Bull_education_Shona,full,28,0.14292067949338338,0.2078132984850778,207.6902409121942
Bull_education_Stewart,full,28,0.17184971579799208,0.24887168971586643,211.46000118418948
Bull_education_Summer,full,28,0.2190373644723997,0.30449501034598725,234.99495378784232
Bull_education_Tracey,full,28,0.2650453744361743,0.340587803976491,192.79437638000877
Bull_education_Venita,full,28,0.2062402242598475,0.27659000779585535,199.8524703452744
Bull_education_Violeta,full,28,0.2497003356926657,0.3383511021790709,265.7327043842547
Bull_lodging_Abby,full,28,0.17828457238924125,0.2659654428269152,251.5065197132074
Bull_lodging_Allen,full,28,0.35324756310729766,0.4981084168936255,188.9034811179788
Bull_lodging_Anibal,full,28,0.23098001677823543,0.3046342593387273,206.23576509949672
Bull_lodging_Caren,full,28,0.18669804083886238,0.26663116676713156,255.9726793147653
Bull_lodging_Carie,full,28,0.13239019690263737,0.2081292796854887,237.8470525770676
Bull_lodging_Charlotte,full,28,0.3570576613137582,0.4778136383671849,149.39081978421174
Bull_lodging_Danielle,full,28,0.3083250137644077,0.953784182203103,297.8903170035631
Bull_lodging_Dave,full,28,0.18016847768593863,0.25089947844399396,225.0180836662134
Bull_lodging_Elena,full,28,0.2747186414684246,0.36489245872070686,257.759935592261
Bull_lodging_Graciela,full,28,0.20053646628687424,0.2855260625402784,154.429706809894
Bull_lodging_Hugo,full,28,0.2879932835582712,0.3881657779369468,239.31532113654333
Bull_lodging_Jeremiah,full,28,0.24456168199246087,0.3263608186320874,257.17095340107
Bull_lodging_Leonard,full,28,0.16366341590214212,0.2372144165707514,232.18782884557436
Bull_lodging_Lettie,full,28,0.2167644237505377,0.2872696785065187,230.14118828654162
Bull_lodging_Melissa,full,28,0.18210642731689525,0.2629312581167293,251.76637439089043
Bull_lodging_Perry,full,28,0.2092889095520345,0.2833026349951426,242.44958235264872
Bull_lodging_Terence,full,28,0.2566417313308746,0.8583633541873487,223.53856583163164
Bull_lodging_Travis,full,28,0.14611440285314048,0.2240373945956115,257.08481755631317
Bull_lodging_Xavier,full,28,0.3952562733243748,0.5413396670720724,162.5210611557136
Bull_office_Anne,full,28,0.22711831628676094,0.30399725598910926,282.400001358125
Bull_office_Chantel,full,28,0.18768069357944853,0.2643732116684047,209.49624408522314
Bull_office_Claudia,full,28,0.1369642958665521,0.2086300528864393,192.23173464270172
Bull_office_Debbie,full,28,0.2585125367931822,0.3674250631005295,297.392750053377
Bull_office_Efren,full,28,1.0822315144433905,2.5267947969982942,391.979927422173
Bull_office_Ella,full,28,0.4600324594956974,1.0722221960327902,479.3886832444322
Bull_office_Hilton,full,28,0.18893475444965652,0.2710946054912411,272.9903485677999
Bull_office_Ivette,full,28,0.2055633755890469,0.28420025153190975,251.87817697740522
Bull_office_Lilla,full,28,0.15540358120066727,0.22708100295432207,232.9404415128544
Bull_office_Marco,full,28,0.5727374935636714,0.9789928679775055,173.64565013215062
Bull_office_Myron,full,28,0.11715284742840326,0.20186016435177878,239.6249817173838
Bull_office_Nicolas,full,28,0.19526573451707452,0.2653782669767557,252.87745006612798
Bull_office_Rob,full,28,0.236679540204312,0.3367456262170318,293.5746901853164
Bull_office_Sally,full,28,0.790506865911283,1.88669437614389,269.925766966058
Bull_office_Trevor,full,28,0.24194008511795453,1.0021456515969922,244.7797454753226
Bull_office_Yvonne,full,28,0.23294790006948668,0.339924555619185,269.5535830464089
Bull_public_Hyun,full,28,0.12618459742718086,0.20967788073669497,246.0489203367027
Bull_public_Jefferson,full,28,0.16291131452717858,0.27377419222369576,291.8075121479174
Bull_services_Jeanmarie,full,28,0.21558481847181624,0.3085111576406276,305.183465745955
Bull_services_Juanita,full,28,0.14349170314294507,0.21326766524191273,198.5799122964725
Bull_services_Nadine,full,28,0.16305834661442742,0.21613270143788071,200.0501477086576
Bull_services_Rachelle,full,28,0.17758909063342565,0.24971282092243755,186.01736171605015
Bull_services_Winford,full,28,0.09911079839911066,0.17891547086551185,228.36286229117255
Cockatoo_assembly_Doyle,full,28,0.14701466299089933,0.19709243003143634,14.417578096901146
Cockatoo_assembly_Ed,full,28,0.17372442404381536,0.21930780700575855,21.73224986926235
Cockatoo_assembly_Emilio,full,28,0.12774887961014753,0.1635440261345624,14.640883461180904
Cockatoo_assembly_Evelyn,full,28,0.26551891119896703,0.4063874013497227,32.81091765098025
Cockatoo_assembly_Fernanda,full,28,0.16169855033402003,0.20820226361013264,20.303931226215134
Cockatoo_assembly_Genoveva,full,28,0.28021188054530005,0.34970929803482637,32.02048602337496
Cockatoo_assembly_Griselda,full,28,0.230393175369388,0.3052171635915953,29.02420962246494
Cockatoo_assembly_Heath,full,28,0.12282084648657221,0.1758518800459154,11.847977589898719
Cockatoo_assembly_Meredith,full,28,0.1114553924126124,0.14137990957820243,12.343789242376046
Cockatoo_assembly_Pierre,full,28,0.09761946732065789,0.12438280125181507,10.003207308144695
Cockatoo_assembly_Ralph,full,28,0.07799627570632714,0.09721435377541085,7.921137201959344
Cockatoo_assembly_Rodger,full,28,0.0908792931765735,0.12376939864842766,9.052505592386245
Cockatoo_assembly_Tabitha,full,28,0.1264046767781031,0.16127131037324446,13.0497697820863
Cockatoo_assembly_Valencia,full,28,0.23414832300363858,0.284443255991755,30.29235323786501
Cockatoo_education_Amira,full,28,0.1469355076269086,0.2470304579223838,13.426997637463293
Cockatoo_education_Arlen,full,28,0.1774125755298556,0.24602070473263962,19.088757172489373
Cockatoo_education_Brendan,full,28,0.07878052867217146,0.11038744971660339,8.092682462940248
Cockatoo_education_Brigitte,full,28,0.03527093305521456,0.05098145485261433,3.5024886803726494
Cockatoo_education_Charity,full,28,0.040292841111027225,0.0554369594143401,4.088444144771302
Cockatoo_education_Christi,full,28,1.0492931592487218,2.4832990090304747,104.9293159248722
Cockatoo_education_Claudine,full,28,0.05042981549036002,0.06855359793263481,5.155406685673316
Cockatoo_education_Collin,full,28,0.04544050577556498,0.0632409328741301,4.5470995209570475
Cockatoo_education_Deloris,full,28,0.04862012702475754,0.06316392923890739,4.850513264527121
Cockatoo_education_Doreen,full,28,0.10138587731312941,0.13629896789223667,10.901329031011645
Cockatoo_education_Erik,full,28,0.04105733000102216,0.057164348091741125,4.144917394794518
Cockatoo_education_Eunice,full,28,0.05124684034875996,0.07766634254460433,5.007543254667255
Cockatoo_education_Evangeline,full,28,1.946754232028143e-06,2.200348921346346e-06,0.0001946754232028143
Cockatoo_education_Flora,full,28,0.02881821822713724,0.038195731446256286,2.9514015584675426
Cockatoo_education_Gussie,full,28,0.046053180500036116,0.06175763285162036,4.584268354138075
Cockatoo_education_Helene,full,28,0.05123961811225456,0.07202075875811431,5.100281135951362
Cockatoo_education_Jack,full,28,0.22722580842796766,0.3537783009321718,28.03091134091066
Cockatoo_education_Janet,full,28,0.028573113635775457,0.04410986840087613,2.9008755802418404
Cockatoo_education_Joeann,full,28,0.12040801263834609,0.17211761075699847,11.074554133002971
Cockatoo_education_Joel,full,28,0.05302604499190092,0.06600005938836954,5.325622095144937
Cockatoo_education_Jon,full,28,0.15538822034027272,0.21574896730632057,17.681404193258306
Cockatoo_education_Julia,full,28,0.11386305941224885,0.14566575893853712,11.667919755008564
Cockatoo_education_Julio,full,28,0.053983287860402074,0.0687871673590805,5.4860402812916
Cockatoo_education_June,full,28,0.047061033354474174,0.06533631183448267,4.730006467741527
Cockatoo_education_Laurence,full,28,0.2733150238268394,0.36419368966391863,28.69771135324466
Cockatoo_education_Lionel,full,28,0.0336876100015546,0.049838710986209005,3.36847986671358
Cockatoo_education_Magdalena,full,28,0.10374541497534515,0.14026756417371664,13.992297313311012
Cockatoo_education_Marva,full,28,0.16780315784578725,0.25898508863338515,17.60405752324299
Cockatoo_education_Maynard,full,28,0.3984839010981814,0.4800327444275169,49.10365198942979
Cockatoo_education_Mayra,full,28,0.10294132177483316,0.14086457247697765,10.958026233453461
Cockatoo_education_Melanie,full,28,0.17047601866200326,0.23196670272394146,18.675924622334847
Cockatoo_education_Minh,full,28,0.09872366221517768,0.1228667195495599,9.959110286124707
Cockatoo_education_Nelda,full,28,0.05946710558989816,0.08301393509175424,6.265628717842267
Cockatoo_education_Oliver,full,28,0.10246077572553065,0.14685555555652163,11.65991601356954
Cockatoo_education_Orlando,full,28,0.06204898210852276,0.08837417291083557,5.848680576475157
Cockatoo_education_Rita,full,28,0.1646906903489,0.2782138852558088,17.909489605792164
Cockatoo_education_Shawn,full,28,0.09075268492940945,0.11573700468156618,9.54940341827498
Cockatoo_education_Sheryl,full,28,0.03514320956108712,0.05500681213329563,3.476342162468921
Cockatoo_education_Terrence,full,28,0.04865635031771747,0.07259445206911841,4.852071190023615
Cockatoo_education_Tyler,full,28,0.019201565235600484,0.025030225958115267,1.9137942404935178
Cockatoo_education_Victoria,full,28,0.08371565396189116,0.11351791840841519,8.697383808546173
Cockatoo_industrial_Nathaniel,full,28,0.2383296242021282,0.2987688058551281,44.47584253503827
Cockatoo_industrial_Sarita,full,28,0.06173735119572589,0.07948314655890729,6.015519700431311
Cockatoo_lodging_Aimee,full,28,0.1002930638536257,0.1326155972108691,10.258997420722908
Cockatoo_lodging_Albert,full,28,0.0896756891087751,0.11887547037338388,9.577204211669994
Cockatoo_lodging_Alicia,full,28,0.11385667268627069,0.15272822250945806,11.736671226208946
Cockatoo_lodging_Ana,full,28,0.1263265403399846,0.1628989588299716,14.183293696448777
Cockatoo_lodging_Carmen,full,28,0.14528383019917818,0.18630115034256445,15.457398507800505
Cockatoo_lodging_Cletus,full,28,0.11803717317547593,0.15718430093287733,13.440959774054912
Cockatoo_lodging_Elvia,full,28,0.1568213878175309,0.19833715975866215,17.983395987615143
Cockatoo_lodging_Emory,full,28,0.14410786132725625,0.17878249126784837,17.231779166781124
Cockatoo_lodging_Eric,full,28,0.16892063577599867,0.2161057579338802,19.006164590889604
Cockatoo_lodging_Homer,full,28,0.055972447771681505,0.07593458493772606,5.77276056829978
Cockatoo_lodging_Jarrod,full,28,0.4023975925872142,0.7327653172409048,72.31501915087127
Cockatoo_lodging_Javier,full,28,0.11959861102928962,0.15204901455024442,13.196650395429726
Cockatoo_lodging_Jim,full,28,0.07919602120897361,0.10128446107103888,8.543122906082017
Cockatoo_lodging_Jimmie,full,28,0.08328160599816582,0.11067006819516485,8.978626897750837
Cockatoo_lodging_Johnathan,full,28,0.12385754723564099,0.15303143686946546,13.102059218184866
Cockatoo_lodging_Josephine,full,28,0.1933349095517728,0.26776611772944975,22.49882387296416
Cockatoo_lodging_Judi,full,28,0.2139605414298894,0.2654950861840577,23.60024852980125
Cockatoo_lodging_Katharine,full,28,0.0888683904870093,0.11440937447413162,9.119298336762695
Cockatoo_lodging_Kerri,full,28,0.11891724043328686,0.15099320004277952,12.952916206567938
Cockatoo_lodging_Kyle,full,28,0.11573640746096318,0.15993449307643337,13.2279953031077
Cockatoo_lodging_Lana,full,28,0.13566273810326543,0.18052356026007157,14.40540175449545
Cockatoo_lodging_Linwood,full,28,0.1867991454581515,0.2595477029505112,20.74801758588045
Cockatoo_lodging_Lynne,full,28,0.1265032724243737,0.18067431657194333,13.899677742846409
Cockatoo_lodging_Mandy,full,28,0.18388395232901328,0.23299090532412337,20.34428701086774
Cockatoo_lodging_Olga,full,28,0.13991059911113773,0.18546064736420456,16.531637277611193
Cockatoo_lodging_Raphael,full,28,0.13688469903160783,0.18519509355978225,15.669521735263276
Cockatoo_lodging_Tesha,full,28,0.11885322957009245,0.15034114992617137,12.115217765728648
Cockatoo_lodging_Tessie,full,28,0.09344053695889039,0.13486638685004032,10.807078480182671
Cockatoo_office_Ada,full,28,0.03571662836667189,0.06439522277158302,3.9868487593662927
Cockatoo_office_Alton,full,28,0.08909377810602329,0.12432431382232366,9.35029958486929
Cockatoo_office_Christy,full,28,0.08109595021607101,0.11901415019856518,8.586541641990001
Cockatoo_office_Delores,full,28,0.0824067874350613,0.1121289124335558,8.06234593270481
Cockatoo_office_Elbert,full,28,0.1413400647800799,0.19137659475566657,15.590233520629887
Cockatoo_office_Gail,full,28,0.14163568039086424,0.1815951578221888,14.718813079851694
Cockatoo_office_Georgia,full,28,0.08768717053489371,0.12378583579243425,9.606879443810103
Cockatoo_office_Giovanni,full,28,0.05900210539165246,0.07860543701952795,5.938507971023594
Cockatoo_office_Jimmy,full,28,0.1850983059028547,0.29140418645609306,24.365436203769658
Cockatoo_office_Jodie,full,28,0.11701717588842883,0.14270061890415292,11.791604861461016
Cockatoo_office_Kristin,full,28,0.04357241299442435,0.05778011851516263,4.345770932771942
Cockatoo_office_Laila,full,28,0.042640187456738726,0.05635245774977139,4.24363660834489
Cockatoo_office_Lorraine,full,28,0.1907813667158697,0.2614999955554807,20.995992240661877
Cockatoo_office_Paige,full,28,0.10951149304113864,0.15004396232763925,11.056666742202538
Cockatoo_office_Pansy,full,28,0.1563048643069452,0.28719675485601737,19.190253438613667
Cockatoo_office_Rodney,full,28,0.1045705127291032,0.14902647699616106,11.343455056090496
Cockatoo_office_Roxanna,full,28,0.1133530231908887,0.14576491901054583,11.554513481527778
Cockatoo_public_Caleb,full,28,0.14488734060412733,0.2034192917967298,17.354247103655702
Cockatoo_public_Chiquita,full,28,0.139000943807655,0.20779148001132916,16.03462846954503
Cockatoo_public_Harland,full,28,0.16988995436373747,0.23396146528744577,24.238404383146925
Cockatoo_public_Leah,full,28,0.16593516973556752,0.24214511028695743,22.664024441354634
Cockatoo_public_Shad,full,28,0.11585451620617113,0.1509263115129527,12.815113760337182
Cockatoo_public_Valerie,full,28,0.04794104653724893,0.06153295926256136,4.801565772545166
Cockatoo_religion_Diedre,full,28,0.4249560570434032,0.521095370340586,57.82399962299339
Cockatoo_science_Rex,full,28,0.06893720226501081,0.09519676516684555,6.820804921692056
Cockatoo_utility_Kimiko,full,28,0.18869255772277838,0.2510948222165269,26.17151741184727
Cockatoo_utility_Sherri,full,28,0.14989271587940356,0.281140539876208,17.543167680432287
Crow_education_Kate,full,28,0.021278507626743923,0.04140335717732173,2.127850762674392
Crow_education_Keisha,full,28,1.3474458093166064e-06,1.5929086730727094e-06,0.00013474458093166067
Crow_education_Marlin,full,28,0.04317649384922691,0.07890333453421355,4.3176493849226905
Crow_education_Omer,full,28,2.4306035674569882e-06,2.5954122616812365e-06,0.00024306035674569887
Crow_education_Winston,full,28,0.022309982971662822,0.04474815137701241,2.230998297166282
Eagle_assembly_Benny,full,28,0.10888233387196239,0.1469327774483611,10.839896121790094
Eagle_assembly_Candice,full,28,0.914499486755733,1.2521288605753136,195.33972892187782
Eagle_assembly_Estelle,full,28,0.29634206672255853,0.40120802634005326,29.92273850035853
Eagle_assembly_Herbert,full,28,0.2843596990441131,0.3695674969741945,126.0363871245205
Eagle_assembly_Ian,full,28,0.2068086044304383,0.2768572863616127,20.676662582503187
Eagle_assembly_Josie,full,28,0.2601573503332729,0.29855097666542235,33.28913349173721
Eagle_assembly_Lacy,full,28,0.08963276243815205,0.11895283540689289,25.003352486014315
Eagle_assembly_Latrina,full,28,0.36845268077864063,0.5720258230226972,1709.2664049945902
Eagle_assembly_Margret,full,28,0.09580824099550797,0.13013516365749409,10.615668493015688
Eagle_assembly_Portia,full,28,0.15769225049717814,0.20484179751731074,16.523912134382115
Eagle_education_Alberto,full,28,0.8693749740055049,1.277111346863615,8253.73818371999
Eagle_education_April,full,28,0.2506939745177903,0.32104770665638555,38.40115609260833
Eagle_education_Brianne,full,28,0.0804316549295786,0.09922155662999968,8.366243360771557
Eagle_education_Brooke,full,28,0.03784219371745596,0.10173706479580423,90.73928526475618
Eagle_education_Edith,full,28,0.15494703833567328,0.2096436281718288,18.696166020818485
Eagle_education_Eileen,full,28,1.1827701001592485,1.588731922262307,10873.753573669348
Eagle_education_Jewell,full,28,0.059807516695277084,0.1035408385588844,43.69828965212157
Eagle_education_Lino,full,28,0.19953245880017503,0.25207005474587674,36.71456869774463
Eagle_education_Luther,full,28,0.04205214427666178,0.058966904410520535,4.561411541839541
Eagle_education_Maragret,full,28,0.17973437634874728,0.2319329003539996,37.98298989877924
Eagle_education_Norah,full,28,0.04129286769086656,0.051831842332235506,4.190977900528931
Eagle_education_Paul,full,28,1.203341420735754,1.486220970850459,10233.937426069448
Eagle_education_Peter,full,28,0.027631512809708342,0.03957329019372527,2.7418331534255937
Eagle_education_Petra,full,28,0.0936634363978993,0.1254822678876912,9.146058942359964
Eagle_education_Raul,full,28,0.04183022529040964,0.06057932962908871,4.59477620833106
Eagle_education_Roman,full,28,0.03276482797863737,0.05269322805124532,3.623083396947
Eagle_education_Samantha,full,28,0.049041448259326506,0.0638481052621136,5.00842008825197
Eagle_education_Shana,full,28,1.1435580195348494,1.4885820027075771,10977.272148890419
Eagle_education_Shanna,full,28,0.1283110995103058,0.1614076290826204,12.90429814428007
Eagle_education_Shante,full,28,0.03525914487798522,0.04548603333249764,3.4958697410907993
Eagle_education_Sheena,full,28,1.2010355541925541,1.4828428976691093,10211.086455760376
Eagle_education_Sherrill,full,28,0.029801577179264363,0.04099061585630492,2.914454687601968
Eagle_education_Teresa,full,28,0.11561558881306987,0.1465335045379424,12.440532410708885
Eagle_education_Wesley,full,28,0.16471326551190904,0.21913798702000678,20.203287254018253
Eagle_education_Will,full,28,0.055950576846337384,0.07142061112917601,5.571799630270785
Eagle_food_Jennifer,full,28,0.1612579321879486,0.25888213692516265,14.661296719913164
Eagle_food_Kay,full,28,0.23704844880202108,0.31582048208336927,32.80673980025575
Eagle_health_Amy,full,28,0.3024240308362565,0.39341411187390385,59.278288608960516
Eagle_health_Athena,full,28,0.1443623716608057,0.19265672201883838,15.464248258066185
Eagle_health_Gregoria,full,28,0.8380373620471299,1.0168933994339147,58.28553326523021
Eagle_health_Jodi,full,28,0.08148365658003329,0.11952207389318169,8.345395277678826
Eagle_health_Lucinda,full,28,0.09941117416248513,0.1749178928820179,220.7917424467795
Eagle_health_Margo,full,28,1.366118902931238,1.7368102450465956,13070.643484157392
Eagle_health_Reba,full,28,0.04552536901906778,0.061666140407809565,4.590155064623336
Eagle_health_Reuben,full,28,0.2760266630175925,0.4043644294306521,1063.5991597997024
Eagle_health_Trisha,full,28,0.07226502919263067,0.0916348649590372,7.2519050548810275
Eagle_health_Vincenza,full,28,0.25574520848154814,0.3960423508791819,82.77547569488452
Eagle_lodging_Andy,full,28,0.24083847869168945,0.3290770916638419,35.37436922864774
Eagle_lodging_Casey,full,28,0.3939044788853458,0.5249563671920819,73.45412330404713
Eagle_lodging_Dawn,full,28,0.30689344108556965,0.43614171188274353,58.86329572274287
Eagle_lodging_Edgardo,full,28,0.35941070240274825,0.47539290300012765,62.355050695901426
Eagle_lodging_Stephanie,full,28,0.1339313917585147,0.16942520515428733,14.832940255176178
Eagle_lodging_Terri,full,28,0.15396484262032262,0.19617775221406908,15.141665075391575
Eagle_lodging_Tressa,full,28,0.1413087733875096,0.1799891573058889,14.410481904509966
Eagle_lodging_Trina,full,28,0.394777590823472,0.5089899465996411,60.939586222029426
Eagle_office_Amanda,full,28,0.7073052477205684,0.820511465616918,3416.1207241021925
Eagle_office_Amie,full,28,0.009254489208643446,0.03407472400971203,1.0259138817326774
Eagle_office_Bridgett,full,28,0.10141451996231947,0.1265910796403464,10.861791092921468
Eagle_office_Chantelle,full,28,0.11718319336542578,0.15545629202543534,12.453934487371706
Eagle_office_Chauncey,full,28,1.3147557564990477,1.6803813483600851,12487.92935213833
Eagle_office_Dallas,full,28,0.11486165944594408,0.15543718455452982,11.663607941986132
Eagle_office_Damian,full,28,0.16097292568847335,0.21247450746949012,16.634423054828325
Eagle_office_Demetra,full,28,0.19936654463634176,0.32133152162814826,36.51379052133626
Eagle_office_Donovan,full,28,0.17000677120679303,0.2225665124881211,31.253159772109445
Eagle_office_Efrain,full,28,0.10506144546319807,0.14659540682406408,10.318280139796247
Eagle_office_Elia,full,28,0.1928220885700248,0.25184351200079413,19.637715072788296
Eagle_office_Elias,full,28,0.16147621694464134,0.21303910054704553,16.67967323994696
Eagle_office_Elvis,full,28,0.22903624372576767,0.2960216765179607,37.50703623290189
Eagle_office_Flossie,full,28,0.15935217400439694,0.20099147478995127,29.284524221162094
Eagle_office_Francis,full,28,0.060362333172598724,0.08385331168170035,20.579279247105763
Eagle_office_Freida,full,28,0.13132599562253452,0.18108749733979168,108.46974225482523
Eagle_office_Henriette,full,28,0.19638308981854335,0.24310192226587238,39.308434681199095
Eagle_office_Isidro,full,28,0.2029370273756461,0.29376100487836,23.569514604638172
Eagle_office_Jackie,full,28,0.12306489902360969,0.16788589514264546,13.303489666980264
Eagle_office_Jeff,full,28,0.2165229438862712,0.3281244067003693,27.857179255935865
Eagle_office_Joette,full,28,0.06350751123405131,0.09090315136087178,6.693921299820961
Eagle_office_Katheleen,full,28,0.2882164814089031,0.3683769854229362,36.28003492308306
Eagle_office_Lamont,full,28,1.04968769645221,1.4218268326078862,9356.347225282314
Eagle_office_Lane,full,28,0.153260260166007,0.2091641746137805,194.8808579582003
Eagle_office_Lillian,full,28,0.24828162886850375,0.320321629956981,250.13389571588723
Eagle_office_Mable,full,28,0.2716349516596772,0.3551659393318589,70.57999377159288
Eagle_office_Mandi,full,28,1.1409190154161521,1.4867123201335233,10949.644634851753
Eagle_office_Marisela,full,28,0.9758427063778301,1.3565512415106995,8782.90803255258
Eagle_office_Michele,full,28,0.10938802393596232,0.13348988549328714,10.61553531700277
Eagle_office_Nereida,full,28,1.0913423256873065,1.4764250321827912,10212.339416690234
Eagle_office_Norbert,full,28,1.4293657377554159,1.7886498322124598,13167.51276934578
Eagle_office_Patrice,full,28,0.12061505611199529,0.16625479633321352,12.491329097082557
Eagle_office_Phyllis,full,28,1.1432114807170786,1.4874035915406703,10975.273946985973
Eagle_office_Randolph,full,28,0.1533653551524961,0.2073684063813205,16.325003691917896
Eagle_office_Remedios,full,28,1.3518233950911298,1.7265211155771067,12785.629736112813
Eagle_office_Ryan,full,28,0.1672627577630748,0.23043805918556234,18.308750832599806
Eagle_office_Sheree,full,28,0.22402509163774056,0.3142151554483395,25.007759119412814
Eagle_office_Sonya,full,28,0.0756296776697541,0.09502297149358518,7.731859747696995
Eagle_office_Tia,full,28,1.1884363896062402,1.591886064411177,10938.41045412424
Eagle_office_Yadira,full,28,0.24597827700036182,0.3154833145041428,169.17270506632437
Eagle_public_Alvin,full,28,0.07044032763128474,0.09833326025384113,21.348612177313164
Eagle_public_Henry,full,28,0.16227649233561692,0.2288478376103352,32.382398046886784
Eagle_public_Minnie,full,28,0.07253554525302822,0.09581057545080794,7.147807007871012
Eagle_public_Missy,full,28,0.25357307225329273,0.32780678373632743,26.752464302645713
Eagle_public_Ola,full,28,0.18203790045313215,0.23768770745126871,25.610120961104
Eagle_public_Pearle,full,28,0.17732671919209125,0.30410962692660864,30.875969159304844
Eagle_public_Preston,full,28,0.1544850023625327,0.23084322939864457,35.15432920455776
Fox_assembly_Adrianne,full,28,0.2615929531571595,0.4041060357598706,35.22958156417639
Fox_assembly_Audrey,full,28,0.07663133488389488,0.1322174939437639,8.411538608643756
Fox_assembly_Boyce,full,28,0.1090185954426962,0.15540644575414786,11.95763326269016
Fox_assembly_Bradley,full,28,0.05729171134182459,0.10867280243412729,51.185009737671216
Fox_assembly_Carlos,full,28,0.14950242782676967,0.21211023387499162,26.831465833863167
Fox_assembly_Cathy,full,28,0.6735226784279672,1.0030541568751798,3025.741136912479
Fox_assembly_Cecelia,full,28,0.18799909043142657,0.26859295802501465,30.569238100660428
Fox_assembly_Christie,full,28,0.40518303068868444,0.5469128047773825,54.68103648925633
Fox_assembly_Cindy,full,28,0.1373981125175886,0.18007954458101172,14.696965044135338
Fox_assembly_Dixie,full,28,0.5184817964683629,0.6929006533301459,75.55682332550482
Fox_assembly_Emma,full,28,0.10712788059256073,0.14798580616125334,53.37077325137355
Fox_assembly_Gary,full,28,0.08876237134053191,0.12063392609941083,9.720142832222828
Fox_assembly_Jerrod,full,28,1.7785974420922896,3.8170979950819324,258.32304997810456
Fox_assembly_Johnnie,full,28,0.15823226528390602,0.22829926145645202,25.128885523941825
Fox_assembly_Kathie,full,28,0.3230812711902288,0.45950338216639736,95.46478219300961
Fox_assembly_Lakeisha,full,28,0.2703479208583873,0.3573574244507398,104.51146010801224
Fox_assembly_Leeanne,full,28,0.1624900391342104,0.21653158297362143,16.390548089036663
Fox_assembly_Renna,full,28,0.036453593814186745,0.06594502410110212,4.434698960745846
Fox_assembly_Sheldon,full,28,0.11765649057254382,0.15643910272132328,43.05754215887604
Fox_assembly_Terrell,full,28,0.17375417470639448,0.25558242330231423,73.25682667556023
Fox_assembly_Tony,full,28,0.1445550149672672,0.18700563030850414,28.253601039083016
Fox_education_Andre,full,28,0.04296431764740554,0.08716401210851633,8.72154701702342
Fox_education_Ashli,full,28,0.12582235264149644,0.1627956825423469,13.050797669449773
Fox_education_Burton,full,28,0.114203989720447,0.16861324284371484,62.21716876535448
Fox_education_Carleen,full,28,0.11464091905765314,0.14864767993095163,12.637742717064505
Fox_education_Charles,full,28,0.1253994156065538,0.1804205862155489,41.53440082662792
Fox_education_Claire,full,28,0.09691270263070373,0.16162431951772843,10.837836834939754
Fox_education_Claude,full,28,0.023589901641317242,0.05003320863864512,2.8862879264925154
Fox_education_Cynthia,full,28,0.14835468941089083,0.1973653423935245,14.635957408821746
Fox_education_Delma,full,28,0.3668156710708503,0.5899422366988037,479.5656938829974
Fox_education_Dewayne,full,28,0.1325228674458948,0.20037328089747042,15.10598525473131
Fox_education_Dominique,full,28,0.03641707591019818,0.08610133656504057,49.43937017256357
Fox_education_Eddy,full,28,0.12300297746109781,0.18785539371053933,16.840539595877413
Fox_education_Eldon,full,28,0.03694876701108482,0.08304230005546637,34.57871464202454
Fox_education_Elizabeth,full,28,0.10770941644874026,0.14611806577012396,24.58333422445961
Fox_education_Elois,full,28,0.216559810945965,0.29503605216228596,46.04318224262578
Fox_education_Elvira,full,28,0.11180815610786556,0.16036460709863953,11.93285777089213
Fox_education_Etta,full,28,0.11177887397807725,0.14444261615962034,11.694946958163465
Fox_education_Gayla,full,28,0.24438665531840895,0.31994900429958656,55.12273331850472
Fox_education_Geoffrey,full,28,0.04787437035208734,0.09186319556783537,47.61970923536999
Fox_education_Gloria,full,28,0.029812575123381913,0.08313939639828177,48.3140825533725
Fox_education_Henrietta,full,28,0.24404195795226472,0.34077879129492733,28.540831317346182
Fox_education_Heriberto,full,28,0.05863387176498131,0.08492104350153887,7.103661118163321
Fox_education_Jaclyn,full,28,0.07295439378398458,0.09750481766550671,7.889686470948715
Fox_education_Jacqueline,full,28,0.3547269377712921,0.4924100570847464,93.87537308958768
Fox_education_Janina,full,28,0.12788392375919988,0.19687592305605245,16.543061135144793
Fox_education_John,full,28,0.9405668695257691,1.192520814601406,5473.649979532035
Fox_education_Kendrick,full,28,0.3547819030137007,0.5317920577957195,113.71083278501013
Fox_education_Kim,full,28,0.20791562340885134,0.28128957841247726,52.72859641277942
Fox_education_Kris,full,28,0.1371182544992772,0.18657980930416632,28.823094772910622
Fox_education_Leona,full,28,0.060671997379507056,0.09395921795526653,6.798383744976732
Fox_education_Leota,full,28,0.07485163441911784,0.10958228526888532,7.9126626287533055
Fox_education_Lesley,full,28,0.31008237639034236,0.47880432940146267,34.81394062375721
Fox_education_Lilly,full,28,0.20007176433331286,0.36336782749988955,1248.577940943461
Fox_education_Long,full,28,0.09883543402470084,0.16848146449502707,27.554822098255354
Fox_education_Louie,full,28,0.13059287395197536,0.18135669594015827,42.971994278269285
Fox_education_Marcelina,full,28,0.32889070154434485,0.47944488806378344,53.33289388547674
Fox_education_Maris,full,28,0.07645083343447455,0.11658150898418451,21.37896995772193
Fox_education_Marlana,full,28,0.16485522960349946,0.3306848463601599,1152.690690501598
Fox_education_Maureen,full,28,0.04915260389370076,0.07459832457954936,5.303880441506749
Fox_education_Melinda,full,28,0.08285569087204146,0.14823927396060926,18.02346929927455
Fox_education_Melvin,full,28,0.27110823919789756,0.4139498672736665,1008.9950086579282
Fox_education_Miguelina,full,28,0.14195350433118586,0.20283799351815582,14.082481297274253
Fox_education_Nilda,full,28,0.11372583861000467,0.15443481541042242,11.366168661315722
Fox_education_Ollie,full,28,0.08957572791268477,0.12302377064315269,9.987276409497865
Fox_education_Otilia,full,28,0.023802149752318872,0.07208464380481756,31.579466792118772
Fox_education_Ray,full,28,0.10105776416515573,0.1370571906992903,11.421558670245261
Fox_education_Rosie,full,28,0.12621233382103067,0.15962325378852962,30.069285293095145
Fox_education_Rudolph,full,28,0.3787851835290311,0.53681938405505,1945.0727554986815
Fox_education_Shaun,full,28,0.21564889227494347,0.3421173920542194,73.7058379399164
Fox_education_Shawanda,full,28,0.3193208312792698,0.4423742123968863,33.36708234712764
Fox_education_Shirley,full,28,0.2645980007346665,0.3830420948895075,26.38223035071649
Fox_education_Stacia,full,28,0.02481971141224896,0.06108197597922046,3.534645496140269
Fox_education_Sterling,full,28,0.2101727391011627,0.3004715182671949,43.426658624824036
Fox_education_Suzan,full,28,0.10883155328584149,0.16107682941274792,13.25177168029221
Fox_education_Tamika,full,28,0.06876743238303312,0.09001272184802607,7.339513900204683
Fox_education_Theodore,full,28,0.019740531279299596,0.039709065914932666,2.3379335479766015
Fox_education_Tonya,full,28,0.0554619820228876,0.09393103561149393,7.007914054716224
Fox_education_Virgil,full,28,0.051196355990174754,0.10542685818255793,54.45387918378542
Fox_education_Virginia,full,28,0.38049937269849615,0.5850482968113829,220.98665560860204
Fox_education_Wendell,full,28,0.031147320512516802,0.08137809835164456,45.60918447335076
Fox_education_Willis,full,28,0.01472916462495522,0.03666688645763957,1.8338558778892413
Fox_education_Yolande,full,28,0.026527503705319155,0.04923351957183708,3.0060830268317544
Fox_food_Francesco,full,28,0.2254520580145451,0.3062487108420037,42.7863924378884
Fox_food_Scott,full,28,0.14314937697580182,0.190326483375025,32.40782758618187
Fox_health_Lorena,full,28,0.169121423631931,0.2166609601819877,17.15777703635425
Fox_lodging_Alana,full,28,0.06770217194140972,0.09748901219327546,7.3692028735632364
Fox_lodging_Angla,full,28,0.1500867403683373,0.21427669343146413,16.420699991793704
Fox_lodging_Frances,full,28,0.0689503972039769,0.09590829407166575,7.658420962790221
Fox_lodging_Helen,full,28,0.08629405107003964,0.12081632936859618,10.182697491573224
Fox_lodging_Isabell,full,28,0.06295854082139449,0.11156610448526796,8.279945171556276
Fox_lodging_Jina,full,28,0.04308423342928496,0.06225339590883792,4.602967780212638
Fox_lodging_Morris,full,28,0.061809417272303914,0.0953345775829711,20.45814474818882
Fox_lodging_Stephan,full,28,0.08993713388564634,0.1279743329694921,49.96353724886246
Fox_lodging_Stephen,full,28,0.09052697518553213,0.11759411794668424,9.597740180597333
Fox_lodging_Wallace,full,28,0.051681247926256835,0.07785586292336358,5.829380409276644
Fox_lodging_Warren,full,28,0.10132389259020098,0.13603248950912156,44.90870011174145
Fox_lodging_Winifred,full,28,0.049180519764562634,0.07593800215286045,5.9002270513647055
Fox_office_Alice,full,28,0.035519621514497945,0.0687368079004087,17.79855962274403
Fox_office_Bernard,full,28,0.06780254384194141,0.11933493571655598,23.495738337277476
Fox_office_Berniece,full,28,0.18180026982630404,0.2590820263454156,20.435530887330593
Fox_office_Brandy,full,28,0.1333753203879401,0.1957568137493974,33.41014307953603
Fox_office_Carson,full,28,0.15226422618987437,0.2263766510439267,33.68543834759474
Fox_office_Clayton,full,28,0.12089241819333035,0.16124065583643468,13.265979514268
Fox_office_Demetrius,full,28,0.2003645662384287,0.2746411550067962,87.94992121436877
Fox_office_Easter,full,28,0.1512073232493005,0.2559737468746215,14.533432561386567
Fox_office_Edythe,full,28,0.1137467872964376,0.1587561451776145,27.65920028658738
Fox_office_Essie,full,28,0.24215184444280097,0.3725856876397705,38.04841776242521
Fox_office_Gaylord,full,28,0.10172893304933832,0.16689485960756667,10.61178747883544
Fox_office_Israel,full,28,0.07436258331739005,0.11358835668011757,23.696718451342218
Fox_office_Joy,full,28,0.05969029916284336,0.08555214805508403,6.627048061246607
Fox_office_Juana,full,28,0.2953443018808604,0.432813067256733,32.18338420058874
Fox_office_Karima,full,28,0.13154841082876256,0.1799945429001273,15.788220886881282
Fox_office_Margarita,full,28,0.11230134479190186,0.15367166946688135,12.199160669587036
Fox_office_Molly,full,28,0.2597826988212562,0.39269167686800593,67.92714236322985
Fox_office_Rowena,full,28,0.2178702930906132,0.3159945109848274,22.441327495952006
Fox_office_Sheila,full,28,0.12264149720034025,0.17802207310828627,12.448260078283583
Fox_office_Susanne,full,28,0.24167180198018426,0.3201450579880905,30.373016205874876
Fox_office_Thelma,full,28,0.13408430656980705,0.2108851152891692,15.107274259980455
Fox_office_Vicki,full,28,0.09105205253966037,0.13111749709464648,9.337061195719842
Fox_office_Yong,full,28,0.1592434268406051,0.19742824272235915,16.663403010265604
Fox_office_Zachary,full,28,0.16990563684799292,0.22399181938154045,80.24599775359525
Fox_parking_Felipa,full,28,0.04100528572228711,0.07550132461845262,5.24821856073448
Fox_parking_Lynelle,full,28,0.06771523100367276,0.10219496658170306,9.028380654044346
Fox_parking_Tommie,full,28,0.020644612396707132,0.049386406252446384,2.5695990047346995
Fox_public_Bart,full,28,0.2562728990566756,0.350161035731928,35.83789790081071
Fox_public_Belle,full,28,0.18476145793800408,0.28658253049624255,43.62365202257942
Fox_public_Denny,full,28,0.06930721924417067,0.09401567104073713,7.3501764891470796
Fox_public_Lauren,full,28,0.09188323385579032,0.1309431605165625,10.834499719788376
Fox_public_Martin,full,28,0.06715662289715833,0.10208984025808247,8.229183318488827
Fox_public_Rhonda,full,28,0.19107123032004766,0.2513798527420702,63.74831089478901
Fox_religion_Maurice,full,28,0.5396855071422053,0.7112553193415587,184.17262543737982
Fox_retail_Manie,full,28,0.19027412501568466,0.2660773253945775,23.48757455553305
Fox_utility_Marian,full,28,0.4295813380611671,0.6337820866016962,66.03738461875389
Fox_warehouse_Lorretta,full,28,0.8287956201285628,1.4053163621975617,88.29427436520322
Fox_warehouse_Pearl,full,28,0.2617827472856522,0.349167676676017,76.21658841070901
Gator_assembly_Blanca,full,28,0.2722863165919331,0.3563130168638038,37.22012960582224
Gator_assembly_Daisy,full,28,0.10660255536076436,0.19355096594356294,19.280121050634083
Gator_assembly_Enid,full,28,0.21399411390562317,0.30429648672181936,172.8817968281875
Gator_assembly_Gene,full,28,0.16597225095493123,0.22367891136860196,25.18743084860844
Gator_assembly_Joni,full,28,0.37948944681915353,0.952114608861448,103.01541807758367
Gator_assembly_Kayleigh,full,28,4.448928063432814,5.566733547611706,5183.362504204708
Gator_assembly_Kimberly,full,28,0.13498638037464528,0.18527895229760302,18.099220731139194
Gator_assembly_Lelia,full,28,0.16404534707575041,0.22468790872807579,25.519707498494416
Gator_assembly_Loyce,full,28,0.08862100360344867,0.18976780826379028,24.446985944566023
Gator_assembly_Lucia,full,28,0.25013469345102,0.34484098543791897,392.0893591274165
Gator_assembly_Marjorie,full,28,0.21365480193667974,0.27297244636701956,29.664452542097663
Gator_assembly_Maurine,full,28,0.7824624756210506,0.9809581318545133,356.46541587397047
Gator_assembly_Regina,full,28,0.12453388827558307,0.20302152276365665,25.292457547024007
Gator_office_August,full,28,0.3183559044256606,0.4624636791131583,822.2782066715641
Gator_office_Betty,full,28,0.23421655404549246,0.31640100993137893,351.8230730140522
Gator_office_Hunter,full,28,0.25413354306237,0.3608157757573625,743.9652749775374
Gator_office_Julie,full,28,0.43588435361301375,0.5545298062844782,653.633698834313
Gator_office_Lisa,full,28,0.07834590929726362,0.14549193710691596,18.235467874216678
Gator_office_Lucy,full,28,0.7196060422790245,1.0723513048083435,552.8295686608247
Gator_other_Cassandra,full,28,0.36889758346617296,0.4973227509776574,44.07464604761496
Gator_other_Elfriede,full,28,0.1748269509063161,0.250654309679039,31.393229640493423
Gator_other_Gertrude,full,28,0.35836310914050834,0.575808314591389,68.65346208655367
Gator_other_Minda,full,28,0.8426897906342077,1.0750100269485336,384.4635938872231
Gator_other_Reginald,full,28,0.21820168554239283,0.29238711077960655,34.069097363121045
Gator_other_Russel,full,28,0.20881200052289198,0.3209616847947902,417.2393513807113
Gator_public_Alexandra,full,28,0.34584866407320713,0.4843181065982093,50.84372215699901
Gator_public_Beulah,full,28,0.22554563463404684,0.34804316916121336,32.1339402999756
Gator_public_Cheri,full,28,0.40456240339840055,0.6036725560944569,43.255706501687285
Gator_public_Clara,full,28,0.2008028273153894,0.25412231354190046,36.11676717598371
Gator_public_Dale,full,28,0.2558679166298523,0.3272246440910315,41.15600783131262
Gator_public_Dewey,full,28,0.11026858642724365,0.20087318353967162,30.47981858061444
Gator_public_Dionna,full,28,0.13131229827175533,0.1681180389513977,13.369561093533692
Gator_public_Erika,full,28,0.13803989453803697,0.20451686850937695,31.468199590450208
Gator_public_Everette,full,28,0.37999744228442145,0.48067090682670593,67.21497108011604
Gator_public_Geraldine,full,28,0.30205171557448396,0.3619065127140452,33.894368649515584
Gator_public_Janna,full,28,0.4149352252461206,0.5345858834955578,58.4636517917265
Gator_public_Jayme,full,28,0.09412709032284605,0.1869725537893447,35.95868151600189
Gator_public_Kendall,full,28,0.1962811922324296,0.2880436320515585,49.29404385258249
Gator_public_Kenny,full,28,0.3895243757756621,0.5235516147332098,44.71091774234349
Gator_public_Latasha,full,28,0.2222627768916963,0.2752303972441238,29.348105662201103
Gator_public_Leroy,full,28,0.20590945486096449,0.2662368465807048,24.286532670342638
Gator_public_Lindsey,full,28,0.16648044991407757,0.25865408007188107,368.2003528369493
Gator_public_Marcie,full,28,0.22665193529530825,0.2947550466220468,73.17112804204427
Gator_public_Marissa,full,28,0.18307185683735122,0.2411892795625321,19.459216129606297
Gator_public_Maude,full,28,0.11758850603686494,0.16974278536241386,26.823943994216236
Gator_public_Natasha,full,28,0.24968997720834568,0.34258262139990436,67.22543091603926
Gator_public_Nettie,full,28,0.6192252243669936,0.7477293715697899,79.94507477568382
Gator_public_Noe,full,28,0.29622813629700395,0.38443321703980043,55.24583473945634
Gator_public_Philip,full,28,0.5158135930942154,0.7138473970964232,76.11179653901286
Gator_public_Randall,full,28,0.24990964784430997,0.3531650038664744,45.218718277041006
Gator_public_Ross,full,28,0.5790981783641412,0.7737237134941543,66.24498706109308
Gator_public_Tiffany,full,28,0.1533959431116806,0.201023587984257,18.637454815323782
Gator_warehouse_Constance,full,28,0.3882233470833445,0.508296650910104,488.7367849619936
Gator_warehouse_Stacie,full,28,0.2613127771170615,0.3491777169499824,55.402486821717545
Hog_assembly_Colette,full,28,0.20720262814343962,0.2875927678630597,21.453174388307378
Hog_assembly_Dona,full,28,0.15715353016116632,0.20822104525844437,17.097251097085238
Hog_assembly_Edward,full,28,0.19877077650196215,0.27829981398213,20.442774659568222
Hog_assembly_Jasmine,full,28,0.13103912112147978,0.18227629958070457,15.378208469498006
Hog_assembly_Letha,full,28,0.1319952159519375,0.17681147758725796,13.112073659188258
Hog_assembly_Maribel,full,28,0.08089359408543038,0.11493189941829861,8.926352812891155
Hog_assembly_Pedro,full,28,0.22361866172155123,0.3008910550452636,22.565955474830083
Hog_education_Beth,full,28,0.09622436885732191,0.12919166036155721,10.026774984919602
Hog_education_Bruno,full,28,0.03385541462029452,0.056213944645425624,3.3569980821347065
Hog_education_Caridad,full,28,0.029660627420463676,0.038437019129712736,2.9965374298037504
Hog_education_Casandra,full,28,0.03317077136026377,0.042314416225033104,3.3651294508423355
Hog_education_Cathleen,full,28,0.05186464041432844,0.0685885556509273,5.213041983442971
Hog_education_Darryl,full,28,0.14343118831407625,0.1899612840904061,13.782642844884329
Hog_education_Donnie,full,28,0.14746384615921115,0.20305594175406383,17.698167101694757
Hog_education_George,full,28,0.030836677811577867,0.045698485782742736,3.0840348706014455
Hog_education_Hallie,full,28,0.026126164600262392,0.036560776242166575,2.5778200657840737
Hog_education_Haywood,full,28,0.023026708904450306,0.034171920040513025,2.3348533527837065
Hog_education_Janell,full,28,0.042170539533406756,0.053740627780841724,4.160165832578284
Hog_education_Jared,full,28,0.16594292384136305,0.2531978906782278,16.545527804552947
Hog_education_Jewel,full,28,0.1120598823002958,0.16036588317937858,11.999583235225089
Hog_education_Jordan,full,28,0.09486921697982428,0.14227563229314713,10.384489394747726
Hog_education_Josh,full,28,0.15010148838834017,0.195365472472714,18.853680708990797
Hog_education_Leandro,full,28,0.03156116022097171,0.0479951907196428,3.0994459953487556
Hog_education_Luvenia,full,28,0.04307567401498173,0.06697927724063908,4.474481281318086
Hog_education_Madge,full,28,0.08549980755293629,0.11412240002050744,8.907137761293644
Hog_education_Odell,full,28,0.031357231614677517,0.041347465820088275,3.2161952659462596
Hog_education_Rachael,full,28,0.1402320391751349,0.19181178792890038,13.669180570988216
Hog_education_Robert,full,28,0.10580919446929439,0.17034260766962664,11.671779621597587
Hog_education_Roberto,full,28,0.0998520831442304,0.16397721339519758,10.711421429067897
Hog_education_Sonia,full,28,0.022524780499747578,0.03686886632978532,2.2610775045245757
Hog_education_Wayne,full,28,0.05921039134487315,0.08867589603440007,5.659354066696493
Hog_food_Morgan,full,28,0.09965391418052502,0.15788802082283043,10.745108515946798
Hog_health_Hisako,full,28,0.04025900923659208,0.05890407310461329,4.10309161697157
Hog_health_Jenny,full,28,0.0386946640294081,0.06648384820511025,3.8737942044535107
Hog_health_Kesha,full,28,0.027675487532979416,0.042340595144811956,2.757347559059763
Hog_industrial_Jay,full,28,0.03560233007471871,0.04478790193632409,3.666480517954091
Hog_industrial_Jeremy,full,28,0.12327059916413732,0.18920898058245111,14.671844309397885
Hog_industrial_Joanne,full,28,0.1192813934453849,0.17039415228980392,12.367863837082254
Hog_industrial_Mariah,full,28,0.06076461271253562,0.07972363438177901,6.021496962380189
Hog_industrial_Quentin,full,28,0.18255816488675175,0.2594655478039812,20.55882632598815
Hog_lodging_Brian,full,28,0.0744382743037129,0.09706530875002037,8.096990086939883
Hog_lodging_Celeste,full,28,0.08113932989001127,0.10865990004560705,8.704464056499802
Hog_lodging_Edgar,full,28,,,27493156667.333096
Hog_lodging_Francisco,full,28,0.07989073126646425,0.11257122365244857,9.091126389907027
Hog_lodging_Hal,full,28,0.05887927474155632,0.07935222147956111,6.339268058232304
Hog_lodging_Mauricio,full,28,0.07918120063064378,0.1108067004907021,9.1561769865761
Hog_lodging_Nikki,full,28,0.1153765815646183,0.14917469596127234,12.737316167751564
Hog_lodging_Ora,full,28,0.06914945172416583,0.09220603975751626,8.123606278561258
Hog_lodging_Retha,full,28,0.05130787298796558,0.07285718874765325,5.006740278931499
Hog_lodging_Shanti,full,28,0.10620933047917583,0.14182237950573345,10.671447793554176
Hog_lodging_Shonda,full,28,0.0626365988748242,0.08163572206307912,6.417204729981281
Hog_office_Alexis,full,28,0.13555351295227117,0.19612916281080991,14.483638220962607
Hog_office_Alisha,full,28,0.06626205704869581,0.0839585925165019,6.671487002388796
Hog_office_Almeda,full,28,0.13861408306179404,0.18699846519359611,15.418978464133462
Hog_office_Bessie,full,28,0.11937463932245107,0.17358211248122618,13.15388905765707
Hog_office_Betsy,full,28,0.16965888345816788,0.22425068358154235,16.69145199946144
Hog_office_Bill,full,28,0.07773636432516885,0.11413718359615577,8.589163259771894
Hog_office_Bryan,full,28,0.07449535901337465,0.13582971584220788,7.709183022491486
Hog_office_Byron,full,28,0.03202167946654137,0.051336617908265936,3.1513115155817757
Hog_office_Candi,full,28,0.06260104162668441,0.09709738498907944,6.512014622502274
Hog_office_Carri,full,28,0.09373316628247046,0.14261841132839032,9.703406487504038
Hog_office_Catalina,full,28,0.32268176079145827,0.43814273013842236,73.52795604908728
Hog_office_Catharine,full,28,0.04405291021022218,0.059504861912724756,4.429166190130997
Hog_office_Charla,full,28,0.04148863297448345,0.05927102934849137,4.215199021966972
Hog_office_Clemencia,full,28,0.044921198115413605,0.06462126192735912,4.324542393238081
Hog_office_Concetta,full,28,0.17964758754652482,0.27207651296986274,21.324611663358482
Hog_office_Cordelia,full,28,0.13044839892596818,0.21267742156231487,15.15414806972229
Hog_office_Corey,full,28,0.12072825810588052,0.17206290279034023,13.340204284093083
Hog_office_Corie,full,28,0.13027234715920738,0.19834088834465408,13.457716257202728
Hog_office_Cornell,full,28,0.0511372734401827,0.06612762979305795,5.257718787781518
Hog_office_Cortney,full,28,,,20063787572.629128
Hog_office_Darline,full,28,0.022021945185034014,0.03046884448195212,2.215417258458563
Hog_office_Denita,full,28,0.14499219033850255,0.21749602476365082,16.18912062970767
Hog_office_Elizbeth,full,28,0.034411672295604906,0.056092247006268726,3.4472909070357693
Hog_office_Elke,full,28,0.09977047062517613,0.1612782962132056,10.467421178459103
Hog_office_Elnora,full,28,0.04601099164623714,0.0641733880598223,4.529447355961377
Hog_office_Eloise,full,28,0.024680433952336947,0.032792703827337615,2.455100642988943
Hog_office_Elsy,full,28,0.0708583927650375,0.09654687952314027,7.176907325166148
Hog_office_Emmanuel,full,28,0.04876848717392156,0.06294712796454265,4.808803702835894
Hog_office_Garrett,full,28,0.344714616053398,0.448685832032584,1271.2521078731347
Hog_office_Guadalupe,full,28,0.15867582318867599,0.22660699208377438,16.824643678052396
Hog_office_Gustavo,full,28,0.030612810169437253,0.050128579968845025,3.1181573480767906
Hog_office_Joey,full,28,0.07512708214289354,0.094370395556159,7.441051697196574
Hog_office_Josefina,full,28,0.06267008354652487,0.08377281413387079,6.225075158116914
Hog_office_Lanell,full,28,0.1574456563101444,0.24827409699635256,19.533856082964437
Hog_office_Lavon,full,28,0.2363927643801053,0.28464449568322575,27.989382029624636
Hog_office_Leanne,full,28,0.04203706312846329,0.06395842599030685,4.168262705253678
Hog_office_Leon,full,28,0.14934681036487976,0.20796763474616417,14.991045058253741
Hog_office_Lizzie,full,28,0.06751620084085995,0.08909442259803031,7.778781952428476
Hog_office_Mack,full,28,0.047198103752372,0.07067617374483506,4.721477695915572
Hog_office_Man,full,28,0.09050169421041004,0.12152302862312482,10.018532678420955
Hog_office_Mari,full,28,0.12304508162642759,0.165754547813915,12.6947683044243
Hog_office_Marilyn,full,28,0.05788697655970133,0.08508163888025008,6.045900274473327
Hog_office_Marlena,full,28,0.2163681622587764,0.4088817549228001,22.77899968071283
Hog_office_Marlene,full,28,0.16032740988013638,0.2782136769892277,19.973772993486897
Hog_office_Mary,full,28,0.10427831029123961,0.16551540686183683,11.572988074455138
Hog_office_Merilyn,full,28,0.07936316104718856,0.10591424496822481,8.130107837120065
Hog_office_Migdalia,full,28,0.11900100318136121,0.18178277074242444,14.428549142136756
Hog_office_Mike,full,28,0.06505437432718804,0.10170022434477075,6.6065137429940775
Hog_office_Miriam,full,28,0.0774024213673349,0.1332499512526819,8.466160212991964
Hog_office_Myles,full,28,0.10619568301052684,0.1899440583915427,12.105671919581004
Hog_office_Nancie,full,28,0.12981526398109636,0.19484595756000067,13.387185745612223
Hog_office_Napoleon,full,28,0.07511789173965368,0.11557623843712052,8.119418929125459
Hog_office_Nia,full,28,0.056107150528232376,0.06740016333777107,5.653787829184238
Hog_office_Patrick,full,28,0.12561788239897767,0.20162087314324081,13.297559414470786
Hog_office_Randi,full,28,0.10343262484342297,0.1749950917704645,11.12043443874443
Hog_office_Richelle,full,28,0.049743762177281936,0.08692961168619064,5.017142264918281
Hog_office_Roger,full,28,0.16914375752865998,0.2290380514918414,18.160945445550706
Hog_office_Rolando,full,28,0.022392287746872876,0.03347335611180869,2.282391387892882
Hog_office_Sarah,full,28,0.018260208748842,0.030162698716015048,1.8803688763245834
Hog_office_Shawna,full,28,0.07506159443872523,0.10915856548879098,8.387324195117905
Hog_office_Shawnna,full,28,0.11923638840611156,0.17147099049069509,12.754373418114348
Hog_office_Sherrie,full,28,0.12924227155794024,0.19784529974627849,15.027912381205477
Hog_office_Shon,full,28,0.09284760817926467,0.1349044253909605,9.383587067527657
Hog_office_Simon,full,28,0.13194762346604988,0.18155070806771978,13.819490214468773
Hog_office_Sonny,full,28,0.049395552314264735,0.06376641768434373,4.983202521549343
Hog_office_Sung,full,28,0.062379610598356845,0.08670607458633099,6.277537054468945
Hog_office_Sydney,full,28,0.03115370051028245,0.04387847589724572,3.137568016035807
Hog_office_Terry,full,28,0.09817739005370028,0.1359933632504349,9.844639277041013
Hog_office_Thomas,full,28,,,16327485440617.367
Hog_office_Valda,full,28,0.13637131820092882,0.23197878667833047,16.061237273081357
Hog_office_Vera,full,28,0.10191889741752833,0.15175644470795605,10.821215572577925
Hog_other_Noma,full,28,0.02328430723538924,0.03771687603570887,2.310109780946992
Hog_other_Tobias,full,28,0.09178533170751045,0.1200555769123008,9.553986162031995
Hog_parking_Antoinette,full,28,0.11022293715641415,0.14439657273001769,11.245200578046852
Hog_parking_Bernardo,full,28,0.08777664254113987,0.11407259300466731,8.617975943807588
Hog_parking_Cliff,full,28,0.10981954524190227,0.16327028348237546,10.32592925588861
Hog_parking_Jean,full,28,0.12742451141258207,0.16351711892866708,13.110315962189102
Hog_parking_Jeana,full,28,0.1474391948049377,0.19225983239788924,14.070704333402242
Hog_parking_Marcus,full,28,0.07854226417431409,0.10193177921096853,7.693794486006482
Hog_parking_Shannon,full,28,0.04050319280653667,0.05112645335508058,4.078539542704807
Hog_public_Brad,full,28,0.040291926309569306,0.05759603961060649,4.173027493983847
Hog_public_Crystal,full,28,0.07950251173187303,0.14153722888173945,8.944703446335168
Hog_public_Gerard,full,28,0.04286251135138693,0.05858786704677225,4.511564010067036
Hog_public_Kevin,full,28,0.11374198739659803,0.1545741985478243,13.05416579897179
Hog_public_Octavia,full,28,0.053529212515961135,0.08211151452925237,5.574954918055535
Hog_science_Max,full,28,0.02909513785573324,0.04000540241308413,2.8862117301177435
Hog_services_Adrianna,full,28,0.0815596041268651,0.13027200544860765,8.37292350350643
Hog_services_Joe,full,28,0.1605519826354271,0.23892677933904452,18.39349505390145
Hog_services_Kerrie,full,28,0.10658912232037705,0.1509330640249674,11.063752442036437
Hog_services_Marshall,full,28,0.05684548472158258,0.07947912663153699,5.757617841812657
Hog_warehouse_Louise,full,28,0.20245451454292937,0.2711885277859885,30.35889221657045
Hog_warehouse_Porsha,full,28,0.11227032302059936,0.13975122300018158,29.928561740520394
Hog_warehouse_Rosanna,full,28,0.12141315204155216,0.15358303620956346,12.027924086734307
Lamb_assembly_Bertie,full,28,0.420028470037885,0.5708081212878542,67.47244474534651
Lamb_assembly_Cesar,full,28,0.36319031044832684,0.5351581267680066,41.5700516882854
Lamb_assembly_Cherie,full,28,0.10458111954183229,0.14293637259262007,11.614770530835829
Lamb_assembly_Corliss,full,28,0.336161878165356,0.42953153408237893,50.931857782435664
Lamb_assembly_Dillon,full,28,0.3144120496227801,0.4541319421127872,124.86214238437687
Lamb_assembly_Dorathy,full,28,2.559937631504403,2.628684770008357,255.99376315044032
Lamb_assembly_Dorothy,full,28,0.12191115806244773,0.1747928584422645,12.147306892324702
Lamb_assembly_Elinor,full,28,0.26654066825333866,0.39206765020032663,26.583933467456905
Lamb_assembly_Isa,full,28,21.860253425780673,22.215888936111295,2186.0253425780684
Lamb_assembly_Jerry,full,28,29.51813017615737,31.5862036114691,2951.8130176157383
Lamb_assembly_Katelyn,full,28,0.34204500831031326,0.47378955166701237,48.27295220411741
Lamb_assembly_Kurt,full,28,24.09478848474099,24.563823779982528,2409.4788484741002
Lamb_assembly_Librada,full,28,0.34350391371268585,0.528597534849241,44.766222089786275
Lamb_assembly_Louis,full,28,0.41446604138763765,0.5922116241956425,344.20757182239174
Lamb_assembly_Nicole,full,28,7.083172811486292,7.391569698847275,708.3172811486293
Lamb_assembly_Ossie,full,28,0.29832523705474256,0.3657671207839965,42.52247575171555
Lamb_assembly_Rosa,full,28,0.8870793549997935,1.3612385261351925,233.68893223855
Lamb_assembly_Steven,full,28,3.188997867051511,3.3354054805060205,318.8997867051512
Lamb_assembly_Tasha,full,28,0.41936211471312396,0.5441839848417935,50.16753822585235
Lamb_assembly_Tawana,full,28,0.6116990034740106,0.8517143805554264,61.169900347401075
Lamb_assembly_Theresa,full,28,5.499584268463271,5.870856501567677,549.958426846327
Lamb_assembly_Walter,full,28,0.5564860151537447,0.7009822274208175,114.96668120140237
Lamb_education_Aldo,full,28,6.89299020088462,8.38296723938919,689.2990200884622
Lamb_education_Antonio,full,28,0.3766353361899531,0.5644109602972812,41.96313358620885
Lamb_education_Armando,full,28,0.39104165016342357,0.5770388660808462,46.55897553914188
Lamb_education_Augustine,full,28,0.5413122429887475,0.8333906708152078,79.76416495891934
Lamb_education_Bert,full,28,0.2642910486117503,0.4124477782928377,670.8343567523617
Lamb_education_Bettye,full,28,7.807509392577534,8.063343346191878,780.7509392577533
Lamb_education_Carlton,full,28,0.36040636349964383,0.650824197379583,1874.594971969206
Lamb_education_Chet,full,28,5.937249333311532,7.382793775931895,593.7249333311531
Lamb_education_Daniel,full,28,0.2829693741247185,0.41355136815309324,43.240751923670395
Lamb_education_Darrel,full,28,0.38838781098964903,0.6128172046790294,38.774241604672405
Lamb_education_Debby,full,28,1.861601566629057,1.9883775293098456,186.16015666290576
Lamb_education_Dolly,full,28,1.4557770395767868,1.8531241224092705,145.57770395767875
Lamb_education_Domitila,full,28,0.3675096541024982,0.5658770884360939,39.042706857735475
Lamb_education_Dwayne,full,28,0.2229102419700076,0.36660730574208406,33.32264942215726
Lamb_education_Ellen,full,28,3.5269986346959037,3.815606027154308,352.6998634695903
Lamb_education_Emery,full,28,0.3710301741663573,0.5322557045557361,35.93212391615399
Lamb_education_Emilie,full,28,0.3210868692069881,0.5112889607244293,810.2773369236367
Lamb_education_Eula,full,28,1.1095864593679376,1.4322133024812977,7143.144538110493
Lamb_education_Faith,full,28,0.2700276936632054,0.4130927116777417,624.59340879752
Lamb_education_Felicia,full,28,0.5593748216973228,0.7321583254781179,55.9374821697323
Lamb_education_Felipe,full,28,0.4949821352895123,0.6417756717280366,57.8432346138675
Lamb_education_Fred,full,28,0.356579146467251,0.4786514544824164,704.6894315480537
Lamb_education_Freddy,full,28,22.374533826019604,22.549043398971047,2237.4533826019615
Lamb_education_Gabriel,full,28,0.386920334743182,0.5473099533597672,45.811060412263785
Lamb_education_Gabrielle,full,28,0.5117239865596279,0.7242074702725878,1102.98339638566
Lamb_education_Garry,full,28,3.6115894777629167,3.8399785393639516,361.15894777629165
Lamb_education_Harold,full,28,7.626410605450577,7.814308062828663,762.6410605450574
Lamb_education_Heidi,full,28,1.7537682967700277,1.9923584731768142,175.37682967700275
Lamb_education_Hellen,full,28,0.28476086517875876,0.4061115287349295,676.6405143962008
Lamb_education_Hilary,full,28,0.4954244514041406,0.6811216892353769,69.92623014550126
Lamb_education_Hillary,full,28,5.101590787589278,5.313635919042651,510.1590787589278
Lamb_education_Hubert,full,28,0.2959930407949656,0.3200999593007232,29.59930407949656
Lamb_education_Hui,full,28,0.508689030026348,0.7465286565538851,80.05960940375513
Lamb_education_Ira,full,28,4.662777505976717,4.917110491025452,466.27775059767174
Lamb_education_Isabelle,full,28,0.412734735020511,0.5569081032540766,47.247276117745734
Lamb_education_Jane,full,28,5.10534625593573,5.280410231314893,510.53462559357285
Lamb_education_Junior,full,28,0.3751871407071902,0.5619498182149765,37.91304890062297
Lamb_education_Kasha,full,28,3.3255450151676387,4.167525004832533,332.55450151676393
Lamb_education_Kayla,full,28,13.09795418536911,13.604703776033553,1309.7954185369113
Lamb_education_Larissa,full,28,3.9997104744931375,4.148664840910735,399.9710474493137
Lamb_education_Lawrence,full,28,0.5740658802204518,0.9062274546197143,88.01693452781781
Lamb_education_Lazaro,full,28,0.295943807434253,0.32747672349080587,29.5943807434253
Lamb_education_Lemuel,full,28,2.975181488281425,3.0215157280876457,297.51814882814267
Lamb_education_Leopoldo,full,28,2.2636223069696118,2.630351038532156,226.36223069696118
Lamb_education_Logan,full,28,8.666285450798265,10.975451162553222,866.6285450798265
Lamb_education_Lucas,full,28,0.49368910231159724,0.7462164376224951,76.87481957664608
Lamb_education_Luz,full,28,0.26030949008149556,0.39073585356430585,23.811891796196637
Lamb_education_Mae,full,28,0.33958232204360506,0.48964884152913085,37.06410000921529
Lamb_education_Manuel,full,28,0.31553649870140676,0.4272279081848853,35.6535722241916
Lamb_education_Marc,full,28,1.2169002673001643,1.7731140896762416,8329.46206390189
Lamb_education_Maritza,full,28,0.23304309417350297,0.3376670023285429,654.1498646964318
Lamb_education_Marty,full,28,7.259497822611592,8.331234459887902,725.9497822611593
Lamb_education_Maxwell,full,28,0.47773642001512845,0.7135552890357548,50.18149877798459
Lamb_education_Mckenzie,full,28,0.3504242929250392,0.5541041109468953,31.203369322941217
Lamb_education_Moses,full,28,0.32556578632988603,0.5062201013131187,930.7914972735816
Lamb_education_Nathan,full,28,3.835499653883744,4.146707464881295,383.5499653883744
Lamb_education_Nichol,full,28,7.8871536253330605,8.126690211306496,788.715362533306
Lamb_education_Norris,full,28,0.38661100054081454,0.5717694174585409,1086.1726421698304
Lamb_education_Patsy,full,28,5.630727586724485,5.780422441363828,563.0727586724486
Lamb_education_Phil,full,28,7.510450972806816,7.829262957979545,751.0450972806818
Lamb_education_Philomena,full,28,0.3719875531030295,0.5446653503552527,35.812377104234685
Lamb_education_Princess,full,28,0.3815386258480983,0.5860895032110042,34.737973487271056
Lamb_education_Randal,full,28,0.31256835268826794,0.4874222751894328,930.8960575677922
Lamb_education_Rick,full,28,0.48695976341353575,0.7439430980505422,63.93578743130487
Lamb_education_Robin,full,28,0.389842651560758,0.6585723294698811,36.82849256170751
Lamb_education_Rodrigo,full,28,0.30526502659977,0.45310752716497443,30.360453906658556
Lamb_education_Ruben,full,28,2.851413118976376,3.74760983682355,285.14131189763754
Lamb_education_Sabrina,full,28,0.35828089236452443,0.5485651016928679,1138.346403189943
Lamb_education_Salvador,full,28,1.4819374329526902,1.8368974482387739,148.1937432952691
Lamb_education_Sara,full,28,0.4023952033019841,0.5759429884272743,60.7533740922272
Lamb_education_Stefan,full,28,0.5452456759246892,0.7618330464852167,81.69634907303136
Lamb_education_Sunny,full,28,0.36701945757262966,0.5263438895364674,76.77327383811911
Lamb_education_Sylvester,full,28,0.3143199425111669,0.48069459087620686,935.0674440881578
Lamb_education_Terina,full,28,0.2734548493326438,0.38296177559894273,31.804308781583078
Lamb_education_Traci,full,28,0.42663956548944904,0.6725431060444145,1135.392948943551
Lamb_education_Vaughn,full,28,0.4717704060588299,0.6846921281026609,1241.2910147380212
Lamb_education_Wanda,full,28,1.6020234502147004,2.0942738526338123,160.20234502147005
Lamb_education_Wilbert,full,28,2.20634006483144,2.6371959337374773,220.63400648314405
Lamb_education_Williams,full,28,0.4447115743232759,0.7141636837502136,45.98697871126266
Lamb_food_Sylvia,full,28,2.5417852255543973,2.569363935411948,254.17852255543977
Lamb_health_Ken,full,28,0.1859855554217423,0.25384706578718164,22.543275325768114
Lamb_industrial_Carla,full,28,0.24483023667177667,0.3823067638257497,36.235030088056554
Lamb_industrial_Enrique,full,28,0.18184544485532583,0.2699082271747132,18.614912667628396
Lamb_industrial_Venessa,full,28,5.815202846657485,5.869323516449881,581.5202846657486
Lamb_industrial_Willard,full,28,18.257285362575196,18.86277695638453,1825.7285362575203
Lamb_lodging_Burt,full,28,0.3709830573371117,0.5334326239338161,37.10094301754694
Lamb_lodging_Harley,full,28,3.6354726903130836,3.924833606475999,363.5472690313085
Lamb_office_Bertha,full,28,0.19311621251288488,0.2516636298235906,20.533192751313173
Lamb_office_Caitlin,full,28,0.21796911067915714,0.3005225792099799,49.68201486096858
Lamb_office_Callie,full,28,8.1188671392433,8.202819924017481,811.8867139243299
Lamb_office_Gerardo,full,28,0.49475601094088356,0.6857138130286705,51.631351112577015
Lamb_office_Jo,full,28,8.619435734037928,9.084990363996353,861.943573403793
Lamb_office_Maggie,full,28,0.35679787703204546,0.5744826050598839,65.41192107069324
Lamb_office_Raymond,full,28,0.37475735084508005,0.571363954919175,37.01666644406969
Lamb_office_Stefani,full,28,0.1488637668080628,0.20373854238712094,14.88637668080628
Lamb_office_Vasiliki,full,28,0.11708460661746836,0.17786864530114502,13.081758977463487
Lamb_office_Velma,full,28,0.12330238796295756,0.1809560362376843,13.475785129823528
Lamb_office_William,full,28,4.748328462178405,5.032101743833725,474.8328462178405
Lamb_other_Katharina,full,28,0.43128478974659906,0.5397557779858951,52.461973631895866
Lamb_other_Minerva,full,28,1.1882533959158335,1.2119402066908245,118.82533959158334
Lamb_public_Angeline,full,28,0.3374526998146598,0.4155640226418263,45.55582307668838
Lamb_public_Grace,full,28,0.26933914899218964,0.3869088188038619,45.32375060661305
Lamb_public_Gracie,full,28,0.28912121698751214,0.3680413002004485,32.45835330696877
Lamb_public_Nyla,full,28,0.31765608574061144,0.4728275902641452,30.928014523178316
Lamb_public_Vania,full,28,0.1123940455445141,0.15626994993507118,11.419135791747493
Lamb_warehouse_Allan,full,28,0.4244844327278605,0.4626268712423311,42.44844327278606
Moose_education_Abbie,full,28,0.05590319656389098,0.09940976425020506,5.959031274495815
Moose_education_Clark,full,28,0.09517761581496796,0.163330475280312,10.604895387624312
Moose_education_Florence,full,28,0.10260260328804675,0.21349186661330702,12.41559784066335
Moose_education_Gladys,full,28,0.08275450289039823,0.13111274371442044,8.956832421859758
Moose_education_Leland,full,28,0.04753944535560258,0.0777773295911359,4.875813047943602
Moose_education_Lori,full,28,0.05219223555974694,0.06554842240091109,5.158811109419518
Moose_education_Maria,full,28,0.015240449386088489,0.020502978197533897,1.51612932784217
Moose_education_Marina,full,28,0.07398625330822622,0.09457486467146645,7.522267869814628
Moose_education_Marlon,full,28,0.1144210850495802,0.14939415878460144,12.23724180232547
Moose_education_Rene,full,28,0.13049238091097548,0.26324115852133056,18.63039939503644
Moose_education_Ricardo,full,28,0.040096615421594574,0.06555620681126317,4.011688791950436
Mouse_health_Estela,full,28,,,47856790867.32367
Mouse_health_Ileana,full,28,,,15276910514.0275
Mouse_health_Justin,full,28,,,9010950188.894638
Mouse_health_Modesto,full,28,,,34912085393.4437
Mouse_lodging_Vicente,full,28,,,47104079276.3233
Panther_assembly_Carrol,full,28,0.3852951651850786,0.4958715222399888,49.367135795452164
Panther_assembly_David,full,28,0.16704779622559857,0.22444073687419933,17.621998527770387
Panther_assembly_Denice,full,28,0.11948462814275826,0.1482559989464283,12.269121994126667
Panther_assembly_Gwyneth,full,28,0.08815896987974618,0.114251958432554,8.828580490350005
Panther_assembly_Pamella,full,28,0.46758961531379467,0.578006739917663,56.38783226760311
Panther_education_Alecia,full,28,0.16618536393894892,0.23141259401362543,19.559726177476914
Panther_education_Annetta,full,28,0.19960591466017455,0.2908638338504513,23.85798983104326
Panther_education_Aurora,full,28,0.19850942450243111,0.3300066249720976,28.32881332680331
Panther_education_Cleopatra,full,28,0.2199678997429719,0.29865085524914586,34.443438962330426
Panther_education_Diann,full,28,0.30772007535433255,0.42581385944501904,57.525326169080905
Panther_education_Edna,full,28,0.08980010756637721,0.13003366876491024,9.296467017591487
Panther_education_Emily,full,28,0.22147971796089636,0.3057289848003195,28.47105690553054
Panther_education_Enriqueta,full,28,0.24296836412872633,0.346244810312973,34.59013442531565
Panther_education_Genevieve,full,28,0.13259799007829795,0.17398337021336538,15.448960716597856
Panther_education_Gina,full,28,0.022100112739501295,0.029692765826317816,2.2172521635115423
Panther_education_Hugh,full,28,0.025701221074408295,0.03744507190071928,2.62145266793835
Panther_education_Ivan,full,28,0.1548555848983486,0.20308912204632706,14.944191436334794
Panther_education_Janis,full,28,0.2956200206384649,0.3821263772936093,33.041699759211504
Panther_education_Jerome,full,28,0.0263198520022324,0.03459400637933349,2.6231661756389117
Panther_education_Jonathan,full,28,3.131629781883418,5.089314276163432,30130.189400916017
Panther_education_Karri,full,28,0.0739845878300443,0.1028716437459786,7.766344122649891
Panther_education_Mattie,full,28,0.3966385758612939,0.5097739276288177,53.923580491390645
Panther_education_Misty,full,28,0.20238532313292434,0.2725724880937325,22.35298141971222
Panther_education_Mohammad,full,28,0.13191136714081758,0.19423389311308065,13.895298317910523
Panther_education_Neal,full,28,0.1826456631717351,0.23716301817782082,21.09833694140216
Panther_education_Quintin,full,28,0.15557339160048048,0.22621765188774276,18.956434856062216
Panther_education_Rosalie,full,28,0.10273288344222481,0.13284355684319482,11.016703943386766
Panther_education_Scarlett,full,28,0.1711939024369778,0.22347121166574394,18.10419357370776
Panther_education_Shelton,full,28,0.12140023295145944,0.1869148058136187,18.840689197019074
Panther_education_Sophia,full,28,0.02654568152764809,0.04859332706905983,2.8922196488072855
Panther_education_Teofila,full,28,0.1829695194226043,0.2724849422016626,24.445499633617953
Panther_education_Tina,full,28,0.431008443502493,0.584342103990715,53.67932253067708
Panther_education_Vincent,full,28,0.19979983135436616,0.3051470276333708,27.467738487407402
Panther_education_Violet,full,28,0.05652003562146909,0.0765796722586282,5.571905673327169
Panther_education_Zelda,full,28,0.2102042470145136,0.2987054091798062,29.14519960011995
Panther_lodging_Alita,full,28,0.11142496365585582,0.14918727539803694,12.252188614431171
Panther_lodging_Anastasia,full,28,0.17603095656246387,0.2224702787222451,19.948324834848385
Panther_lodging_Awilda,full,28,0.04343105006792849,0.05741794031525953,4.273166756014081
Panther_lodging_Blaine,full,28,0.20844497575065174,0.26841883908693215,23.54134839815806
Panther_lodging_Cora,full,28,0.07704799270472781,0.09954261704110123,7.971734780965988
Panther_lodging_Cornelia,full,28,0.2939628412847061,0.39950246922103916,36.78646240615196
Panther_lodging_Dianna,full,28,0.09688600955740415,0.1254018943390191,9.668271461308386
Panther_lodging_Edison,full,28,0.13571696942650846,0.18010658948277317,14.168511636858435
Panther_lodging_Edmond,full,28,0.1789986611156363,0.23825238101641755,19.227631066795432
Panther_lodging_Else,full,28,0.09646388255286772,0.12887588642430725,9.517627692553972
Panther_lodging_Fausto,full,28,0.13615433974085286,0.19398970897686996,11.816075109678719
Panther_lodging_Floyd,full,28,0.13903237862411638,0.18635073179849101,14.49079418430995
Panther_lodging_Gale,full,28,0.04592776917277774,0.061025258363206554,4.5875078834802405
Panther_lodging_Hattie,full,28,0.10904009622294418,0.14375122645082306,11.253460944583061
Panther_lodging_Jana,full,28,0.2700900720805433,0.3584954418543143,31.787525883514355
Panther_lodging_Janice,full,28,0.1119869627837246,0.14875739080199518,11.337434486984185
Panther_lodging_Jorge,full,28,0.1815779790516668,0.24258623891026407,20.258432784336915
Panther_lodging_Kaitlin,full,28,0.2279789679410558,0.3200370369178975,27.497941272307553
Panther_lodging_Kara,full,28,0.09376583356912531,0.1204326881811402,10.106889619986026
Panther_lodging_Kirk,full,28,0.12117667536597622,0.14953096857489467,12.754344503992812
Panther_lodging_Marisol,full,28,0.09033776633849944,0.12061361993583514,9.513844423832833
Panther_lodging_Myrtle,full,28,0.12938546134448609,0.17435912845001306,15.73406812878243
Panther_lodging_Russell,full,28,0.10671678552654792,0.14228580830015028,10.19856834420639
Panther_lodging_Sonja,full,28,0.1173499940307595,0.17594244935216866,12.825243845569023
Panther_lodging_Teresita,full,28,0.19517586591382943,0.27653225014746413,23.103396595010498
Panther_lodging_Tracie,full,28,0.18368305486322647,0.23717056719509638,26.57106641027881
Panther_lodging_Willa,full,28,0.04083829402895271,0.05313016817077649,4.060209248092638
Panther_office_Antonette,full,28,0.07359522462778458,0.09383852442480883,8.156298065584549
Panther_office_Brent,full,28,0.4334918235136812,0.5724661010084506,128.73507432634509
Panther_office_Catherine,full,28,0.1690893444532789,0.23397833162107118,16.2372782945672
Panther_office_Christian,full,28,0.16886789257882948,0.22612530572716139,19.834990306301737
Panther_office_Christin,full,28,0.08463104090611194,0.10285206329441748,8.729980133149635
Panther_office_Clementine,full,28,0.10098519884834328,0.13038388728418568,10.13604265862133
Panther_office_Danica,full,28,0.39520842032983655,0.5113231851529246,48.131582595189656
Panther_office_Garth,full,28,0.09474602349551942,0.13445411504220792,9.217709713645343
Panther_office_Graham,full,28,0.14034708852793126,0.22030173495535693,17.001618695692976
Panther_office_Hannah,full,28,0.35781843037338473,0.4787543743425381,46.21440592340538
Panther_office_Jeane,full,28,0.2060724173997362,0.28216491249640174,22.957382864064556
Panther_office_Jesus,full,28,0.15793588178020201,0.2678549039975512,19.878314321673393
Panther_office_Karla,full,28,0.3211956821202175,0.4684335748327575,42.77596396772342
Panther_office_Kristen,full,28,0.06656709441296482,0.08696607029983092,6.79237247498892
Panther_office_Larry,full,28,0.11777098412649897,0.1559008389690523,13.738027579165045
Panther_office_Lauretta,full,28,0.04726710110707166,0.06860029150229711,4.890717737830591
Panther_office_Lavinia,full,28,0.11574309954740475,0.16222849543301068,11.216919521453283
Panther_office_Lois,full,28,0.08104372811195316,0.20074692566546826,7.775644226469304
Panther_office_Otto,full,28,0.07898544247574481,0.10616072909773383,8.22173793220847
Panther_office_Patti,full,28,0.059183472236605396,0.07764788053857499,5.926452153738347
Panther_office_Ruthie,full,28,0.07852725531988068,0.09915539843505819,8.146434518385613
Panther_office_Shauna,full,28,0.1519501597063744,0.20566492412668716,16.369491837533616
Panther_office_Taryn,full,28,0.11223887641870854,0.19316718150032638,14.732731047131672
Panther_office_Valarie,full,28,0.2850867614069188,0.36807883976368144,27.874204376463318
Panther_other_Bethel,full,28,0.08370433587682848,0.11041319363251216,8.298766920606298
Panther_other_Bettie,full,28,0.05223034797276947,0.06556937640044251,5.229875420392065
Panther_other_Lucina,full,28,0.3534102375058349,0.5739406059850648,2636.447068918281
Panther_other_Tyrone,full,28,0.23295909143672303,0.3187892972207689,29.152670860743346
Panther_parking_Adela,full,28,0.04131730577441376,0.05702104655848927,4.8195893362396145
Panther_parking_Alaina,full,28,0.03464794998165289,0.04945315941148397,4.093391532821081
Panther_parking_Asia,full,28,0.03779992694297031,0.06358998541979285,4.138585263833433
Panther_parking_Charlene,full,28,0.0573562038238595,0.07310938031665963,6.476333650977467
Panther_parking_Jody,full,28,0.11883053781392008,0.178549043747722,239.31613960040346
Panther_parking_Lorriane,full,28,0.08950218519784249,0.12567025715701904,10.06018893591725
Panther_parking_Mellissa,full,28,0.055616765402115756,0.07093848793999703,5.906811204437006
Panther_parking_Stanley,full,28,0.02224089173590117,0.030946112204290714,2.2279354871506656
Panther_retail_Felix,full,28,0.16775305017651607,0.22273351077317846,18.316206971493468
Panther_retail_Kristina,full,28,0.29499752172351784,0.4343287978525583,33.51983675095086
Panther_retail_Lester,full,28,0.1794731529647738,0.2407330314365948,20.344465666763075
Panther_retail_Rachel,full,28,0.30945477938632004,0.466316547630689,33.263093899234825
Panther_retail_Romeo,full,28,0.04688721038166906,0.06138585526634369,4.853186398471481
Peacock_assembly_Dena,full,28,0.06096011705219433,0.09883572815979189,6.466124157869197
Peacock_assembly_Mamie,full,28,0.12716302858112216,0.17629119343842015,15.569382306183915
Peacock_assembly_Russ,full,28,0.0645917546527859,0.0850674624927015,6.627401803789967
Peacock_assembly_Socorro,full,28,0.146176956281755,0.19171299064306238,16.10027497524074
Peacock_education_Anita,full,28,0.1798153027022501,0.24762945430075511,19.83509654308647
Peacock_education_Bianca,full,28,0.07969932140159193,0.10736516875212944,8.50388698386391
Peacock_education_Dustin,full,28,0.0989751036452348,0.17258728024673867,11.437136985677375
Peacock_education_Forest,full,28,0.08286358068189001,0.1062464162592907,8.411614077209576
Peacock_education_Gilberto,full,28,0.0402916700715965,0.05071120325242276,4.0928236519587005
Peacock_education_Joshua,full,28,0.028802412303461877,0.03919080941809129,2.9584535432042482
Peacock_education_Karl,full,28,0.07821560877472433,0.10949259533932137,8.124011354633799
Peacock_education_Karyn,full,28,0.023694448672501464,0.03104837404349438,2.3849397198670346
Peacock_education_Lucie,full,28,0.033830582797458354,0.04610417369546478,3.391020317163903
Peacock_education_Lyle,full,28,0.08207665073388105,0.11333711473820904,8.608149128290453
Peacock_education_Ophelia,full,28,0.021363451701445182,0.02885076163213246,2.151453048492205
Peacock_education_Pasquale,full,28,0.038537783487369436,0.05040978336744702,3.9176516239708428
Peacock_education_Patience,full,28,0.11596145972520579,0.16961216052859468,12.458222495482223
Peacock_education_Robbie,full,28,0.1941641662820971,0.24735740109540263,21.23203587685091
Peacock_education_Shelly,full,28,0.03149494619644858,0.04193264914507461,3.1609356128585815
Peacock_education_Weldon,full,28,0.10687236455247973,0.13866118704806718,11.75482149092868
Peacock_education_Yolanda,full,28,0.06097801837539155,0.08428074088218954,6.245396404783067
Peacock_lodging_Chloe,full,28,0.17032692671699748,0.22092375971939207,17.47839706394443
Peacock_lodging_Francesca,full,28,0.13875109877878875,0.18855284354450674,13.743478946281906
Peacock_lodging_Jamaal,full,28,0.1359870813064199,0.16534420715384152,15.773996548953631
Peacock_lodging_James,full,28,0.08898516545135754,0.12132852362603343,9.111805478854002
Peacock_lodging_Lou,full,28,0.083303529423958,0.1041462237405881,8.56501864199278
Peacock_lodging_Mathew,full,28,0.09391421198005973,0.12575976947484802,9.317499272688723
Peacock_lodging_Matthew,full,28,0.06292777392163236,0.07989897075269171,6.419455922651915
Peacock_lodging_Nova,full,28,0.23573898804373794,0.3145092832281624,26.0632370621479
Peacock_lodging_Sergio,full,28,0.12565708373496498,0.16700676699662365,13.500304780139288
Peacock_lodging_Terrie,full,28,0.15099288073714562,0.1927088502601965,15.491091520330125
Peacock_lodging_Wes,full,28,0.08018820773427691,0.10244101354146269,8.406333699173024
Peacock_office_Annie,full,28,0.1697379952047633,0.2258403714747494,17.37768707782131
Peacock_office_Burl,full,28,0.09377576667179578,0.11811800139810183,9.367674608617731
Peacock_office_Dara,full,28,0.1425816036403937,0.1849348466897161,15.940677583162904
Peacock_office_Effie,full,28,0.12872901593284974,0.16762448125845247,13.825824647890139
Peacock_office_Elton,full,28,0.08494737243375897,0.11664657515598124,9.459615163504028
Peacock_office_Glenn,full,28,0.2557332876024341,0.35085920493259687,29.683069902095347
Peacock_office_Jonathon,full,28,0.10486704275355677,0.14899854091518624,10.81263186331577
Peacock_office_Julian,full,28,0.17510996342826787,0.24420071137057317,20.011349993883247
Peacock_office_Major,full,28,0.044716453144879306,0.06006500920502574,4.58130392869499
Peacock_office_Naomi,full,28,0.07495714882320618,0.18392937084796307,15.419049249115426
Peacock_office_Norman,full,28,0.15131657476533275,0.20074516320973107,16.02078854950728
Peacock_public_Kelvin,full,28,0.07444442038154825,0.10394877076726997,7.986325398159928
Rat_assembly_Adolfo,full,28,0.2066878303018132,0.258763501396928,21.37972725774886
Rat_assembly_Aisha,full,28,0.1004815723488389,0.12639613256655663,10.566435378113027
Rat_assembly_Alex,full,28,0.12814304137315763,0.16388805416792207,13.690368332454202
Rat_assembly_Archie,full,28,0.11560897738137911,0.14633293068139186,11.45421930900454
Rat_assembly_Aubrey,full,28,0.1829362195525905,0.21084748419313346,28.974706311460903
Rat_assembly_Cristina,full,28,0.17979111846366091,0.24092745354481837,20.61423369426923
Rat_assembly_Damaris,full,28,0.04707177916601344,0.06445727260314922,4.84341934510964
Rat_assembly_Deandre,full,28,0.07799856742611434,0.09504997798214512,8.049741367287181
Rat_assembly_Donny,full,28,0.35699228076374895,0.5605246406576994,103.21802337458608
Rat_assembly_Dovie,full,28,0.1331192303372725,0.1764190260333101,14.345405555524096
Rat_assembly_Erwin,full,28,0.12250338069057108,0.15365663909365082,16.491095450336747
Rat_assembly_Ezequiel,full,28,0.1995750049237578,0.2505500325636314,23.508625857197313
Rat_assembly_Francine,full,28,0.10204545059835929,0.13165226076714762,10.358665849009203
Rat_assembly_Frieda,full,28,0.08243825317947776,0.1067887177441114,8.073456385416195
Rat_assembly_Gwen,full,28,0.15496081652848925,0.20508319156065738,15.90082186971895
Rat_assembly_Horace,full,28,0.16595871096272313,0.2133746967499682,18.514729327014916
Rat_assembly_Ida,full,28,0.1206362532569587,0.16143273661482332,13.025182203942451
Rat_assembly_Jamie,full,28,0.2127211206598342,0.27124345243031767,22.77011405943471
Rat_assembly_Jannie,full,28,0.20771250228336274,0.2693398860015048,530.2895401846283
Rat_assembly_Jennie,full,28,0.1718663358276462,0.21616040788244714,16.150606534916705
Rat_assembly_Kaitlyn,full,28,0.09272779287799167,0.12451496405882756,9.579017641083928
Rat_assembly_Kelley,full,28,0.28947954335450443,0.3754331663516856,479.4072302377488
Rat_assembly_Kenya,full,28,0.12174709723385665,0.15205312478921984,12.056492052593681
Rat_assembly_Kimberley,full,28,0.06200375409040461,0.0825873998854828,6.316577549151578
Rat_assembly_Kristine,full,28,0.10838625287267639,0.14056698285959965,10.686229858106163
Rat_assembly_Kristy,full,28,0.06037156164804401,0.07583294997871141,11.112112411106244
Rat_assembly_Lillie,full,28,0.11252118506957512,0.14137003086759484,23.075315774615625
Rat_assembly_Michel,full,28,0.01649005665387096,0.023639617902574517,1.665204841695599
Rat_assembly_Mirta,full,28,0.12814153996733663,0.17927085479247032,14.120266957774993
Rat_assembly_Monica,full,28,0.08569494253856613,0.11003678797896584,8.858588779874117
Rat_assembly_Pauline,full,28,0.2273068205154833,0.3469007208276591,726.7306170352292
Rat_assembly_Rolland,full,28,0.15993755880207733,0.21229283101465496,19.911369677352038
Rat_assembly_Rosemarie,full,28,0.08791162015631185,0.11333504419634341,8.681763035995472
Rat_assembly_Ruth,full,28,0.0827467682489439,0.10220666924856041,17.018060253832765
Rat_assembly_Silvia,full,28,0.12988021207703745,0.18883127445578593,12.867842420713632
Rat_assembly_Suzanne,full,28,0.09702065503647644,0.1295242760595214,10.679833627165303
Rat_assembly_Teddy,full,28,0.1947266864004446,0.24003490952659517,21.270660343079406
Rat_assembly_Teodoro,full,28,0.23284624811167176,0.31136921711626925,25.97555880044104
Rat_assembly_Trent,full,28,0.2057783096589485,0.2621727682238118,22.008839855784547
Rat_assembly_Trudy,full,28,0.20247195041334615,0.2786307499992549,32.87964339511225
Rat_assembly_Victorina,full,28,0.29121630721565783,0.436868123824206,447.9369754638832
Rat_assembly_Viola,full,28,0.0998328538250244,0.1331188289353475,10.763867046064094
Rat_education_Adell,full,28,0.12104490819425626,0.16877316657339425,12.939254527516391
Rat_education_Adrian,full,28,0.14488828871070789,0.21873131546754412,15.522987928719163
Rat_education_Alfonso,full,28,0.0959053798522514,0.12886558596439499,9.644261975708378
Rat_education_Alfred,full,28,0.08371190429933709,0.10858219412438033,8.505457056616168
Rat_education_Barbara,full,28,0.07470879759725386,0.11927713475889415,138.02046755567122
Rat_education_Barney,full,28,0.16756792368097584,0.2246471056795976,15.867820005624603
Rat_education_Beverly,full,28,0.12381480954593653,0.17098740180055913,92.40352595001896
Rat_education_Brett,full,28,0.4220746241356808,0.5530564199615627,38.604793332186496
Rat_education_Bryant,full,28,0.09218699977744299,0.1362131544298784,9.166195545430627
Rat_education_Calvin,full,28,0.03864748183111327,0.04788381093494728,3.816773993629024
Rat_education_Candida,full,28,0.13782288285864006,0.17675295214627634,13.351739770802093
Rat_education_Carmela,full,28,0.09995701010793161,0.13573947654850194,10.066171261635873
Rat_education_Cecil,full,28,0.0768774705172095,0.09886171529846682,7.707574054644882
Rat_education_Cedric,full,28,0.09883622487853536,0.13519485997838118,10.059459312435468
Rat_education_Colin,full,28,0.1678422860227353,0.21803301878232864,16.919799355520006
Rat_education_Conrad,full,28,0.33424388726395443,0.44780375389079624,422.9951893028307
Rat_education_Dana,full,28,0.14757349400979622,0.20950777679461333,16.2626352346181
Rat_education_Dann,full,28,0.07224798457326946,0.09424713164774565,7.370965448031123
Rat_education_Davis,full,28,0.04463793706042556,0.056575497575124915,4.4102585095352875
Rat_education_Deanna,full,28,0.07676657526699213,0.09464351927509525,7.607837377934203
Rat_education_Debra,full,28,0.061430888481462054,0.09491205717779957,5.798295642483097
Rat_education_Dreama,full,28,0.16230699720308017,0.21102842292968646,15.995319059010333
Rat_education_Earl,full,28,0.08506007902232347,0.12358065822157843,8.894816324193547
Rat_education_Earnest,full,28,0.1187172908061033,0.1689961128618931,11.968476984914522
Rat_education_Elisa,full,28,0.20882306328086492,0.30959433598608566,24.582895349753585
Rat_education_Elsie,full,28,0.21010484097358362,0.2675051998123852,47.43948895796848
Rat_education_Esther,full,28,0.1404603823145006,0.1819621130763,13.7149661308506
Rat_education_Everett,full,28,0.08437520569725171,0.10662860042747556,8.374595492913315
Rat_education_Fernando,full,28,0.1365363281580306,0.19267872160494665,14.843087579578013
Rat_education_Francisca,full,28,0.2042623946852917,0.28509091171934925,20.864710359532243
Rat_education_Gricelda,full,28,0.19471464265153815,0.25270239701823083,20.848597511460966
Rat_education_Guillermo,full,28,0.10409183484311495,0.13653705782426132,9.82180812816818
Rat_education_Humberto,full,28,0.3064768758411485,0.4908641661593941,30.727987702245212
Rat_education_Irma,full,28,0.11102680189380239,0.14363474618762684,11.517713480075017
Rat_education_Jacob,full,28,0.09238211230465082,0.11439331527439862,9.24820657183392
Rat_education_Jame,full,28,0.13083186161479413,0.17046208346740335,13.240011172565783
Rat_education_Jeanne,full,28,0.10708780896823583,0.13980064915307328,10.731055793605854
Rat_education_Jena,full,28,0.07045327382764462,0.08993572547535035,6.867913758645165
Rat_education_Jesse,full,28,0.027294511592530504,0.03292010818773117,2.7448289481496952
Rat_education_Kandice,full,28,0.4266032115195457,0.6090696883056109,44.63617854552558
Rat_education_Kathryn,full,28,0.08309361045797799,0.11484722178235147,8.762615269003033
Rat_education_Keith,full,28,0.11142648341983089,0.14225507182390495,11.284391048138273
Rat_education_Kelsey,full,28,0.09059179460527304,0.11933322301603848,8.84237804804235
Rat_education_Lee,full,28,0.10891782722352994,0.14626295566377362,11.427858181391594
Rat_education_Leonardo,full,28,0.15465533820368116,0.20157288404441395,15.781219760546433
Rat_education_Lincoln,full,28,0.0941972630617805,0.12907006179904534,9.578398631240406
Rat_education_Liz,full,28,0.14908522777822536,0.19327644936985872,14.35416516771487
Rat_education_Lonnie,full,28,0.15788778127561312,0.21522457433739817,16.721461003129313
Rat_education_Lynn,full,28,0.1176595291181866,0.15213809087502847,11.203981227379712
Rat_education_Marcos,full,28,0.08447230112916236,0.12656568024311546,7.7168404196671565
Rat_education_Marianna,full,28,0.14906084919653864,0.20054922695623806,15.452999606768735
Rat_education_Maricela,full,28,0.11928823140429173,0.15043030786064046,12.560900834988933
Rat_education_Marvin,full,28,0.1922097364621539,0.29161473825670053,22.634361771745677
Rat_education_Meghan,full,28,0.14609975182060334,0.2055306152054357,15.63073562599247
Rat_education_Milagros,full,28,0.267698028272675,0.38326383718315293,30.453417882753914
Rat_education_Mona,full,28,0.09053466772992441,0.13093796386638143,9.009184185329142
Rat_education_Morton,full,28,0.1092135915122481,0.14177595345821992,11.489698274100187
Rat_education_Mose,full,28,0.15641053652597867,0.23595657166535514,16.661561860412654
Rat_education_Nellie,full,28,0.07612842685455473,0.10148003707435649,7.510093722244612
Rat_education_Nona,full,28,0.1688981200265622,0.2454122658489127,15.868141507226968
Rat_education_Nydia,full,28,0.10795346511860196,0.14680119027292338,10.385834301352375
Rat_education_Pat,full,28,0.01597480794137186,0.019682176855184613,1.5923747584996464
Rat_education_Patty,full,28,0.0650360133272099,0.07974739598404963,6.4065999079671725
Rat_education_Paula,full,28,0.10260497234047398,0.1323881996147699,9.886937482269985
Rat_education_Renee,full,28,0.13965978294463494,0.17583130794265506,14.452194834405722
Rat_education_Robyn,full,28,0.09609826805741904,0.1321834115055516,10.074758426140066
Rat_education_Rogelio,full,28,0.12601865720531555,0.16943600613540935,11.878820254786804
Rat_education_Rosalyn,full,28,0.11471009835716144,0.14721487055837051,11.444882578847947
Rat_education_Royal,full,28,0.0814869676569887,0.12752940192198478,8.29765834037662
Rat_education_Salvatore,full,28,0.0822771583207862,0.10564023462722016,8.271304726386784
Rat_education_Shellie,full,28,0.10252054124173185,0.1354198755092803,10.910872622916237
Rat_education_Sherwood,full,28,0.1319266234021867,0.18730553519888152,14.372157970849733
Rat_education_Sina,full,28,0.09628331011844078,0.11613879108057998,9.443586012163241
Rat_education_Stuart,full,28,0.17235261871141658,0.2171635705459431,17.50544826632019
Rat_education_Tania,full,28,0.20784369027274652,0.2959469729837769,42.48385212541279
Rat_education_Terese,full,28,0.09925181917665281,0.13800276505170056,10.008324601338158
Rat_education_Theo,full,28,0.0984861281746205,0.1438315682419292,21.86169719406198
Rat_education_Tim,full,28,0.11939603519908752,0.17781281061426535,11.780897139207164
Rat_education_Tristan,full,28,4.6708552339051714e-05,5.3522698499209e-05,0.004670855233905171
Rat_education_Ulrike,full,28,0.09763736980669627,0.12721445866492118,9.301370454354817
Rat_education_Verna,full,28,0.11975471734160072,0.16206418276721613,12.797920556314487
Rat_education_Vicky,full,28,0.12656959506847723,0.19367646964328553,16.57641819129475
Rat_education_Willie,full,28,0.1474515188934765,0.20235274740660047,13.650843815650452
Rat_education_Willy,full,28,5.692057462087042e-06,7.455116146306795e-06,0.0005692057462087043
Rat_education_Wilmer,full,28,0.13418742727399716,0.16970785282298242,13.585929408165512
Rat_education_Winnie,full,28,0.13841877816874876,0.18956420419761746,12.76223257793237
Rat_education_Yu,full,28,0.11810381093596439,0.1530325565249332,11.632512283156721
Rat_education_Zina,full,28,0.15476277923834245,0.22450865988983704,16.779409145673295
Rat_education_Zoe,full,28,0.16026656382755017,0.20475638955782766,16.64236777921336
Rat_health_Gaye,full,28,0.09737404063329883,0.1342057142770061,10.029078455718217
Rat_health_Guy,full,28,0.04176168303568196,0.06512412811992006,18.704997040853335
Rat_health_Mildred,full,28,0.2228622859212696,0.30113401556901515,20.438110757680704
Rat_health_Rosaria,full,28,0.10058990783460747,0.13233611428181252,10.27966918398907
Rat_health_Shane,full,28,0.06208198481419309,0.09609867321548936,7.0214906012882095
Rat_health_Tanya,full,28,0.08208654917945618,0.10530095683462712,8.020230330747147
Rat_lodging_Ardell,full,28,0.09983696457961012,0.1273088830031877,10.102518618161566
Rat_lodging_Ben,full,28,0.06585883145721634,0.0823505757615321,6.571690530696653
Rat_lodging_Christine,full,28,0.1145500642771262,0.14927200710483438,11.731608453122561
Rat_lodging_Dwight,full,28,0.22848328529543227,0.2893645402428469,22.856002756095332
Rat_lodging_Jeannette,full,28,0.17843941559545642,0.23491988085550491,18.835449923137524
Rat_lodging_Lorenzo,full,28,0.3835649843391287,0.5101444744510865,168.37143336762261
Rat_lodging_Marguerite,full,28,0.20916561478656992,0.2653931984867381,22.337372616290217
Rat_lodging_Marion,full,28,0.15324923686979158,0.1989430889942223,15.341698253698322
Rat_lodging_Ted,full,28,0.3152568829992908,0.4253522294066698,57.59573482008088
Rat_office_Adele,full,28,0.15523270337420642,0.279751706237562,19.13965524106284
Rat_office_Annis,full,28,0.06103454829383188,0.08080080802786899,5.986273919891963
Rat_office_Arron,full,28,0.061828282732229525,0.0884196798208798,6.407175206976534
Rat_office_Avis,full,28,0.19464661343651254,0.34356752193554024,499.9637541693794
Rat_office_Chris,full,28,0.07060652601379873,0.09257845077408201,6.901086335914497
Rat_office_Colby,full,28,0.09622257460279074,0.15709034789698303,67.30665247531667
Rat_office_Craig,full,28,0.03281824040733778,0.042338547365555916,3.3173178348524104
Rat_office_Jacinta,full,28,0.052366940058989744,0.07457658325845148,5.103990975476177
Rat_office_Jamal,full,28,0.12725163248453972,0.16354452664259275,15.19488368331997
Rat_office_Jeannie,full,28,0.1605062570092881,0.24180955233767554,15.849168482761161
Rat_office_Jessica,full,28,0.07097815870643746,0.1019740867081515,7.802805598694807
Rat_office_Jill,full,28,0.5514735779833175,0.8435823026176539,143.7388442370271
Rat_office_Kasey,full,28,0.20903618315733952,0.25170721639800797,21.534472626202618
Rat_office_Lora,full,28,0.1459627301833493,0.20038321420785427,14.418638370223983
Rat_office_Loyd,full,28,0.07219152231627421,0.10534972437185942,7.193328831785786
Rat_office_Mei,full,28,0.11965359827562523,0.1548222898888245,12.263894722735953
Rat_office_Olivia,full,28,0.11668411567472069,0.18210029167090458,12.847631334515706
Rat_office_Ramiro,full,28,0.012517648564046906,0.01602513242294998,1.2585046388139676
Rat_office_Randy,full,28,0.09435471283220738,0.13755166404791325,10.261884415022953
Rat_office_Ronald,full,28,0.12706360632656488,0.1624699845349566,13.394295210649792
Rat_office_Rosemary,full,28,0.11267089935328911,0.15755446470281126,12.712980807452674
Rat_office_Sammy,full,28,0.10321383894384369,0.13285112843524596,10.46940678667194
Rat_office_Tracy,full,28,0.0814403673095765,0.11012931054289955,8.377097072054166
Rat_other_Al,full,28,0.11267475902570315,0.17201441425741482,10.246071650760983
Rat_other_Daphne,full,28,0.26778384924805365,0.36997890380093884,26.836856590288033
Rat_other_Hazel,full,28,0.03677540336531242,0.047037396249058866,3.5975221043147485
Rat_other_Lan,full,28,0.14548371376623606,0.18411589390995622,32.06858407598139
Rat_parking_Ronnie,full,28,0.2951948981563987,0.37142141398971656,32.13846017244312
Rat_public_Alanna,full,28,0.1512426860417676,0.2867986710100816,16.260043136681723
Rat_public_Allie,full,28,0.1321771409032489,0.1752570059189101,13.91495577771573
Rat_public_Allyson,full,28,0.17222842102994346,0.2279149751350044,17.878754127839215
Rat_public_Amber,full,28,0.2689453936144195,0.33111457396379795,28.65592182733854
Rat_public_Angelina,full,28,0.08059277678200502,0.10048913234491018,8.0825209624614
Rat_public_Angle,full,28,0.0892231648695972,0.10650246999402724,9.091116490980335
Rat_public_Becky,full,28,0.1032985475362767,0.12756381157846713,10.014438984956254
Rat_public_Berry,full,28,0.03483965815309422,0.04598747018705635,3.4826449764851968
Rat_public_Bronwyn,full,28,0.05080491867209742,0.06653416191748639,5.020528713197118
Rat_public_Carole,full,28,0.08771493174644503,0.11318440941947469,8.900084575668672
Rat_public_Caroline,full,28,0.0498965913641607,0.0707111045364158,5.57986648169201
Rat_public_Chrissy,full,28,0.15435022284046013,0.2124597476114224,14.518467071917177
Rat_public_Clyde,full,28,0.15347106296394764,0.19158993313601055,16.407748272172647
Rat_public_Corinne,full,28,0.08182372378308163,0.10173690066200786,8.20235744651969
Rat_public_Courtney,full,28,0.0855688578961665,0.1382117653892375,9.482779095547803
Rat_public_Dalia,full,28,0.037945413125031316,0.04841859371742305,3.8033921921381544
Rat_public_Damon,full,28,0.09383309758660302,0.11900125810662691,9.26777227227048
Rat_public_Deidre,full,28,0.1122371975269131,0.14180441901574084,11.330709873185947
Rat_public_Desiree,full,28,0.11574122898266495,0.14544788624066032,11.548278864280585
Rat_public_Dexter,full,28,0.11699077250960993,0.15219686109357444,11.493117885452696
Rat_public_Duane,full,28,0.3011916518292707,0.3694988268604572,39.83354717872878
Rat_public_Elmira,full,28,0.07768201743136516,0.09874307392883411,7.8192568671155644
Rat_public_Emilee,full,28,0.1556674916884974,0.21049998201269893,16.854938357445782
Rat_public_Faye,full,28,0.11152977100639366,0.14305954601218723,11.38939043111632
Rat_public_Fern,full,28,0.048111856539742245,0.060903564245461485,4.869464593329769
Rat_public_Frank,full,28,0.2517112060050931,0.3550247171036019,30.82424639083018
Rat_public_Frederick,full,28,0.05224036193379876,0.06620886845255788,5.104656596572016
Rat_public_Fredrick,full,28,0.24655801294578622,0.31314948923156705,25.453579214145844
Rat_public_Grover,full,28,0.054935780584072405,0.06885725472752187,5.556981608664887
Rat_public_Helena,full,28,0.2271324163081361,0.2905650874691443,22.904513854640022
Rat_public_Hortencia,full,28,0.09887449838703924,0.15001976144758386,11.030477882818694
Rat_public_Isabel,full,28,0.08121215054274186,0.10802322199597947,9.0270636825171
Rat_public_Jason,full,28,0.12733160488888254,0.1687063895465072,12.857163099408698
Rat_public_Joann,full,28,0.07326421524145905,0.10684936304666505,7.673021065537671
Rat_public_Johnna,full,28,0.00019903556039516213,0.00021681616795989815,0.01990355603951622
Rat_public_Johnny,full,28,0.07874317572320128,0.10034990358220634,7.9438244955891
Rat_public_Josiah,full,28,0.06863418366113931,0.08964929276366966,6.708517787178262
Rat_public_Julieann,full,28,0.13596556483830763,0.1894890871425943,13.819015566572576
Rat_public_Kathleen,full,28,0.1588565713876756,0.2122046508384292,14.141298845280309
Rat_public_Kelle,full,28,0.15254133284704727,0.18673675427929806,15.367207142003725
Rat_public_Kelly,full,28,0.07354582469814082,0.09098759911590727,7.50769894425675
Rat_public_Kermit,full,28,0.1438664578377568,0.20634815892379854,14.305299151962473
Rat_public_Kimber,full,28,0.22842743259783316,0.31881085193676123,30.940214551610783
Rat_public_Laura,full,28,0.06554909047520889,0.08005066144012915,6.670794876387817
Rat_public_Laurie,full,28,0.05758660195939134,0.07213426233726646,5.885061533040042
Rat_public_Laverne,full,28,0.10788311912790219,0.1379262386531497,11.197245876848577
Rat_public_Lea,full,28,0.06421818661151786,0.08561718215402539,6.296089127397873
Rat_public_Leo,full,28,0.11027351118078436,0.14035698211302222,10.810346998713891
Rat_public_Leta,full,28,0.10009509292317072,0.12886525632484813,9.971050520077299
Rat_public_Lloyd,full,28,0.07254670442635416,0.09252741277815335,7.383855621048026
Rat_public_Loretta,full,28,0.042002985384170646,0.05537858702127391,4.148427619107952
Rat_public_Lynda,full,28,0.10688126401823234,0.13339003544830094,10.757571292920305
Rat_public_Mabel,full,28,0.0600664647619752,0.07752642673695363,5.947565787637543
Rat_public_Marcellus,full,28,0.1415863614255065,0.19079298540845266,14.91928265707718
Rat_public_Margart,full,28,0.10036592105750301,0.14107025057455075,10.184893948479777
Rat_public_Mark,full,28,0.12134963419643159,0.15739431819583707,13.36473052646735
Rat_public_Michael,full,28,0.10750357154443228,0.1517765543554618,11.32138683122374
Rat_public_Michelle,full,28,0.16760634572068064,0.29525618029813616,20.775436240192377
Rat_public_Muriel,full,28,0.14353364106935756,0.183643892074385,13.972726427832521
Rat_public_Nancy,full,28,0.10207584971468747,0.12909036924471928,10.266071128611836
Rat_public_Neil,full,28,0.09952529119133251,0.13825887508111348,9.77144917238738
Rat_public_Nell,full,28,0.04930893203357032,0.06291132084383928,4.88469698688041
Rat_public_Nelson,full,28,0.12824285087394457,0.15994084273608522,12.703584633052339
Rat_public_Norene,full,28,0.34933962123477597,0.44054142482222813,35.94107120183983
Rat_public_Ramon,full,28,0.18577888596191977,0.2535848476707105,17.022549514323735
Rat_public_Ramona,full,28,0.16454288381777024,0.22326309163673283,15.578806655425502
Rat_public_Roberta,full,28,0.08912089224490286,0.11035355939224505,9.022134581392194
Rat_public_Roma,full,28,0.23967536691966904,0.3160149208380601,29.407317053255994
Rat_public_Sade,full,28,0.07337703244929214,0.09170128908516291,7.556335578675773
Rat_public_Sana,full,28,,,38121878460.51528
Rat_public_Sean,full,28,0.10680158872478089,0.13371248135156277,11.076003276567766
Rat_public_Shanta,full,28,0.08688374607371092,0.11271056688326501,8.842822518566013
Rat_public_Sharonda,full,28,0.08004846436161513,0.10724774836262904,8.574495253207141
Rat_public_Sharron,full,28,0.04778704295226563,0.06172448480140387,4.775948075272315
Rat_public_Stacey,full,28,0.12865214239835246,0.17615039570831292,12.336348811551183
Rat_public_Stella,full,28,0.04341510273990635,0.05804025077851816,4.303729182584067
Rat_public_Sue,full,28,0.1261345856062616,0.17715401594777833,13.995886501799811
Rat_public_Tammara,full,28,0.12582681360838666,0.16607219042666616,13.759984458568267
Rat_public_Tamra,full,28,0.09847189412238419,0.1262413926130782,9.45787617433551
Rat_public_Tommy,full,28,0.06436881049707331,0.08073121584735037,6.622933403898518
Rat_public_Toya,full,28,0.27668394858347967,0.3615363230644591,32.218638191724914
Rat_public_Tricia,full,28,0.18575634290137003,0.23661128035146356,20.044408126683088
Rat_public_Vickie,full,28,0.14661513695751732,0.18957967271325937,14.75056227428397
Rat_public_Wilbur,full,28,0.06086791477150677,0.0756951015524053,6.047551097192182
Rat_public_Wilma,full,28,0.06830407594654998,0.0956278902336788,7.058679827635562
Rat_public_Yessenia,full,28,0.13745212989885358,0.17998160195699175,13.990339562697724
Rat_religion_Kathy,full,28,0.3808233497655481,0.47246829767667103,51.23873034632452
Rat_retail_Jeffrey,full,28,0.21659495827552122,0.2906199229558682,23.10419949575475
Rat_warehouse_Breanna,full,28,0.07950620825413826,0.12459493230955097,10.476574828786053
Rat_warehouse_Doretta,full,28,0.06273715967623959,0.0832953516158157,6.214504994080549
Rat_warehouse_Eloisa,full,28,0.2148208681614142,0.26479308551917907,22.57736067240582
Rat_warehouse_Maegan,full,28,0.18279705009468722,0.23208280109266727,19.38691632750003
Rat_warehouse_Shari,full,28,0.13239333957578336,0.17287785237725936,14.918433912276571
Robin_assembly_Colleen,full,28,0.2378721548704756,0.29637423055746953,29.849644100716326
Robin_education_Audrea,full,28,0.07285517155414054,0.09218258595062531,7.597662097292717
Robin_education_Billi,full,28,0.23138078476999654,0.3566357525809411,31.78378444965646
Robin_education_Cecilia,full,28,0.3027296925314163,0.3893668527720637,35.08829954653585
Robin_education_Della,full,28,0.36889963086615063,0.4785135233645826,120.35274807781673
Robin_education_Derick,full,28,0.07634151790667605,0.10762256852179555,8.103079854491382
Robin_education_Derrick,full,28,0.07417186561480979,0.10112441202023563,7.460162085514033
Robin_education_Jasper,full,28,0.06763195141263094,0.09907311180742913,7.202930261066405
Robin_education_Julius,full,28,0.09526223796838963,0.14101498509098342,10.432033637968829
Robin_education_Karyl,full,28,0.1389272662961322,0.17782047634561024,15.187919902891837
Robin_education_Kiera,full,28,0.19781955408297394,0.268179702927966,21.05430637071709
Robin_education_Kristopher,full,28,0.06504873881317792,0.0877958628606432,6.407132530353459
Robin_education_Lashandra,full,28,0.1131488401301644,0.15611697888399556,12.360228967310361
Robin_education_Leslie,full,28,0.08712882524973133,0.11718881519178477,8.993304555877065
Robin_education_Lizbeth,full,28,0.06791993288492393,0.09179237944754041,7.155940592774257
Robin_education_Madeline,full,28,0.05540963344432409,0.07484658084979348,5.571580938697164
Robin_education_Margarito,full,28,0.0357657542285307,0.05621267745969562,3.7136699160761912
Robin_education_Megan,full,28,0.08715816090294226,0.11041951640296521,9.031641508156694
Robin_education_Mercedes,full,28,0.10811864479679752,0.12593451157634508,11.75663005859058
Robin_education_So,full,28,0.04039703039502987,0.05663468434628396,4.309950034347923
Robin_education_Takako,full,28,0.10885478732637167,0.15044808091173237,10.907948991498438
Robin_education_Terrance,full,28,0.060132238615154134,0.08409037833956393,6.185987584450471
Robin_education_Zenia,full,28,0.059092141085491906,0.08123054043259377,6.100389438921678
Robin_lodging_Armand,full,28,0.10330552403749328,0.13936602022216013,11.615583090793898
Robin_lodging_Celia,full,28,0.11243478506685392,0.1604850391774288,12.867503583307386
Robin_lodging_Donna,full,28,0.12185981843445425,0.16489962391235918,12.93382786352755
Robin_lodging_Dorthy,full,28,0.09126905866897549,0.12231617267449578,9.057071000800201
Robin_lodging_Elmer,full,28,0.12433230735376208,0.17078667320620136,14.365867539469729
Robin_lodging_Janie,full,28,0.12072625157111709,0.14999832755700726,13.040415980311366
Robin_lodging_Oliva,full,28,0.1331061965257574,0.16614295652472466,15.033056827940081
Robin_lodging_Phillip,full,28,0.1328673543085484,0.1718312663699508,16.528652870450138
Robin_lodging_Pricilla,full,28,0.10610969977716023,0.13719917258925798,11.167579303230896
Robin_lodging_Renea,full,28,0.1578977400795927,0.21954865292618264,18.59135798078418
Robin_office_Addie,full,28,0.15009807916870346,0.208756518085695,20.9931077188015
Robin_office_Adolph,full,28,0.16383061401899024,0.2080316721298775,16.952419375717596
Robin_office_Antonina,full,28,0.06980137441912826,0.10774868175642761,7.598279497136214
Robin_office_Dina,full,28,0.16590712763640084,0.2207572001836428,17.181434603238667
Robin_office_Donald,full,28,0.1543634270366878,0.1927753912249052,16.471423292005333
Robin_office_Gayle,full,28,0.3108178976468456,0.38414710393540075,39.946931742403066
Robin_office_Lindsay,full,28,0.12323604412363963,0.1639923748103197,12.193568841513505
Robin_office_Maryann,full,28,0.11937871893598656,0.16707238130644642,12.676231092521705
Robin_office_Sammie,full,28,0.11302446933820184,0.1478877125138833,12.134681479150549
Robin_office_Saul,full,28,0.14187032429847354,0.1936871740469835,17.507703530247724
Robin_office_Serena,full,28,0.21293330606375338,0.31650234875472705,34.21035292999256
Robin_office_Shirlene,full,28,0.23769921071568564,0.3027126400151385,30.745546700573893
Robin_office_Soledad,full,28,0.3361386469912537,0.4780173216870965,34.45703292147166
Robin_office_Victor,full,28,0.18186595982165754,0.23947661027857656,18.895555715893124
Robin_office_Wai,full,28,0.09201407243547902,0.1617181269091954,10.375607051790182
Robin_office_Zelma,full,28,0.12201491080567146,0.19882319310048,14.684313420544342
Robin_public_Cami,full,28,0.20099605491990313,0.24774404428487362,24.396692206632466
Robin_public_Carolina,full,28,0.18735341585607293,0.23006896221569678,21.905465160219006
Swan_unknown_Allison,full,28,0.25959095569734064,0.463658300611925,38.140775926589725
Swan_unknown_Andres,full,28,0.13454473865816258,0.2510731465378724,509.1312648154504
Swan_unknown_Bette,full,28,0.14668223152387252,0.23792389646126685,16.303809143469124
Swan_unknown_Christoper,full,28,0.11192385498641293,0.1709332295858491,11.41817215320542
Swan_unknown_Douglas,full,28,0.05485222144652544,0.07752977883539623,5.799214047483409
Swan_unknown_Esteban,full,28,0.07183329610398084,0.09876140970648678,7.408717685865322
Swan_unknown_Fabian,full,28,0.17238883514093084,0.2164093281399581,20.69564158354404
Swan_unknown_Ike,full,28,0.26103360175791784,0.3836664251417221,36.05701890518089
Swan_unknown_Isaiah,full,28,0.16167948236037033,0.2533904440242253,20.664018980677263
Swan_unknown_Jan,full,28,0.0594469126956529,0.08604823727446949,6.1461089204071655
Swan_unknown_Jerold,full,28,0.034112263053368966,0.04590385680295154,3.4462949314228255
Swan_unknown_Noelia,full,28,0.1613485671039988,0.20447998181132995,18.502878002583213
Swan_unknown_Raquel,full,28,0.12101259014875722,0.16202258370555725,12.75920267377662
Swan_unknown_Reyna,full,28,0.22151637211218234,0.34467714360943846,32.94924326075971
Swan_unknown_Rocco,full,28,0.014806798383074592,0.02561558826101779,1.5215671479342097
Swan_unknown_Rudy,full,28,0.04322596819604546,0.05411371946219315,4.364093509601971
Swan_unknown_Tom,full,28,0.22238496166761812,0.3642190617060026,28.68741283514155
Swan_unknown_Valeria,full,28,0.06098874055890603,0.07696473433449755,6.066967563590085
Swan_unknown_Wendy,full,28,0.08334734440131623,0.11547779629786518,9.209735577642702
Wolf_assembly_Elaine,full,28,0.6471328239168189,0.9577409136265168,90.28835698441888
Wolf_assembly_Sallie,full,28,0.15644200018804713,0.23911103293552916,19.62774299129435
Wolf_education_Anisa,full,28,0.5646606607604967,0.7456092999046918,71.22027534288647
Wolf_education_Arnulfo,full,28,0.3234482972227172,0.45268290235158637,42.78609815079506
Wolf_education_Bobby,full,28,0.38575574019588377,0.5094565297603264,50.888642151891396
Wolf_education_Cheryl,full,28,0.29608320452617726,0.41933350411446296,34.07169418806636
Wolf_education_Clarissa,full,28,0.2124521241165581,0.29466662458295356,23.78337762788957
Wolf_education_Cody,full,28,0.9442604196987117,1.2934806551581397,186.7007422104201
Wolf_education_Dolores,full,28,0.33103637209354075,0.4686172820726411,38.48043189322921
Wolf_education_Dorris,full,28,0.12431924283256789,0.1720917160874403,13.903395733376911
Wolf_education_Eulalia,full,28,0.3373705653466809,0.45374125746159205,48.258570471494075
Wolf_education_Joaquin,full,28,0.08632873092595193,0.10967511316083671,8.894301648099102
Wolf_education_Josefa,full,28,0.39670731938952103,0.5449170342279467,50.804547191390334
Wolf_education_Katie,full,28,0.23454228576814196,0.34200673086629113,26.557232786222617
Wolf_education_Laurinda,full,28,0.2728469821261456,0.4141729755625434,32.695529761445705
Wolf_education_Loren,full,28,0.18974415336064135,0.2772998085617114,20.2491109838697
Wolf_education_Miguel,full,28,0.3902151887449206,0.5809594460074587,54.3093063410476
Wolf_education_Roderick,full,28,0.4237166856279036,0.5683281685037763,176.44070681951993
Wolf_education_Tammie,full,28,0.173241352599759,0.2604710816697124,19.59188037065932
Wolf_education_Tori,full,28,0.2158679358859702,0.3051077449762447,24.012240058016417
Wolf_education_Ursula,full,28,0.28974371803820864,0.38129918752528386,34.04966416955949
Wolf_education_Vivian,full,28,0.29682835506961547,0.41233829704744446,37.40699804888732
Bear_assembly_Angel,last_30,28,0.23296854450411147,0.29537987296798657,26.60556531581922
Bear_assembly_Beatrice,last_30,28,0.510546381456752,0.6655187010112327,179.56640804683158
Bear_assembly_Danial,last_30,28,0.08341902319324045,0.10489181171489585,8.705794456745444
Bear_assembly_Genia,last_30,28,0.19615845048374547,0.2792529310571022,18.813595267649536
Bear_assembly_Harry,last_30,28,0.30315016647272014,0.397359300826665,30.957843178165323
Bear_assembly_Jose,last_30,28,0.10320541406874273,0.12729981784867822,10.708278343610383
Bear_assembly_Roxy,last_30,28,0.2285523228303199,0.3132546725384755,46.71692327734756
Bear_assembly_Ruby,last_30,28,0.12390934103234282,0.1531352171196337,12.924042565674023
Bear_education_Alvaro,last_30,28,0.09199974496659293,0.11546577850411419,9.273417528492311
Bear_education_Augusta,last_30,28,0.23201424554460956,0.33526165216420994,26.087778548993366
Bear_education_Austin,last_30,28,0.3477344896259372,0.504691075456992,44.58858474415642
Bear_education_Babara,last_30,28,0.063167294146922,0.0763076720889574,6.319184854899736
Bear_education_Benita,last_30,28,0.033404112968617776,0.04513994073794888,3.35965662372837
Bear_education_Bob,last_30,28,0.18170036414603696,0.24836401613582762,19.89148292006129
Bear_education_Bulah,last_30,28,0.04985914286627065,0.06194141579329129,5.012640858412796
Bear_education_Carlo,last_30,28,0.4189525070674669,0.604645680923198,62.021806172817364
Bear_education_Chad,last_30,28,0.03160237343190697,0.04270300517237175,3.187664241396985
Bear_education_Chana,last_30,28,0.14714561506270474,0.19293577695088354,14.724219299234967
Bear_education_Chun,last_30,28,0.1788008054422859,0.22083337630711763,18.536128789704083
Bear_education_Clint,last_30,28,0.08437747345221584,0.10885597245934729,8.474669681905143
Bear_education_Curtis,last_30,28,0.17957518645820295,0.21197639614081668,17.39945499371197
Bear_education_Danna,last_30,28,0.29914308734745526,0.4090996758409917,40.864635204187586
Bear_education_Darrell,last_30,28,0.3777589872203499,0.5078470213525667,48.708550315557616
Bear_education_Deena,last_30,28,0.2767271349121412,0.3640057218487499,31.106366233173937
Bear_education_Derek,last_30,28,0.30691726323089025,0.42977009308142744,926.9725033773108
Bear_education_Destiny,last_30,28,0.1590977672835309,0.20946617778160087,16.608453605350498
Bear_education_Elise,last_30,28,0.22418442042361522,0.29024481402208835,25.219759957094418
Bear_education_Fannie,last_30,28,0.0608237342234924,0.07560318069971961,6.1595369187544495
Bear_education_Gavin,last_30,28,0.05018445276021939,0.06554536183455575,5.020737425264555
Bear_education_Herb,last_30,28,0.1943064552782637,0.25499409180371696,20.19507654758384
Bear_education_Irene,last_30,28,0.26799527652810035,0.361334261914507,26.018126062243958
Bear_education_Iris,last_30,28,0.24509761069548872,0.3512463168028526,33.095667389678134
Bear_education_Katy,last_30,28,0.1194646170279598,0.15937306752306082,12.12095096829066
Bear_education_Lashanda,last_30,28,0.2629369560130977,0.32589414001325495,32.75973064228245
Bear_education_Laurette,last_30,28,0.04215174807626228,0.055390522497711626,4.202612743089742
Bear_education_Leonel,last_30,28,0.2265735848383715,0.29935569825829994,27.898361645869112
Bear_education_Lewis,last_30,28,0.2455982845613853,0.35551838334598124,29.46284423458379
Bear_education_Lidia,last_30,28,0.25256906954878505,0.3519873602545245,28.36804937628168
Bear_education_Lila,last_30,28,0.08941100632943738,0.12183220417747097,9.438579444913312
Bear_education_Liliana,last_30,28,0.07084764072619808,0.09438522640380177,7.312238179720302
Bear_education_Lorie,last_30,28,0.05157540061755962,0.06690611220906365,5.088082126528541
Bear_education_Mara,last_30,28,0.030201469384547003,0.04263417655532498,3.0507520539307014
Bear_education_Marie,last_30,28,0.2769360553877374,0.41712512768611837,34.563024688884425
Bear_education_Marsha,last_30,28,0.10457890797841322,0.15476758309719255,10.412603908636294
Bear_education_Marta,last_30,28,0.2695539580349653,0.3465714084260872,33.231412673161536
Bear_education_Maryjane,last_30,28,0.12644307830542223,0.16173020108330582,12.637781994627396
Bear_education_Merrill,last_30,28,0.14671606247685964,0.18928873354025813,14.135518156104263
Bear_education_Nanette,last_30,28,0.16266234276789054,0.20366156335005584,16.300049259260778
Bear_education_Oscar,last_30,28,0.15012909783434764,0.19658525705158594,16.048344216355698
Bear_education_Owen,last_30,28,0.17971874339296073,0.23250507830161757,19.0250764754169
Bear_education_Paola,last_30,28,0.19674096559867943,0.27203827817048554,20.742569660733302
Bear_education_Patricia,last_30,28,0.05917297974354566,0.07705573608391643,6.158492039723839
Bear_education_Pattie,last_30,28,0.0432065505822922,0.0537437276146215,4.296801587135903
Bear_education_Rebecca,last_30,28,0.05016553889617244,0.06586807784995384,5.131645265297266
Bear_education_Sandy,last_30,28,0.13069259638393024,0.17525932681567993,12.645289870471041
Bear_education_Santos,last_30,28,0.5594191545587764,0.8631812415701228,55.01184669180942
Bear_education_Sharon,last_30,28,0.049697089097853746,0.0680317004338585,5.068858103320323
Bear_education_Shelley,last_30,28,0.2002890408309,0.2934279557612313,24.099928234354138
Bear_education_Tara,last_30,28,0.24516955982973956,0.3140284307008419,27.903759754886835
Bear_education_Thuy,last_30,28,0.20252048274462806,0.28299644205446967,23.77342338211822
Bear_education_Val,last_30,28,0.06941027598094096,0.09448266522399765,6.984504819327621
Bear_education_Wade,last_30,28,0.20475473228142316,0.2797030281243958,22.933710185288295
Bear_education_Wilton,last_30,28,0.056041051071627865,0.07279291372386609,5.513926944843384
Bear_education_Wm,last_30,28,0.15454454422856106,0.215002706731728,16.56304780823204
Bear_education_Yuri,last_30,28,0.38308838193334466,0.5479282578513286,51.48967281405309
Bear_education_Yvette,last_30,28,0.2848612577276875,0.40567741052828055,32.42121339243042
Bear_education_Zandra,last_30,28,0.009054590657303206,0.011930333727462869,0.8998862800514577
Bear_lodging_Dannie,last_30,28,0.2916464221904148,0.3780978327899831,35.55952329959111
Bear_lodging_Erick,last_30,28,0.15059448573729833,0.19680268609834295,14.745481186644097
Bear_lodging_Esperanza,last_30,28,0.2298530429578223,0.31151871977342765,27.18822356570132
Bear_lodging_Evan,last_30,28,0.1787038947877089,0.23007294658447336,18.88799724440719
Bear_parking_Bridget,last_30,28,0.17319345253524757,0.22400155602601876,18.260715381969224
Bear_parking_Bruce,last_30,28,0.057359933006978676,0.07287351312030473,5.761829478867197
Bear_public_Arlean,last_30,28,0.1671074926574676,0.20188419957230888,17.3603431491942
Bear_public_Jocelyn,last_30,28,0.10240058013680796,0.1509013827341775,10.48453626462752
Bear_public_Lowell,last_30,28,0.07198334818409921,0.09768973728787889,6.921396176429358
Bear_public_Orville,last_30,28,0.23580434969400085,0.32496416175542336,28.40830918756866
Bear_public_Rayna,last_30,28,0.38608899844155575,0.5336663609126797,57.291839797666654
Bear_public_Valorie,last_30,28,0.28397607991818885,0.36373983366714663,42.19858601352131
Bear_science_Alison,last_30,28,0.02386327680748332,0.030085378744470575,2.39671630102712
Bear_science_Eleanor,last_30,28,0.13239094205469165,0.17846226394503711,14.067406436567945
Bear_utility_Sidney,last_30,28,0.02526881608292247,0.032835180560241414,2.5024829060087113
Bobcat_assembly_Adam,last_30,28,0.16069262563288336,0.2236963112758237,30.173059511108214
Bobcat_assembly_Billy,last_30,28,0.15650888265543753,0.21299761644733733,31.58990684075916
Bobcat_assembly_Camilla,last_30,28,0.14652434714265325,0.2038581396835575,40.79456934262134
Bobcat_assembly_Franklin,last_30,28,0.41925435779924575,0.5922257223705357,268.3834809549078
Bobcat_education_Alissa,last_30,28,0.1915336727528404,0.25588073465749245,19.223979542950197
Bobcat_education_Angela,last_30,28,0.11518752865773656,0.1582285961380762,11.116460044797146
Bobcat_education_Coleman,last_30,28,0.1391509588109302,0.2079202122259898,82.61130759052797
Bobcat_education_Dylan,last_30,28,0.11657060388005293,0.15513026740139102,11.746068999028472
Bobcat_education_Hollis,last_30,28,0.1574969169100968,0.21927546604393364,38.508479669478035
Bobcat_education_Jayne,last_30,28,0.2390183536432912,0.32739141483726275,37.71770414347788
Bobcat_education_Marisha,last_30,28,0.2598005340232764,0.32644438634461015,42.57821945835767
Bobcat_education_Monte,last_30,28,0.28280208751630004,0.3605390872407396,42.51563461071362
Bobcat_education_Rosalva,last_30,28,0.13785244202493768,0.20844812731907325,28.335188463543513
Bobcat_education_Toni,last_30,28,0.1288044167018121,0.18872881598210506,26.453865592401236
Bobcat_education_Whitney,last_30,28,0.2389797656998908,0.3203683936657745,37.440912396543816
Bobcat_lodging_Darin,last_30,28,0.12633925328584572,0.16792398474039552,12.715859753970024
Bobcat_lodging_Melaine,last_30,28,0.11512162483980772,0.14484109996206646,11.526127357928367
Bobcat_lodging_Nickolas,last_30,28,0.14762493639799268,0.1824070235125084,14.692480166991487
Bobcat_office_Alma,last_30,28,0.3041342134818663,0.4161904918854759,279.88727484486895
Bobcat_office_Justine,last_30,28,0.2247497452385449,0.30349389138246935,26.433750226137757
Bobcat_office_Kassandra,last_30,28,0.12716297354097122,0.17053319289102287,12.720156301889784
Bobcat_office_Melody,last_30,28,0.09798438238512631,0.13150551446111639,9.488720011048548
Bobcat_office_Nikita,last_30,28,0.1375468560009095,0.19013595492553476,13.940508996076172
Bobcat_other_Howard,last_30,28,0.6964460057103762,0.9921531125739554,95.96002988174254
Bobcat_other_Jovita,last_30,28,0.16115255091949962,0.22408805485882483,17.016267531099942
Bobcat_other_Timothy,last_30,28,0.1956749586927694,0.2657022814168388,213.61184682386914
Bull_assembly_Amalia,last_30,28,0.17036657745184391,0.2525988964732136,277.9148548840817
Bull_assembly_Beau,last_30,28,0.4081437099213105,0.533461499622713,174.75524689649012
Bull_assembly_Brandon,last_30,28,0.22459693053238503,0.29841516662203305,255.60527372627737
Bull_assembly_Daryl,last_30,28,0.3439752402456675,0.5500066742406889,280.7422062409215
Bull_assembly_Dorethea,last_30,28,0.37437275970619965,0.46131740853338044,176.35251567256992
Bull_assembly_Freddie,last_30,28,0.3834221882357757,0.49244021441482216,232.3802408814678
Bull_assembly_Gerri,last_30,28,0.3626701809346443,0.45814173232584887,265.9681930931749
Bull_assembly_Gigi,last_30,28,0.31746282499256184,0.42330734256528896,288.7736520659339
Bull_assembly_Goldie,last_30,28,0.2843691576260204,0.3913297678852385,365.86368438484914
Bull_assembly_Katia,last_30,28,0.3929999512321902,0.9285883402194262,315.8992289555491
Bull_assembly_Lance,last_30,28,2.211754996409914,3.4133613231487074,765.9529761900012
Bull_assembly_Lesa,last_30,28,0.3394013280415737,0.42524213140398187,223.1856578976843
Bull_assembly_Maren,last_30,28,0.8342259501491239,1.3228503077621587,634.0915272779966
Bull_assembly_Nathanial,last_30,28,0.932805029305805,1.2516468912487544,2873.4902558973554
Bull_assembly_Newton,last_30,28,0.6587127633457749,0.8554975675166804,338.6668056301595
Bull_assembly_Nick,last_30,28,0.22485433391809947,0.2848838848554085,186.39555931330233
Bull_assembly_Vanessa,last_30,28,0.1781071961341396,0.24355102869206358,212.99764686492608
Bull_education_Annette,last_30,28,1.0534586442949956,1.6892105985512587,409.0311900664106
Bull_education_Antonia,last_30,28,0.3187267655962181,0.42184187753764246,335.4840347432093
Bull_education_Arthur,last_30,28,0.17267642479828196,0.2627191845263347,290.88942883065727
Bull_education_Barry,last_30,28,0.300365400546909,0.35022815530258367,148.27616732965683
Bull_education_Bernice,last_30,28,1.7578840691177728,3.115413960616712,744.96863749713
Bull_education_Brady,last_30,28,0.3017138073372382,0.4179736314205682,332.6598597395448
Bull_education_Brain,last_30,28,0.27276530386321113,0.36932973944143394,394.3723100171759
Bull_education_Brandi,last_30,28,0.3125358535316507,0.399636590897385,272.5571260218411
Bull_education_Brenda,last_30,28,0.21548377526228074,0.3051778795861521,299.4306971690926
Bull_education_Bryon,last_30,28,0.24732409325498783,0.32827919563457675,273.4651080742306
Bull_education_Carl,last_30,28,0.21834477605691202,0.2792170697254803,181.79633529472875
Bull_education_Clarice,last_30,28,0.22051036743423644,0.2872059942798283,219.0822835717364
Bull_education_Clarita,last_30,28,0.12380289927377044,0.20651204005658158,242.60778728038096
Bull_education_Dakota,last_30,28,0.2809907679624497,0.3715657892393066,258.011200251903
Bull_education_Dan,last_30,28,0.17373954606788988,0.26470597107333926,257.5630339340891
Bull_education_Dania,last_30,28,0.23215087701136042,0.3156129405814688,267.58983613814513
Bull_education_Delia,last_30,28,1.8666794718995572,2.7734408692105887,815.2651890292989
Bull_education_Dora,last_30,28,0.24880570420809087,0.3290934499494985,244.80206320712213
Bull_education_Dottie,last_30,28,0.19424191436545685,0.8561764361655209,321.32609369440826
Bull_education_Elva,last_30,28,0.20257479958693964,0.2818961302014765,266.83771354235154
Bull_education_Fabiola,last_30,28,0.22597810191277132,0.3102292835205852,277.1768765729122
Bull_education_Geneva,last_30,28,0.3620099730440358,0.4688183325463459,278.4771602384602
Bull_education_Genie,last_30,28,0.20748109114823932,0.2827933559170644,236.3088586177862
Bull_education_Gregory,last_30,28,0.23796529028914554,0.3260603063848464,302.3509867100871
Bull_education_Hayley,last_30,28,0.22784118740396464,0.31026676427434524,253.3316988986722
Bull_education_Jae,last_30,28,0.17254130103149995,0.24233029933425582,178.78626537233995
Bull_education_Jeffery,last_30,28,2.2798270691361346,3.413147270389243,821.4290474871104
Bull_education_Joseph,last_30,28,0.1922891488680314,0.27696460730383454,264.87011453043874
Bull_education_Juan,last_30,28,0.32648201002138405,0.43075414715665195,288.0579040721574
Bull_education_Kendra,last_30,28,0.19360236921355825,0.27277906742233,269.41268644676313
Bull_education_Krista,last_30,28,0.19393955821915346,0.25852951694425147,209.06176043531636
Bull_education_Kristal,last_30,28,0.19504924475030203,0.2663388438381558,210.40105436806948
Bull_education_Lenny,last_30,28,0.1707522393630251,0.2443058559223417,239.67763737440703
Bull_education_Linnie,last_30,28,0.3189782893753861,0.42855201502403084,333.65513484691706
Bull_education_Luke,last_30,28,0.20962971075715925,0.3092699332016237,329.997602125632
Bull_education_Lydia,last_30,28,0.17812149162273086,0.2533215722212951,242.36464965001923
Bull_education_Lyn,last_30,28,0.38714328952575927,0.5153591706482135,437.7612563047246
Bull_education_Magaret,last_30,28,0.33340436680459956,0.4441332128465913,340.7655714827734
Bull_education_Mario,last_30,28,0.30315276781165884,0.39348959822666985,272.13052019046995
Bull_education_Matilda,last_30,28,1.2045224215591384,1.888529434466172,417.9874211899733
Bull_education_Mervin,last_30,28,0.1935104647098842,0.2545995906250752,224.22645370973845
Bull_education_Miquel,last_30,28,0.2536443971014275,0.34814634611243644,296.83028886949097
Bull_education_Miranda,last_30,28,0.16983647002222213,0.2387762373661029,231.4629913649251
Bull_education_Myra,last_30,28,0.3103260515413715,0.4286059151513747,326.74230152054156
Bull_education_Nichole,last_30,28,0.21268870531578365,0.292922281893139,281.4131109476081
Bull_education_Nina,last_30,28,0.20070398511805818,0.27237443557513974,211.72401505745125
Bull_education_Nolan,last_30,28,0.24882290749207986,0.31572428097194716,195.69261963714072
Bull_education_Olive,last_30,28,0.27106860425969886,0.35831400822708376,279.22786232087697
Bull_education_Pablo,last_30,28,0.23718748737122616,0.32364102927733523,298.9508686934146
Bull_education_Pamela,last_30,28,0.17410704046800946,0.2504361969532358,256.3962623471197
Bull_education_Patrina,last_30,28,0.34535868978206785,0.4252587177315134,270.2679595813077
Bull_education_Racheal,last_30,28,0.19240932705343186,0.2771656638680096,256.5657281674917
Bull_education_Reina,last_30,28,0.23708239692036853,0.31931071845625947,259.44093652073116
Bull_education_Reynaldo,last_30,28,0.24878507153641283,0.3128488333540439,164.88039267314483
Bull_education_Roland,last_30,28,0.29313923524695773,0.38061504873107266,304.9547723307885
Bull_education_Roseann,last_30,28,0.2602520700382625,0.3336380949887732,115.94195359447926
Bull_education_Sebastian,last_30,28,0.2095919872507698,0.2930418575180972,279.0199292897593
Bull_education_Shona,last_30,28,0.4126654250459358,0.4755960441570172,175.39386804642666
Bull_education_Stewart,last_30,28,0.1638377810564543,0.239329236827328,229.89200737551832
Bull_education_Summer,last_30,28,0.349706598388272,0.4610205429665442,245.0937851715429
Bull_education_Tracey,last_30,28,0.23661954315916123,0.31051519019538526,247.10931176831167
Bull_education_Venita,last_30,28,0.22214010804261694,0.30324990322663964,259.6554104509648
Bull_education_Violeta,last_30,28,0.3311272500478459,0.41741223111958753,308.32482842568794
Bull_lodging_Abby,last_30,28,0.3602423417383256,0.44729689365862313,122.88023145476615
Bull_lodging_Allen,last_30,28,0.3924805963476535,0.5466878706013248,255.99049976456774
Bull_lodging_Anibal,last_30,28,0.2779132802155237,0.34677953786423993,192.5028907658571
Bull_lodging_Caren,last_30,28,0.2687320059928129,0.33426943092033695,241.3129444073616
Bull_lodging_Carie,last_30,28,0.1587861896514676,0.22781322528225373,243.83250976655057
Bull_lodging_Charlotte,last_30,28,0.39806999753917177,0.5427220580242015,126.79294426696548
Bull_lodging_Danielle,last_30,28,1.9100413448688713,2.6742153812973757,637.3259640654796
Bull_lodging_Dave,last_30,28,0.2481605058018163,0.316227899543047,227.1883336143027
Bull_lodging_Elena,last_30,28,0.36710002571701267,0.4634953299842416,235.80747162132516
Bull_lodging_Graciela,last_30,28,0.2784503256367609,0.36471441504028496,185.95493146953618
Bull_lodging_Hugo,last_30,28,0.7258728845773903,1.1685146903075618,372.63630553722555
Bull_lodging_Jeremiah,last_30,28,0.26880265659631136,0.36406126111715775,290.32169083958087
Bull_lodging_Leonard,last_30,28,0.18014235369764706,0.2547990873798883,264.987799615868
Bull_lodging_Lettie,last_30,28,0.25332581988378783,0.31966453517292515,253.48796948522045
Bull_lodging_Melissa,last_30,28,0.2415689275751141,0.308715068074315,223.3319773830737
Bull_lodging_Perry,last_30,28,0.32507735653611053,0.40051547923448255,175.34933353929242
Bull_lodging_Terence,last_30,28,1.0875039937801032,1.6210017475013596,381.14296815421017
Bull_lodging_Travis,last_30,28,0.2231278000072317,0.2812579795614337,238.755873709533
Bull_lodging_Xavier,last_30,28,0.4084181334088799,0.5445847097349926,273.8294890264433
Bull_office_Anne,last_30,28,0.2685987694894582,0.35253023591991683,299.83592359324393
Bull_office_Chantel,last_30,28,0.21343982145766194,0.2831863937880318,193.8858803235826
Bull_office_Claudia,last_30,28,0.18633815990060135,0.26020525583578347,145.77579031194207
Bull_office_Debbie,last_30,28,0.27502185304851107,0.3854890497388351,326.53483503974985
Bull_office_Efren,last_30,28,1.7377607359907166,2.7074485208165324,497.0478929809267
Bull_office_Ella,last_30,28,2.1881982710711227,3.053423286092836,1353.3398927194116
Bull_office_Hilton,last_30,28,0.3002597095572292,0.3856585399004063,285.3860370643904
Bull_office_Ivette,last_30,28,0.24472947826523267,0.3183651871630641,243.900628912913
Bull_office_Lilla,last_30,28,0.194334776943001,0.26332314959537695,199.95644420684212
Bull_office_Marco,last_30,28,1.2125625203255894,1.8007249514895303,480.9194007706888
Bull_office_Myron,last_30,28,0.15364009811212997,0.22822001993930577,236.29520637403752
Bull_office_Nicolas,last_30,28,0.21701491297746112,0.2985928751750863,253.90305697812877
Bull_office_Rob,last_30,28,0.2327501780103838,0.32520871396110723,281.9156922708161
Bull_office_Sally,last_30,28,1.4847932861700166,2.2852984615367404,462.11246690708805
Bull_office_Trevor,last_30,28,2.187561776267704,2.752365364954118,341.88963503753047
Bull_office_Yvonne,last_30,28,0.2453020422728463,0.34333850923323433,286.3904905576185
Bull_public_Hyun,last_30,28,0.2255499876810381,0.30850855371896146,185.70112895110097
Bull_public_Jefferson,last_30,28,0.1984467082442599,0.28048658341389854,262.5487804187637
Bull_services_Jeanmarie,last_30,28,0.2101627669464193,0.2969787903102708,289.0131251450154
Bull_services_Juanita,last_30,28,0.1309056650957532,0.2070856445922935,227.55540893400075
Bull_services_Nadine,last_30,28,0.15589897243692427,0.21507896918664832,193.7219448486825
Bull_services_Rachelle,last_30,28,0.25849386002772595,0.3367709060429085,172.41339249138773
Bull_services_Winford,last_30,28,0.14358876232451365,0.21795644848250967,203.9269867580703
Cockatoo_assembly_Doyle,last_30,28,0.1354546847224828,0.17501196502115776,13.95182746746723
Cockatoo_assembly_Ed,last_30,28,0.2229557556716902,0.285788472468928,27.731632641885668
Cockatoo_assembly_Emilio,last_30,28,0.1473442665090521,0.18305031337456712,16.540181242487154
Cockatoo_assembly_Evelyn,last_30,28,0.3145038022380414,0.406654954785869,41.11095787210422
Cockatoo_assembly_Fernanda,last_30,28,0.1407647676874909,0.1782346809776702,17.01027694897735
Cockatoo_assembly_Genoveva,last_30,28,0.29618696995327004,0.36822198162405817,32.681274841822564
Cockatoo_assembly_Griselda,last_30,28,0.25639832878381746,0.3269571000192825,33.00416463247171
Cockatoo_assembly_Heath,last_30,28,0.17212941411441357,0.22918041667912475,17.487778380760936
Cockatoo_assembly_Meredith,last_30,28,0.12254523901511727,0.15621260297550507,13.93410996944919
Cockatoo_assembly_Pierre,last_30,28,0.08537261912842453,0.10707957172001882,8.658345711288185
Cockatoo_assembly_Ralph,last_30,28,0.08078463327948487,0.10189210655297194,8.429974153899238
Cockatoo_assembly_Rodger,last_30,28,0.11187516992509527,0.1492396999561546,10.95068988346267
Cockatoo_assembly_Tabitha,last_30,28,0.15478091639420558,0.18640710696395163,16.353503041431278
Cockatoo_assembly_Valencia,last_30,28,0.2506505248934779,0.3070679919003381,30.863224427798553
Cockatoo_education_Amira,last_30,28,0.14051173805124775,0.23945354245744652,12.70192682492553
Cockatoo_education_Arlen,last_30,28,0.19980958144941113,0.26815639579529427,21.526106611910503
Cockatoo_education_Brendan,last_30,28,0.07248927980874006,0.0944592107040885,7.275278037008778
Cockatoo_education_Brigitte,last_30,28,0.039579016662451935,0.055469041295196114,3.9389217938636
Cockatoo_education_Charity,last_30,28,0.0425074231773636,0.05705701724318569,4.308117947238497
Cockatoo_education_Christi,last_30,28,2.4814815319482437,4.721351146988631,248.14815319482443
Cockatoo_education_Claudine,last_30,28,0.06910376955546568,0.0944214911671381,7.346343317050537
Cockatoo_education_Collin,last_30,28,0.057679123241548266,0.07557612589742217,5.696539485144969
Cockatoo_education_Deloris,last_30,28,0.053248074220206776,0.06966935793731881,5.291095294675704
Cockatoo_education_Doreen,last_30,28,0.10324698523533711,0.13086256567033502,10.747959908342706
Cockatoo_education_Erik,last_30,28,0.04825604242958815,0.06177317659556584,4.831350565667531
Cockatoo_education_Eunice,last_30,28,0.0693287091248541,0.09299041759895067,6.824285281893953
Cockatoo_education_Evangeline,last_30,28,3.8517502917417615e-06,4.007961267482611e-06,0.0003851750291741762
Cockatoo_education_Flora,last_30,28,0.025284295690907555,0.03272846821998908,2.5652291927601403
Cockatoo_education_Gussie,last_30,28,0.047114096018662274,0.0619391164250287,4.656023631694395
Cockatoo_education_Helene,last_30,28,0.05060426037411301,0.07127585300364896,4.999644866529549
Cockatoo_education_Jack,last_30,28,0.278172410620289,0.4065922995933482,32.23595681767116
Cockatoo_education_Janet,last_30,28,0.03565652936603552,0.04853269204376977,3.597942070781663
Cockatoo_education_Joeann,last_30,28,0.10999023914223076,0.1549685057570406,13.017042406009887
Cockatoo_education_Joel,last_30,28,0.0705986772019661,0.08768577212095106,7.363844521535848
Cockatoo_education_Jon,last_30,28,0.2656371435309375,0.3660026147891736,31.1021675821875
Cockatoo_education_Julia,last_30,28,0.14707690750857844,0.1861758058301419,15.436840205668428
Cockatoo_education_Julio,last_30,28,0.05860612183272938,0.07460096880152756,5.807692511387889
Cockatoo_education_June,last_30,28,0.05714807537740873,0.07818586170957496,5.779651714975801
Cockatoo_education_Laurence,last_30,28,0.34207829369324466,0.44224823286893056,37.631543706683686
Cockatoo_education_Lionel,last_30,28,0.03617836550504848,0.051340026411325866,3.597201062312972
Cockatoo_education_Magdalena,last_30,28,0.09944760862402453,0.13841371306899913,14.228890193556829
Cockatoo_education_Marva,last_30,28,0.17941422863195633,0.25215772063597175,18.942985318954044
Cockatoo_education_Maynard,last_30,28,0.35108330872953897,0.4446719675517068,40.443171450955845
Cockatoo_education_Mayra,last_30,28,0.10795392796725455,0.14564971256456982,11.518797894196783
Cockatoo_education_Melanie,last_30,28,0.19100310964838885,0.27346920812770753,20.640741119690606
Cockatoo_education_Minh,last_30,28,0.10250996157728488,0.1276226671974353,10.599585360200388
Cockatoo_education_Nelda,last_30,28,0.06268400797829789,0.08493194623410832,6.494645540983371
Cockatoo_education_Oliver,last_30,28,0.10592055872365579,0.13833442896354603,11.680442038400967
Cockatoo_education_Orlando,last_30,28,0.07469305798213308,0.10375687270707526,7.107791568503644
Cockatoo_education_Rita,last_30,28,0.19746400588032328,0.30897918151143783,21.05976954887875
Cockatoo_education_Shawn,last_30,28,0.10826449568209727,0.13518582530595386,11.538673973691768
Cockatoo_education_Sheryl,last_30,28,0.03822868341991171,0.05545649176470837,3.7846353560209454
Cockatoo_education_Terrence,last_30,28,0.045467894600423206,0.061202161663518724,4.552414661290626
Cockatoo_education_Tyler,last_30,28,0.025716618926085337,0.03160949375374039,2.5889144547464524
Cockatoo_education_Victoria,last_30,28,0.10005588984860936,0.1273078088828806,10.22263056989895
Cockatoo_industrial_Nathaniel,last_30,28,0.2153809178838474,0.2872034383857272,62.614843322598226
Cockatoo_industrial_Sarita,last_30,28,0.07239098848562049,0.09065524657480671,7.242731026727438
Cockatoo_lodging_Aimee,last_30,28,0.12264918424534213,0.1602025179436419,12.685388452683624
Cockatoo_lodging_Albert,last_30,28,0.13895329970573814,0.19123122455397723,15.168646570893095
Cockatoo_lodging_Alicia,last_30,28,0.13720236495051125,0.1791488812645167,13.655508418290307
Cockatoo_lodging_Ana,last_30,28,0.2018278938765494,0.2507833740038825,23.486815060729203
Cockatoo_lodging_Carmen,last_30,28,0.2628456639662998,0.3176196714729518,31.160170865993592
Cockatoo_lodging_Cletus,last_30,28,0.18384531703492066,0.23953819174025145,22.20091334341588
Cockatoo_lodging_Elvia,last_30,28,0.23946157301161508,0.29915574452112476,27.58662952934258
Cockatoo_lodging_Emory,last_30,28,0.13496226489722127,0.17648127667860145,15.896346443665921
Cockatoo_lodging_Eric,last_30,28,0.24003557105585793,0.3022796380923969,28.0771632955959
Cockatoo_lodging_Homer,last_30,28,0.048896828443181155,0.0652379103934839,4.91947310622739
Cockatoo_lodging_Jarrod,last_30,28,0.4683786494875799,0.81581631046875,68.73589283719917
Cockatoo_lodging_Javier,last_30,28,0.16910923546758408,0.21881743819472005,19.38959050942015
Cockatoo_lodging_Jim,last_30,28,0.15967893536958308,0.20145630505188095,17.849153733645572
Cockatoo_lodging_Jimmie,last_30,28,0.09401953575713064,0.11999187465779788,10.05990368088404
Cockatoo_lodging_Johnathan,last_30,28,0.16843343480380568,0.21023639378969164,18.536697174088385
Cockatoo_lodging_Josephine,last_30,28,0.2638487888126516,0.3518222654563165,31.357809751763504
Cockatoo_lodging_Judi,last_30,28,0.22867085557542674,0.28044823685307946,25.30893077308976
Cockatoo_lodging_Katharine,last_30,28,0.0923691073531625,0.12215963129234232,9.45315354835417
Cockatoo_lodging_Kerri,last_30,28,0.2119513641881053,0.27293256117818854,23.880559037290908
Cockatoo_lodging_Kyle,last_30,28,0.2076793681918906,0.26198432721293347,25.399735702422248
Cockatoo_lodging_Lana,last_30,28,0.20127308652412948,0.2625835597211288,22.2418480910937
Cockatoo_lodging_Linwood,last_30,28,0.25314772428547616,0.3197407854707955,29.372928129374483
Cockatoo_lodging_Lynne,last_30,28,0.1757859138095275,0.2254819871300079,19.542246381339602
Cockatoo_lodging_Mandy,last_30,28,0.1654319612256749,0.2201860048162912,18.286800039175002
Cockatoo_lodging_Olga,last_30,28,0.1464471250603989,0.19517742822686754,17.492505686511254
Cockatoo_lodging_Raphael,last_30,28,0.20632220000195678,0.27201435352798015,23.69745232017752
Cockatoo_lodging_Tesha,last_30,28,0.13218873699674458,0.17993794255618273,12.906711009270477
Cockatoo_lodging_Tessie,last_30,28,0.21771225741724312,0.2851385493187954,27.276335841154253
Cockatoo_office_Ada,last_30,28,0.0394742296108582,0.06569910043716204,4.361554836539031
Cockatoo_office_Alton,last_30,28,0.10644852823938294,0.13856429378640386,10.947310964947993
Cockatoo_office_Christy,last_30,28,0.09153279284735096,0.12350329878634353,9.530647734326736
Cockatoo_office_Delores,last_30,28,0.09119047715233043,0.12022041578920727,8.938608467389228
Cockatoo_office_Elbert,last_30,28,0.15221945472733628,0.18980760241043612,16.64888255350621
Cockatoo_office_Gail,last_30,28,0.1642550017336145,0.2174130718621741,16.85399094708288
Cockatoo_office_Georgia,last_30,28,0.08621246344174575,0.12169758370370215,9.540940909982064
Cockatoo_office_Giovanni,last_30,28,0.0574099138346603,0.07312505025141734,5.729098064672793
Cockatoo_office_Jimmy,last_30,28,0.2713335640532952,0.37665266334367903,33.754347514662214
Cockatoo_office_Jodie,last_30,28,0.13431363928978815,0.1650514533165578,13.581417008990156
Cockatoo_office_Kristin,last_30,28,0.04268911843783499,0.05560527187967564,4.231304701330261
Cockatoo_office_Laila,last_30,28,0.04836755116717607,0.06212436071573813,4.848185470885974
Cockatoo_office_Lorraine,last_30,28,0.2582449656622101,0.32913368736637627,27.845513458662207
Cockatoo_office_Paige,last_30,28,0.1066924516394779,0.1458879043140683,10.714714272740197
Cockatoo_office_Pansy,last_30,28,0.19145128044063847,0.30269362764304525,22.47562286391221
Cockatoo_office_Rodney,last_30,28,0.12166420846826978,0.1638546222137666,13.381561756225135
Cockatoo_office_Roxanna,last_30,28,0.12761518468066788,0.16179097614330828,12.927939944956957
Cockatoo_public_Caleb,last_30,28,0.16402010408520892,0.22625741442434064,19.499724627193263
Cockatoo_public_Chiquita,last_30,28,0.14370762612009472,0.19317386228623368,16.025555115670542
Cockatoo_public_Harland,last_30,28,0.19613519650701156,0.2530027319387846,26.205976420454295
Cockatoo_public_Leah,last_30,28,0.190311028265048,0.2599091095927853,24.838904040632002
Cockatoo_public_Shad,last_30,28,0.1156428291170036,0.1467852949636099,12.665345836297009
Cockatoo_public_Valerie,last_30,28,0.06456835738183382,0.08588527992463818,6.567905958903333
Cockatoo_religion_Diedre,last_30,28,0.44912127789132733,0.556476873406397,63.35827138015308
Cockatoo_science_Rex,last_30,28,0.07579640479042364,0.09944364541702036,7.554399095803101
Cockatoo_utility_Kimiko,last_30,28,0.314457139149849,0.3963774365835885,57.51134807479197
Cockatoo_utility_Sherri,last_30,28,0.18481040960166506,0.2761121854684471,20.53067910661801
Crow_education_Kate,last_30,28,0.02550926715461475,0.05026306545722955,2.550926715461475
Crow_education_Keisha,last_30,28,3.122579196334388e-06,3.3740713641995863e-06,0.0003122579196334388
Crow_education_Marlin,last_30,28,0.028855103594531785,0.05302112649029599,2.8855103594531784
Crow_education_Omer,last_30,28,3.1042137449106482e-06,3.1842915025322798e-06,0.0003104213744910648
Crow_education_Winston,last_30,28,0.013634541054563076,0.030034989686572294,1.3634541054563076
Eagle_assembly_Benny,last_30,28,0.13034165184689786,0.16438704293766765,13.373972191832697
Eagle_assembly_Candice,last_30,28,0.9749279893506632,1.3307725135635777,210.72002386234155
Eagle_assembly_Estelle,last_30,28,0.29416543253010885,0.39318679537626855,31.246948781236178
Eagle_assembly_Herbert,last_30,28,0.3485437812516274,0.43668124713444506,120.37412543085696
Eagle_assembly_Ian,last_30,28,0.308549682300473,0.38455664116067295,33.42836506464095
Eagle_assembly_Josie,last_30,28,0.2776278732127419,0.32849842057634243,35.26827808879222
Eagle_assembly_Lacy,last_30,28,0.10441393497402786,0.1322824676911901,22.16378843154908
Eagle_assembly_Latrina,last_30,28,0.3732823709156081,0.5561551323491549,1591.0178268085845
Eagle_assembly_Margret,last_30,28,0.10963429587829704,0.1433179772046693,11.947452611223294
Eagle_assembly_Portia,last_30,28,0.14503458149633142,0.18941378056543826,14.734034382761429
Eagle_education_Alberto,last_30,28,1.273341100217534,1.5824148551993933,12333.738120262864
Eagle_education_April,last_30,28,0.32427418806755987,0.40735537857726245,47.61275455963774
Eagle_education_Brianne,last_30,28,0.09536001266690922,0.12016194915470159,9.544642467965367
Eagle_education_Brooke,last_30,28,0.041649587051638605,0.10161088556581709,89.27192019436228
Eagle_education_Edith,last_30,28,0.14276887268590485,0.19238519658239492,16.596265671852358
Eagle_education_Eileen,last_30,28,0.9646401512531684,1.3313098395480023,8738.648469702259
Eagle_education_Jewell,last_30,28,0.06912371307304843,0.10789318004455899,40.6569389109057
Eagle_education_Lino,last_30,28,0.17111082004327585,0.21957055828270208,36.18452493109526
Eagle_education_Luther,last_30,28,0.04669496667268465,0.06417633003525225,5.027839695926191
Eagle_education_Maragret,last_30,28,0.17831269338026032,0.22714244086750113,36.436078951851094
Eagle_education_Norah,last_30,28,0.04675235165751481,0.05906936221976408,4.746460656239238
Eagle_education_Paul,last_30,28,1.2940985355237025,1.6347292625725085,11181.924316874776
Eagle_education_Peter,last_30,28,0.03224806236371706,0.043176302017532295,3.1788705209094434
Eagle_education_Petra,last_30,28,0.09785226617940679,0.13275906968923443,9.491955319979002
Eagle_education_Raul,last_30,28,0.0420620555463819,0.06334847566609285,4.572206776575255
Eagle_education_Roman,last_30,28,0.03284085586932482,0.05278183590337073,3.590786271087027
Eagle_education_Samantha,last_30,28,0.048778098471550235,0.06301549998641204,4.995403120262411
Eagle_education_Shana,last_30,28,1.3105224044718382,1.6041303988555577,12657.754214794126
Eagle_education_Shanna,last_30,28,0.1509869627546266,0.18874361176557078,15.771581212461752
Eagle_education_Shante,last_30,28,0.027155681381874075,0.03458029734268115,2.6905237911622955
Eagle_education_Sheena,last_30,28,1.2945072866154472,1.6350570127466746,11185.494535155625
Eagle_education_Sherrill,last_30,28,0.03696594680094442,0.04879469292616755,3.614053536479368
Eagle_education_Teresa,last_30,28,0.12147636653989863,0.15448513264722016,12.774845091459847
Eagle_education_Wesley,last_30,28,0.1743858488068982,0.2236579196201099,22.643944715740385
Eagle_education_Will,last_30,28,0.055812026766019616,0.07152997120959288,5.538802971018112
Eagle_food_Jennifer,last_30,28,0.16111749012254023,0.25639703022808263,14.688812511850463
Eagle_food_Kay,last_30,28,0.4551822695027539,0.622693125959714,68.4570236025295
Eagle_health_Amy,last_30,28,0.4128314128222368,0.5217460555988466,82.1213859126435
Eagle_health_Athena,last_30,28,0.23090288299410217,0.31384179885261526,25.773383386649673
Eagle_health_Gregoria,last_30,28,0.551138488083853,0.742486908482325,38.050589382623265
Eagle_health_Jodi,last_30,28,0.10550304174876711,0.1433259236017374,10.739740257394685
Eagle_health_Lucinda,last_30,28,0.11984885754288549,0.2001767719484817,238.92548048059749
Eagle_health_Margo,last_30,28,1.1605548177139984,1.5473450847724775,10955.341969951376
Eagle_health_Reba,last_30,28,0.0524471840302251,0.071518038320582,5.187823740197974
Eagle_health_Reuben,last_30,28,0.27157351431056964,0.4127181678920815,1122.4314419872262
Eagle_health_Trisha,last_30,28,0.07031365682450319,0.08989040681870636,7.0144287457546515
Eagle_health_Vincenza,last_30,28,0.2970125315792897,0.4067073731870142,85.23947050897279
Eagle_lodging_Andy,last_30,28,0.3733991340234001,0.48502627100316037,61.23873871799203
Eagle_lodging_Casey,last_30,28,0.43923279571065604,0.5626150998772433,89.16394872308906
Eagle_lodging_Dawn,last_30,28,0.42288509439157873,0.5511785357366201,88.16538695527738
Eagle_lodging_Edgardo,last_30,28,0.37566408657825534,0.4904504913681885,67.60103083377247
Eagle_lodging_Stephanie,last_30,28,0.15496588382838827,0.19395894393926055,17.063507262547738
Eagle_lodging_Terri,last_30,28,0.17165933363567312,0.21876428717015506,17.001002948124285
Eagle_lodging_Tressa,last_30,28,0.15407642965636692,0.191501624588378,15.933480416822283
Eagle_lodging_Trina,last_30,28,0.37911383579650154,0.4721020349047484,58.866944401682666
Eagle_office_Amanda,last_30,28,0.8837958670706704,1.043378049033087,1495.607792611988
Eagle_office_Amie,last_30,28,0.01235856154534673,0.03524694914947804,1.3510880211965604
Eagle_office_Bridgett,last_30,28,0.12604073372160482,0.15688373679780562,12.768412595886533
Eagle_office_Chantelle,last_30,28,0.10401771820804638,0.13698618234533522,11.101635016872205
Eagle_office_Chauncey,last_30,28,1.3619529547469567,1.698097240556839,13042.895610586376
Eagle_office_Dallas,last_30,28,0.12132981920441036,0.17263463095383993,11.811165878764466
Eagle_office_Damian,last_30,28,0.13839792496736267,0.18241561747964036,14.463407758326174
Eagle_office_Demetra,last_30,28,0.2853884242827298,0.3706475452103395,45.10753227837432
Eagle_office_Donovan,last_30,28,0.17490064618359252,0.2269125941833584,31.3672645759004
Eagle_office_Efrain,last_30,28,0.12971721826558458,0.17569631316679504,12.87892903101779
Eagle_office_Elia,last_30,28,0.21000213480757782,0.2758158622306699,21.1615290789081
Eagle_office_Elias,last_30,28,0.13845944710158276,0.18245133853537962,14.472755777664473
Eagle_office_Elvis,last_30,28,0.2384877914502075,0.3216183765712306,41.115387158031275
Eagle_office_Flossie,last_30,28,0.18033609748132418,0.22384670470111087,31.04143830004713
Eagle_office_Francis,last_30,28,0.060578595033749696,0.08446262095097062,20.490929961322106
Eagle_office_Freida,last_30,28,0.1648350474802335,0.23026953944987869,130.01537317392834
Eagle_office_Henriette,last_30,28,0.20106818776198015,0.2505199343175149,38.12754511337989
Eagle_office_Isidro,last_30,28,0.2283467800817757,0.3141164441901906,26.50002176007762
Eagle_office_Jackie,last_30,28,0.14265047687510668,0.1909955099348843,15.62004818344036
Eagle_office_Jeff,last_30,28,0.22471926624776856,0.32280072542041255,28.171681007460236
Eagle_office_Joette,last_30,28,0.08710555184183118,0.11432508104299537,8.884186045004189
Eagle_office_Katheleen,last_30,28,0.3486281392696451,0.43518909416249635,42.341577067252196
Eagle_office_Lamont,last_30,28,1.3058454564914812,1.6027849355225339,11956.96075810292
Eagle_office_Lane,last_30,28,0.18023211422259083,0.24691308971527562,220.8420504215446
Eagle_office_Lillian,last_30,28,0.27021820583605094,0.34363258790433815,227.8864441815621
Eagle_office_Mable,last_30,28,0.29290333295293375,0.3845378151273526,74.08609079784222
Eagle_office_Mandi,last_30,28,1.3167685395153892,1.6112176495859034,12719.045774141592
Eagle_office_Marisela,last_30,28,0.8662500870537659,1.2216018813154912,7647.817617679209
Eagle_office_Michele,last_30,28,0.11956282025276564,0.14812603121047824,11.577823206879023
Eagle_office_Nereida,last_30,28,1.0685858381415967,1.4156490460590325,9897.319332249439
Eagle_office_Norbert,last_30,28,1.379808696820137,1.7547917549896654,12670.720053845542
Eagle_office_Patrice,last_30,28,0.15982985350605625,0.22228802539978917,16.60386190774292
Eagle_office_Phyllis,last_30,28,1.3109388660644443,1.604655135444686,12661.859661253064
Eagle_office_Randolph,last_30,28,0.16337798583464677,0.2171658498875566,17.558600828766785
Eagle_office_Remedios,last_30,28,1.5042185432405673,1.8398707202138769,14338.367049486764
Eagle_office_Ryan,last_30,28,0.1628655080439921,0.21686938997332092,16.8370792266259
Eagle_office_Sheree,last_30,28,0.26214037638155885,0.35759499118136845,28.025617061174792
Eagle_office_Sonya,last_30,28,0.08549757739521004,0.10836651444611216,8.842782823801402
Eagle_office_Tia,last_30,28,0.9643813031768129,1.3307529520368966,8735.380809347756
Eagle_office_Yadira,last_30,28,0.2837162425594049,0.36685115757108444,184.9873781458727
Eagle_public_Alvin,last_30,28,0.08895962008350496,0.11847828322260584,24.034008441923397
Eagle_public_Henry,last_30,28,0.16976016213611056,0.23324557926370487,34.982344894460766
Eagle_public_Minnie,last_30,28,0.08385974804590075,0.10869691220148399,8.397755036232352
Eagle_public_Missy,last_30,28,0.344092359474579,0.42807074721548255,34.82315914305937
Eagle_public_Ola,last_30,28,0.17683406014049485,0.23085265825452106,24.48218228630894
Eagle_public_Pearle,last_30,28,0.20851883456036113,0.31407143573188473,33.63863900795262
Eagle_public_Preston,last_30,28,0.17384080037797425,0.24643856358555694,37.12212600288788
Fox_assembly_Adrianne,last_30,28,0.29410395185913263,0.4261163134062583,36.852953598983376
Fox_assembly_Audrey,last_30,28,0.12797524618604048,0.17937177614575792,14.286738011353103
Fox_assembly_Boyce,last_30,28,0.12823815665838392,0.1828633765571065,14.202989743221671
Fox_assembly_Bradley,last_30,28,0.41275648307958407,0.5293840707258958,85.06274364532158
Fox_assembly_Carlos,last_30,28,0.2030658833181342,0.2739063832956329,35.10011242816157
Fox_assembly_Cathy,last_30,28,0.546383844676966,0.7570964502739801,2459.633165884892
Fox_assembly_Cecelia,last_30,28,0.3106652148413772,0.37698785227032455,45.09581444535078
Fox_assembly_Christie,last_30,28,0.44690480406789795,0.572519792339982,54.75433497789568
Fox_assembly_Cindy,last_30,28,0.22436659534639014,0.2807037826955783,21.53692416605714
Fox_assembly_Dixie,last_30,28,0.5058477625400034,0.6598202927926847,68.95653609104716
Fox_assembly_Emma,last_30,28,0.12506500329225753,0.16397003499932922,49.03396723042599
Fox_assembly_Gary,last_30,28,0.18224820005596312,0.2267241662456671,19.210781526650695
Fox_assembly_Jerrod,last_30,28,1.7789465225712535,3.4416974628590213,215.15499468095052
Fox_assembly_Johnnie,last_30,28,0.21367582131294205,0.28102719202848697,32.69663812092979
Fox_assembly_Kathie,last_30,28,0.4209362375297197,0.5688173767532265,84.69674253520164
Fox_assembly_Lakeisha,last_30,28,0.35905423828857186,0.46271182549909406,91.08353435951668
Fox_assembly_Leeanne,last_30,28,0.1896216337677045,0.2488954884854091,19.178674905048158
Fox_assembly_Renna,last_30,28,0.0314628763184573,0.061279042588283594,3.923168985603139
Fox_assembly_Sheldon,last_30,28,0.11569498554257346,0.15664224100416294,42.23348941049008
Fox_assembly_Terrell,last_30,28,0.2989638389795399,0.4027270418067828,59.92220829691417
Fox_assembly_Tony,last_30,28,0.18892555127621063,0.2316473406324823,34.355889903231215
Fox_education_Andre,last_30,28,0.04574534135358481,0.08754147035846466,8.745299458050841
Fox_education_Ashli,last_30,28,0.13928971001900425,0.17944363383750203,14.462557617917652
Fox_education_Burton,last_30,28,0.1391136562053017,0.18308878677619642,58.096167730542305
Fox_education_Carleen,last_30,28,0.13661918612722673,0.1668618877097853,14.706918818980252
Fox_education_Charles,last_30,28,0.1549379529137149,0.20301702295153004,43.12203418173546
Fox_education_Claire,last_30,28,0.1422954464908445,0.20443317600839286,15.881529592785892
Fox_education_Claude,last_30,28,0.019113866200661227,0.049403549796456524,2.4699882663269603
Fox_education_Cynthia,last_30,28,0.18304068289957434,0.23391092616040873,18.411059536931322
Fox_education_Delma,last_30,28,0.4897508240186186,0.7225319117834051,537.3883377070107
Fox_education_Dewayne,last_30,28,0.14790240768711366,0.2064347563120614,16.707690537922307
Fox_education_Dominique,last_30,28,0.04260069323798117,0.08803354872034576,48.28812076685685
Fox_education_Eddy,last_30,28,0.23115616990951104,0.29111183151640113,28.803490952831094
Fox_education_Eldon,last_30,28,0.040614143455864976,0.08566408738473454,34.808169732613756
Fox_education_Elizabeth,last_30,28,0.10657821916807499,0.14778450508452193,25.084460861392472
Fox_education_Elois,last_30,28,0.28102514667492173,0.34780289500221906,62.683227547944874
Fox_education_Elvira,last_30,28,0.15696727586821593,0.22044623144815073,15.260053071221208
Fox_education_Etta,last_30,28,0.16352296532170613,0.20581900430277777,16.000202859279426
Fox_education_Gayla,last_30,28,0.2916482100403564,0.3677002187483742,67.60727855928722
Fox_education_Geoffrey,last_30,28,0.057150824423088754,0.09717234895165379,48.56101039177632
Fox_education_Gloria,last_30,28,0.03636863826252861,0.08690420468742602,49.59775003816008
Fox_education_Henrietta,last_30,28,0.24658022375730929,0.32030641523054937,28.60209751046403
Fox_education_Heriberto,last_30,28,0.12479785788665756,0.1625561340324764,14.906040629797879
Fox_education_Jaclyn,last_30,28,0.0842828148253636,0.1128310884198694,9.15951367179877
Fox_education_Jacqueline,last_30,28,0.5235552162961561,0.7049124880587745,168.07629056687537
Fox_education_Janina,last_30,28,0.19453748680021288,0.2630126591125737,23.027470295552146
Fox_education_John,last_30,28,0.9357838147170549,1.1550214553143312,5458.509943519976
Fox_education_Kendrick,last_30,28,0.45888295388604733,0.5867793881002086,138.02882352774614
Fox_education_Kim,last_30,28,0.29612296602544413,0.3714898461976713,62.55658466937606
Fox_education_Kris,last_30,28,0.1550229320319454,0.20835669996125483,29.536107458284143
Fox_education_Leona,last_30,28,0.07012762190303949,0.10310807567658652,7.746165353798585
Fox_education_Leota,last_30,28,0.08532724626489534,0.11602479765959042,9.110652392563468
Fox_education_Lesley,last_30,28,0.3742122300219591,0.5448233214385318,42.30559428326854
Fox_education_Lilly,last_30,28,0.29301803109475083,0.43208903191276676,1264.8542002869058
Fox_education_Long,last_30,28,0.12713558743724301,0.17902643208756525,30.684480104864747
Fox_education_Louie,last_30,28,0.17749187288255538,0.23147800805022442,49.06702227004364
Fox_education_Marcelina,last_30,28,0.36787636522347544,0.5207550715315429,114.78664888387384
Fox_education_Maris,last_30,28,0.10482406134947733,0.14494531250943585,25.50209380546808
Fox_education_Marlana,last_30,28,0.15482176226848443,0.2964549798588518,1001.2007997548915
Fox_education_Maureen,last_30,28,0.049087663356163914,0.07363006218001646,5.339131279906078
Fox_education_Melinda,last_30,28,0.09118385123818855,0.15356335487573486,18.86049038241915
Fox_education_Melvin,last_30,28,0.373368095488042,0.5353568166570394,1193.99563806586
Fox_education_Miguelina,last_30,28,0.1809974335532178,0.27468364466567163,16.534827038929663
Fox_education_Nilda,last_30,28,0.15943990811882175,0.20237502382876413,16.989408302797806
Fox_education_Ollie,last_30,28,0.1714192790890474,0.21408440105946921,18.830069691582164
Fox_education_Otilia,last_30,28,0.036798767445877165,0.07962475984931162,33.336800966190545
Fox_education_Ray,last_30,28,0.1417411288355719,0.1768151293331112,15.309785629026083
Fox_education_Rosie,last_30,28,0.12329429614296834,0.15237914060540578,28.715817514541474
Fox_education_Rudolph,last_30,28,0.43067303584263666,0.5765881366194469,2126.753657290287
Fox_education_Shaun,last_30,28,0.3478099534746652,0.481100145482772,82.25155946003017
Fox_education_Shawanda,last_30,28,0.3871225540071395,0.5467353049423941,36.955931651548916
Fox_education_Shirley,last_30,28,0.3023078033278858,0.42690958359106296,29.26627667781661
Fox_education_Stacia,last_30,28,0.032283079688687294,0.06670256330093334,4.294838307299929
Fox_education_Sterling,last_30,28,0.27854170300844533,0.35754822580704393,46.88144192109498
Fox_education_Suzan,last_30,28,0.12632144797755873,0.17718865197788242,15.301630218214424
Fox_education_Tamika,last_30,28,0.07215758447481217,0.09354717190878441,7.577039443956727
Fox_education_Theodore,last_30,28,0.024502302734382572,0.04462760394694505,2.822438621419753
Fox_education_Tonya,last_30,28,0.05259464888450415,0.0866763331170999,6.622692368368546
Fox_education_Virgil,last_30,28,0.053607981417019016,0.10371458862361761,52.12135080138308
Fox_education_Virginia,last_30,28,0.5030239337556128,0.704576176814579,239.0883309005644
Fox_education_Wendell,last_30,28,0.03781424121670348,0.08396135938127278,45.968920775109936
Fox_education_Willis,last_30,28,0.017044012440254143,0.03739503105172854,2.056149945556391
Fox_education_Yolande,last_30,28,0.034657279329144176,0.0569132396018391,3.8091987115995
Fox_food_Francesco,last_30,28,0.35970918450473605,0.47803711137249744,55.84703550418739
Fox_food_Scott,last_30,28,0.22253171484492776,0.2826947257226512,42.5881607025303
Fox_health_Lorena,last_30,28,0.19701917246186265,0.2822761059238443,18.48218213852121
Fox_lodging_Alana,last_30,28,0.09945467160157544,0.13262481788378164,10.786372779049403
Fox_lodging_Angla,last_30,28,0.28165874633105953,0.3765112880804914,31.157062396855324
Fox_lodging_Frances,last_30,28,0.1503562566355466,0.1866431833888972,15.279775267368102
Fox_lodging_Helen,last_30,28,0.15228211600173377,0.20494755302134485,17.598061188846582
Fox_lodging_Isabell,last_30,28,0.0680047063145502,0.11258984572731963,8.743542261901627
Fox_lodging_Jina,last_30,28,0.0887358382033209,0.1134668741219315,9.475181949553498
Fox_lodging_Morris,last_30,28,0.08161751426640958,0.11875829124587195,23.640217063622288
Fox_lodging_Stephan,last_30,28,0.10963565160295717,0.14663027465741604,51.55997356364227
Fox_lodging_Stephen,last_30,28,0.12595300998369233,0.15894858856091995,13.551471812337631
Fox_lodging_Wallace,last_30,28,0.11214496630533691,0.15081042887092838,12.221187744781618
Fox_lodging_Warren,last_30,28,0.12399191813610577,0.1640657286667675,53.18096835162317
Fox_lodging_Winifred,last_30,28,0.05875223946466438,0.08356523570886426,6.812194254062064
Fox_office_Alice,last_30,28,0.042294777382895964,0.07267313889763462,18.204108606334238
Fox_office_Bernard,last_30,28,0.09036272498590141,0.13738226123337505,26.736393288077014
Fox_office_Berniece,last_30,28,0.1952311856790063,0.2794451677878712,22.854233024219152
Fox_office_Brandy,last_30,28,0.16482037065442465,0.23446800428871217,34.35260040951222
Fox_office_Carson,last_30,28,0.22146790630991478,0.31667758944839813,43.052261115225576
Fox_office_Clayton,last_30,28,0.14141131227303005,0.17405488978990413,15.869918666230106
Fox_office_Demetrius,last_30,28,0.24041447778736028,0.31381970055244923,76.95611706706514
Fox_office_Easter,last_30,28,0.21936004114613783,0.33425700255347474,22.164963368544857
Fox_office_Edythe,last_30,28,0.10086259722485302,0.13895483498161873,24.33677688686314
Fox_office_Essie,last_30,28,0.31456899215151857,0.4465460951553304,64.2304971421512
Fox_office_Gaylord,last_30,28,0.12743165546953641,0.18437815724605694,12.400490163703443
Fox_office_Israel,last_30,28,0.08438926540698602,0.12248708378764321,24.53035054190729
Fox_office_Joy,last_30,28,0.07400569764354681,0.09919996634807539,8.257202104217798
Fox_office_Juana,last_30,28,0.351932144999772,0.5028823165148876,39.487182686098535
Fox_office_Karima,last_30,28,0.1854082290770184,0.2381686197945203,22.770572171781637
Fox_office_Margarita,last_30,28,0.15229677836519678,0.19043754403174484,16.399685031741512
Fox_office_Molly,last_30,28,0.30445131616211124,0.4629786127033004,64.84861407001394
Fox_office_Rowena,last_30,28,0.2908577599741097,0.39080848045023403,30.0548287781299
Fox_office_Sheila,last_30,28,0.11217472816032213,0.17550234017762764,10.671198992612396
Fox_office_Susanne,last_30,28,0.2857967878145818,0.37118542690794815,35.587467061248375
Fox_office_Thelma,last_30,28,0.15922623919144588,0.22857408834673357,17.507581579545686
Fox_office_Vicki,last_30,28,0.10066536969210992,0.14102033944249823,10.46977662463001
Fox_office_Yong,last_30,28,0.21455701537601224,0.2562181147496989,21.969602504866888
Fox_office_Zachary,last_30,28,0.18772304974612902,0.23698065165249535,73.46736953333534
Fox_parking_Felipa,last_30,28,0.08341688264466805,0.11219497124655205,9.535340828404879
Fox_parking_Lynelle,last_30,28,0.20105681953172513,0.23162174125299775,23.5653449837078
Fox_parking_Tommie,last_30,28,0.022798143310307658,0.0506335364058338,2.7876824907603592
Fox_public_Bart,last_30,28,0.35383340972653654,0.4437172315032473,48.30595647619574
Fox_public_Belle,last_30,28,0.26362856781342625,0.41821526884476895,65.20052390363468
Fox_public_Denny,last_30,28,0.07835423692787466,0.10103115209999296,8.299953489146288
Fox_public_Lauren,last_30,28,0.14164730754104476,0.18254538004117296,16.4299725489219
Fox_public_Martin,last_30,28,0.06776825356392448,0.10177093287783404,8.298206043806832
Fox_public_Rhonda,last_30,28,0.20080492293605828,0.2671638887009438,64.62273447483805
Fox_religion_Maurice,last_30,28,0.5960373989902235,0.7606294554762273,150.98859311709435
Fox_retail_Manie,last_30,28,0.2723004960792071,0.3504795744210914,32.69223184778329
Fox_utility_Marian,last_30,28,0.47628369980461055,0.6611970313758911,65.48778295628048
Fox_warehouse_Lorretta,last_30,28,0.3657474979862844,1.0925543496549603,38.6903286055354
Fox_warehouse_Pearl,last_30,28,0.28587421884046194,0.36960503435937175,63.395457621795344
Gator_assembly_Blanca,last_30,28,0.24884653311555777,0.34601646460048074,33.737867872360475
Gator_assembly_Daisy,last_30,28,0.12837185792073283,0.2101518232979748,21.529297770475626
Gator_assembly_Enid,last_30,28,0.2844578870207936,0.37744513055911516,186.0756268330057
Gator_assembly_Gene,last_30,28,0.2586640841432715,0.34209327134438244,35.75356233472745
Gator_assembly_Joni,last_30,28,0.49356209491103914,0.9963186976068016,115.5231525446831
Gator_assembly_Kayleigh,last_30,28,7.449693528719594,9.24965145972926,4174.199812873682
Gator_assembly_Kimberly,last_30,28,0.23152332757118957,0.3052913285098567,29.09114060903204
Gator_assembly_Lelia,last_30,28,0.18931002281271306,0.24923539401110653,28.593118942847024
Gator_assembly_Loyce,last_30,28,0.11873036646405542,0.1973979560835284,26.967245084160922
Gator_assembly_Lucia,last_30,28,0.319957695858446,0.4209480671562936,434.3279228615294
Gator_assembly_Marjorie,last_30,28,0.20980901614516625,0.26477358801709605,29.68943810071774
Gator_assembly_Maurine,last_30,28,0.940865882916207,1.137595817535992,545.3708908684645
Gator_assembly_Regina,last_30,28,0.16813535974836127,0.26262830816543037,31.085899163385992
Gator_office_August,last_30,28,0.3979024997177161,0.5181690476552296,837.3885632796759
Gator_office_Betty,last_30,28,0.283608498538716,0.37289691175103284,444.9305441426348
Gator_office_Hunter,last_30,28,0.3461350520777657,0.4291556758768043,698.9952263269598
Gator_office_Julie,last_30,28,0.4049219995786816,0.5357043812806516,882.0209336180877
Gator_office_Lisa,last_30,28,0.08980378432157571,0.17628363775774916,22.545433367107947
Gator_office_Lucy,last_30,28,0.6287723078728165,0.7953419535604025,1737.6254634201373
Gator_other_Cassandra,last_30,28,0.5600929142058053,0.801061752584215,66.43523666160257
Gator_other_Elfriede,last_30,28,0.17661740968164424,0.2575451841831791,35.354512066194815
Gator_other_Gertrude,last_30,28,0.5027513096089541,0.7299936674545504,86.305986601909
Gator_other_Minda,last_30,28,1.190705940107824,1.4731339345126147,627.8341821980817
Gator_other_Reginald,last_30,28,0.2613208921915858,0.31182584858549506,34.40988925931168
Gator_other_Russel,last_30,28,0.18460768562787203,0.32875286049853397,435.7989134681895
Gator_public_Alexandra,last_30,28,0.4659069837901982,0.6439225107324981,69.33208990280797
Gator_public_Beulah,last_30,28,0.27101764039554166,0.34347665943221484,53.19471603392666
Gator_public_Cheri,last_30,28,1.0124687845487879,1.2865433340369847,117.33905395743069
Gator_public_Clara,last_30,28,0.2933905295177204,0.3707553817758865,63.43714462678831
Gator_public_Dale,last_30,28,0.25959905938863603,0.3474663406180191,46.67482947640517
Gator_public_Dewey,last_30,28,0.15648960183697225,0.25285203538402296,36.903192803799826
Gator_public_Dionna,last_30,28,0.10456096859710154,0.13434970298027138,10.472390013211715
Gator_public_Erika,last_30,28,0.13827038376358733,0.19693025515438065,30.118083191642647
Gator_public_Everette,last_30,28,0.6587552976808418,0.7876344647935084,87.87672985349627
Gator_public_Geraldine,last_30,28,0.26653474607593614,0.3213081903117978,33.8725681198987
Gator_public_Janna,last_30,28,0.22628284259240933,0.2991157073660334,38.63974987420552
Gator_public_Jayme,last_30,28,0.1140483501968636,0.17448293784897473,31.842346242570507
Gator_public_Kendall,last_30,28,0.30161098706600625,0.40894732408851453,68.30204787448508
Gator_public_Kenny,last_30,28,0.40654213847067305,0.4707534355117117,48.285192688901326
Gator_public_Latasha,last_30,28,0.27339388860682473,0.33165658130996367,36.81926541949113
Gator_public_Leroy,last_30,28,0.23745830272662735,0.31022581800598287,25.446000240855
Gator_public_Lindsey,last_30,28,0.21888665042818625,0.27960183923066667,295.3641599451492
Gator_public_Marcie,last_30,28,0.21138835309195053,0.26759043335036414,76.73310720723518
Gator_public_Marissa,last_30,28,0.16896351380463634,0.21631031844642393,17.193251594607005
Gator_public_Maude,last_30,28,0.1678874398063108,0.2285786702326341,34.71999652420965
Gator_public_Natasha,last_30,28,0.41248884741324754,0.5395741182040302,114.44386181146311
Gator_public_Nettie,last_30,28,0.47077260788950204,0.5828496606672886,56.90931886387537
Gator_public_Noe,last_30,28,0.2953717299590097,0.3613824029808266,53.72556624468461
Gator_public_Philip,last_30,28,0.6007938378757373,0.8339496467001488,59.221328581873564
Gator_public_Randall,last_30,28,0.2382674720779127,0.31490841612552606,41.05794057511463
Gator_public_Ross,last_30,28,0.6693966158544883,0.9321648248264616,70.11452791099845
Gator_public_Tiffany,last_30,28,0.1393371090443043,0.20458059557176794,20.989530145408665
Gator_warehouse_Constance,last_30,28,0.43429141356409584,0.5403275915555331,457.17896666698977
Gator_warehouse_Stacie,last_30,28,0.33601190852303614,0.4081135990945639,60.35521497837281
Hog_assembly_Colette,last_30,28,0.22529647349110696,0.3106299390480274,22.605092681323804
Hog_assembly_Dona,last_30,28,0.17458099426206258,0.21793588202787528,19.38223880488417
Hog_assembly_Edward,last_30,28,0.2348993297731816,0.3216324303404766,24.440548396972655
Hog_assembly_Jasmine,last_30,28,0.17505419531533156,0.22668620640175147,20.769825395154477
Hog_assembly_Letha,last_30,28,0.10569223879023505,0.14774110216209158,10.510147528461191
Hog_assembly_Maribel,last_30,28,0.10249166120827756,0.12875546933016688,10.89044761763934
Hog_assembly_Pedro,last_30,28,0.24195748834503464,0.3214770948117027,25.732016678139374
Hog_education_Beth,last_30,28,0.1475970272073231,0.19340829119318806,15.344247485425047
Hog_education_Bruno,last_30,28,0.04798967092710907,0.0703996393591427,4.790240461963951
Hog_education_Caridad,last_30,28,0.03370264922521604,0.04254585830136819,3.35585372283327
Hog_education_Casandra,last_30,28,0.03733228715299941,0.04634778304330923,3.707765081030396
Hog_education_Cathleen,last_30,28,0.05548821181721704,0.0728756489472155,5.599333652559362
Hog_education_Darryl,last_30,28,0.1839331988639779,0.2408698207777059,17.28470136696006
Hog_education_Donnie,last_30,28,0.2000573314410752,0.26040924050850084,24.632108621612524
Hog_education_George,last_30,28,0.03814536432550153,0.049651579678881286,3.7849883757259257
Hog_education_Hallie,last_30,28,0.032117299806906335,0.04291067888671771,3.1807589825294627
Hog_education_Haywood,last_30,28,0.023998590620417662,0.035009541859726476,2.4046319237433473
Hog_education_Janell,last_30,28,0.059916322044975996,0.07354072674971598,6.094370915509823
Hog_education_Jared,last_30,28,0.22918970098405947,0.3234162824175421,22.911063715545808
Hog_education_Jewel,last_30,28,0.14016875786097743,0.18034454245952186,14.942708482611339
Hog_education_Jordan,last_30,28,0.12043242971497843,0.16197044891312654,13.208794023442225
Hog_education_Josh,last_30,28,0.17892495371569048,0.22696439560757078,21.39110316724686
Hog_education_Leandro,last_30,28,0.036218494506785576,0.05125462734591688,3.5730894882352247
Hog_education_Luvenia,last_30,28,0.09870669454756227,0.11997957064338209,9.568842077558697
Hog_education_Madge,last_30,28,0.10539665930523172,0.1318412796923024,11.034124623180446
Hog_education_Odell,last_30,28,0.03146951563792431,0.042134805267004,3.2021923239044257
Hog_education_Rachael,last_30,28,0.17085314404086566,0.22869867214557948,16.23893090121178
Hog_education_Robert,last_30,28,0.12805367442116042,0.18245018734974064,13.830619183539463
Hog_education_Roberto,last_30,28,0.12008890535979894,0.18599935629237185,12.46770528871127
Hog_education_Sonia,last_30,28,0.03336246666945709,0.045026625081838925,3.326458484875367
Hog_education_Wayne,last_30,28,0.07973502038175763,0.10499004667295661,7.901557961234358
Hog_food_Morgan,last_30,28,0.23385913157223817,0.30411387659305006,27.046193622646165
Hog_health_Hisako,last_30,28,0.04989530566283341,0.06774921019186693,5.086441612746608
Hog_health_Jenny,last_30,28,0.06445163317686602,0.09087190480628929,6.425178617255211
Hog_health_Kesha,last_30,28,0.03933366996190819,0.05400710165510345,3.929471145652131
Hog_industrial_Jay,last_30,28,0.10538561710447768,0.14294059055298017,13.166416749434893
Hog_industrial_Jeremy,last_30,28,0.29072708089230437,0.34744714580361874,54.71037567086439
Hog_industrial_Joanne,last_30,28,0.22173220867643323,0.27639570479171827,27.251220294777163
Hog_industrial_Mariah,last_30,28,0.07444971041251514,0.09696641979065461,7.253478604233243
Hog_industrial_Quentin,last_30,28,0.20901861243154468,0.26961897787307876,24.122105844706926
Hog_lodging_Brian,last_30,28,0.13652130060117018,0.19123420678603292,16.925745078938828
Hog_lodging_Celeste,last_30,28,0.11307267412406045,0.15257851485166082,12.866528133039756
Hog_lodging_Edgar,last_30,28,,,317004803412.90424
Hog_lodging_Francisco,last_30,28,0.15684124838047156,0.21394718117595768,18.981472878223194
Hog_lodging_Hal,last_30,28,0.10182750232457265,0.13658363813924732,11.0408594322635
Hog_lodging_Mauricio,last_30,28,0.10603160735308244,0.13736937896797385,11.66286094495549
Hog_lodging_Nikki,last_30,28,0.15119222628490897,0.20507285411318468,17.527534144201894
Hog_lodging_Ora,last_30,28,0.12925511889222815,0.1684589190988506,14.750988387901467
Hog_lodging_Retha,last_30,28,0.07484227885935378,0.0979655553335993,7.4024434460412865
Hog_lodging_Shanti,last_30,28,0.11113368629532419,0.15519096608053806,11.42211847097406
Hog_lodging_Shonda,last_30,28,0.11865579317473635,0.15998211535166837,13.292278891177583
Hog_office_Alexis,last_30,28,0.20037132921078696,0.2691844890941527,20.154546110407377
Hog_office_Alisha,last_30,28,0.06688419328431744,0.08714490883045846,6.740180417973798
Hog_office_Almeda,last_30,28,0.15040532372575152,0.19443501881854836,16.83780564667626
Hog_office_Bessie,last_30,28,0.1280344095648758,0.17849187313525974,13.445953697449339
Hog_office_Betsy,last_30,28,0.1727803289217136,0.22432988373361312,17.347680669317437
Hog_office_Bill,last_30,28,0.12786853001174314,0.16358026017861954,13.22097268208237
Hog_office_Bryan,last_30,28,0.09362084874171464,0.15142629026693435,9.449683623482613
Hog_office_Byron,last_30,28,0.048336415488570636,0.06661435730143353,4.765761873648334
Hog_office_Candi,last_30,28,0.11142256626116806,0.1476783237375615,11.77216489383966
Hog_office_Carri,last_30,28,0.10764319579419161,0.15466917424352916,10.871748933729098
Hog_office_Catalina,last_30,28,0.370455278268799,0.4890398447991432,85.4267306459256
Hog_office_Catharine,last_30,28,0.06542340893626113,0.08107602436385558,6.268496575277249
Hog_office_Charla,last_30,28,0.057227801102513375,0.07621040235582265,5.895327279699434
Hog_office_Clemencia,last_30,28,0.05874289072739169,0.08088009083110112,5.721390874878213
Hog_office_Concetta,last_30,28,0.17993454223827435,0.2589685659300582,19.138316979008348
Hog_office_Cordelia,last_30,28,0.18280370485205893,0.26205622316781535,20.263896686742275
Hog_office_Corey,last_30,28,0.13382598447360805,0.17564890167725963,14.610848189129012
Hog_office_Corie,last_30,28,0.1855945770070406,0.245549978984937,19.367135738929324
Hog_office_Cornell,last_30,28,0.07443687025066889,0.09354677376963472,7.611929314665303
Hog_office_Cortney,last_30,28,,,19599036798.657227
Hog_office_Darline,last_30,28,0.024512554283860864,0.034940732942682115,2.4454676914677167
Hog_office_Denita,last_30,28,0.2027045633179579,0.2709171461148846,23.368594687091658
Hog_office_Elizbeth,last_30,28,0.04335782320784258,0.06238543476222396,4.259279252635476
Hog_office_Elke,last_30,28,0.13743619668642432,0.19714070530243466,13.967737977474298
Hog_office_Elnora,last_30,28,0.052927829589815366,0.06958649220441206,5.177920983675429
Hog_office_Eloise,last_30,28,0.041025906432622716,0.05103939897915741,4.151921466989686
Hog_office_Elsy,last_30,28,0.0952109100482302,0.1264823109412453,9.697527246024853
Hog_office_Emmanuel,last_30,28,0.0813781494045689,0.10558043843801271,8.366563256815422
Hog_office_Garrett,last_30,28,0.37413857840812065,0.481762659859241,1650.8785998286392
Hog_office_Guadalupe,last_30,28,0.17032126713546375,0.24199981056379463,17.566340857306077
Hog_office_Gustavo,last_30,28,0.06036327140443843,0.08034102157716956,6.292487566914079
Hog_office_Joey,last_30,28,0.10268412455028202,0.12165382879607911,10.236185028042799
Hog_office_Josefina,last_30,28,0.07701189252324891,0.09759819656171057,7.689579940468488
Hog_office_Lanell,last_30,28,0.1665898617621464,0.23706086458353118,19.77268841227835
Hog_office_Lavon,last_30,28,0.3076815005222924,0.36727047003411006,33.67688658653272
Hog_office_Leanne,last_30,28,0.04918000665650976,0.07408303638451565,4.740924925516901
Hog_office_Leon,last_30,28,0.21078299894126154,0.27239813068576646,21.74192549766368
Hog_office_Lizzie,last_30,28,0.1065819135695517,0.13790674021513052,12.207632323711616
Hog_office_Mack,last_30,28,0.060485496429964064,0.08550357821391957,5.936990150993267
Hog_office_Man,last_30,28,0.10555128625172923,0.13118833323381504,11.448025761942207
Hog_office_Mari,last_30,28,0.14132174302540032,0.18580730876207704,14.478739310864643
Hog_office_Marilyn,last_30,28,0.06220612372337004,0.08993817507296957,6.42768110333001
Hog_office_Marlena,last_30,28,0.3145147632933231,0.4754880520846872,39.36881931041166
Hog_office_Marlene,last_30,28,0.1865005359340497,0.28071796460915005,22.849755809162094
Hog_office_Mary,last_30,28,0.16184119016889367,0.22743656997834646,18.043354966064808
Hog_office_Merilyn,last_30,28,0.08519452300976092,0.10904577721014833,8.79505782842747
Hog_office_Migdalia,last_30,28,0.16490420311992351,0.22546854235251954,19.176744125275707
Hog_office_Mike,last_30,28,0.07645436630988882,0.10948890966008301,7.842479394063111
Hog_office_Miriam,last_30,28,0.10477560814653317,0.15238107850649532,11.317260456417813
Hog_office_Myles,last_30,28,0.15266990533675717,0.22501083597790872,17.349501240553238
Hog_office_Nancie,last_30,28,0.18617900182663327,0.25190451613529363,19.383769005746927
Hog_office_Napoleon,last_30,28,0.09867501550442655,0.1372762773728733,10.442782812606605
Hog_office_Nia,last_30,28,0.0626546699237924,0.0760584074184518,6.276370053056474
Hog_office_Patrick,last_30,28,0.1644476902695519,0.2280479197738464,16.394232785179952
Hog_office_Randi,last_30,28,0.13511450129934546,0.19335859286677531,13.124099218225748
Hog_office_Richelle,last_30,28,0.08129095781087267,0.113212529391536,8.096816893865626
Hog_office_Roger,last_30,28,0.1841047317574945,0.2267292472101712,19.203684619370677
Hog_office_Rolando,last_30,28,0.028829118285634617,0.04049186292897165,2.9465240696880692
Hog_office_Sarah,last_30,28,0.02597799547696263,0.037281875086077235,2.6422830221525198
Hog_office_Shawna,last_30,28,0.1814489463728096,0.23346887494800278,23.533636129334145
Hog_office_Shawnna,last_30,28,0.1321465088768933,0.17713063161461975,13.945517251813511
Hog_office_Sherrie,last_30,28,0.16000365506210373,0.2211846301737846,17.159549315860797
Hog_office_Shon,last_30,28,0.11166322086735392,0.15619622596186894,11.036364983525871
Hog_office_Simon,last_30,28,0.18751269371096846,0.2461627442969677,20.49987373484456
Hog_office_Sonny,last_30,28,0.0578667189516154,0.07062577301997885,5.859520091363806
Hog_office_Sung,last_30,28,0.07836670192904657,0.10270981048377881,7.7692981170800675
Hog_office_Sydney,last_30,28,0.05029827040718818,0.06675129264490096,5.299374327614793
Hog_office_Terry,last_30,28,0.11544672193031207,0.1497394243192339,11.520597266422271
Hog_office_Thomas,last_30,28,,,33910156064918.543
Hog_office_Valda,last_30,28,0.1899881766755359,0.27588770792540357,21.69123651378726
Hog_office_Vera,last_30,28,0.150378855646829,0.18958997250808,16.24731662737658
Hog_other_Noma,last_30,28,0.024356064802193298,0.030812091171563142,2.424128920103203
Hog_other_Tobias,last_30,28,0.16332991551315643,0.20894187502799302,16.35210300218092
Hog_parking_Antoinette,last_30,28,0.17859513131503402,0.21819738744213404,20.79260359223475
Hog_parking_Bernardo,last_30,28,0.11355001097520115,0.14345988580380944,11.001013865990386
Hog_parking_Cliff,last_30,28,0.11802619863073216,0.17442078922546303,11.294418453668765
Hog_parking_Jean,last_30,28,0.16820887624816713,0.2035608858165042,16.831681766584023
Hog_parking_Jeana,last_30,28,0.16205949448481183,0.21116287092267233,15.793227589261926
Hog_parking_Marcus,last_30,28,0.08761145282003263,0.11308129123737319,8.615835757807824
Hog_parking_Shannon,last_30,28,0.0423287307831717,0.05605883579053532,4.145643155930237
Hog_public_Brad,last_30,28,0.06690565389680048,0.08873661069983921,6.966761276659305
Hog_public_Crystal,last_30,28,0.11707308531403265,0.16382733337114266,13.003395079973378
Hog_public_Gerard,last_30,28,0.12915224963466998,0.1664602014054857,15.200463051815488
Hog_public_Kevin,last_30,28,0.1941676717690116,0.23298088180746634,19.869567242262928
Hog_public_Octavia,last_30,28,0.07756528609918281,0.10514512193919379,8.16901691697838
Hog_science_Max,last_30,28,0.035557395346828786,0.046776649647699856,3.493740968712142
Hog_services_Adrianna,last_30,28,0.08581884776427866,0.12377009033691203,8.766092347911476
Hog_services_Joe,last_30,28,0.20644146363628174,0.28874517982823467,21.921026716044306
Hog_services_Kerrie,last_30,28,0.12991359403146854,0.1731417602427452,13.364105952872782
Hog_services_Marshall,last_30,28,0.07647620711682769,0.09926130158394306,7.5269655453415325
Hog_warehouse_Louise,last_30,28,0.31134257824320766,0.42259699008466106,49.236984396168374
Hog_warehouse_Porsha,last_30,28,0.17720880542257791,0.24120035931128606,47.41087322047918
Hog_warehouse_Rosanna,last_30,28,0.11293783092179897,0.14927770518051237,10.762666891937227
Lamb_assembly_Bertie,last_30,28,0.41479625282323146,0.6019031222410544,88.36344826543151
Lamb_assembly_Cesar,last_30,28,2.571074076330726,2.792451926246997,406.46187904725195
Lamb_assembly_Cherie,last_30,28,0.13118947470621725,0.1821475790019176,14.566411556823752
Lamb_assembly_Corliss,last_30,28,0.6672391031907154,0.7983281829558309,173.34378036738437
Lamb_assembly_Dillon,last_30,28,0.37958279861475047,0.5791110450033504,154.38821714654364
Lamb_assembly_Dorathy,last_30,28,0.022616478097107626,0.028004089413390026,2.261647809710763
Lamb_assembly_Dorothy,last_30,28,0.1655137381664145,0.21794751938403328,18.022146684348904
Lamb_assembly_Elinor,last_30,28,0.3110460385587787,0.44464090954165647,32.98690739214123
Lamb_assembly_Isa,last_30,28,0.1357043246292354,0.168033645167639,13.57043246292354
Lamb_assembly_Jerry,last_30,28,6.937328461625534,9.499584890714702,693.7328461625536
Lamb_assembly_Katelyn,last_30,28,0.40010999131818437,0.5455902253923494,64.1923471798579
Lamb_assembly_Kurt,last_30,28,0.1357043246292354,0.168033645167639,13.57043246292354
Lamb_assembly_Librada,last_30,28,0.41643984131925466,0.6109351907011166,53.15566880642495
Lamb_assembly_Louis,last_30,28,0.5092419761451414,0.6861536095560982,376.6541152981761
Lamb_assembly_Nicole,last_30,28,0.0678483952797251,0.08400893898769864,6.784839527972511
Lamb_assembly_Ossie,last_30,28,0.6594892893551519,0.7675802769307283,129.32026112683434
Lamb_assembly_Rosa,last_30,28,1.2739610450028078,1.7902437491285506,398.22920254942255
Lamb_assembly_Steven,last_30,28,0.02713967254385353,0.03360443888132636,2.713967254385353
Lamb_assembly_Tasha,last_30,28,1.1884025760059722,1.4820862017558138,149.3930207892273
Lamb_assembly_Tawana,last_30,28,0.02713967254385353,0.03360443888132636,2.713967254385353
Lamb_assembly_Theresa,last_30,28,0.0678483952797251,0.08400893898769864,6.784839527972511
Lamb_assembly_Walter,last_30,28,0.7939443815368364,1.0001169856927568,185.40285518262297
Lamb_education_Aldo,last_30,28,0.1357043246292354,0.168033645167639,13.57043246292354
Lamb_education_Antonio,last_30,28,0.502048215529202,0.722417057966966,59.13242062338549
Lamb_education_Armando,last_30,28,0.5104499126921593,0.77437879070318,62.86509142863023
Lamb_education_Augustine,last_30,28,3.1779115535174505,3.4798991159192014,855.7090357738294
Lamb_education_Bert,last_30,28,0.3978699702504937,0.7123716477366184,1800.510512046913
Lamb_education_Bettye,last_30,28,0.0678483952797251,0.08400893898769864,6.784839527972511
Lamb_education_Carlton,last_30,28,0.8973958063746429,1.3380566792025954,7109.476332465195
Lamb_education_Chet,last_30,28,0.1357043246292354,0.168033645167639,13.57043246292354
Lamb_education_Daniel,last_30,28,0.3845761839430804,0.5731583554468384,57.75211347652303
Lamb_education_Darrel,last_30,28,0.5876363318521294,0.8506498491106803,65.28945339057756
Lamb_education_Debby,last_30,28,1.5745995440520346,1.6104108485157589,157.45995440520346
Lamb_education_Dolly,last_30,28,1.3742189121160966,1.689020213454851,137.42189121160965
Lamb_education_Domitila,last_30,28,0.5177264666314667,0.7811181105759613,54.534186681903805
Lamb_education_Dwayne,last_30,28,0.4905089087090369,0.6982135863082642,67.84009197943172
Lamb_education_Ellen,last_30,28,0.045236512740504775,0.05601322002890002,4.5236512740504775
Lamb_education_Emery,last_30,28,0.4200647989011451,0.5855834433412298,41.00967040551613
Lamb_education_Emilie,last_30,28,0.4256281664111541,0.6766799098952,1603.7363641012132
Lamb_education_Eula,last_30,28,1.9953459700223275,2.2653039384740903,15925.951605296987
Lamb_education_Faith,last_30,28,0.46826450235787537,0.7403711661579723,1836.6412669334143
Lamb_education_Felicia,last_30,28,0.8100592867776867,0.9135960952378026,81.00592867776868
Lamb_education_Felipe,last_30,28,0.6110491212445797,0.8179776865025465,77.37472355449435
Lamb_education_Fred,last_30,28,0.5075970061768231,0.687625009234987,1608.1124660290034
Lamb_education_Freddy,last_30,28,0.1357043246292354,0.168033645167639,13.57043246292354
Lamb_education_Gabriel,last_30,28,2.7258964989886123,2.9432565070959495,435.94530443057937
Lamb_education_Gabrielle,last_30,28,0.6801373033401804,1.011360200179177,2150.6252257693163
Lamb_education_Garry,last_30,28,0.045236512740504775,0.05601322002890002,4.5236512740504775
Lamb_education_Harold,last_30,28,0.045236512740504775,0.05601322002890002,4.5236512740504775
Lamb_education_Heidi,last_30,28,1.9490669798720368,2.1877697174683934,194.90669798720367
Lamb_education_Hellen,last_30,28,0.4090321578369283,0.6835911700597767,1615.188184343182
Lamb_education_Hilary,last_30,28,2.1546851765823525,2.367717149119145,494.55820481864396
Lamb_education_Hillary,last_30,28,0.0678483952797251,0.08400893898769864,6.784839527972511
Lamb_education_Hubert,last_30,28,0.002949963964899803,0.0036526837328543565,0.2949963964899803
Lamb_education_Hui,last_30,28,3.623057200770665,3.8900892801253897,703.2136679061642
Lamb_education_Ira,last_30,28,0.045236512740504775,0.05601322002890002,4.5236512740504775
Lamb_education_Isabelle,last_30,28,2.8512024035220542,3.0908680407024756,494.7735948594306
Lamb_education_Jane,last_30,28,0.5585223919759436,0.6464041633444443,55.85223919759436
Lamb_education_Junior,last_30,28,0.5355748952000889,0.7420718741290756,59.28796543445125
Lamb_education_Kasha,last_30,28,0.0678483952797251,0.08400893898769864,6.784839527972511
Lamb_education_Kayla,last_30,28,1.4425426623978028,1.6830168631787874,144.2542662397803
Lamb_education_Larissa,last_30,28,0.045236512740504775,0.05601322002890002,4.5236512740504775
Lamb_education_Lawrence,last_30,28,0.6491303704125244,0.9747672377474135,81.93104259299376
Lamb_education_Lazaro,last_30,28,0.43903600767659356,0.4411473024033959,43.90360076765935
Lamb_education_Lemuel,last_30,28,0.016963664350138692,0.02100494975602266,1.6963664350138692
Lamb_education_Leopoldo,last_30,28,0.045236512740504775,0.05601322002890002,4.5236512740504775
Lamb_education_Logan,last_30,28,6.9234021717178,8.277953725827187,692.3402171717801
Lamb_education_Lucas,last_30,28,0.7161400387976495,0.9532038543189978,123.03577697158137
Lamb_education_Luz,last_30,28,0.6168831460273886,0.847846645238373,59.16573592553882
Lamb_education_Mae,last_30,28,0.4758148216696082,0.7200845781720304,52.0909649500514
Lamb_education_Manuel,last_30,28,2.762339353078355,2.9793474062077188,467.03599623310276
Lamb_education_Marc,last_30,28,1.2546920151690282,1.8624152298756136,8121.88874926064
Lamb_education_Maritza,last_30,28,0.4326115104031495,0.6349270075398702,1562.687083230821
Lamb_education_Marty,last_30,28,0.1357043246292354,0.168033645167639,13.57043246292354
Lamb_education_Maxwell,last_30,28,2.4080490006640076,2.62036766687125,412.65377580006157
Lamb_education_Mckenzie,last_30,28,0.44212857753883833,0.6713280721107712,42.10432683220351
Lamb_education_Moses,last_30,28,0.4563456059307661,0.7089472940496507,1686.5085038878767
Lamb_education_Nathan,last_30,28,0.045236512740504775,0.05601322002890002,4.5236512740504775
Lamb_education_Nichol,last_30,28,0.1357043246292354,0.168033645167639,13.57043246292354
Lamb_education_Norris,last_30,28,0.5221607051316738,0.8182587940270544,1891.2861261082373
Lamb_education_Patsy,last_30,28,0.045236512740504775,0.05601322002890002,4.5236512740504775
Lamb_education_Phil,last_30,28,0.0678483952797251,0.08400893898769864,6.784839527972511
Lamb_education_Philomena,last_30,28,0.4129729396284078,0.6014287907870548,45.81595963782822
Lamb_education_Princess,last_30,28,3.573261334071484,3.850116037680742,576.6878608254544
Lamb_education_Randal,last_30,28,0.5316945104669197,0.8031651838444533,2062.8666943389335
Lamb_education_Rick,last_30,28,3.4100622553365705,3.690752690625353,798.468312370318
Lamb_education_Robin,last_30,28,0.49928982948356027,0.7178984426596196,55.493115935264434
Lamb_education_Rodrigo,last_30,28,0.5171033673233392,0.7198168216963972,54.42493036402959
Lamb_education_Ruben,last_30,28,0.045236512740504775,0.05601322002890002,4.5236512740504775
Lamb_education_Sabrina,last_30,28,0.5420014384634316,0.8103829459633104,1945.9698503324905
Lamb_education_Salvador,last_30,28,1.472731188657538,1.6659112280220474,147.27311886575382
Lamb_education_Sara,last_30,28,0.515991921781679,0.7789605247444483,81.68568579192274
Lamb_education_Stefan,last_30,28,3.4391896430410984,3.8275377390468486,713.8578362860607
Lamb_education_Sunny,last_30,28,0.44307978955666866,0.6936304221176327,90.9740834177623
Lamb_education_Sylvester,last_30,28,0.5494191934927094,0.8183027410725136,1875.1654782005737
Lamb_education_Terina,last_30,28,0.5554763834777685,0.7654384086091627,55.66739465274674
Lamb_education_Traci,last_30,28,0.9638265287069124,1.4434590364302777,2751.469963724688
Lamb_education_Vaughn,last_30,28,0.6741557517016536,1.012631700000809,2226.187135347153
Lamb_education_Wanda,last_30,28,0.045236512740504775,0.05601322002890002,4.5236512740504775
Lamb_education_Wilbert,last_30,28,0.045236512740504775,0.05601322002890002,4.5236512740504775
Lamb_education_Williams,last_30,28,0.4929596035180376,0.6887815033278185,72.35672275270333
Lamb_food_Sylvia,last_30,28,0.004112045148933171,0.005091549143961319,0.41120451489331705
Lamb_health_Ken,last_30,28,0.19426033279350158,0.27210681123955865,24.032456611567792
Lamb_industrial_Carla,last_30,28,0.414195627168161,0.5564907126684805,57.120718726605006
Lamb_industrial_Enrique,last_30,28,0.24182104109040342,0.3350740144159805,26.2779637635417
Lamb_industrial_Venessa,last_30,28,0.011307776511077615,0.014001139896610136,1.1307776511077616
Lamb_industrial_Willard,last_30,28,0.1357043246292354,0.168033645167639,13.57043246292354
Lamb_lodging_Burt,last_30,28,0.5613358304378652,0.687473872397703,99.56858901960133
Lamb_lodging_Harley,last_30,28,0.03392471887248881,0.04200609018783006,3.3924718872488815
Lamb_office_Bertha,last_30,28,0.14372627584110678,0.20319551209223066,15.00606546983588
Lamb_office_Caitlin,last_30,28,0.33371730457041426,0.4244495530879158,91.38842779267267
Lamb_office_Callie,last_30,28,0.019387249884727804,0.024005759059097354,1.9387249884727804
Lamb_office_Gerardo,last_30,28,3.1471185744224797,3.3417771362429147,554.8935082605232
Lamb_office_Jo,last_30,28,0.0678483952797251,0.08400893898769864,6.784839527972511
Lamb_office_Maggie,last_30,28,2.8071071677108588,3.0663800415998383,634.8874089777382
Lamb_office_Raymond,last_30,28,3.4865795826370563,3.76587092261669,579.8708411538669
Lamb_office_Stefani,last_30,28,0.005428315916409109,0.006721541867152213,0.5428315916409108
Lamb_office_Vasiliki,last_30,28,0.12337279444309963,0.22100242398224637,13.815187087647235
Lamb_office_Velma,last_30,28,0.10937905714097725,0.17744760678014665,12.743913049050532
Lamb_office_William,last_30,28,0.045236512740504775,0.05601322002890002,4.5236512740504775
Lamb_other_Katharina,last_30,28,0.7060663321323772,0.9605881824844569,116.71866458325444
Lamb_other_Minerva,last_30,28,0.7219818801062905,0.7599561300183899,72.19818801062905
Lamb_public_Angeline,last_30,28,3.2342404140523446,3.4280710639236505,496.3095697290167
Lamb_public_Grace,last_30,28,0.3373104901933486,0.5162927939924895,65.95369653460736
Lamb_public_Gracie,last_30,28,0.4310881753736736,0.5139528290539671,61.38621304683587
Lamb_public_Nyla,last_30,28,0.4726335626582082,0.5786705521284791,66.78350423523705
Lamb_public_Vania,last_30,28,0.15289905594379546,0.19749758104572102,15.847132428961642
Lamb_warehouse_Allan,last_30,28,0.5531129737095344,0.6173116426835785,55.311297370953426
Moose_education_Abbie,last_30,28,0.07016085114446688,0.10876194898336233,7.281437469481683
Moose_education_Clark,last_30,28,0.12575394526346362,0.18876139039588746,13.91840345740526
Moose_education_Florence,last_30,28,0.12042298688293182,0.2099891582584676,13.885195709479678
Moose_education_Gladys,last_30,28,0.10477847460383855,0.152142402612192,11.251168820954836
Moose_education_Leland,last_30,28,0.06984732226402583,0.09480977010537421,7.143342430475127
Moose_education_Lori,last_30,28,0.06700695274632301,0.0848604686995947,6.664484062199749
Moose_education_Maria,last_30,28,0.02007375405395818,0.025468882871511132,1.998645547850272
Moose_education_Marina,last_30,28,0.07813937702393492,0.09827164355269702,7.875122476460773
Moose_education_Marlon,last_30,28,0.13264818247084456,0.1713713826534854,14.912525963330028
Moose_education_Rene,last_30,28,0.19125286433154365,0.3060219789406095,24.668299322339188
Moose_education_Ricardo,last_30,28,0.05065134208715815,0.06906139985466404,5.001276048131667
Mouse_health_Estela,last_30,28,,,65753790355.90837
Mouse_health_Ileana,last_30,28,,,16191265191.68882
Mouse_health_Justin,last_30,28,,,51359879241.01452
Mouse_health_Modesto,last_30,28,,,159490510510.90158
Mouse_lodging_Vicente,last_30,28,,,47002631569.436424
Panther_assembly_Carrol,last_30,28,0.4113844605614778,0.529123481105786,45.70982462240871
Panther_assembly_David,last_30,28,0.16837801291201196,0.2132797712401596,18.33665917785413
Panther_assembly_Denice,last_30,28,0.13271210127874866,0.17082548944759562,13.80964751731594
Panther_assembly_Gwyneth,last_30,28,0.141481639812608,0.18947817237604114,14.445502732605995
Panther_assembly_Pamella,last_30,28,0.466538142269732,0.5842090433294524,54.16886064800549
Panther_education_Alecia,last_30,28,0.22357238547048258,0.3086391368864303,25.617020700483202
Panther_education_Annetta,last_30,28,0.2674834560710283,0.3521563487100427,32.35190192849061
Panther_education_Aurora,last_30,28,0.25565648037429417,0.34811326480671756,32.87907932897214
Panther_education_Cleopatra,last_30,28,0.3008314875751204,0.38920279809153696,48.20793944546982
Panther_education_Diann,last_30,28,0.4593588917234064,0.6025783791229963,86.56928820297571
Panther_education_Edna,last_30,28,0.11933555983367404,0.1668363005373296,12.561119261994714
Panther_education_Emily,last_30,28,0.2975082245866586,0.4000804581358931,35.6656884618343
Panther_education_Enriqueta,last_30,28,0.32170509370269124,0.42263126880337337,44.52543645840256
Panther_education_Genevieve,last_30,28,0.15973129844252837,0.2481587138747512,18.76462678734832
Panther_education_Gina,last_30,28,0.02411431006576816,0.03469194117358354,2.4151340202530087
Panther_education_Hugh,last_30,28,0.025552464314819872,0.03649307907796515,2.620472693227721
Panther_education_Ivan,last_30,28,0.191953885418739,0.25920269371133564,19.130630276628892
Panther_education_Janis,last_30,28,0.3057992703256099,0.39958109198749336,33.5267516811798
Panther_education_Jerome,last_30,28,0.026829721510722222,0.03723970335529363,2.681653046716698
Panther_education_Jonathan,last_30,28,5.5198097386763925,7.427414176526076,54023.25714532431
Panther_education_Karri,last_30,28,0.09685693738631908,0.12804708698528336,10.086451172077753
Panther_education_Mattie,last_30,28,0.42635444365386194,0.5256458049686429,58.92553595067539
Panther_education_Misty,last_30,28,0.23850739483879893,0.29656720931977676,26.295799679803583
Panther_education_Mohammad,last_30,28,0.14570860794579227,0.20217796812172892,15.036743625967222
Panther_education_Neal,last_30,28,0.3371998869626113,0.4144105925040869,42.92210489633801
Panther_education_Quintin,last_30,28,0.22014204217271907,0.2859612398571354,25.713160948790186
Panther_education_Rosalie,last_30,28,0.11252634806518848,0.14166540239709455,11.824528895770118
Panther_education_Scarlett,last_30,28,0.21800197218471545,0.2760122682670431,23.701842452368815
Panther_education_Shelton,last_30,28,0.1584797291315431,0.24184037588679982,25.327569228980334
Panther_education_Sophia,last_30,28,0.028207015724894598,0.0509550412672952,3.059460065339891
Panther_education_Teofila,last_30,28,0.22314940969821778,0.31670255672353964,29.725367518585234
Panther_education_Tina,last_30,28,0.4084276411943853,0.5614446902300727,49.52498821786936
Panther_education_Vincent,last_30,28,0.24566736860669977,0.319491579172796,31.21246821169037
Panther_education_Violet,last_30,28,0.05743544319498095,0.0790107555940445,5.588074031038636
Panther_education_Zelda,last_30,28,0.3474593666590011,0.44923780216675646,44.82897436355069
Panther_lodging_Alita,last_30,28,0.10699729561284316,0.1390282655103757,11.462194304728127
Panther_lodging_Anastasia,last_30,28,0.16162885046853312,0.20120744964954376,17.65718728379101
Panther_lodging_Awilda,last_30,28,0.05304334749711038,0.06663848966618202,5.255676494554919
Panther_lodging_Blaine,last_30,28,0.2738631936155328,0.335103213729045,32.21883600730734
Panther_lodging_Cora,last_30,28,0.14612727463180517,0.18150326472400874,15.88827324526069
Panther_lodging_Cornelia,last_30,28,0.3407497134486686,0.44657575082679,42.918477417034595
Panther_lodging_Dianna,last_30,28,0.10671626137656841,0.13457543876075673,10.663666307442119
Panther_lodging_Edison,last_30,28,0.172743692614426,0.20861153229296026,19.24589319612522
Panther_lodging_Edmond,last_30,28,0.2507355453143805,0.31295559838858134,28.113969093431745
Panther_lodging_Else,last_30,28,0.18898792842727624,0.238043860525422,21.941419016595397
Panther_lodging_Fausto,last_30,28,0.17195987778029886,0.23904898277229433,15.190378945405438
Panther_lodging_Floyd,last_30,28,0.17979472539010113,0.22201418288534686,18.912905117465144
Panther_lodging_Gale,last_30,28,0.061737932173628,0.07801081742612133,6.241733112621888
Panther_lodging_Hattie,last_30,28,0.12357568606342964,0.15212552366311063,12.896150134062069
Panther_lodging_Jana,last_30,28,0.21772518578790717,0.30009714453091735,24.63877083159427
Panther_lodging_Janice,last_30,28,0.13588629243273823,0.17741743125327114,14.36885563663549
Panther_lodging_Jorge,last_30,28,0.1814305703408115,0.24756017285396972,20.49891829951986
Panther_lodging_Kaitlin,last_30,28,0.35982988734828747,0.4708960574521105,45.314160203116124
Panther_lodging_Kara,last_30,28,0.16752716092427733,0.2077446910993079,18.59020466060755
Panther_lodging_Kirk,last_30,28,0.1726833474793056,0.20456928814658668,18.616416551930413
Panther_lodging_Marisol,last_30,28,0.1280137121108965,0.16200071428902024,13.714415677212935
Panther_lodging_Myrtle,last_30,28,0.15122625879521698,0.21597082123367978,19.90520716351465
Panther_lodging_Russell,last_30,28,0.15506234711092975,0.18726599244605233,15.445223797776176
Panther_lodging_Sonja,last_30,28,0.18505686468750335,0.22863721326693337,20.240311212430466
Panther_lodging_Teresita,last_30,28,0.19030357385963723,0.25564490303303267,22.16721191080431
Panther_lodging_Tracie,last_30,28,0.2592675013407623,0.32997634041083734,35.67318501662281
Panther_lodging_Willa,last_30,28,0.06073292480443139,0.07763477524608858,6.081527755009194
Panther_office_Antonette,last_30,28,0.10399090669796936,0.1349446641578707,12.1327116571797
Panther_office_Brent,last_30,28,0.5549215375862926,0.6981278561654777,148.7113014999792
Panther_office_Catherine,last_30,28,0.2495159719115807,0.33490819954179846,30.085416706271808
Panther_office_Christian,last_30,28,0.254035969078404,0.3034815221406136,30.662632755354675
Panther_office_Christin,last_30,28,0.07599502748782107,0.09691980084232812,8.016470683402533
Panther_office_Clementine,last_30,28,0.14106208565262338,0.1784949040873051,14.99901718321602
Panther_office_Danica,last_30,28,0.36346206592518326,0.49546007323354063,40.769560562995025
Panther_office_Garth,last_30,28,0.1639922732220572,0.21468343720824506,16.55669354402135
Panther_office_Graham,last_30,28,0.2231354174801422,0.3150597467791005,26.958212376242823
Panther_office_Hannah,last_30,28,0.38349299488211286,0.5079898777355639,49.39428223525296
Panther_office_Jeane,last_30,28,0.21824243525872009,0.2833209124814815,22.62435767109251
Panther_office_Jesus,last_30,28,0.19302799800883924,0.2923043399667767,23.681432859855985
Panther_office_Karla,last_30,28,0.3840264125441316,0.5588546204791561,52.06934496557688
Panther_office_Kristen,last_30,28,0.06227780464094538,0.07882003301431961,6.225797697093795
Panther_office_Larry,last_30,28,0.17712667199857093,0.23455666787522084,19.849000573620444
Panther_office_Lauretta,last_30,28,0.04679622864541002,0.06594115495618766,4.847858179614595
Panther_office_Lavinia,last_30,28,0.12766619171818275,0.17205820052504098,12.539570781386345
Panther_office_Lois,last_30,28,0.10255854951030953,0.21690171277211634,10.012250281684242
Panther_office_Otto,last_30,28,0.10552218704826313,0.1321620784839623,11.385344952522129
Panther_office_Patti,last_30,28,0.0829098446677954,0.10373337585730377,8.385171057669675
Panther_office_Ruthie,last_30,28,0.07942954187935868,0.100633577839964,8.160262271953764
Panther_office_Shauna,last_30,28,0.20626201703283176,0.275789290492049,21.12949516983521
Panther_office_Taryn,last_30,28,0.14635802240179915,0.22406920190929513,18.34135943232075
Panther_office_Valarie,last_30,28,0.3805907654879915,0.4964113784243582,37.928860440127124
Panther_other_Bethel,last_30,28,0.10824358086723507,0.13853716070563055,10.98911363421208
Panther_other_Bettie,last_30,28,0.05360122955269662,0.06977324851209439,5.330076669051775
Panther_other_Lucina,last_30,28,0.6060012119416666,0.8830284018874303,5146.317263968787
Panther_other_Tyrone,last_30,28,0.21190886286464475,0.28508969183111166,25.52928295023732
Panther_parking_Adela,last_30,28,0.11540308798571547,0.1564382479671214,14.443336517700054
Panther_parking_Alaina,last_30,28,0.10605915569225861,0.1470473023186672,12.282222419825464
Panther_parking_Asia,last_30,28,0.10478760624164671,0.13867648069171787,12.194297635726718
Panther_parking_Charlene,last_30,28,0.13067258415596528,0.16994771450880966,17.013859951278302
Panther_parking_Jody,last_30,28,0.15793891868800025,0.21089116311055414,247.69598784826306
Panther_parking_Lorriane,last_30,28,0.12985922820082932,0.16659574528649174,14.600151497481537
Panther_parking_Mellissa,last_30,28,0.08373503345959071,0.11159582729936636,9.153294429758406
Panther_parking_Stanley,last_30,28,0.06255784236592384,0.08489298787858295,6.7129262688446465
Panther_retail_Felix,last_30,28,0.1722368703367262,0.23034024926381438,19.1587091645618
Panther_retail_Kristina,last_30,28,0.5230739650436538,0.7306410078130897,59.03324217698793
Panther_retail_Lester,last_30,28,0.20828406920556472,0.27125618897918813,23.252386340161454
Panther_retail_Rachel,last_30,28,0.34779710067278574,0.48047584669811827,36.24395992031085
Panther_retail_Romeo,last_30,28,0.08149547097942243,0.11028998957554602,8.534187135494545
Peacock_assembly_Dena,last_30,28,0.10169334063160539,0.1351571421550355,10.860061868497832
Peacock_assembly_Mamie,last_30,28,0.18793818327004813,0.2430994055754678,23.885462171620617
Peacock_assembly_Russ,last_30,28,0.06730443188499759,0.08488706550454521,6.894384120942017
Peacock_assembly_Socorro,last_30,28,0.15517158494482042,0.19986246308705308,17.00552773548447
Peacock_education_Anita,last_30,28,0.23243625439145377,0.29677169552486127,24.745821698339096
Peacock_education_Bianca,last_30,28,0.0807884358318228,0.10768648563485927,8.538885392358193
Peacock_education_Dustin,last_30,28,0.14114870758746167,0.2025209375194485,16.591385610677666
Peacock_education_Forest,last_30,28,0.09865696204313289,0.12603085770238773,10.13770203830263
Peacock_education_Gilberto,last_30,28,0.047289692534285256,0.057571765264119105,4.805636438440989
Peacock_education_Joshua,last_30,28,0.03554864272617265,0.05034076084905194,3.681722314888839
Peacock_education_Karl,last_30,28,0.08731511967370018,0.11522605717807037,8.916614060281683
Peacock_education_Karyn,last_30,28,0.028467789768052257,0.0355849459246833,2.8612145644023026
Peacock_education_Lucie,last_30,28,0.03117869434038087,0.04063631982222053,3.1174826690642288
Peacock_education_Lyle,last_30,28,0.09467405016473085,0.12433315713686717,9.942239127851227
Peacock_education_Ophelia,last_30,28,0.024597522205634423,0.03200753306141599,2.471721740974717
Peacock_education_Pasquale,last_30,28,0.045007485793340164,0.05570226043604831,4.56829699004375
Peacock_education_Patience,last_30,28,0.15044174006998404,0.20154069320336393,15.65636879765332
Peacock_education_Robbie,last_30,28,0.1990546801894879,0.2544475758594861,23.306514457877757
Peacock_education_Shelly,last_30,28,0.03644314777059226,0.04606632393153285,3.667709100370216
Peacock_education_Weldon,last_30,28,0.11159512589156452,0.1451877343698883,12.295177854425798
Peacock_education_Yolanda,last_30,28,0.07742827825569021,0.0996882828274542,8.033429197974467
Peacock_lodging_Chloe,last_30,28,0.25240995785158193,0.31032833706558643,27.801553957644032
Peacock_lodging_Francesca,last_30,28,0.17978303889920463,0.22414525724518647,18.390849223596128
Peacock_lodging_Jamaal,last_30,28,0.1576240674363896,0.201949864095999,18.022473046538718
Peacock_lodging_James,last_30,28,0.13601478572918008,0.17580040900998092,14.392149412444974
Peacock_lodging_Lou,last_30,28,0.0862449852931252,0.10562048579883902,8.840107456520437
Peacock_lodging_Mathew,last_30,28,0.1256404743136342,0.1577169545093459,12.893091528687508
Peacock_lodging_Matthew,last_30,28,0.0763494850851822,0.09526580217173908,7.811859439892212
Peacock_lodging_Nova,last_30,28,0.32932605544099725,0.411857568875525,38.12975963989104
Peacock_lodging_Sergio,last_30,28,0.1611505778078023,0.20749442056691014,17.218821658427924
Peacock_lodging_Terrie,last_30,28,0.19638327968917493,0.24252260825726926,20.71753560078633
Peacock_lodging_Wes,last_30,28,0.11294192658139061,0.14686755424833808,11.991076973616597
Peacock_office_Annie,last_30,28,0.19461369050246335,0.2512628376417642,19.958943048673465
Peacock_office_Burl,last_30,28,0.10636544116259346,0.13070419176915088,10.847264109237727
Peacock_office_Dara,last_30,28,0.15325314250112104,0.19639217373891682,18.7460570128673
Peacock_office_Effie,last_30,28,0.14992914116968803,0.1918131295755184,16.44109382890943
Peacock_office_Elton,last_30,28,0.11087266291578585,0.1461602242589998,12.152206886838112
Peacock_office_Glenn,last_30,28,0.33674577285066687,0.43310333822344854,38.6000013845588
Peacock_office_Jonathon,last_30,28,0.1341183841379716,0.17656666984303496,13.451205381093088
Peacock_office_Julian,last_30,28,0.24724399356334145,0.32264453764760637,29.97592701441582
Peacock_office_Major,last_30,28,0.06624064494673686,0.08081732945494721,6.744196857514634
Peacock_office_Naomi,last_30,28,0.164798187220868,0.29891106956370417,29.852703282293074
Peacock_office_Norman,last_30,28,0.17050243403261287,0.2143647754195367,18.091295106583736
Peacock_public_Kelvin,last_30,28,0.09936864987866138,0.12617493803647514,10.77843799400643
Rat_assembly_Adolfo,last_30,28,0.19982687087344989,0.2546352586458132,20.59714360442609
Rat_assembly_Aisha,last_30,28,0.13955556776475367,0.1663329311839831,13.838066972886931
Rat_assembly_Alex,last_30,28,0.1438678400449385,0.17646542290238817,15.253979208929666
Rat_assembly_Archie,last_30,28,0.1338885244851262,0.1650926115706479,13.435371469726537
Rat_assembly_Aubrey,last_30,28,0.42592192701693005,0.5629601623438316,67.47291307206737
Rat_assembly_Cristina,last_30,28,0.29298785599449856,0.37099451858139626,38.454467689699776
Rat_assembly_Damaris,last_30,28,0.09467092343677183,0.11751276710336694,9.490566225427195
Rat_assembly_Deandre,last_30,28,0.10417068983947426,0.12618187734347,10.512264094625845
Rat_assembly_Donny,last_30,28,0.5194488113529783,0.698913140631979,141.72493319707874
Rat_assembly_Dovie,last_30,28,0.14470615754673052,0.18533524799844162,15.226389203642011
Rat_assembly_Erwin,last_30,28,0.21148010508918086,0.28102822472570715,26.078065905143887
Rat_assembly_Ezequiel,last_30,28,0.2638798341566802,0.3258056837833596,31.172107255613096
Rat_assembly_Francine,last_30,28,0.11295904206256523,0.14404332935520497,11.333891507638961
Rat_assembly_Frieda,last_30,28,0.11508172471263092,0.1460775561655218,11.047697867054472
Rat_assembly_Gwen,last_30,28,0.17586657981193196,0.2227875078926204,20.73051177600358
Rat_assembly_Horace,last_30,28,0.2430649875299704,0.33712055892833487,25.29902520877624
Rat_assembly_Ida,last_30,28,0.1574929994122303,0.19502726359651879,16.54809160729456
Rat_assembly_Jamie,last_30,28,0.27163442190668713,0.3518582293994471,26.554580594223964
Rat_assembly_Jannie,last_30,28,0.5473898207605852,0.7789431913783753,1703.6905968820356
Rat_assembly_Jennie,last_30,28,0.15690338539150736,0.19823825211584767,15.577553391002198
Rat_assembly_Kaitlyn,last_30,28,0.11405630376075383,0.14933555396010853,11.802269171603093
Rat_assembly_Kelley,last_30,28,0.3198130277566441,0.40816788386585406,588.5176542828883
Rat_assembly_Kenya,last_30,28,0.18217795965445108,0.22594863692091338,18.14506286664777
Rat_assembly_Kimberley,last_30,28,0.07884069048374366,0.10205092121208223,7.930409021100022
Rat_assembly_Kristine,last_30,28,0.11849677302513034,0.14827505674346572,11.488837049619624
Rat_assembly_Kristy,last_30,28,0.20027322877568507,0.2633162957247541,30.550708161243445
Rat_assembly_Lillie,last_30,28,0.24206972171729152,0.31464108442689515,38.127636285595045
Rat_assembly_Michel,last_30,28,0.024568376869927064,0.029761389477189197,2.4528991439154053
Rat_assembly_Mirta,last_30,28,0.16354596711731625,0.22030924302558086,18.593358636640907
Rat_assembly_Monica,last_30,28,0.07304313787565633,0.09712383571257588,7.6738146863236185
Rat_assembly_Pauline,last_30,28,0.2840974412411234,0.37052338867533197,624.1657947274273
Rat_assembly_Rolland,last_30,28,0.31280157928285957,0.4399167127989538,38.87922531399066
Rat_assembly_Rosemarie,last_30,28,0.16259721939438274,0.19902971367398853,16.05377173547888
Rat_assembly_Ruth,last_30,28,0.23147364870045098,0.2985683477160269,45.67596853266626
Rat_assembly_Silvia,last_30,28,0.3128415469317542,0.4187269827612569,29.449791921527265
Rat_assembly_Suzanne,last_30,28,0.28558128975421404,0.3655098107784467,30.760188899527673
Rat_assembly_Teddy,last_30,28,0.21321134226873337,0.2637622424173282,23.567485456482157
Rat_assembly_Teodoro,last_30,28,0.3421069171995995,0.4364607491114171,44.172527664712604
Rat_assembly_Trent,last_30,28,0.24892805891333247,0.3105717122547044,26.844452667472407
Rat_assembly_Trudy,last_30,28,0.3239079581740809,0.4411599525454841,48.160312311071394
Rat_assembly_Victorina,last_30,28,0.29794921100813093,0.42367693449057076,454.6141137705199
Rat_assembly_Viola,last_30,28,0.13887387077690186,0.1778467312939515,14.013700501143129
Rat_education_Adell,last_30,28,0.1868498613982431,0.26857660935448074,16.860394314891927
Rat_education_Adrian,last_30,28,0.20124330055185102,0.27068881451548,20.505745042044097
Rat_education_Alfonso,last_30,28,0.164582153985842,0.21461566920986908,15.659504987565661
Rat_education_Alfred,last_30,28,0.16026651930564714,0.18975620869929244,16.22698162853219
Rat_education_Barbara,last_30,28,0.34975034524895116,0.4526090841709956,429.733941905679
Rat_education_Barney,last_30,28,0.21120593948069363,0.25672404993605163,20.987384739075253
Rat_education_Beverly,last_30,28,0.15656545386290957,0.20177376841880676,97.70957585205315
Rat_education_Brett,last_30,28,0.6322476549203025,0.7973108659291401,58.35535920672121
Rat_education_Bryant,last_30,28,0.12715616588057524,0.18425954062644212,12.46455010040003
Rat_education_Calvin,last_30,28,0.0410664853589713,0.05156805305041409,4.1134597684991965
Rat_education_Candida,last_30,28,0.16226155749942392,0.20370670153504694,15.710151283619242
Rat_education_Carmela,last_30,28,0.12930670452666482,0.1752561534969,13.069536073191882
Rat_education_Cecil,last_30,28,0.10139871279105375,0.14111973411139833,9.350008475095654
Rat_education_Cedric,last_30,28,0.11888959374233628,0.1627713754796251,11.738585859259876
Rat_education_Colin,last_30,28,0.2244643646745027,0.2743576602738197,21.680277445413612
Rat_education_Conrad,last_30,28,0.3546878536187037,0.4799590408524839,501.6123803674212
Rat_education_Dana,last_30,28,0.16028284966633033,0.21281260502159632,16.23778859227004
Rat_education_Dann,last_30,28,0.0806477139019407,0.10185209688062227,8.03249638133803
Rat_education_Davis,last_30,28,0.0463839184814357,0.0596072689768052,4.547801617312959
Rat_education_Deanna,last_30,28,0.08142665442504016,0.11048395505550297,7.828287929179936
Rat_education_Debra,last_30,28,0.08195826019357044,0.11048976261908318,8.135970814828609
Rat_education_Dreama,last_30,28,0.06567325056692261,0.08378210175593206,6.368051113792126
Rat_education_Earl,last_30,28,0.0993704887920733,0.1360563992382706,10.441214326942497
Rat_education_Earnest,last_30,28,0.16123716718842518,0.216524742408843,16.681656421261135
Rat_education_Elisa,last_30,28,0.23397836006171407,0.3410847270627839,26.134860530037702
Rat_education_Elsie,last_30,28,0.27519119080828636,0.346600158750041,78.23933490103082
Rat_education_Esther,last_30,28,0.16162325398043006,0.20938382674193126,15.71875591178371
Rat_education_Everett,last_30,28,0.09427112581343854,0.12144105540889392,9.269550718231107
Rat_education_Fernando,last_30,28,0.16594205515810567,0.2146679437157148,17.760408342878012
Rat_education_Francisca,last_30,28,0.21349064496563935,0.2701210068612292,22.47945861552188
Rat_education_Gricelda,last_30,28,0.23945394283732785,0.30635145217387094,24.105075912100936
Rat_education_Guillermo,last_30,28,0.1080534704190129,0.14127064884185436,10.354196223704323
Rat_education_Humberto,last_30,28,0.3091784092480281,0.4570079050304742,38.06746468956293
Rat_education_Irma,last_30,28,0.12739276906284247,0.16748736917891058,13.10249310889254
Rat_education_Jacob,last_30,28,0.11475346410752182,0.1433610003807153,11.358335717981817
Rat_education_Jame,last_30,28,0.15909793407591505,0.20565083259023317,15.611208984296104
Rat_education_Jeanne,last_30,28,0.14664062953898646,0.18769515615327506,14.540950246660481
Rat_education_Jena,last_30,28,0.10447516399016157,0.13881714299084397,9.96109611659576
Rat_education_Jesse,last_30,28,0.017812789312376585,0.021526886958404948,1.777714272363763
Rat_education_Kandice,last_30,28,0.5594412787113048,0.672025672610573,85.1751439394438
Rat_education_Kathryn,last_30,28,0.09402824292300806,0.13077313939466736,9.846216548602975
Rat_education_Keith,last_30,28,0.11880396288117771,0.14562989088316566,12.278905581720483
Rat_education_Kelsey,last_30,28,0.11126476531601805,0.13981128730752299,11.023208457206136
Rat_education_Lee,last_30,28,0.13717085199342777,0.16980478465042192,14.05945733905099
Rat_education_Leonardo,last_30,28,0.2356179272511709,0.29003487973782016,24.53256816795851
Rat_education_Lincoln,last_30,28,0.1363956216867542,0.1716888390905621,13.688763269789256
Rat_education_Liz,last_30,28,0.1598274550386869,0.2033318392484634,15.744663334678066
Rat_education_Lonnie,last_30,28,0.18564532942372677,0.2595745014260744,17.4954658266703
Rat_education_Lynn,last_30,28,0.11912286201160152,0.14950609862955294,11.651049116101287
Rat_education_Marcos,last_30,28,0.08740676901383145,0.11715880668719897,8.348470689627085
Rat_education_Marianna,last_30,28,0.1936854516427986,0.2573314868506967,19.486840435944483
Rat_education_Maricela,last_30,28,0.11223312621564766,0.14887224795218504,12.871650053140748
Rat_education_Marvin,last_30,28,0.29200821614753647,0.3909576080288781,33.18596867894212
Rat_education_Meghan,last_30,28,0.17278597385941358,0.24198634907834515,17.391283888665264
Rat_education_Milagros,last_30,28,0.2620363858939914,0.34411813432364047,29.452694807483333
Rat_education_Mona,last_30,28,0.14228902832002588,0.18731864167247206,14.704356032148278
Rat_education_Morton,last_30,28,0.11899453317483465,0.15255818588841713,12.522265432193489
Rat_education_Mose,last_30,28,0.19803472716984674,0.24897436733198916,20.445559757582483
Rat_education_Nellie,last_30,28,0.08408901095661547,0.11443271153876759,7.93388631171192
Rat_education_Nona,last_30,28,0.19296071941358875,0.2739059381582663,18.205870777353546
Rat_education_Nydia,last_30,28,0.14563411184397568,0.1885202883547899,13.772882972347364
Rat_education_Pat,last_30,28,0.014062683090247507,0.017755762380916435,1.4034253577628422
Rat_education_Patty,last_30,28,0.08617083885883042,0.10700381170793992,8.467169811733125
Rat_education_Paula,last_30,28,0.11631840644807638,0.14143099587697067,11.657554032722398
Rat_education_Renee,last_30,28,0.13874853120294023,0.1774376644085788,14.077404922501483
Rat_education_Robyn,last_30,28,0.11278200749736232,0.1456501864041151,11.580723864497624
Rat_education_Rogelio,last_30,28,0.14363774271049254,0.18103409354932662,14.16689821895116
Rat_education_Rosalyn,last_30,28,0.1684928944751243,0.20736047972378122,16.592394771770678
Rat_education_Royal,last_30,28,0.10125577147887274,0.1498832249419568,9.80943250440147
Rat_education_Salvatore,last_30,28,0.10168236845272173,0.1281757396329632,10.374602162035233
Rat_education_Shellie,last_30,28,0.12291535919141575,0.16208828072167988,13.031345212469164
Rat_education_Sherwood,last_30,28,0.14476388844552568,0.19956083054070808,14.59999161278111
Rat_education_Sina,last_30,28,0.09316786737959334,0.11445095012206828,9.108262270142326
Rat_education_Stuart,last_30,28,0.1476402864920527,0.19042895307188124,14.450812572681354
Rat_education_Tania,last_30,28,0.25088460602282386,0.31797363455903993,42.305476241262376
Rat_education_Terese,last_30,28,0.127488005370623,0.16949680903130224,12.678049219613802
Rat_education_Theo,last_30,28,0.11754965681129942,0.1643553259184484,24.085728695121954
Rat_education_Tim,last_30,28,0.14116682641140693,0.19581181901351494,13.860986123911085
Rat_education_Tristan,last_30,28,8.852665240948845e-05,9.323007949056178e-05,0.008852665240948845
Rat_education_Ulrike,last_30,28,0.1254009866662478,0.1564033624316038,12.005507067566294
Rat_education_Verna,last_30,28,0.1538926342227281,0.19360756041452573,16.041066750213172
Rat_education_Vicky,last_30,28,0.1772573231659794,0.2283288107897932,21.195027399564793
Rat_education_Willie,last_30,28,0.13464460007142046,0.17708579972171182,14.169727164125966
Rat_education_Willy,last_30,28,9.904872240483471e-06,1.016766424262637e-05,0.0009904872240483471
Rat_education_Wilmer,last_30,28,0.17170613394818537,0.21048179927811803,17.163896636861946
Rat_education_Winnie,last_30,28,0.15773381131322003,0.20783355957877683,14.821976118521366
Rat_education_Yu,last_30,28,0.1320304224262572,0.16794734949461965,12.81484321308462
Rat_education_Zina,last_30,28,0.19917487707377546,0.2735842943405108,21.28748499559097
Rat_education_Zoe,last_30,28,0.1762787694991654,0.2167223232960088,19.004297071760515
Rat_health_Gaye,last_30,28,0.1380166326901881,0.17849540130934952,13.318801812445958
Rat_health_Guy,last_30,28,0.05023346306871452,0.07237469706841898,19.592904338077695
Rat_health_Mildred,last_30,28,0.21450628181273956,0.26857948725954106,22.286257391664297
Rat_health_Rosaria,last_30,28,0.14443414011939232,0.1829822506863515,14.490601007007973
Rat_health_Shane,last_30,28,0.06307194499457691,0.0976320604094203,7.190457117184236
Rat_health_Tanya,last_30,28,0.09354379941722776,0.12158860176708837,8.945473668438012
Rat_lodging_Ardell,last_30,28,0.12071082052773043,0.15488666754245722,12.197829699883869
Rat_lodging_Ben,last_30,28,0.0623297109356631,0.07884201134386752,6.1283846254476675
Rat_lodging_Christine,last_30,28,0.11550072863822367,0.15103076782901204,11.83211072445816
Rat_lodging_Dwight,last_30,28,0.26966703464573705,0.33508781708807744,29.291741809824067
Rat_lodging_Jeannette,last_30,28,0.27139400960681853,0.3270865755506866,28.162512847626893
Rat_lodging_Lorenzo,last_30,28,0.40378020125421343,0.5327297021171086,161.13926647851494
Rat_lodging_Marguerite,last_30,28,0.22438561186713005,0.2806904233950029,22.7175699350282
Rat_lodging_Marion,last_30,28,0.17662099462572445,0.22104323772383908,17.46220479897891
Rat_lodging_Ted,last_30,28,0.32476478307585144,0.44416522983852774,49.791379589376
Rat_office_Adele,last_30,28,0.19420593211100332,0.2908345726384624,22.98743327583258
Rat_office_Annis,last_30,28,0.07141725437681136,0.09255310556558771,6.969703674381105
Rat_office_Arron,last_30,28,0.09980021926320139,0.13469387892737192,10.174853644820622
Rat_office_Avis,last_30,28,0.2702145960426381,0.3883992553667228,1252.876143207936
Rat_office_Chris,last_30,28,0.11898959079062521,0.14424964452492559,11.714765347565393
Rat_office_Colby,last_30,28,0.08226042019583442,0.13455482541788238,65.4784116814147
Rat_office_Craig,last_30,28,0.048324546698258336,0.06106022324915327,4.817532911737755
Rat_office_Jacinta,last_30,28,0.059892601086903016,0.08653834996347762,5.743063336550656
Rat_office_Jamal,last_30,28,0.1748007679300448,0.2335128328463496,19.579165337642504
Rat_office_Jeannie,last_30,28,0.19586837355396153,0.2626357215369461,19.259636538353565
Rat_office_Jessica,last_30,28,0.08293413102866988,0.1134155265328709,9.080122939070948
Rat_office_Jill,last_30,28,0.5506962495045723,0.8161094998520698,145.57127299709614
Rat_office_Kasey,last_30,28,0.20544756689044577,0.2569201779282717,21.026895833031368
Rat_office_Lora,last_30,28,0.2237581414044573,0.31878578477522684,20.162454081939956
Rat_office_Loyd,last_30,28,0.1087926091656879,0.14492111468371058,10.831589403005022
Rat_office_Mei,last_30,28,0.1482994036792301,0.19278755600265246,14.858794782498686
Rat_office_Olivia,last_30,28,0.15047951517082572,0.21782053499574328,16.051467059652165
Rat_office_Ramiro,last_30,28,0.01760050405718467,0.021479436515999328,1.7464645684911282
Rat_office_Randy,last_30,28,0.12030964772366261,0.16162144727306893,12.632488765417014
Rat_office_Ronald,last_30,28,0.12309498688878083,0.15778146618756073,12.467811271778375
Rat_office_Rosemary,last_30,28,0.13188836253046438,0.1748130105516878,14.206097476224617
Rat_office_Sammy,last_30,28,0.15085111964985765,0.1891146069337256,16.276184894906777
Rat_office_Tracy,last_30,28,0.08899138784362771,0.1166002312533156,8.939012700326161
Rat_other_Al,last_30,28,0.10591304354228173,0.15611714397116327,10.045451257333395
Rat_other_Daphne,last_30,28,0.30255006631210496,0.4172288549424224,29.109513636540136
Rat_other_Hazel,last_30,28,0.037126948699942104,0.04545106739154173,3.6456867024338235
Rat_other_Lan,last_30,28,0.12513946697863565,0.15655651174163204,25.714665608872373
Rat_parking_Ronnie,last_30,28,0.32257583754209734,0.3990467202363663,36.040879780560296
Rat_public_Alanna,last_30,28,0.22836998080618925,0.3293457892189305,26.618568196075348
Rat_public_Allie,last_30,28,0.18610675733376336,0.2353103085886145,18.811054924055007
Rat_public_Allyson,last_30,28,0.18543678618284895,0.25205825920211544,17.9897429322668
Rat_public_Amber,last_30,28,0.3281496875987676,0.4237057073146297,36.56614427723339
Rat_public_Angelina,last_30,28,0.08083300169071451,0.1026754972648982,8.175825016690926
Rat_public_Angle,last_30,28,0.09229899802564207,0.12003191050032623,8.973873889142554
Rat_public_Becky,last_30,28,0.10707917892311407,0.13311773579790476,10.987709570024393
Rat_public_Berry,last_30,28,0.040361643921745356,0.052862317346514705,3.980722365777354
Rat_public_Bronwyn,last_30,28,0.059278702695841866,0.07449746867198648,5.892398247103144
Rat_public_Carole,last_30,28,0.08708559809686635,0.11033841731722868,8.790720827913413
Rat_public_Caroline,last_30,28,0.08483095072597005,0.11140003777757537,8.778181602076515
Rat_public_Chrissy,last_30,28,0.22205871645886702,0.27417730904837023,20.599835536395243
Rat_public_Clyde,last_30,28,0.18775479215840313,0.24028502760754164,17.911205405185783
Rat_public_Corinne,last_30,28,0.08198383118489233,0.106550832914934,7.955866177113025
Rat_public_Courtney,last_30,28,0.13899068707755566,0.18799812968709817,13.102316626757545
Rat_public_Dalia,last_30,28,0.04784010219530458,0.059462200457547056,4.699897324216345
Rat_public_Damon,last_30,28,0.09125307421796024,0.11712656042960361,9.106538319867163
Rat_public_Deidre,last_30,28,0.12490598277598376,0.15672149157448056,12.372787009559875
Rat_public_Desiree,last_30,28,0.11784109732015254,0.14951842479473762,11.998596828524114
Rat_public_Dexter,last_30,28,0.11649013543879239,0.15187808996983912,11.014189886390643
Rat_public_Duane,last_30,28,0.393109904949941,0.44754462491861163,45.84546404117608
Rat_public_Elmira,last_30,28,0.09245297096227076,0.11491244371374613,9.342146148870176
Rat_public_Emilee,last_30,28,0.20234262915089338,0.2634497251842252,21.81270093542116
Rat_public_Faye,last_30,28,0.14306468107553535,0.18216106748440958,14.138053176413404
Rat_public_Fern,last_30,28,0.0466120715886167,0.05730684805008653,4.65160990691755
Rat_public_Frank,last_30,28,0.2941446689858309,0.4072653733580431,33.99874699334768
Rat_public_Frederick,last_30,28,0.08301939544453966,0.10369283521630575,7.968929554126262
Rat_public_Fredrick,last_30,28,0.20569579841146204,0.25534809396769464,21.54033656458736
Rat_public_Grover,last_30,28,0.05102513022544888,0.06437016515135302,5.125107619353634
Rat_public_Helena,last_30,28,0.23280110125463369,0.28884618154878483,23.69798126289881
Rat_public_Hortencia,last_30,28,0.12359981493403746,0.16401327706242094,13.994055561016678
Rat_public_Isabel,last_30,28,0.10250964933422183,0.13003188097537352,11.14333714610358
Rat_public_Jason,last_30,28,0.16347824744166617,0.22038080093047288,15.780674161973373
Rat_public_Joann,last_30,28,0.11477932847685592,0.1504472767475352,11.573565221464776
Rat_public_Johnna,last_30,28,7.546587978560735e-05,8.558738524462797e-05,0.007546587978560736
Rat_public_Johnny,last_30,28,0.09623879618436211,0.11927369664920282,9.70679951832728
Rat_public_Josiah,last_30,28,0.06113787301013388,0.07911134437235506,5.984362128180939
Rat_public_Julieann,last_30,28,0.13856017886367533,0.16947324765184774,14.6271219034433
Rat_public_Kathleen,last_30,28,0.20279126352420754,0.25949138948404066,18.155699247664536
Rat_public_Kelle,last_30,28,0.1522448990849566,0.1889146409827059,15.394493522790626
Rat_public_Kelly,last_30,28,0.09617524310573573,0.11727685886413329,10.117387175617127
Rat_public_Kermit,last_30,28,0.17021486282976253,0.23373272191359634,16.93108275123915
Rat_public_Kimber,last_30,28,0.22254460773975124,0.3035990751369368,33.80294153296372
Rat_public_Laura,last_30,28,0.0631757608907652,0.07829559141705197,6.3092823662258395
Rat_public_Laurie,last_30,28,0.07176549777469678,0.08563067374756078,7.282616618091405
Rat_public_Laverne,last_30,28,0.12951695795835866,0.15992778215947528,13.737609044637647
Rat_public_Lea,last_30,28,0.046998573080671055,0.07077850405863745,4.6509188445324465
Rat_public_Leo,last_30,28,0.10818891381482645,0.1424994928703887,10.402711010144705
Rat_public_Leta,last_30,28,0.1114025793453476,0.1400259387622255,10.900724406836991
Rat_public_Lloyd,last_30,28,0.0686913861212167,0.08433214596690702,6.854503102931952
Rat_public_Loretta,last_30,28,0.06034906196912734,0.07539776501006777,5.863505685060882
Rat_public_Lynda,last_30,28,0.11428443731330488,0.14464708877560037,11.479533892591508
Rat_public_Mabel,last_30,28,0.07083838705465198,0.08899813460003345,6.945926203885626
Rat_public_Marcellus,last_30,28,0.16397980477027227,0.22285515988389804,16.44378057524385
Rat_public_Margart,last_30,28,0.12204233627932497,0.16725032837215792,12.920603968846967
Rat_public_Mark,last_30,28,0.1726204648348653,0.2170187672778945,18.879315639555433
Rat_public_Michael,last_30,28,0.14467383077916765,0.1864323593057954,15.589585065373871
Rat_public_Michelle,last_30,28,0.23515638960938992,0.3920431088355323,29.556329264941926
Rat_public_Muriel,last_30,28,0.15268985020573286,0.20141592928440516,15.630485234355124
Rat_public_Nancy,last_30,28,0.10803824374789377,0.13893601304730577,10.804640989912361
Rat_public_Neil,last_30,28,0.11106051013802978,0.14927690426353413,10.516444466034073
Rat_public_Nell,last_30,28,0.04300895507002122,0.05499769382850908,4.28381261762631
Rat_public_Nelson,last_30,28,0.1483150569163285,0.1852676768181755,15.350690698121653
Rat_public_Norene,last_30,28,0.49070660181950193,0.6336239486976379,50.57161200998592
Rat_public_Ramon,last_30,28,0.19247607813557333,0.2612119627284467,18.0898079971673
Rat_public_Ramona,last_30,28,0.2133491214368528,0.2895570846528921,18.792744542544447
Rat_public_Roberta,last_30,28,0.10499437876714006,0.12884858249307696,10.448159113394732
Rat_public_Roma,last_30,28,0.2928549700890809,0.38635252143360077,40.167606474111885
Rat_public_Sade,last_30,28,0.08243189599629487,0.10070046561920874,8.529453381182247
Rat_public_Sana,last_30,28,,,107966850434.11949
Rat_public_Sean,last_30,28,0.13081479540143337,0.1560059621926221,13.448142098493173
Rat_public_Shanta,last_30,28,0.09091360807932354,0.11622183006997479,9.187497338599176
Rat_public_Sharonda,last_30,28,0.10770452021436953,0.14437626533224923,12.281017254691383
Rat_public_Sharron,last_30,28,0.0728064624278234,0.09246342334906327,7.400362681159783
Rat_public_Stacey,last_30,28,0.14508742244636677,0.19951020311449807,13.828622740786406
Rat_public_Stella,last_30,28,0.05683762569427325,0.07315175434477598,5.706872827586057
Rat_public_Sue,last_30,28,0.15018731021797946,0.20256461943162618,16.908530978046084
Rat_public_Tammara,last_30,28,0.14045667925359662,0.1825429046799131,15.043852652692077
Rat_public_Tamra,last_30,28,0.10551894187332123,0.13401663358754318,10.182011499421693
Rat_public_Tommy,last_30,28,0.06767579452738376,0.08467914196751138,6.96936138850406
Rat_public_Toya,last_30,28,0.3414702420036841,0.4437562662786523,39.08817323737199
Rat_public_Tricia,last_30,28,0.23877993353052407,0.29815608652962927,26.554336923861264
Rat_public_Vickie,last_30,28,0.14116400478907684,0.17701638722260973,15.103751667877694
Rat_public_Wilbur,last_30,28,0.09144777354734526,0.10813045755786994,8.996614465230646
Rat_public_Wilma,last_30,28,0.0967376132053787,0.1246541920470315,9.89202714754447
Rat_public_Yessenia,last_30,28,0.1618750426454352,0.2130201660686692,16.942176685014335
Rat_religion_Kathy,last_30,28,0.36971767224542185,0.4672990054510026,46.87459540940318
Rat_retail_Jeffrey,last_30,28,0.2470737860940847,0.3279175112459399,26.913421054347104
Rat_warehouse_Breanna,last_30,28,0.09476350697103877,0.14438562002563848,12.451517342605412
Rat_warehouse_Doretta,last_30,28,0.0770104808399931,0.10151973547305876,7.573416421220392
Rat_warehouse_Eloisa,last_30,28,0.2532740148690356,0.31187706880492144,27.64759848882984
Rat_warehouse_Maegan,last_30,28,0.24158746726828503,0.2836660354242008,26.091231256305424
Rat_warehouse_Shari,last_30,28,0.14897391935063944,0.1934419882181092,15.164001073815308
Robin_assembly_Colleen,last_30,28,0.2648593882371732,0.33090097087414644,34.21776430962857
Robin_education_Audrea,last_30,28,0.10246248615564796,0.12737180822972186,10.515174026178235
Robin_education_Billi,last_30,28,0.2823729982547502,0.3950579281826768,34.09236055268221
Robin_education_Cecilia,last_30,28,0.40501361121992663,0.5117732125408999,48.79798273668752
Robin_education_Della,last_30,28,0.4251290405905675,0.5207174010113701,147.50446955062765
Robin_education_Derick,last_30,28,0.08883846612115157,0.11070983087400729,8.936844219127673
Robin_education_Derrick,last_30,28,0.10115201331187676,0.12770256396372878,10.577432127872619
Robin_education_Jasper,last_30,28,0.06584725150707366,0.0953742774361972,7.053913297650517
Robin_education_Julius,last_30,28,0.11393602504015624,0.16844664161650508,11.915028026527343
Robin_education_Karyl,last_30,28,0.16257390474450806,0.20764386542811636,18.22655914577018
Robin_education_Kiera,last_30,28,0.2562611065654317,0.33068332404224965,28.05790829166897
Robin_education_Kristopher,last_30,28,0.06561932378584495,0.09043594939529111,6.515083373652161
Robin_education_Lashandra,last_30,28,0.14337146347439425,0.18438366077202442,15.900283551779687
Robin_education_Leslie,last_30,28,0.10344601285082865,0.13065607327949214,10.804410589702899
Robin_education_Lizbeth,last_30,28,0.062243776294937485,0.09269885354565555,6.813814886011318
Robin_education_Madeline,last_30,28,0.0743035312000479,0.09249676612968076,7.595335244995566
Robin_education_Margarito,last_30,28,0.03544625516215023,0.051736054125903756,3.6053047067307706
Robin_education_Megan,last_30,28,0.09696379127917455,0.12027508095241016,9.967387288233986
Robin_education_Mercedes,last_30,28,0.12921232276995415,0.15435645807432105,14.536757287722105
Robin_education_So,last_30,28,0.09097451505565057,0.1289828646092276,9.832764205981485
Robin_education_Takako,last_30,28,0.15999597603805746,0.2073482173140358,16.101927415156606
Robin_education_Terrance,last_30,28,0.06694688380354284,0.09707958073155325,7.0413964426475895
Robin_education_Zenia,last_30,28,0.05995094893123559,0.08809537323294704,6.174733822402943
Robin_lodging_Armand,last_30,28,0.19218076729898156,0.2605583452858643,22.086101234621168
Robin_lodging_Celia,last_30,28,0.2919821833017271,0.41037959029344545,34.93652998656247
Robin_lodging_Donna,last_30,28,0.19175532706802886,0.23308261471904018,21.44546765598414
Robin_lodging_Dorthy,last_30,28,0.10486982275487644,0.13407915792815306,10.8293000457453
Robin_lodging_Elmer,last_30,28,0.15357571969641182,0.21071097799355012,17.64912834113024
Robin_lodging_Janie,last_30,28,0.1635964472923534,0.20961208483064234,18.459065840488602
Robin_lodging_Oliva,last_30,28,0.3419823505426779,0.4461511499613514,43.130015952430675
Robin_lodging_Phillip,last_30,28,0.27944699193542555,0.3711970885185524,39.359704813104265
Robin_lodging_Pricilla,last_30,28,0.1721322202239721,0.22103295132935083,19.41922234002138
Robin_lodging_Renea,last_30,28,0.191868031137905,0.2545864471909633,21.56449735728845
Robin_office_Addie,last_30,28,0.1922632906087942,0.2534652405721105,26.782187769261945
Robin_office_Adolph,last_30,28,0.20688160338535982,0.25925869477394653,21.475191264248853
Robin_office_Antonina,last_30,28,0.057562071725377174,0.09190140301183786,6.09396914508612
Robin_office_Dina,last_30,28,0.1786250316952846,0.2256607709435502,18.356491232108095
Robin_office_Donald,last_30,28,0.19415460163826148,0.2378487229937967,21.688380606261585
Robin_office_Gayle,last_30,28,0.37923790608550323,0.4854956825103554,48.244358908471696
Robin_office_Lindsay,last_30,28,0.12986538084097277,0.16679181274357321,13.14601040112498
Robin_office_Maryann,last_30,28,0.104225756184397,0.13923606796845994,11.237920302050826
Robin_office_Sammie,last_30,28,0.11326359661596519,0.15218970587444913,11.817340809088146
Robin_office_Saul,last_30,28,0.27541198273673484,0.3330409533967647,35.624169531108556
Robin_office_Serena,last_30,28,0.19425012230977998,0.2772039229943556,29.960248111207665
Robin_office_Shirlene,last_30,28,0.24377775498639348,0.30329740562812,27.978536902525896
Robin_office_Soledad,last_30,28,0.30670151210447066,0.3895995892270854,33.99827472708586
Robin_office_Victor,last_30,28,0.23064640893307164,0.29589875194062587,24.694262109293717
Robin_office_Wai,last_30,28,0.11448774837889959,0.1805353061836632,12.12164444804756
Robin_office_Zelma,last_30,28,0.17869433321927447,0.2701248889568224,21.119804437028314
Robin_public_Cami,last_30,28,0.20502645555767696,0.25095858858830705,24.029882446870822
Robin_public_Carolina,last_30,28,0.20763457509230307,0.2540288049353823,24.830384645587397
Swan_unknown_Allison,last_30,28,0.2683911172466129,0.44316335161823683,37.065914623917365
Swan_unknown_Andres,last_30,28,0.20988530440914688,0.29882371205146774,551.2088452392244
Swan_unknown_Bette,last_30,28,0.14785574426956946,0.21796175384391137,15.704163963138667
Swan_unknown_Christoper,last_30,28,0.13872165366461991,0.19241062658146801,14.490169714394865
Swan_unknown_Douglas,last_30,28,0.06844379761899395,0.09546622492107773,7.277135833299712
Swan_unknown_Esteban,last_30,28,0.08598683793206863,0.11282138315451888,8.899832322744466
Swan_unknown_Fabian,last_30,28,0.21453405438395884,0.26543901285216653,27.267609392109133
Swan_unknown_Ike,last_30,28,0.2751859264312238,0.38931769526882715,36.80831271997314
Swan_unknown_Isaiah,last_30,28,0.20060751212303965,0.27753257358229144,25.296516331163826
Swan_unknown_Jan,last_30,28,0.05386676147271615,0.07961374295704467,5.574551761004125
Swan_unknown_Jerold,last_30,28,0.03277065858162755,0.04404522899176074,3.347252889391491
Swan_unknown_Noelia,last_30,28,0.18593317873294465,0.23491503600327093,21.224976686417342
Swan_unknown_Raquel,last_30,28,0.08950973776316233,0.1256902805982846,9.379624667259423
Swan_unknown_Reyna,last_30,28,0.24349222448910382,0.33950668492066355,34.081754028207115
Swan_unknown_Rocco,last_30,28,0.014947525435017536,0.026327055419930336,1.5398788339602554
Swan_unknown_Rudy,last_30,28,0.05443405310111638,0.06531453329602999,5.559062843600117
Swan_unknown_Tom,last_30,28,0.22211247436492693,0.3554208282559104,26.622780428825315
Swan_unknown_Valeria,last_30,28,0.05996490072641738,0.07499292498659121,5.923846210360489
Swan_unknown_Wendy,last_30,28,0.10653743049775637,0.1402638200079924,12.13263559526219
Wolf_assembly_Elaine,last_30,28,0.6865491319905435,0.9786986420369557,93.57649160796481
Wolf_assembly_Sallie,last_30,28,0.16971988973230293,0.2416343252225144,21.391590070850334
Wolf_education_Anisa,last_30,28,0.5660867447029646,0.7322608343866898,77.64424259170623
Wolf_education_Arnulfo,last_30,28,0.39781936080595326,0.5317840769705182,51.53083972681074
Wolf_education_Bobby,last_30,28,0.44239483342068886,0.5674625514140803,56.07536668386547
Wolf_education_Cheryl,last_30,28,0.3444229267996338,0.47210893779042595,39.30854821679344
Wolf_education_Clarissa,last_30,28,0.23202173656951086,0.3113718976739117,25.771667080381576
Wolf_education_Cody,last_30,28,0.9183815917206355,1.224520184072471,176.65185022613804
Wolf_education_Dolores,last_30,28,0.37667129218225454,0.514471314856947,42.48133319298863
Wolf_education_Dorris,last_30,28,0.15756158435316,0.21340488192858859,17.618874558219495
Wolf_education_Eulalia,last_30,28,0.4292703509336533,0.5438651592510044,60.00777023455267
Wolf_education_Joaquin,last_30,28,0.10168349570860877,0.12991876663638266,10.590706435211967
Wolf_education_Josefa,last_30,28,0.39415579208551177,0.5139534281374557,49.534623530443724
Wolf_education_Katie,last_30,28,0.25715928223082923,0.3531134966210875,28.17151204952254
Wolf_education_Laurinda,last_30,28,0.26651049628543666,0.3535605436396765,29.74489346278231
Wolf_education_Loren,last_30,28,0.22315894704126307,0.2968609432554434,23.844545017700526
Wolf_education_Miguel,last_30,28,0.40223092960205475,0.5707146950424655,55.1185166756378
Wolf_education_Roderick,last_30,28,0.45640121066730815,0.6043023259787251,153.86248835019322
Wolf_education_Tammie,last_30,28,0.19573372666140143,0.27831905765372955,21.807841416396823
Wolf_education_Tori,last_30,28,0.23864200512456646,0.3121133899712507,25.75873146173343
Wolf_education_Ursula,last_30,28,0.283187167197032,0.36380961489863606,31.432026266642442
Wolf_education_Vivian,last_30,28,0.33413281013626345,0.44113968836526235,41.799116598699285
Wolf_office_Bobbie,last_30,28,0.28563410261519695,0.39603127219851264,32.99071663707293
Wolf_office_Cary,last_30,28,0.15148095433011693,0.20717718474415087,15.311309906662718
Wolf_office_Darleen,last_30,28,0.2961837597996524,0.41781663803506386,36.105316380570365
Wolf_office_Elisabeth,last_30,28,0.06157496604325399,0.08191729452457794,6.207023929415208
Wolf_office_Emanuel,last_30,28,0.37340830432023486,0.5045330779778359,56.04988945201935
Wolf_office_Haydee,last_30,28,0.5697536353780126,0.7688091886273939,81.49654938251186
Wolf_office_Joana,last_30,28,0.1961862437526436,0.2501578451193401,23.535372028089668
Wolf_office_Nadia,last_30,28,0.20258709815384135,0.2682225133871292,21.412451774805195
Wolf_office_Rochelle,last_30,28,0.5157026447900835,0.6909983503264047,480.4228026613764
Wolf_public_Norma,last_30,28,0.46498313300888805,0.6438211569754269,67.64209609898893
Wolf_retail_Harriett,last_30,28,0.42060389524428826,0.5517945659631218,1118.405263573712
Wolf_retail_Marcella,last_30,28,0.3272900809045403,0.41508964069728693,37.11905806341817
Wolf_retail_Toshia,last_30,28,0.6026057735135674,0.8118628194991566,112.1207169574387
Wolf_science_Alfreda,last_30,28,0.094568826275014,0.12341354639920904,9.649544617604196
