building_id,model,n_origins,nmae,nrmse,mape,ncrps
Bear_assembly_Angel,chronos_bolt_small,28,0.119128864299544,0.1786238084067406,11.28242466117862,0.09504464895055
Bear_assembly_Beatrice,chronos_bolt_small,28,0.2989102627787091,0.4704760482678926,68.31898622965106,0.4070737315585319
Bear_assembly_Danial,chronos_bolt_small,28,0.0525799719694752,0.0716767840704091,5.267897456545371,0.04201508385211
Bear_assembly_Genia,chronos_bolt_small,28,0.1172030586731601,0.2170220065430909,10.123775621087546,0.0915693453438541
Bear_assembly_Harry,chronos_bolt_small,28,0.1765668643988772,0.2716630980520195,17.351752860210645,0.1391788085498718
Bear_assembly_Jose,chronos_bolt_small,28,0.0502816406825648,0.0647295237651082,5.05577304597099,0.0388270713286025
Bear_assembly_Roxy,chronos_bolt_small,28,0.0525564644199694,0.1182199044382678,26.288115136240336,0.0488318593213169
Bear_assembly_Ruby,chronos_bolt_small,28,0.0346074126464896,0.0507987061494142,3.3480867760531217,0.0266195054835579
Bear_education_Alvaro,chronos_bolt_small,28,0.0446304125762204,0.0599141540690428,4.396374172799406,0.0349012882071444
Bear_education_Augusta,chronos_bolt_small,28,0.0597835235197994,0.1445929055161554,6.892326897961946,0.057565570248234
Bear_education_Austin,chronos_bolt_small,28,0.1301154153177988,0.289867250503697,17.20630600317262,0.1297406536734106
Bear_education_Babara,chronos_bolt_small,28,0.0249888836603649,0.0352480052032793,2.4555578895686905,0.0187311137022444
Bear_education_Benita,chronos_bolt_small,28,0.0144337304807679,0.0212690240981535,1.42252785561463,0.0113048101503151
Bear_education_Bob,chronos_bolt_small,28,0.057288248027671,0.089192491191948,6.112837692560028,0.0481835034477417
Bear_education_Bulah,chronos_bolt_small,28,0.0261449939071525,0.0354634506870247,2.570452712773557,0.0201809621653653
Bear_education_Carlo,chronos_bolt_small,28,0.1671621983703505,0.324827311307551,21.751476058885142,0.1755793139206528
Bear_education_Chad,chronos_bolt_small,28,0.0246943985188106,0.0353959235569076,2.5099232303890857,0.0196886752817927
Bear_education_Chana,chronos_bolt_small,28,0.0483826290246034,0.0779961359215314,4.58394539200657,0.0374794302327863
Bear_education_Chun,chronos_bolt_small,28,0.1019170465434229,0.1549831185819759,9.839400956535206,0.0757976624878214
Bear_education_Clint,chronos_bolt_small,28,0.0474845607221829,0.0680785069293491,4.538628912757484,0.0367522004554036
Bear_education_Curtis,chronos_bolt_small,28,0.0317467249240355,0.0517041188884157,3.097730715431247,0.0264075490961802
Bear_education_Danna,chronos_bolt_small,28,0.0779156717509351,0.1335622223571471,8.327278579612782,0.0658482282199886
Bear_education_Darrell,chronos_bolt_small,28,0.1130002825178054,0.2512532127903351,12.12011396386515,0.1068016833639649
Bear_education_Deena,chronos_bolt_small,28,0.1069566189154446,0.1569050063066328,10.860415231471809,0.0867718423899965
Bear_education_Derek,chronos_bolt_small,28,0.0812665953976709,0.2159499556392969,270.9804614831345,1.5682680317536282
Bear_education_Destiny,chronos_bolt_small,28,0.1007624285741827,0.140195542697701,10.07732240409102,0.0815724002416683
Bear_education_Elise,chronos_bolt_small,28,0.155334720257399,0.2311995808152133,16.287002486397718,0.1304080767627928
Bear_education_Fannie,chronos_bolt_small,28,0.0217587779361081,0.0341436432173017,2.090868697499519,0.0167029139911922
Bear_education_Gavin,chronos_bolt_small,28,0.0314547261099933,0.0402233604843742,3.1388208214233453,0.0243601500698008
Bear_education_Herb,chronos_bolt_small,28,0.0969628562638822,0.1627446691952633,10.300339540824211,0.0824460239556337
Bear_education_Irene,chronos_bolt_small,28,0.0879847192642022,0.2720685827477553,6.078537737662382,0.0620420205535714
Bear_education_Iris,chronos_bolt_small,28,0.0968259503172931,0.1736371293733762,12.229803942356265,0.0971753301298589
Bear_education_Katy,chronos_bolt_small,28,0.0709176298390818,0.1040904680015754,6.750723279720175,0.055721422830495
Bear_education_Lashanda,chronos_bolt_small,28,0.1060138306914727,0.1614064356858433,11.516905773592644,0.0930017601158484
Bear_education_Laurette,chronos_bolt_small,28,0.0235409795299607,0.0332589794014553,2.2950288920508504,0.0185553166427809
Bear_education_Leonel,chronos_bolt_small,28,0.09764711609745,0.149095590790323,10.652887187033144,0.0839842428315244
Bear_education_Lewis,chronos_bolt_small,28,0.0738946453475745,0.1423829449378313,8.65453486607011,0.0692118534883116
Bear_education_Lidia,chronos_bolt_small,28,0.0974488883426978,0.1506122468599537,9.2945737680051,0.0741775559205528
Bear_education_Lila,chronos_bolt_small,28,0.0263233581553488,0.0370144289864221,2.700608704864878,0.0214554323127705
Bear_education_Liliana,chronos_bolt_small,28,0.0209901081963481,0.0300899880732544,2.089063351149324,0.0166149749221323
Bear_education_Lorie,chronos_bolt_small,28,0.0328495726401843,0.0454003661931641,3.161816418153302,0.0253499975481127
Bear_education_Mara,chronos_bolt_small,28,0.0129433284432544,0.0189509302910739,1.2839683649855749,0.0101895496616838
Bear_education_Marie,chronos_bolt_small,28,0.0817236961291023,0.176568576510365,10.081854987808054,0.0802425609652879
Bear_education_Marsha,chronos_bolt_small,28,0.0414697656673292,0.0810742507399591,4.249700104230868,0.034486510575922
Bear_education_Marta,chronos_bolt_small,28,0.1054284044285615,0.1547856115525237,12.55468046908176,0.0945995313534415
Bear_education_Maryjane,chronos_bolt_small,28,0.0515776616735594,0.0922188563300741,4.614639286808772,0.039447828450078
Bear_education_Merrill,chronos_bolt_small,28,0.1041518105560582,0.1357231278623556,10.699705160649168,0.0829282063826402
Bear_education_Nanette,chronos_bolt_small,28,0.0793871756277565,0.1061121585611899,8.030342627771805,0.0626954839559356
Bear_education_Oscar,chronos_bolt_small,28,0.0656523546655358,0.0993733978883599,6.942615604366875,0.0555575425683301
Bear_education_Owen,chronos_bolt_small,28,0.061283328079445,0.0956589994773412,6.593220624247589,0.0512862152524592
Bear_education_Paola,chronos_bolt_small,28,0.0858934552085025,0.1396617623799771,7.609377277062757,0.0681189057738784
Bear_education_Patricia,chronos_bolt_small,28,0.0199097123384929,0.0287480513936676,1.985869817924222,0.0160983918770942
Bear_education_Pattie,chronos_bolt_small,28,0.0268346525006585,0.0354530678048041,2.6726377612681524,0.0209703749362057
Bear_education_Rebecca,chronos_bolt_small,28,0.0290201415990176,0.0431326633443925,2.893702238282723,0.0231311927275264
Bear_education_Sandy,chronos_bolt_small,28,0.0863536532967672,0.1268900946410234,8.17902561379603,0.0704111358255564
Bear_education_Santos,chronos_bolt_small,28,0.1792253131287847,0.5292118468581332,17.053567640235503,0.1351889467864574
Bear_education_Sharon,chronos_bolt_small,28,0.0319014103115399,0.0492121549894258,3.196205696958443,0.0255428108199005
Bear_education_Shelley,chronos_bolt_small,28,0.053892128724028,0.1114896327383958,6.105783799460169,0.0496860058769766
Bear_education_Tara,chronos_bolt_small,28,0.1668803577294353,0.223011279172713,17.00073456076537,0.1287632599623401
Bear_education_Thuy,chronos_bolt_small,28,0.0668423210550783,0.1131078894635816,7.030233263774129,0.0554148880698162
Bear_education_Val,chronos_bolt_small,28,0.0262944978651106,0.0405510405748198,2.6024886048911937,0.0203667266023254
Bear_education_Wade,chronos_bolt_small,28,0.0981508176576236,0.1911729817237039,9.992068240142071,0.0866692435219307
Bear_education_Wilton,chronos_bolt_small,28,0.0196381562230124,0.0251953027238804,1.9612581019898767,0.0153471034255412
Bear_education_Wm,chronos_bolt_small,28,0.0548816524878021,0.089800404306187,5.718323977528388,0.0468237134501614
Bear_education_Yuri,chronos_bolt_small,28,0.091779855041882,0.2069148910962168,11.67045605405649,0.0939185160035669
Bear_education_Yvette,chronos_bolt_small,28,0.1402037042027677,0.2624726807779024,14.278249298659004,0.1153575631399416
Bear_education_Zandra,chronos_bolt_small,28,0.0065682279177176,0.0090621366523325,0.6520195353652838,0.0050960177679485
Bear_lodging_Dannie,chronos_bolt_small,28,0.1154943403554214,0.2137466814110357,10.266911176498228,0.0837672569574106
Bear_lodging_Erick,chronos_bolt_small,28,0.0704945203731331,0.0926960234703378,7.2129569001114415,0.0559620873664923
Bear_lodging_Esperanza,chronos_bolt_small,28,0.0911807755578017,0.1794413680762006,8.672584007219093,0.0711670895409473
Bear_lodging_Evan,chronos_bolt_small,28,0.0531857570484435,0.0871554215293535,5.1279520965109775,0.0422399691251767
Bear_parking_Bridget,chronos_bolt_small,28,0.1035837904922642,0.1590214296907818,10.172553933373006,0.0819546643892288
Bear_parking_Bruce,chronos_bolt_small,28,0.0267919231693688,0.039308327489019,2.6918625616373566,0.0212255350108364
Bear_public_Arlean,chronos_bolt_small,28,0.0617132190908355,0.0916382806558804,6.398933106116093,0.0521320128667406
Bear_public_Jocelyn,chronos_bolt_small,28,0.0398369325918332,0.0692935310427314,4.007085450344171,0.0323552213534963
Bear_public_Lowell,chronos_bolt_small,28,0.0365186733620671,0.0552607001744879,3.585709737684316,0.0303807413975862
Bear_public_Orville,chronos_bolt_small,28,0.0880652943297339,0.1726608112931522,9.522406571748656,0.0883032685720511
Bear_public_Rayna,chronos_bolt_small,28,0.1165736097866575,0.2300769778950595,17.52731362751172,0.130126982864056
Bear_public_Valorie,chronos_bolt_small,28,0.1109870997921905,0.1739486825050389,14.816437731573783,0.1168686976044064
Bear_science_Alison,chronos_bolt_small,28,0.0170372608386082,0.0231873738523202,1.702129704211653,0.0134512357266134
Bear_science_Eleanor,chronos_bolt_small,28,0.0597234751765137,0.0855280032194794,6.128252272768695,0.049078222396272
Bear_utility_Sidney,chronos_bolt_small,28,0.0155168415731406,0.0237075000017316,1.5287399925300051,0.0122907710738465
Bobcat_assembly_Adam,chronos_bolt_small,28,0.0881066848770736,0.1614755675852821,21.853397847087358,0.0704608781432706
Bobcat_assembly_Billy,chronos_bolt_small,28,0.1012654264412906,0.1608282435661734,22.4404505216566,0.0882584043398805
Bobcat_assembly_Camilla,chronos_bolt_small,28,0.0700809381313613,0.1438031350591735,34.71338687919483,0.0569821760034546
Bobcat_assembly_Franklin,chronos_bolt_small,28,0.3769071144975043,0.5836774553688272,274.69818285979875,0.3606338562959207
Bobcat_education_Alissa,chronos_bolt_small,28,0.0832530891349779,0.1385786315218663,8.124530225165692,0.0670384237332052
Bobcat_education_Angela,chronos_bolt_small,28,0.0663120826930454,0.1151025098521434,6.255441987782586,0.0531565565858538
Bobcat_education_Coleman,chronos_bolt_small,28,0.0758667276365949,0.1565398897838119,72.12414891782267,0.0638623824453791
Bobcat_education_Dylan,chronos_bolt_small,28,0.031168140410288,0.0746776847607253,3.054122668612833,0.0250654806802284
Bobcat_education_Hollis,chronos_bolt_small,28,0.0612088213235139,0.1282046147385264,32.451044244702764,0.0521905603243633
Bobcat_education_Jayne,chronos_bolt_small,28,0.1273067543693716,0.2222630089884444,22.03314416592287,0.1097859186514528
Bobcat_education_Marisha,chronos_bolt_small,28,0.0932091105952456,0.1500253835707467,22.15525005523921,0.0763944015018743
Bobcat_education_Monte,chronos_bolt_small,28,0.09300916273884,0.1556048806586983,17.220855616256156,0.0747566032158731
Bobcat_education_Rosalva,chronos_bolt_small,28,0.0876158602240825,0.1662344192266247,20.723929634058607,0.0778589406045684
Bobcat_education_Toni,chronos_bolt_small,28,0.0844335368275753,0.14914505479356,20.723323933259856,0.0698603634171786
Bobcat_education_Whitney,chronos_bolt_small,28,0.1145715633313561,0.1983779282110775,20.701618476077165,0.113305545661819
Bobcat_lodging_Darin,chronos_bolt_small,28,0.0712501409219559,0.1197019495222155,7.191053675526746,0.0594305628956982
Bobcat_lodging_Melaine,chronos_bolt_small,28,0.0650436652229356,0.0918313649895661,6.600543269352582,0.0523318367427386
Bobcat_lodging_Nickolas,chronos_bolt_small,28,0.0747770731158487,0.1046504665247745,7.42776344086559,0.0592732936388401
Bobcat_office_Alma,chronos_bolt_small,28,0.2612291891156884,0.406166033620207,294.8019040802836,0.234360146488214
Bobcat_office_Justine,chronos_bolt_small,28,0.1494673496471707,0.2228745156663719,18.104448610650984,0.1178647004601731
Bobcat_office_Kassandra,chronos_bolt_small,28,0.0347717773926941,0.0780808846684286,3.5062238144495024,0.0286097576441839
Bobcat_office_Melody,chronos_bolt_small,28,0.0610053504368314,0.0952224096543755,5.976569895926788,0.0485129487683394
Bobcat_office_Nikita,chronos_bolt_small,28,0.0608657814269575,0.1202948763803097,5.522608557669462,0.0483230329652479
Bobcat_other_Howard,chronos_bolt_small,28,0.4828048126644024,0.7556276279308974,124.00605885186415,0.3518737012875227
Bobcat_other_Jovita,chronos_bolt_small,28,0.1178482399969582,0.1751239658566175,12.545946406514776,0.0944862048151164
Bobcat_other_Timothy,chronos_bolt_small,28,0.167671052909205,0.3049758462384924,206.36641441550788,0.1536768180315561
Bull_assembly_Amalia,chronos_bolt_small,28,0.0890344283938924,0.1835991453219289,46.12443578869648,0.0859538352582118
Bull_assembly_Beau,chronos_bolt_small,28,0.2800046430370183,0.4330330737211643,76.75417907959722,0.2268516012822619
Bull_assembly_Brandon,chronos_bolt_small,28,0.0942036585522196,0.1546967368273927,88.44081135702373,0.0843103053598107
Bull_assembly_Daryl,chronos_bolt_small,28,0.1023318656121455,0.4099670003800928,51.14901295009437,0.0965705823915884
Bull_assembly_Dorethea,chronos_bolt_small,28,0.096133636727581,0.1966046155568992,110.90078060251392,0.0973646113710888
Bull_assembly_Freddie,chronos_bolt_small,28,0.190512327277122,0.295553783614964,69.44320139552926,0.1479637905193607
Bull_assembly_Gerri,chronos_bolt_small,28,0.1558256615008969,0.2760597056387714,107.27645312462546,0.1415242558833851
Bull_assembly_Gigi,chronos_bolt_small,28,0.1709003814785111,0.2776839919579149,68.64236093711288,0.1405090383342652
Bull_assembly_Goldie,chronos_bolt_small,28,0.1187709991002895,0.203960707485349,75.8751372471018,0.1034643622009651
Bull_assembly_Katia,chronos_bolt_small,28,0.1058219769418765,0.8544972904969261,47.60034563228448,0.0807181312392703
Bull_assembly_Lance,chronos_bolt_small,28,0.1004475237254159,0.8210675456416129,102.84971371957673,0.0752579132535884
Bull_assembly_Lesa,chronos_bolt_small,28,0.1577026906327636,0.2290369182320867,96.13852247558708,0.1290928054785794
Bull_assembly_Maren,chronos_bolt_small,28,0.165216202269882,0.8843523543508716,157.13329748692465,0.1728828530819945
Bull_assembly_Nathanial,chronos_bolt_small,28,0.1635588418691034,0.6783591848778592,432.6412454933,1865421404.3495011
Bull_assembly_Newton,chronos_bolt_small,28,0.3181562318419523,0.4606043560327051,292.3513852743926,0.2456142612757698
Bull_assembly_Nick,chronos_bolt_small,28,0.0827943044033446,0.180744814856641,46.22923771014742,0.0799490331934322
Bull_assembly_Vanessa,chronos_bolt_small,28,0.0843596878050026,0.1601191259584479,68.21040089618165,0.0816574870614959
Bull_education_Annette,chronos_bolt_small,28,0.0821247132087839,0.8383812521743702,120.1769482803398,0.0633018702526017
Bull_education_Antonia,chronos_bolt_small,28,0.1186783370542647,0.2532851921044315,56.97473018239169,0.0982936938714267
Bull_education_Arthur,chronos_bolt_small,28,0.0615586275169905,0.1659485831131689,65.93314516685732,0.062400743040171
Bull_education_Barry,chronos_bolt_small,28,0.0325457324039349,0.1334986236693286,41.87923384367701,0.040064638279259
Bull_education_Bernice,chronos_bolt_small,28,0.0831770043213805,0.8522075240304569,102.89567242720014,0.0611600951230346
Bull_education_Brady,chronos_bolt_small,28,0.1258132696445809,0.2178716832517808,144.8151489389981,0.114700930671184
Bull_education_Brain,chronos_bolt_small,28,0.0710279667430973,0.1841562438729681,94.75352181474616,0.0747368389054019
Bull_education_Brandi,chronos_bolt_small,28,0.1119528932399529,0.2058530764354013,123.43450336352106,0.1008741360804409
Bull_education_Brenda,chronos_bolt_small,28,0.0759231540281431,0.1721087619687539,62.22584148170929,0.0709927053266519
Bull_education_Bryon,chronos_bolt_small,28,0.0961858799165185,0.1777747804359865,92.7129720344866,0.086363847713926
Bull_education_Carl,chronos_bolt_small,28,0.0398548877038528,0.1387922063270035,43.37265594439583,0.0449584722674411
Bull_education_Clarice,chronos_bolt_small,28,0.0507606008818299,0.1390942289897593,59.05858511975958,0.0519520845817388
Bull_education_Clarita,chronos_bolt_small,28,0.0503339136716249,0.1452245583433635,51.83364718150816,0.0534797903834776
Bull_education_Dakota,chronos_bolt_small,28,0.1325864689135118,0.2207341196768932,128.45467281545368,0.1185880043508898
Bull_education_Dan,chronos_bolt_small,28,0.0524366881464759,0.1548053794949452,54.693196374458765,0.0534219224953336
Bull_education_Dania,chronos_bolt_small,28,0.084935707017159,0.1615513669516077,87.68861501968415,0.0769357477455287
Bull_education_Delia,chronos_bolt_small,28,0.0768207025202406,0.7942022824417444,107.10076495160575,0.0608295899580982
Bull_education_Dora,chronos_bolt_small,28,0.1304772564738127,0.2174429641804485,89.20079139352498,0.1141192052628501
Bull_education_Dottie,chronos_bolt_small,28,0.0915927204619123,0.8495098480185539,176.1511872018744,0.0739870037272759
Bull_education_Elva,chronos_bolt_small,28,0.0538847933498849,0.1482609222316857,49.047676729483626,0.0544352795038429
Bull_education_Fabiola,chronos_bolt_small,28,0.0835695119635842,0.2003625049176095,76.56073300942889,0.0823112021342432
Bull_education_Geneva,chronos_bolt_small,28,0.2413017501932944,0.3951249639958433,90.95909317224864,0.1920288635721621
Bull_education_Genie,chronos_bolt_small,28,0.0768909058734444,0.163366055029926,81.89657981804909,0.0725607503596822
Bull_education_Gregory,chronos_bolt_small,28,0.0926752792012269,0.1860036234700383,90.11875618798464,0.0894265057760594
Bull_education_Hayley,chronos_bolt_small,28,0.059301400109544,0.1557628916550808,51.42507312344159,0.0584117765698417
Bull_education_Jae,chronos_bolt_small,28,0.0498414201397405,0.1373074388779375,43.91605545666943,0.0531491768994925
Bull_education_Jeffery,chronos_bolt_small,28,0.0693116202336286,0.7954339066512124,99.77912319560733,0.0538999715613055
Bull_education_Joseph,chronos_bolt_small,28,0.07528122889946,0.1583093455625062,78.30391312578244,0.0732657332306868
Bull_education_Juan,chronos_bolt_small,28,0.1225257526612832,0.2325861484966974,73.29740145586199,0.111594611587729
Bull_education_Kendra,chronos_bolt_small,28,0.0735070730086395,0.1661078690922922,57.73401887524935,0.0726209423656924
Bull_education_Krista,chronos_bolt_small,28,0.0731583073659999,0.1717322290779228,65.33817966086875,0.0699477206631447
Bull_education_Kristal,chronos_bolt_small,28,0.0422186072433122,0.141473857865076,45.043068123366446,0.0474362971469151
Bull_education_Lenny,chronos_bolt_small,28,0.0737494058274773,0.1485299157127906,63.63650644317459,0.0684203534171287
Bull_education_Linnie,chronos_bolt_small,28,0.103800490803785,0.2201159236592983,86.72211020012642,0.1002627889612818
Bull_education_Luke,chronos_bolt_small,28,0.077970701719966,0.1900092154274733,70.00590434638995,0.0698404604056189
Bull_education_Lydia,chronos_bolt_small,28,0.0530061443505338,0.1487102587729243,52.36515029374171,0.0571646596180163
Bull_education_Lyn,chronos_bolt_small,28,0.1276307127791452,0.2817989663505578,80.88071703334396,0.112229202900849
Bull_education_Magaret,chronos_bolt_small,28,0.130263654707965,0.242852943841966,94.5899626664036,0.1124129633205771
Bull_education_Mario,chronos_bolt_small,28,0.1110651856095498,0.211208629066526,99.7662675271512,0.1088479219132775
Bull_education_Matilda,chronos_bolt_small,28,0.1829745127472698,1.1289844524625283,92.16399315138293,0.1248459503465323
Bull_education_Mervin,chronos_bolt_small,28,0.0881838483993958,0.1782140995685406,61.70673916795939,0.0781909197186721
Bull_education_Miquel,chronos_bolt_small,28,0.0941939361317234,0.2131004338269953,79.66233899615192,0.0868092285515594
Bull_education_Miranda,chronos_bolt_small,28,0.0847199103658201,0.1786205879924553,55.83467058048177,0.079686504976559
Bull_education_Myra,chronos_bolt_small,28,0.1249810559457766,0.2198710031323118,106.6081117708553,0.113648755349404
Bull_education_Nichole,chronos_bolt_small,28,0.057443987798427,0.1506094456908809,54.17780632255055,0.0612699209535549
Bull_education_Nina,chronos_bolt_small,28,0.0570245633567601,0.1467811161079361,54.47861332227832,0.0580312311650078
Bull_education_Nolan,chronos_bolt_small,28,0.0663593854350522,0.1585942761086084,57.72521086931157,0.0681165138411219
Bull_education_Olive,chronos_bolt_small,28,0.1500306297787538,0.2372925143034754,90.70856506946706,0.1332076606226959
Bull_education_Pablo,chronos_bolt_small,28,0.1023973164915676,0.1815194781412329,96.38509656388612,0.0957797405170513
Bull_education_Pamela,chronos_bolt_small,28,0.067278937300137,0.1595846241727672,56.784558530512896,0.0637990026765941
Bull_education_Patrina,chronos_bolt_small,28,0.1350918719884893,0.214714409412125,112.48573701130611,0.1084037368356855
Bull_education_Racheal,chronos_bolt_small,28,0.0523947845689684,0.150849028076431,56.63535384517802,0.0561303189702189
Bull_education_Reina,chronos_bolt_small,28,0.091237922705314,0.1804113054767699,85.56915524605844,0.0822874054600087
Bull_education_Reynaldo,chronos_bolt_small,28,0.1123904029561516,0.1788880698598733,64.27727161704573,0.1016850592276843
Bull_education_Roland,chronos_bolt_small,28,0.0910237851192889,0.1743927645373996,78.27601456959758,0.0820336952914119
Bull_education_Roseann,chronos_bolt_small,28,0.0532646069219479,0.1475245492940955,46.77495423149076,0.0573877365596534
Bull_education_Sebastian,chronos_bolt_small,28,0.0785835481822039,0.1620380684982074,104.4275901155151,0.0773325342142654
Bull_education_Shona,chronos_bolt_small,28,0.0347840814535906,0.1421965741177951,37.18683242424981,0.0435235625974946
Bull_education_Stewart,chronos_bolt_small,28,0.0510180595389747,0.153350116391129,52.45815633430345,0.0521416018460915
Bull_education_Summer,chronos_bolt_small,28,0.1135266288699281,0.1959149769314933,85.218051456025,0.1031109798904035
Bull_education_Tracey,chronos_bolt_small,28,0.0893796477450793,0.1685752025971799,101.87257815145676,0.0848755943787217
Bull_education_Venita,chronos_bolt_small,28,0.0778174572976015,0.1694146565120383,71.85459372617728,0.0729130503648607
Bull_education_Violeta,chronos_bolt_small,28,0.1379870096925025,0.2223898859173944,117.40436981842738,0.1275825573357763
Bull_lodging_Abby,chronos_bolt_small,28,0.1041035367448283,0.2064872269557456,68.03495239476831,0.0905802745021118
Bull_lodging_Allen,chronos_bolt_small,28,0.2464976875025914,0.4097308703840931,75.44100935424464,0.19378593100416
Bull_lodging_Anibal,chronos_bolt_small,28,0.1360009900602539,0.2539063594222392,61.79097710575165,0.1187014218843503
Bull_lodging_Caren,chronos_bolt_small,28,0.0825062715190975,0.2046937918715881,65.50608872802135,0.076440661434389
Bull_lodging_Carie,chronos_bolt_small,28,0.069981456377697,0.1577022220353048,48.65436901913987,0.0668216457972772
Bull_lodging_Charlotte,chronos_bolt_small,28,0.2057902104012942,0.3581304808261954,78.00491835056937,0.1620077836924564
Bull_lodging_Danielle,chronos_bolt_small,28,0.1550438237221494,0.9482164317326028,111.84552201183902,0.1096717300551759
Bull_lodging_Dave,chronos_bolt_small,28,0.0758788283355161,0.1745170125260304,58.746252647901976,0.0716991689248748
Bull_lodging_Elena,chronos_bolt_small,28,0.1619262233682678,0.2795203819633259,60.09859391719649,0.1279289089136352
Bull_lodging_Graciela,chronos_bolt_small,28,0.1118702152306762,0.2104975416286905,57.60579737801452,0.098973592762538
Bull_lodging_Hugo,chronos_bolt_small,28,0.0859533092596469,0.1671299065258203,68.99267688568833,0.0742274742963423
Bull_lodging_Jeremiah,chronos_bolt_small,28,0.0920906768218452,0.1902884280751267,83.49019733744231,0.0910667277135323
Bull_lodging_Leonard,chronos_bolt_small,28,0.0770842214279468,0.1716680316609877,55.28167818873967,0.0712603376171635
Bull_lodging_Lettie,chronos_bolt_small,28,0.102070903819063,0.2045487642779429,61.41416954678576,0.0937580563330855
Bull_lodging_Melissa,chronos_bolt_small,28,0.0654672978853272,0.1689364073114605,60.43147161732735,0.0612445221332757
Bull_lodging_Perry,chronos_bolt_small,28,0.1002160212441409,0.2227468018835315,59.76420303068475,0.0895379211648676
Bull_lodging_Terence,chronos_bolt_small,28,0.1252012783371772,0.8437718236665028,88.88094202421514,0.0932801838248822
Bull_lodging_Travis,chronos_bolt_small,28,0.0571346932275828,0.1738891566363194,59.55883898188395,0.0569114901091294
Bull_lodging_Xavier,chronos_bolt_small,28,0.2273259256653218,0.3892603021500213,80.21633129493236,0.1745021685167662
Bull_office_Anne,chronos_bolt_small,28,0.088268736131312,0.159016541109519,123.92855759676536,0.0777056972646366
Bull_office_Chantel,chronos_bolt_small,28,0.1063634622408304,0.1880871693170569,48.94006599155992,0.0967696069298941
Bull_office_Claudia,chronos_bolt_small,28,0.0586832419905998,0.1445083424209106,51.69432872524686,0.0580863222777995
Bull_office_Debbie,chronos_bolt_small,28,0.103186281830284,0.1903911906216404,101.0831464886774,0.0942758858082102
Bull_office_Efren,chronos_bolt_small,28,0.1636004813088146,1.0642653183263555,187.48513311440303,0.1253229765639596
Bull_office_Ella,chronos_bolt_small,28,0.1633629166407562,1.0106507323841034,322.09123629295084,0.1643704312646599
Bull_office_Hilton,chronos_bolt_small,28,0.0809929681910326,0.1537020674108453,137.7548362327857,0.0817336095125846
Bull_office_Ivette,chronos_bolt_small,28,0.1030410688256026,0.1710150493760578,95.13152366755236,0.0891343029322762
Bull_office_Lilla,chronos_bolt_small,28,0.070898338961673,0.1653561855333834,48.50161648024545,0.069951046856374
Bull_office_Marco,chronos_bolt_small,28,0.2455330569727891,0.7712080086828169,107.86395698037532,0.1980547448744962
Bull_office_Myron,chronos_bolt_small,28,0.0847480010102752,0.1712166521776673,67.3345068242359,0.080524711714537
Bull_office_Nicolas,chronos_bolt_small,28,0.0880843346718471,0.166699414359947,58.24872864651901,0.081045115939149
Bull_office_Rob,chronos_bolt_small,28,0.0849551154130687,0.1749324895476905,90.15486619648576,0.0868590211622246
Bull_office_Sally,chronos_bolt_small,28,0.2147942298343368,0.988078296350138,200.3131439371884,0.1726884493600084
Bull_office_Trevor,chronos_bolt_small,28,0.1110406476211707,0.9981894529170569,75.84942124335173,0.0842887601503293
Bull_office_Yvonne,chronos_bolt_small,28,0.07624882739212,0.1807942311745634,86.62203731058091,0.078042764232912
Bull_public_Hyun,chronos_bolt_small,28,0.0428686212961608,0.1419505519067169,43.21542658772455,0.0481388740332536
Bull_public_Jefferson,chronos_bolt_small,28,0.0863695982609832,0.1690554027156101,91.49503197896112,0.0836835741560811
Bull_services_Jeanmarie,chronos_bolt_small,28,0.0916110348513828,0.1778420380319466,53.01476229978789,0.0838967275172066
Bull_services_Juanita,chronos_bolt_small,28,0.0419025098226057,0.14705273156165,45.81564712860063,0.049277953149735
Bull_services_Nadine,chronos_bolt_small,28,0.045710874612465,0.1395677254225494,52.49078840682371,0.0515712341297873
Bull_services_Rachelle,chronos_bolt_small,28,0.0702907516231463,0.1494369241078903,46.34631330508349,0.0688435969812704
Bull_services_Winford,chronos_bolt_small,28,0.0426297526799904,0.1490228340599878,48.06039233739995,0.0505816327806487
Cockatoo_assembly_Doyle,chronos_bolt_small,28,0.0551616628647466,0.0785097733709389,5.31286940878314,0.0433383413619447
Cockatoo_assembly_Ed,chronos_bolt_small,28,0.1067816074457811,0.1388486104102621,11.817326235240824,0.092125103919929
Cockatoo_assembly_Emilio,chronos_bolt_small,28,0.115230886541888,0.1479455203866911,13.225270427105402,0.0931212275635226
Cockatoo_assembly_Evelyn,chronos_bolt_small,28,0.0624311452997874,0.1845313099999535,6.76184732978448,0.0518987512323658
Cockatoo_assembly_Fernanda,chronos_bolt_small,28,0.0788048076084895,0.1118398393420308,8.647927214346446,0.0681895869283649
Cockatoo_assembly_Genoveva,chronos_bolt_small,28,0.2184362763987626,0.2908231876381141,22.366112170364875,0.1740885182027301
Cockatoo_assembly_Griselda,chronos_bolt_small,28,0.1006107416844234,0.1436094696239037,11.449474827215791,0.0868364145390569
Cockatoo_assembly_Heath,chronos_bolt_small,28,0.0848516767745958,0.1330942535146953,7.824296299798834,0.0631083869064936
Cockatoo_assembly_Meredith,chronos_bolt_small,28,0.0741909513483654,0.0970066318592909,7.88841351329003,0.0614026107817261
Cockatoo_assembly_Pierre,chronos_bolt_small,28,0.0723675371911534,0.0968573480213094,7.1248247596956,0.0560414867211494
Cockatoo_assembly_Ralph,chronos_bolt_small,28,0.0647140537801569,0.083593787752012,6.643506063982614,0.0510103169902425
Cockatoo_assembly_Rodger,chronos_bolt_small,28,0.0606585886871443,0.1045239157092561,5.680460508257416,0.048623031423719
Cockatoo_assembly_Tabitha,chronos_bolt_small,28,0.0897998879621561,0.1184387227383923,9.10897100493638,0.0710879800765856
Cockatoo_assembly_Valencia,chronos_bolt_small,28,0.2127456744816698,0.2727815932409201,30.30836553662987,0.17092309087035
Cockatoo_education_Amira,chronos_bolt_small,28,0.071632705386903,0.2201365453060554,5.196494794427501,0.058681919092972
Cockatoo_education_Arlen,chronos_bolt_small,28,0.1115946641207437,0.1670047876444835,10.972190977460656,0.0915174503063833
Cockatoo_education_Brendan,chronos_bolt_small,28,0.0505150637096461,0.0681556151791987,5.133126098460009,0.0407228004893176
Cockatoo_education_Brigitte,chronos_bolt_small,28,0.0208384921494856,0.0309584639807728,2.088348192823903,0.0175237892206415
Cockatoo_education_Charity,chronos_bolt_small,28,0.0244536198827969,0.0354487831674175,2.469318160700453,0.019808402319992
Cockatoo_education_Christi,chronos_bolt_small,28,0.008403909053779,0.0138767689598151,0.8403909053779008,0.0091496460697869
Cockatoo_education_Claudine,chronos_bolt_small,28,0.0350094560785708,0.0537255525247615,3.5508448191589195,0.0278554966235529
Cockatoo_education_Collin,chronos_bolt_small,28,0.0320768504528964,0.0442896522577723,3.2184750880070103,0.0256716212262213
Cockatoo_education_Deloris,chronos_bolt_small,28,0.0365958011796216,0.0497570212981355,3.6185840915861736,0.028766537416127
Cockatoo_education_Doreen,chronos_bolt_small,28,0.0616461664327477,0.0929148953628199,6.319980407031897,0.0495483652229049
Cockatoo_education_Erik,chronos_bolt_small,28,0.0300249698683608,0.0409439398721481,3.0104663071287,0.0237758041003315
Cockatoo_education_Eunice,chronos_bolt_small,28,0.0431380592590246,0.0665189149452343,4.165523112562419,0.0346155727671547
Cockatoo_education_Evangeline,chronos_bolt_small,28,0.0009250693802034,0.0009250693802034,0.0925069380203462,0.0009250693802034
Cockatoo_education_Flora,chronos_bolt_small,28,0.0186566206032555,0.0249229397000321,1.8756544425508004,0.0148535252218099
Cockatoo_education_Gussie,chronos_bolt_small,28,0.0274058357579766,0.0388401910340725,2.7128158843567016,0.0216206577659709
Cockatoo_education_Helene,chronos_bolt_small,28,0.0303762465095252,0.0421424616328845,2.967650209314111,0.0235302068270199
Cockatoo_education_Jack,chronos_bolt_small,28,0.1588929635335023,0.2307492793187773,17.602950491273106,0.1347786704313769
Cockatoo_education_Janet,chronos_bolt_small,28,0.0168829640652111,0.0284062546615493,1.7109058847018326,0.0140667386549241
Cockatoo_education_Joeann,chronos_bolt_small,28,0.054354947442489,0.1297999762867677,5.83731180621584,0.0489384984239885
Cockatoo_education_Joel,chronos_bolt_small,28,0.0396340737233084,0.0521312797577021,3.970118072645786,0.0314274293231545
Cockatoo_education_Jon,chronos_bolt_small,28,0.062866667613896,0.11144281896228,6.504781380756762,0.0551471352672999
Cockatoo_education_Julia,chronos_bolt_small,28,0.0849708466540583,0.1173533672085998,8.359988186597326,0.0660966630101408
Cockatoo_education_Julio,chronos_bolt_small,28,0.0363887033901798,0.0469886439317865,3.612162013882303,0.0279882994373234
Cockatoo_education_June,chronos_bolt_small,28,0.0329870984299362,0.0453018865777377,3.2612923145235677,0.0259295899171417
Cockatoo_education_Laurence,chronos_bolt_small,28,0.2060474835977713,0.3360788516075914,20.244216419410296,0.1638977573865058
Cockatoo_education_Lionel,chronos_bolt_small,28,0.0200025749419691,0.0306844038660934,1.979913285512564,0.0160187947854959
Cockatoo_education_Magdalena,chronos_bolt_small,28,0.0636651170847785,0.1200689149765105,11.09256390729885,0.0559098790626093
Cockatoo_education_Marva,chronos_bolt_small,28,0.0715812221367651,0.1123086790835373,7.451087940882696,0.0609771154738913
Cockatoo_education_Maynard,chronos_bolt_small,28,0.2187277909517063,0.3159705957072319,20.99573743853188,0.1767587022655233
Cockatoo_education_Mayra,chronos_bolt_small,28,0.0791748900032223,0.1197881151851835,8.670877564202868,0.0663617062795841
Cockatoo_education_Melanie,chronos_bolt_small,28,0.1076626633644733,0.1633762123647349,11.334361480675186,0.0906117110173486
Cockatoo_education_Minh,chronos_bolt_small,28,0.0646236140660591,0.0842675927179233,6.415931119556446,0.0501052863260147
Cockatoo_education_Nelda,chronos_bolt_small,28,0.0381179601891974,0.0505889180339121,3.8774329902092495,0.0298028291504977
Cockatoo_education_Oliver,chronos_bolt_small,28,0.069463279961644,0.1225796318935586,7.484103351489489,0.0622875883264699
Cockatoo_education_Orlando,chronos_bolt_small,28,0.0455934102425987,0.0759418921556863,4.2632883177690175,0.0366662895086944
Cockatoo_education_Rita,chronos_bolt_small,28,0.0980186588143285,0.1681067338287526,9.98439442490067,0.0808724056883171
Cockatoo_education_Shawn,chronos_bolt_small,28,0.0560151816017866,0.0766087027053688,5.686027034916935,0.0452651850080183
Cockatoo_education_Sheryl,chronos_bolt_small,28,0.0163365820482497,0.025660278542052,1.6265986772015688,0.0131540012042877
Cockatoo_education_Terrence,chronos_bolt_small,28,0.0283015694392846,0.0424987806780105,2.830483830715567,0.0219012062904558
Cockatoo_education_Tyler,chronos_bolt_small,28,0.0122283456769619,0.0155020293505745,1.2200293071807398,0.0095816189335808
Cockatoo_education_Victoria,chronos_bolt_small,28,0.0670225862293956,0.0918642068452779,6.85201321155274,0.0547586793302685
Cockatoo_industrial_Nathaniel,chronos_bolt_small,28,0.0964288227816146,0.2063207921128654,17.818631541246464,0.0857738389512018
Cockatoo_industrial_Sarita,chronos_bolt_small,28,0.0433602047449933,0.0589568444952685,4.2597698732895415,0.0342083670449291
Cockatoo_lodging_Aimee,chronos_bolt_small,28,0.0741914551039708,0.1063915287458401,7.15000846586302,0.0563793672947796
Cockatoo_lodging_Albert,chronos_bolt_small,28,0.0424620554384648,0.0676276457920178,4.00968985408844,0.0318272448875466
Cockatoo_lodging_Alicia,chronos_bolt_small,28,0.0936025673155036,0.1328014788972583,9.145670857949604,0.0723432144637868
Cockatoo_lodging_Ana,chronos_bolt_small,28,0.0719215808139079,0.1053173878430498,7.251847922535089,0.0577440697842049
Cockatoo_lodging_Carmen,chronos_bolt_small,28,0.0888616512648891,0.1378285836059564,8.19614979410734,0.0663334876090505
Cockatoo_lodging_Cletus,chronos_bolt_small,28,0.0724856299956206,0.1048846256969416,7.662341027448952,0.0591077247334534
Cockatoo_lodging_Elvia,chronos_bolt_small,28,0.054061567854797,0.0842334711195966,5.602734218612538,0.045425624523333
Cockatoo_lodging_Emory,chronos_bolt_small,28,0.0479235315333128,0.0668794252254884,4.910313271330231,0.038575648410186
Cockatoo_lodging_Eric,chronos_bolt_small,28,0.0846471175107693,0.1436264868712826,7.380941922574628,0.059348178108058
Cockatoo_lodging_Homer,chronos_bolt_small,28,0.0251952934103693,0.0333939452510574,2.5415925531291963,0.0199744757776285
Cockatoo_lodging_Jarrod,chronos_bolt_small,28,0.2939297892366782,0.5997354885356242,52.38998983591179,0.2621863798414787
Cockatoo_lodging_Javier,chronos_bolt_small,28,0.0694145590702512,0.1050681708998993,6.635698532832494,0.0527380328475977
Cockatoo_lodging_Jim,chronos_bolt_small,28,0.0312039771565766,0.0437291884300913,3.06104037083935,0.0237247790652638
Cockatoo_lodging_Jimmie,chronos_bolt_small,28,0.0348314238492763,0.0523210874129859,3.533782947641267,0.0290893190374912
Cockatoo_lodging_Johnathan,chronos_bolt_small,28,0.0622917651916549,0.0931903522913063,5.911447347417564,0.0476304267742558
Cockatoo_lodging_Josephine,chronos_bolt_small,28,0.0837685531902424,0.1433976796641302,7.915628534005468,0.0632850092401341
Cockatoo_lodging_Judi,chronos_bolt_small,28,0.1059180645439193,0.1650131085988784,9.720319194099435,0.0797458343424068
Cockatoo_lodging_Katharine,chronos_bolt_small,28,0.0448404829480596,0.0673190208518306,4.406330290796064,0.0351033779349565
Cockatoo_lodging_Kerri,chronos_bolt_small,28,0.0676704585654887,0.1130506615313802,6.554580243275403,0.0524335337552077
Cockatoo_lodging_Kyle,chronos_bolt_small,28,0.0537534226141884,0.0924110994073675,5.5393786661772495,0.0447017514034788
Cockatoo_lodging_Lana,chronos_bolt_small,28,0.1095744360886659,0.1481487073450761,11.204029056496344,0.0876834392734334
Cockatoo_lodging_Linwood,chronos_bolt_small,28,0.1131558432249456,0.1813512941713796,10.122341372679346,0.0784773539856383
Cockatoo_lodging_Lynne,chronos_bolt_small,28,0.0767082963174416,0.117335647203476,7.593365089034861,0.0602968587654642
Cockatoo_lodging_Mandy,chronos_bolt_small,28,0.06601734939164,0.1166523120871846,6.017227356044201,0.0521942182386062
Cockatoo_lodging_Olga,chronos_bolt_small,28,0.0962920204192137,0.137323579169192,11.63599415306575,0.0826104268970652
Cockatoo_lodging_Raphael,chronos_bolt_small,28,0.0661293150263188,0.1206569521434141,6.190313546801223,0.0505990194991877
Cockatoo_lodging_Tesha,chronos_bolt_small,28,0.0887160202206751,0.1251029390018556,8.475854108424748,0.067407698311818
Cockatoo_lodging_Tessie,chronos_bolt_small,28,0.0677235980495254,0.1194660872158186,7.122074146769833,0.0564371203268994
Cockatoo_office_Ada,chronos_bolt_small,28,0.0253863266881362,0.0425383280241598,2.653785935582291,0.0210898658559795
Cockatoo_office_Alton,chronos_bolt_small,28,0.0583731117336123,0.0777126216403238,5.89719667667097,0.0461551339642412
Cockatoo_office_Christy,chronos_bolt_small,28,0.0408785796807792,0.0627474305088192,4.072690751487043,0.0331847692735825
Cockatoo_office_Delores,chronos_bolt_small,28,0.0504921130026891,0.0684590010255298,4.955911685745359,0.0393097513328853
Cockatoo_office_Elbert,chronos_bolt_small,28,0.0626351666178506,0.1016514580016459,7.04652158158519,0.056408294920338
Cockatoo_office_Gail,chronos_bolt_small,28,0.1107475667551242,0.1681285094862789,11.121100816500428,0.0896470695811987
Cockatoo_office_Georgia,chronos_bolt_small,28,0.0449089947229737,0.0644952574553274,4.837508472473524,0.0394450927269678
Cockatoo_office_Giovanni,chronos_bolt_small,28,0.0376440040125888,0.0516719775716337,3.7216722922365832,0.0293644503300541
Cockatoo_office_Jimmy,chronos_bolt_small,28,0.0990446329239688,0.1660954263716599,11.388715952238067,0.0903968045217792
Cockatoo_office_Jodie,chronos_bolt_small,28,0.07559277175212,0.0972843056929193,7.841409603238178,0.0596906852712891
Cockatoo_office_Kristin,chronos_bolt_small,28,0.0309464310889228,0.0417012038429712,3.097497362155519,0.0240496329032404
Cockatoo_office_Laila,chronos_bolt_small,28,0.0305828676364893,0.0421551563550693,3.0171116132447646,0.0243219483402646
Cockatoo_office_Lorraine,chronos_bolt_small,28,0.1253209066246921,0.2086420407758344,11.802558894232153,0.0979840435535375
Cockatoo_office_Paige,chronos_bolt_small,28,0.0397564053109509,0.0585172918444952,3.9285251175962856,0.0323773362442627
Cockatoo_office_Pansy,chronos_bolt_small,28,0.0781926607961349,0.1558166192385605,9.094792759821615,0.0719479531825559
Cockatoo_office_Rodney,chronos_bolt_small,28,0.0624071625505589,0.0979777931110368,6.92647633526889,0.0559357352362316
Cockatoo_office_Roxanna,chronos_bolt_small,28,0.0768418336555029,0.1074387724277134,7.520619143454945,0.0596797500642712
Cockatoo_public_Caleb,chronos_bolt_small,28,0.0601564443309898,0.1044544525836837,6.67035327663162,0.0540931956990093
Cockatoo_public_Chiquita,chronos_bolt_small,28,0.0724599928997352,0.1110939679925485,7.65809306709461,0.0588897775862271
Cockatoo_public_Harland,chronos_bolt_small,28,0.0606339179251366,0.0937387573180375,7.251331079138416,0.0571571104733736
Cockatoo_public_Leah,chronos_bolt_small,28,0.0576483029659716,0.0895983828343766,6.659293258448905,0.0529394308337851
Cockatoo_public_Shad,chronos_bolt_small,28,0.0640104284130959,0.0922825284207013,6.984389235701618,0.0550045384653459
Cockatoo_public_Valerie,chronos_bolt_small,28,0.0194749787161613,0.034570917545746,1.9256372164437925,0.0165953171704506
Cockatoo_religion_Diedre,chronos_bolt_small,28,0.331315375368356,0.4707495625048417,39.210877696045,0.2496657298419684
Cockatoo_science_Rex,chronos_bolt_small,28,0.0387324077740884,0.059542098994826,3.8387756092186103,0.0305190954601709
Cockatoo_utility_Kimiko,chronos_bolt_small,28,0.1598250602168374,0.2330806657769883,21.617165219513037,0.1326516230003908
Cockatoo_utility_Sherri,chronos_bolt_small,28,0.0675727667092361,0.1619570707830732,7.73212020852305,0.0645990921807645
Crow_education_Kate,chronos_bolt_small,28,0.002537613128452,0.0044632945070356,0.2537613128452069,0.0019787774422987
Crow_education_Keisha,chronos_bolt_small,28,0.0018083182640144,0.0018083182640144,0.1808318264014466,0.0018083182640144
Crow_education_Marlin,chronos_bolt_small,28,0.0025395033860045,0.002764661109236,0.2539503386004515,0.0021813453246861
Crow_education_Omer,chronos_bolt_small,28,0.0017454144593808,0.0017454144593808,0.1745414459380816,0.0017454144593808
Crow_education_Winston,chronos_bolt_small,28,0.002124764337408,0.0028996297243182,0.2124764337408015,0.0016922939177089
Eagle_assembly_Benny,chronos_bolt_small,28,0.0813998263281447,0.1198976768405303,7.894826954239662,0.0647976442849835
Eagle_assembly_Candice,chronos_bolt_small,28,0.7062822985180511,1.1982285891993558,97.23459430522354,0.6598683119055301
Eagle_assembly_Estelle,chronos_bolt_small,28,0.1815019365944627,0.30861329604977,16.14371009082175,0.1437574054059229
Eagle_assembly_Herbert,chronos_bolt_small,28,0.1495443392155064,0.2485909950405427,108.54078754779182,0.1402309364006028
Eagle_assembly_Ian,chronos_bolt_small,28,0.1615003228347856,0.2619151060174001,14.182789805649293,0.1245569399669707
Eagle_assembly_Josie,chronos_bolt_small,28,0.055771603369371,0.0765010075580536,5.981325929187277,0.0464684078698035
Eagle_assembly_Lacy,chronos_bolt_small,28,0.0717504866701537,0.0957983238239492,20.99295116010737,0.0561999703054141
Eagle_assembly_Latrina,chronos_bolt_small,28,0.1076540181795519,0.247900749972162,259.05225736410955,721657792.4630078
Eagle_assembly_Margret,chronos_bolt_small,28,0.0729999751892458,0.0999399504601061,7.9165548090369935,0.0604229693897947
Eagle_assembly_Portia,chronos_bolt_small,28,0.1056068101113632,0.1573092906813714,10.32704000060417,0.0835982473627563
Eagle_education_Alberto,chronos_bolt_small,28,0.1279760708991154,0.5678837812163247,820.6058492077098,3602865939.751679
Eagle_education_April,chronos_bolt_small,28,0.1081998003775948,0.1659812608120528,23.45006421856569,0.0846034351405115
Eagle_education_Brianne,chronos_bolt_small,28,0.0543338073348986,0.0706535573482228,5.622021750272712,0.0445272955308195
Eagle_education_Brooke,chronos_bolt_small,28,0.026855140482125,0.0950896891828047,87.53398317876163,0.0267372535647496
Eagle_education_Edith,chronos_bolt_small,28,0.0890362246832636,0.1432432003837012,10.558186781931424,0.0852824413170613
Eagle_education_Eileen,chronos_bolt_small,28,0.1443713968982693,0.526259645190895,731.7892777945835,242268577.5423428
Eagle_education_Jewell,chronos_bolt_small,28,0.0372943471330532,0.0862136506375716,39.824044966288405,0.0305797318709298
Eagle_education_Lino,chronos_bolt_small,28,0.1467770291196633,0.1937142268503618,32.88254886499394,0.1173669093704796
Eagle_education_Luther,chronos_bolt_small,28,0.0362138082018112,0.0542832316947568,3.9741084552390857,0.0280689569699901
Eagle_education_Maragret,chronos_bolt_small,28,0.1049601669195751,0.1425366070830391,27.73338458049156,0.084987802446328
Eagle_education_Norah,chronos_bolt_small,28,0.0307300519323174,0.0397700881769357,3.1090815378889527,0.0242828325599316
Eagle_education_Paul,chronos_bolt_small,28,0.1948313869203025,0.6550129532166997,776.3174550555946,126570390.11964904
Eagle_education_Peter,chronos_bolt_small,28,0.0169179989531477,0.024300113647163,1.677036777533578,0.0134320503882665
Eagle_education_Petra,chronos_bolt_small,28,0.0637074851107099,0.1072924375034028,5.852882914591208,0.0540309950023564
Eagle_education_Raul,chronos_bolt_small,28,0.0285843026268942,0.0484570299728915,3.2869143066190523,0.0226509080944656
Eagle_education_Roman,chronos_bolt_small,28,0.0229679679576293,0.0426812095175092,2.656402367575634,0.018506999788504
Eagle_education_Samantha,chronos_bolt_small,28,0.0409405785027717,0.0547421993249466,4.203581338646669,0.0322737998997323
Eagle_education_Shana,chronos_bolt_small,28,0.1334462774386466,0.5731309569230225,851.6715305141954,399020906.309298
Eagle_education_Shanna,chronos_bolt_small,28,0.0947406458394927,0.1297594178117596,9.130394538133997,0.074781253724185
Eagle_education_Shante,chronos_bolt_small,28,0.0171407301501836,0.0225370963198233,1.6985880257211476,0.0135708042737906
Eagle_education_Sheena,chronos_bolt_small,28,0.1945882759595455,0.6540685833498824,775.2586870342739,135284714.07172495
Eagle_education_Sherrill,chronos_bolt_small,28,0.0198766956014985,0.0274665347459028,1.9803238565591847,0.0159554219699391
Eagle_education_Teresa,chronos_bolt_small,28,0.0845596368032119,0.1132721451398095,9.058547714742232,0.0705100053865823
Eagle_education_Wesley,chronos_bolt_small,28,0.0986514247846255,0.1542012185483935,11.997279689356374,0.0873810714357848
Eagle_education_Will,chronos_bolt_small,28,0.0487289183638623,0.062668916248059,4.856918164930824,0.0382329943153628
Eagle_food_Jennifer,chronos_bolt_small,28,0.0252678212333045,0.1415683081727033,2.3042995922601626,3.715016340720412
Eagle_food_Kay,chronos_bolt_small,28,0.1243920195497493,0.2498328279578709,16.08687557605274,0.1325822319084689
Eagle_health_Amy,chronos_bolt_small,28,0.1850186042743861,0.3087305960805757,47.32511092155726,0.2227505326779393
Eagle_health_Athena,chronos_bolt_small,28,0.0825615763546798,0.1244706215171255,8.041992228765313,0.0649859901585886
Eagle_health_Gregoria,chronos_bolt_small,28,0.0769498023242091,0.2127336293434017,5.3375434454804696,14.753133795701444
Eagle_health_Jodi,chronos_bolt_small,28,0.0667945790980563,0.0983016135398666,6.700397883049942,0.0549968501582413
Eagle_health_Lucinda,chronos_bolt_small,28,0.0770969654324134,0.1672406976112506,228.9781856381859,0.0762107639272032
Eagle_health_Margo,chronos_bolt_small,28,0.1491066800130011,0.5863857371604938,914.2484466803236,472276153.8540917
Eagle_health_Reba,chronos_bolt_small,28,0.0313949679222317,0.048578951959694,3.089532487442923,0.0249667989057203
Eagle_health_Reuben,chronos_bolt_small,28,0.1044968565690366,0.2575200594983907,359.9557256805621,1992982701.0003357
Eagle_health_Trisha,chronos_bolt_small,28,0.059006864057304,0.0759786736240212,5.858076755096077,0.0455719944930663
Eagle_health_Vincenza,chronos_bolt_small,28,0.1333244425642601,0.2504378421537015,74.01399159678243,0.1555824096178393
Eagle_lodging_Andy,chronos_bolt_small,28,0.1209513551737257,0.2171806522454343,13.823307831766348,0.1117950712137167
Eagle_lodging_Casey,chronos_bolt_small,28,0.1062387643720847,0.2171377463903785,13.393014167304193,0.1018500348193258
Eagle_lodging_Dawn,chronos_bolt_small,28,0.0979330629780064,0.213742312168027,12.532393351390404,0.0973128617702718
Eagle_lodging_Edgardo,chronos_bolt_small,28,0.1053054992908145,0.1995295132109154,12.185426713701286,0.098299149268963
Eagle_lodging_Stephanie,chronos_bolt_small,28,0.0527226248896371,0.0853792839561494,5.147334154892767,0.0413122658094406
Eagle_lodging_Terri,chronos_bolt_small,28,0.1204006096287988,0.1541099622525404,12.192365717158625,0.09406615206007
Eagle_lodging_Tressa,chronos_bolt_small,28,0.0593810737814574,0.1112290320701577,5.1236783714175616,0.0450737873193511
Eagle_lodging_Trina,chronos_bolt_small,28,0.1915028220269548,0.3325429337778156,19.97624915971118,0.1594767292512184
Eagle_office_Amanda,chronos_bolt_small,28,0.6055192876075411,0.8099227099239963,2938.167156719759,0.8770053105663838
Eagle_office_Amie,chronos_bolt_small,28,0.0070055894183421,0.0336877082378035,0.779472445742903,0.0072649596973817
Eagle_office_Bridgett,chronos_bolt_small,28,0.0933985736444655,0.1174855571843075,9.837848350752637,0.0710731094244391
Eagle_office_Chantelle,chronos_bolt_small,28,0.0553329945516475,0.0854930373815053,5.895616967955196,0.0461723420923494
Eagle_office_Chauncey,chronos_bolt_small,28,0.1481807843850967,0.5861376493183497,905.2003527080718,4438436401.293454
Eagle_office_Dallas,chronos_bolt_small,28,0.0832847414614071,0.1258293054018604,8.021298815424284,0.0669697676749375
Eagle_office_Damian,chronos_bolt_small,28,0.0938366435159192,0.1399259078375856,9.248230361349725,0.072786755623813
Eagle_office_Demetra,chronos_bolt_small,28,0.1332140117616977,0.263502980690367,22.333016819878523,0.1755891407647868
Eagle_office_Donovan,chronos_bolt_small,28,0.123510725438523,0.1626969633200994,27.02894152874197,0.101186984104022
Eagle_office_Efrain,chronos_bolt_small,28,0.082024896252436,0.1277521382755538,7.667793500928282,0.0664027200051498
Eagle_office_Elia,chronos_bolt_small,28,0.1432821035675225,0.207705581188665,13.517354610024002,0.1099921209637817
Eagle_office_Elias,chronos_bolt_small,28,0.0938485115481452,0.1399238604368742,9.24750972016066,0.0727730450949921
Eagle_office_Elvis,chronos_bolt_small,28,0.1383631176504663,0.2077379296219379,30.39113755042264,0.128794647395794
Eagle_office_Flossie,chronos_bolt_small,28,0.1356579765724122,0.1727624898014232,27.65029576859826,0.1078253978273066
Eagle_office_Francis,chronos_bolt_small,28,0.0490203871593947,0.0704024173563519,18.23216707899124,0.0390028496111425
Eagle_office_Freida,chronos_bolt_small,28,0.067333055671248,0.1271315328834414,101.9042131656524,0.0601771903560246
Eagle_office_Henriette,chronos_bolt_small,28,0.1460249378907674,0.2024910483558319,32.886825042450404,0.1139583586140376
Eagle_office_Isidro,chronos_bolt_small,28,0.1182228013419602,0.2024421803642395,13.589440311339867,0.1100673015597766
Eagle_office_Jackie,chronos_bolt_small,28,0.0821989593351582,0.1181610054459164,8.418249012135485,0.0686013211154383
Eagle_office_Jeff,chronos_bolt_small,28,0.0970174086658026,0.1417801130292916,10.06143138940621,0.0804854354163561
Eagle_office_Joette,chronos_bolt_small,28,0.052056768076961,0.0771150412893463,5.313228099421417,0.0419751615035593
Eagle_office_Katheleen,chronos_bolt_small,28,0.2113369134756046,0.2821895247083318,24.20495883204998,0.1666033941891478
Eagle_office_Lamont,chronos_bolt_small,28,0.2039864011914679,0.6446438988008996,910.6711277232282,273618198.1771733
Eagle_office_Lane,chronos_bolt_small,28,0.1054470557946228,0.171115477024313,197.0994387417086,0.119412768576351
Eagle_office_Lillian,chronos_bolt_small,28,0.199134951941077,0.2950374155465615,235.8117985283867,0.1938862300318918
Eagle_office_Mable,chronos_bolt_small,28,0.1103792785718361,0.1726693141974037,41.903432732822296,0.0976066338796281
Eagle_office_Mandi,chronos_bolt_small,28,0.1334966154040758,0.573130073741665,853.0184002703922,138958290.34956548
Eagle_office_Marisela,chronos_bolt_small,28,0.1792266117753318,0.6357840469298246,884.1893626061161,889835898.6832865
Eagle_office_Michele,chronos_bolt_small,28,0.0857694244000671,0.107712983275654,8.557705454964863,0.0665953694000798
Eagle_office_Nereida,chronos_bolt_small,28,0.1524465561563269,0.6095693328031713,923.8762891184496,1343298981.77301
Eagle_office_Norbert,chronos_bolt_small,28,0.2142592286393995,0.7164802039888932,1086.2106763496697,942447114.9808308
Eagle_office_Patrice,chronos_bolt_small,28,0.0633591885114613,0.0909763215710952,6.24378839761078,0.0506196378758868
Eagle_office_Phyllis,chronos_bolt_small,28,0.133519978942302,0.5728410986742298,851.1659066655518,337205303.618209
Eagle_office_Randolph,chronos_bolt_small,28,0.1060684677893841,0.1615784187768832,11.170449273654976,0.0942582380640531
Eagle_office_Remedios,chronos_bolt_small,28,0.1564673012053512,0.5954055937878335,841.9641230296318,605620791.5116436
Eagle_office_Ryan,chronos_bolt_small,28,0.111460937976459,0.1554335221508307,11.329630954450016,0.0901402960219752
Eagle_office_Sheree,chronos_bolt_small,28,0.124505894590846,0.1914065126931812,13.702524241493736,0.1116474007433081
Eagle_office_Sonya,chronos_bolt_small,28,0.053219767714586,0.0704321030964189,5.377085440958258,0.0421127085275524
Eagle_office_Tia,chronos_bolt_small,28,0.1445406415150157,0.5269033644994716,732.6508723206437,1062512933.728006
Eagle_office_Yadira,chronos_bolt_small,28,0.1306678005032551,0.2189915333109607,193.1283895371057,0.1549804132314876
Eagle_public_Alvin,chronos_bolt_small,28,0.0472930905757668,0.0735777964684267,18.695602812557446,0.039151341992756
Eagle_public_Henry,chronos_bolt_small,28,0.1427302371201431,0.2128756338090518,28.444162586090798,0.1326648316022836
Eagle_public_Minnie,chronos_bolt_small,28,0.0518331462775907,0.0721283580120059,5.157570248404949,0.0418097073960668
Eagle_public_Missy,chronos_bolt_small,28,0.1133569438370201,0.1709350193735029,11.783503454300938,0.0958735937649296
Eagle_public_Ola,chronos_bolt_small,28,0.1182706595039433,0.1796638825401756,15.991962712327185,0.1147448639319942
Eagle_public_Pearle,chronos_bolt_small,28,0.0889656973192734,0.1750575373161881,14.012348713254386,0.1163245229322966
Eagle_public_Preston,chronos_bolt_small,28,0.0645876085543654,0.1235627546338573,17.776996736005454,0.0654776775856264
Fox_assembly_Adrianne,chronos_bolt_small,28,0.2299958851141737,0.3801884623723147,32.28962455086607,0.1703538966089705
Fox_assembly_Audrey,chronos_bolt_small,28,0.0760132356240185,0.151327137823661,8.40662244455288,0.0720088651828921
Fox_assembly_Boyce,chronos_bolt_small,28,0.0570190881007794,0.0959145005018353,6.875046216851716,0.0489874050712236
Fox_assembly_Bradley,chronos_bolt_small,28,0.0170619481759304,0.0772415314714011,46.470594793278266,0.0169024229377
Fox_assembly_Carlos,chronos_bolt_small,28,0.0913575008188401,0.1542897581955057,22.50609216605753,0.0772629488735653
Fox_assembly_Cathy,chronos_bolt_small,28,0.0989586119025043,0.2682074996232252,474.958345652846,447054775.3958418
Fox_assembly_Cecelia,chronos_bolt_small,28,0.1284459389262442,0.2108194543845122,26.071179865761195,0.0965111009464148
Fox_assembly_Christie,chronos_bolt_small,28,0.36817786856426,0.5326002652408602,42.43220501318722,0.2883022839496147
Fox_assembly_Cindy,chronos_bolt_small,28,0.1076341755565339,0.1535961019679595,11.470401658743665,0.0862431784076411
Fox_assembly_Dixie,chronos_bolt_small,28,0.3467392753544853,0.5898453527397778,37.82160750531163,0.3026516763961791
Fox_assembly_Emma,chronos_bolt_small,28,0.0958999408456823,0.1400187435306593,49.691664382854825,0.0781686609099983
Fox_assembly_Gary,chronos_bolt_small,28,0.0686683545002673,0.0983477275206605,7.919128794110608,0.0567356232516389
Fox_assembly_Jerrod,chronos_bolt_small,28,0.4032429309639917,2.5559889626322723,60.226107421308605,0.2885092748098671
Fox_assembly_Johnnie,chronos_bolt_small,28,0.11455088425229,0.1592811632589356,15.893907466944112,0.1154805378786596
Fox_assembly_Kathie,chronos_bolt_small,28,0.256051425532713,0.4499742750149069,50.18314790898696,0.1911130018959486
Fox_assembly_Lakeisha,chronos_bolt_small,28,0.2530977193340694,0.3387789472800268,94.1237768125366,0.2070645740232837
Fox_assembly_Leeanne,chronos_bolt_small,28,0.1472214909744894,0.2217918339089827,14.438174021621975,0.114243434800144
Fox_assembly_Renna,chronos_bolt_small,28,0.0245629482394212,0.0566515344936051,3.249559747893444,0.0202286963491741
Fox_assembly_Sheldon,chronos_bolt_small,28,0.0944139039931338,0.13500098904893,38.33391157684418,0.0747202001936534
Fox_assembly_Terrell,chronos_bolt_small,28,0.1038225605929791,0.2032168038810844,69.40711875207526,0.0883680682714539
Fox_assembly_Tony,chronos_bolt_small,28,0.1253472251628147,0.1713568704251927,24.135272769981896,0.1033322172036561
Fox_education_Andre,chronos_bolt_small,28,0.0373331389338965,0.0828722547399583,8.001823987305986,0.0313977946807525
Fox_education_Ashli,chronos_bolt_small,28,0.1060735359926734,0.1495674493559944,11.13924436675592,0.0863785613171057
Fox_education_Burton,chronos_bolt_small,28,0.071921983515567,0.1264044213005529,60.819577505747176,0.0589085442271438
Fox_education_Carleen,chronos_bolt_small,28,0.0747871816232644,0.1176748901997229,8.107243043532371,0.0637902700425316
Fox_education_Charles,chronos_bolt_small,28,0.0949925866019679,0.1763873175380549,40.75078472519071,0.0751854632881696
Fox_education_Claire,chronos_bolt_small,28,0.0791755665168384,0.1483629864387048,8.968651384698425,0.0731086417784393
Fox_education_Claude,chronos_bolt_small,28,0.0138555783414175,0.0475783640786573,1.9470101425937183,0.0120941144679412
Fox_education_Cynthia,chronos_bolt_small,28,0.1184960670169333,0.1634110634091173,11.95576234703874,0.0922245778905451
Fox_education_Delma,chronos_bolt_small,28,0.2499745195581153,0.4976336581781404,350.3803135933159,0.3526491492461652
Fox_education_Dewayne,chronos_bolt_small,28,0.0929866055075095,0.1708904677634904,10.181710871310774,0.0822169116097194
Fox_education_Dominique,chronos_bolt_small,28,0.0304864204604057,0.0840889489734369,49.68841916061914,0.0261498935382375
Fox_education_Eddy,chronos_bolt_small,28,0.1213497108492591,0.2035348567134813,17.031022990341484,0.131664868811244
Fox_education_Eldon,chronos_bolt_small,28,0.0241230836936329,0.0781062040874863,33.03477402344141,0.0214659991321961
Fox_education_Elizabeth,chronos_bolt_small,28,0.0484681032184595,0.0862451551732439,18.47929979523862,0.0423357024026549
Fox_education_Elois,chronos_bolt_small,28,0.1434396267606536,0.2124098972422242,38.486521184300734,0.1138262494768494
Fox_education_Elvira,chronos_bolt_small,28,0.0858891057340114,0.1296000535876361,9.13426629352196,0.0704810023257785
Fox_education_Etta,chronos_bolt_small,28,0.0918932904521065,0.1267146046315945,9.619231552814243,0.0731394389688739
Fox_education_Gayla,chronos_bolt_small,28,0.1287008009938591,0.2299332829246081,41.326562488600885,0.1222631963246983
Fox_education_Geoffrey,chronos_bolt_small,28,0.0308721561832137,0.0828647992182956,47.45095061235774,0.0273434019187011
Fox_education_Gloria,chronos_bolt_small,28,0.0230137998807314,0.0829159550246725,49.03234993578569,0.0203800348789003
Fox_education_Henrietta,chronos_bolt_small,28,0.0913705124595639,0.1776943965875731,9.884128218026117,0.0803840329759514
Fox_education_Heriberto,chronos_bolt_small,28,0.0488308959278189,0.0771589699327837,5.905677621523526,0.0410682278769437
Fox_education_Jaclyn,chronos_bolt_small,28,0.0448399336365471,0.0786814347258445,5.148263316964176,0.0379215167832185
Fox_education_Jacqueline,chronos_bolt_small,28,0.0742008610824395,0.2127097455727813,52.178552065162,274958801.44941247
Fox_education_Janina,chronos_bolt_small,28,0.113386735647756,0.2009485316887491,14.693178158662317,0.1220448404048682
Fox_education_John,chronos_bolt_small,28,0.4253457480381875,0.8812728282158073,2095.4105673655595,283611482.9849501
Fox_education_Kendrick,chronos_bolt_small,28,0.2439967394897701,0.424250273207681,82.5701036366832,0.2490505428109764
Fox_education_Kim,chronos_bolt_small,28,0.126100710563205,0.1845330035472524,45.12650607417993,0.1141326886391742
Fox_education_Kris,chronos_bolt_small,28,0.1167545081855217,0.1692920154935328,25.63473489681116,0.0936726730718021
Fox_education_Leona,chronos_bolt_small,28,0.0404963985124246,0.0783153637038785,4.817454034235024,0.0335970848790923
Fox_education_Leota,chronos_bolt_small,28,0.049452817178881,0.0824943379297995,5.339915783311423,0.0412908925150619
Fox_education_Lesley,chronos_bolt_small,28,0.265890473028056,0.491433498295497,24.42340740516558,0.1899376771091634
Fox_education_Lilly,chronos_bolt_small,28,0.0848564755681779,0.2240287355874141,379.2425858242973,458564911.8830538
Fox_education_Long,chronos_bolt_small,28,0.0830763061157262,0.1568776940351467,26.68840924632476,0.0797653990661349
Fox_education_Louie,chronos_bolt_small,28,0.0853934162106904,0.1312370343196948,38.44692420821281,0.0737755984271223
Fox_education_Marcelina,chronos_bolt_small,28,0.20501696356028,0.3197619484490289,36.81217450663608,0.1671444031619315
Fox_education_Maris,chronos_bolt_small,28,0.0466200080521958,0.0863484398633472,18.28405184287661,0.0389614126584256
Fox_education_Marlana,chronos_bolt_small,28,0.0800516079714913,0.2090898114940171,350.64044265018464,474384546.2075983
Fox_education_Maureen,chronos_bolt_small,28,0.0283351711631571,0.0541523496866097,3.287005410990969,0.0233941449547293
Fox_education_Melinda,chronos_bolt_small,28,0.0644151937270453,0.1372727843364009,15.80010617781226,0.0644573425867514
Fox_education_Melvin,chronos_bolt_small,28,0.1951922591608522,0.3474899268104137,375.0909866437181,176265728.93974495
Fox_education_Miguelina,chronos_bolt_small,28,0.0950031824046808,0.1655499682640579,8.036716593439694,0.0705313031207091
Fox_education_Nilda,chronos_bolt_small,28,0.05953471100745,0.0889987750034699,6.099148847409992,0.0466294552760713
Fox_education_Ollie,chronos_bolt_small,28,0.0723799480341272,0.1067001853155684,8.266082737982869,0.0599713919507395
Fox_education_Otilia,chronos_bolt_small,28,0.0152592165098164,0.0689724614715154,30.57935396317312,0.0140093484641226
Fox_education_Ray,chronos_bolt_small,28,0.0757207118099254,0.1133356676854025,9.112755437433902,0.060944031184299
Fox_education_Rosie,chronos_bolt_small,28,0.0406826526353514,0.0790678480512627,21.594359868570955,0.0338084357511514
Fox_education_Rudolph,chronos_bolt_small,28,0.2058764423560979,0.3535600619539835,684.3635724189566,45737421.58918447
Fox_education_Shaun,chronos_bolt_small,28,0.1662662888592282,0.2851455233807742,59.987216774309495,0.1326291346108561
Fox_education_Shawanda,chronos_bolt_small,28,0.1801959688055507,0.3405357387029382,18.87470277097989,0.1576724169091613
Fox_education_Shirley,chronos_bolt_small,28,0.242340389033715,0.3670076921318197,23.537621168254347,0.1998032832485647
Fox_education_Stacia,chronos_bolt_small,28,0.0169707895898457,0.0582860679429866,2.772003848550668,0.0149588576347054
Fox_education_Sterling,chronos_bolt_small,28,0.1649276602515264,0.2628822211992746,35.78257944428015,0.1517599617118033
Fox_education_Suzan,chronos_bolt_small,28,0.0805454127241864,0.1394420066319946,10.73125690400076,0.0800689983529928
Fox_education_Tamika,chronos_bolt_small,28,0.0575880306908726,0.0786893733695418,6.13583801675056,0.0449418138896811
Fox_education_Theodore,chronos_bolt_small,28,0.0130015002591763,0.0362230988583544,1.6652297125753366,0.010608378862675
Fox_education_Tonya,chronos_bolt_small,28,0.0240877851176132,0.0687193621964688,3.806475971779933,0.0205068369226337
Fox_education_Virgil,chronos_bolt_small,28,0.0399052272682187,0.097969082222594,51.73220057757689,0.0363425722288855
Fox_education_Virginia,chronos_bolt_small,28,0.286060041349556,0.4986056830704028,179.3537643272052,0.2899213189891775
Fox_education_Wendell,chronos_bolt_small,28,0.0178219457708314,0.0740997018850062,44.06592785674656,0.0166953315719787
Fox_education_Willis,chronos_bolt_small,28,0.0129336926161006,0.0358455981525157,1.649204364414263,0.0105370301575514
Fox_education_Yolande,chronos_bolt_small,28,0.0195755771568517,0.0419026547829899,2.3113511964826428,0.0161531738154348
Fox_food_Francesco,chronos_bolt_small,28,0.1098742894061468,0.2048797282772175,24.829156101826324,0.0883733182754262
Fox_food_Scott,chronos_bolt_small,28,0.092624902397821,0.1513188905054805,27.553239415254225,0.0764746529499669
Fox_health_Lorena,chronos_bolt_small,28,0.0976326781176113,0.1587056961050846,10.161295660845497,0.0776092713170583
Fox_lodging_Alana,chronos_bolt_small,28,0.0465754135904402,0.0738447160376104,5.110292989550185,0.0369988311655804
Fox_lodging_Angla,chronos_bolt_small,28,0.080402836111958,0.1561756162393303,8.735703317645486,0.0643649588496458
Fox_lodging_Frances,chronos_bolt_small,28,0.0463522921647197,0.0782820013222175,5.2497582629093005,0.0374224429531553
Fox_lodging_Helen,chronos_bolt_small,28,0.0577327787165229,0.0946766420099736,6.973617519741827,0.0467513018728246
Fox_lodging_Isabell,chronos_bolt_small,28,0.0403365688905509,0.0836872552499674,5.123726948800571,0.0385576253485732
Fox_lodging_Jina,chronos_bolt_small,28,0.0367139568933343,0.0585095532107294,3.951823413540473,0.0286220718460479
Fox_lodging_Morris,chronos_bolt_small,28,0.0444572556859717,0.0835128934610216,19.49778605780882,0.0372695818688237
Fox_lodging_Stephan,chronos_bolt_small,28,0.0675414696142352,0.1108517984687349,49.342130955199465,0.0549569232910132
Fox_lodging_Stephen,chronos_bolt_small,28,0.0603639372518531,0.0893744098005832,6.30965107791247,0.0475149761640632
Fox_lodging_Wallace,chronos_bolt_small,28,0.0408110802791692,0.0734227721992601,4.682767011167025,0.0328457026843376
Fox_lodging_Warren,chronos_bolt_small,28,0.0758138545209386,0.1164957683753832,45.76743604819373,0.0613442287761878
Fox_lodging_Winifred,chronos_bolt_small,28,0.0337805988732872,0.0639357422520026,4.22700337912695,0.028764483253568
Fox_office_Alice,chronos_bolt_small,28,0.0222928769642134,0.057951537787831,16.521046377972826,0.0191750853172846
Fox_office_Bernard,chronos_bolt_small,28,0.0635683022715127,0.1280518191882889,22.878833663756215,0.0598971957504817
Fox_office_Berniece,chronos_bolt_small,28,0.1337544813547573,0.2149042072353869,15.112266426266348,0.1113692737518937
Fox_office_Brandy,chronos_bolt_small,28,0.1083748229009097,0.1785260748907125,35.308431377548786,0.0858475183012709
Fox_office_Carson,chronos_bolt_small,28,0.127174340906068,0.2357296703420263,30.78447920005206,0.1646455280551932
Fox_office_Clayton,chronos_bolt_small,28,0.0924615230882731,0.1319566362928237,9.680530781430797,0.0765884227220819
Fox_office_Demetrius,chronos_bolt_small,28,0.165133328629521,0.2374289829237648,87.34770502785058,0.1393751396754508
Fox_office_Easter,chronos_bolt_small,28,0.1176917600320412,0.2349152914354576,10.262815729817383,0.0881604932974775
Fox_office_Edythe,chronos_bolt_small,28,0.0582864867971643,0.0971679172233719,21.62143134314852,0.0485177928490861
Fox_office_Essie,chronos_bolt_small,28,0.1569700470277191,0.3118924821592431,25.56011452764132,0.1346733027542249
Fox_office_Gaylord,chronos_bolt_small,28,0.0730210520591583,0.1560657144435222,7.876351857672822,0.0672844995784812
Fox_office_Israel,chronos_bolt_small,28,0.0494279519373443,0.0907475469808431,21.541884367565476,0.0412746217498643
Fox_office_Joy,chronos_bolt_small,28,0.0488688011807025,0.0775665986260667,5.542576428484742,0.040843626925444
Fox_office_Juana,chronos_bolt_small,28,0.1760200405320907,0.3137997329659295,14.4360271013352,0.131922407612349
Fox_office_Karima,chronos_bolt_small,28,0.0990006377368164,0.1551135750602416,11.916876721929276,0.0817813177997855
Fox_office_Margarita,chronos_bolt_small,28,0.0881809280550812,0.1348738659420437,9.13941015391804,0.070955081592704
Fox_office_Molly,chronos_bolt_small,28,0.1494641053220636,0.3248400756112444,52.97394352843872,0.1215058467855342
Fox_office_Rowena,chronos_bolt_small,28,0.096625006925701,0.1547998435889592,10.094060986032876,0.0758985894956523
Fox_office_Sheila,chronos_bolt_small,28,0.0889171119867477,0.1532582664362547,8.484588579266521,0.0694947822166599
Fox_office_Susanne,chronos_bolt_small,28,0.2046866122657942,0.2674616461306322,24.727939580057264,0.1630185473974412
Fox_office_Thelma,chronos_bolt_small,28,0.084961066797235,0.1742801530620239,9.995773562645567,0.080115397357521
Fox_office_Vicki,chronos_bolt_small,28,0.0641590101050075,0.0985403934939002,6.71056671799372,0.0518590331501179
Fox_office_Yong,chronos_bolt_small,28,0.1186698608979345,0.1727429416414231,13.85101319041878,0.1005606696696677
Fox_office_Zachary,chronos_bolt_small,28,0.1027843057174221,0.1610914512720937,71.81549657559071,0.084426205818456
Fox_parking_Felipa,chronos_bolt_small,28,0.021847946561159,0.0670872614777325,3.320572146440566,0.0194989706987674
Fox_parking_Lynelle,chronos_bolt_small,28,0.0561357805420004,0.094924451489212,7.406393919099474,0.0459579706261171
Fox_parking_Tommie,chronos_bolt_small,28,0.0136538241829912,0.046899920777931,1.874747137271105,0.0118297089700731
Fox_public_Bart,chronos_bolt_small,28,0.1816630576690732,0.2850327607978856,25.54307474750914,0.1850042859603264
Fox_public_Belle,chronos_bolt_small,28,0.1053921395702816,0.2399601199720566,25.81910111517313,0.1239259481059006
Fox_public_Denny,chronos_bolt_small,28,0.0665041151801511,0.0919435332142599,7.0554816682393,0.0531448798583907
Fox_public_Lauren,chronos_bolt_small,28,0.0622510867619797,0.1041999176866775,7.546186766036373,0.0578080151129522
Fox_public_Martin,chronos_bolt_small,28,0.0438900448298967,0.0839407429555317,5.750584003072437,0.0372596866383563
Fox_public_Rhonda,chronos_bolt_small,28,0.1501943964748622,0.2058045896332271,62.96495592240936,0.1266989800679135
Fox_religion_Maurice,chronos_bolt_small,28,0.3864335159151907,0.5562901914492995,209.80968545968625,0.3750674374142754
Fox_retail_Manie,chronos_bolt_small,28,0.1259412569910615,0.2086775917486159,15.02491618799766,0.1198632132715761
Fox_utility_Marian,chronos_bolt_small,28,0.2747020840178402,0.4905180186133541,41.75023397027604,0.2259028376268405
Fox_warehouse_Lorretta,chronos_bolt_small,28,0.2432983585265763,1.0425080114540164,16.675110400914953,0.1788777124677386
Fox_warehouse_Pearl,chronos_bolt_small,28,0.1554555881566556,0.2176710319850463,67.90823694184331,0.1257293458763012
Gator_assembly_Blanca,chronos_bolt_small,28,0.2305710725007615,0.3274527086960976,31.810386492285165,0.2932385412007498
Gator_assembly_Daisy,chronos_bolt_small,28,0.091016199376947,0.189189002381868,18.057094481510376,0.1730296622835232
Gator_assembly_Enid,chronos_bolt_small,28,0.2765213496915124,0.4160140558038698,196.1680127101889,1.8462250706943448
Gator_assembly_Gene,chronos_bolt_small,28,0.1631931434491088,0.2564183077067563,27.414077285205305,0.2538655562829869
Gator_assembly_Joni,chronos_bolt_small,28,0.3967976504821855,1.1276553150639992,109.63289460374628,1.070874644465919
Gator_assembly_Kayleigh,chronos_bolt_small,28,1.4638757400995408,3.606011460076256,4274.864675005865,1129803241.5383012
Gator_assembly_Kimberly,chronos_bolt_small,28,0.1702462399531903,0.2424041797655888,22.966291979508743,0.2022235107263797
Gator_assembly_Lelia,chronos_bolt_small,28,0.1686108240553404,0.249922210684698,28.326063480487846,0.2561913589347282
Gator_assembly_Loyce,chronos_bolt_small,28,0.1005048355607542,0.2187123883978834,26.313676491656352,0.251856685488025
Gator_assembly_Lucia,chronos_bolt_small,28,0.2525954179328362,0.3681653523008796,376.48496447824624,184158503.02630988
Gator_assembly_Marjorie,chronos_bolt_small,28,0.1822662021355281,0.3021657062863112,30.87448059017694,0.2805557881880725
Gator_assembly_Maurine,chronos_bolt_small,28,1.0429223489435395,1.2835980469241015,521.8596538858383,4.340002518714605
Gator_assembly_Regina,chronos_bolt_small,28,0.1474634425333108,0.2621204030074438,29.32629110618796,0.2757447994004522
Gator_office_August,chronos_bolt_small,28,0.2377465302237245,0.4656041737621997,459.730956260996,1699944939.4092352
Gator_office_Betty,chronos_bolt_small,28,0.2161515911321219,0.3542043933226221,422.2283827270441,4.265141378323133
Gator_office_Hunter,chronos_bolt_small,28,0.2573621467458916,0.4146336866631706,881.3385778468046,2726591435.323104
Gator_office_Julie,chronos_bolt_small,28,0.393073476330857,0.5452993777529366,897.2885705108852,456326471.81029135
Gator_office_Lisa,chronos_bolt_small,28,0.0868155811553115,0.2089507843787047,22.90757612336976,0.2217720483165
Gator_office_Lucy,chronos_bolt_small,28,0.3422253676191347,0.5261524085453206,904.177368018193,71738322.1469014
Gator_other_Cassandra,chronos_bolt_small,28,0.294426621417226,0.3651783033181875,35.283889126054405,0.3067174405822295
Gator_other_Elfriede,chronos_bolt_small,28,0.1582554438127184,0.2735806543145737,32.4122285335735,0.3013853565742469
Gator_other_Gertrude,chronos_bolt_small,28,0.5012945594943835,0.7625427446209424,83.06269573290508,0.750751197155157
Gator_other_Minda,chronos_bolt_small,28,0.6211281226537549,0.8826708038993354,205.2357920834436,52470083.66822707
Gator_other_Reginald,chronos_bolt_small,28,0.2534856456306642,0.3418644545551014,38.225540695697305,0.3465226736490014
Gator_other_Russel,chronos_bolt_small,28,0.246466943956722,0.4072496957531069,433.6772488282878,297009342.1698626
Gator_public_Alexandra,chronos_bolt_small,28,0.3913917423379658,0.5816406814012011,57.010775230880206,0.5012615600592522
Gator_public_Beulah,chronos_bolt_small,28,0.2040783874401314,0.315867523280842,45.84851693308736,0.4240290278855641
Gator_public_Cheri,chronos_bolt_small,28,0.1867212684649933,0.2776551480276032,17.35754703238573,0.153484907676087
Gator_public_Clara,chronos_bolt_small,28,0.2203039412119226,0.3076895785820085,35.58113795961333,0.3018480613727591
Gator_public_Dale,chronos_bolt_small,28,0.2536084010912375,0.3588728820320124,42.84669989325528,0.3960566570464149
Gator_public_Dewey,chronos_bolt_small,28,0.1264284773851599,0.2433648707459886,30.844078769517004,0.2938956294712642
Gator_public_Dionna,chronos_bolt_small,28,0.1378542028300186,0.1678396708599349,13.93631383397628,0.1190354391317991
Gator_public_Erika,chronos_bolt_small,28,0.1645084262142782,0.2470620261206815,37.6527591404644,0.3522614111422538
Gator_public_Everette,chronos_bolt_small,28,0.3783828891605185,0.5137518311334712,63.52689435920217,0.5839654821780643
Gator_public_Geraldine,chronos_bolt_small,28,0.1764439360240028,0.2161471586220789,23.658520945177465,0.2108408830582093
Gator_public_Janna,chronos_bolt_small,28,0.2095753272896531,0.3338342900510603,37.49959923986882,0.3518136248587379
Gator_public_Jayme,chronos_bolt_small,28,0.1392226354416177,0.2390466396226557,40.88211485249255,0.3899899596353241
Gator_public_Kendall,chronos_bolt_small,28,0.2085437446267019,0.3059429218978788,51.61737041983571,0.4840945936317431
Gator_public_Kenny,chronos_bolt_small,28,0.2125376462391186,0.3445982183243579,19.39832327686844,0.1688191547626252
Gator_public_Latasha,chronos_bolt_small,28,0.1579510648872568,0.2396481282695613,22.560800067076933,0.1999972067516126
Gator_public_Leroy,chronos_bolt_small,28,0.231608710633341,0.3067670664049172,27.86517323549329,0.249857171258222
Gator_public_Lindsey,chronos_bolt_small,28,0.2213373238605741,0.2966752233395889,345.88715116227576,630195932.6990559
Gator_public_Marcie,chronos_bolt_small,28,0.1672030355376425,0.241920189581359,72.18543558746175,0.6754807678188943
Gator_public_Marissa,chronos_bolt_small,28,0.1414509192852427,0.1827931101831403,14.406401636720195,0.1242342050881011
Gator_public_Maude,chronos_bolt_small,28,0.1238605569931965,0.231537631037546,34.362130293074266,0.3295130188987996
Gator_public_Natasha,chronos_bolt_small,28,0.3330433687007706,0.446789212855045,56.01680173771748,0.5045548802280623
Gator_public_Nettie,chronos_bolt_small,28,0.2359619553123157,0.4047011546055216,39.21568131259642,0.3650333667595823
Gator_public_Noe,chronos_bolt_small,28,0.2620789838339315,0.3560250405833587,49.5175085499303,0.4543395726487739
Gator_public_Philip,chronos_bolt_small,28,0.32018079634736,0.4794504557232347,45.80910499767946,0.4239723101534027
Gator_public_Randall,chronos_bolt_small,28,0.1740542371691223,0.2762834805911627,34.55491139152535,0.3176540915103936
Gator_public_Ross,chronos_bolt_small,28,0.224599462737941,0.4267433953245501,29.691286413190397,0.2738535632620932
Gator_public_Tiffany,chronos_bolt_small,28,0.1449735464691188,0.2252551420997006,22.18463806625884,0.2056445545037995
Gator_warehouse_Constance,chronos_bolt_small,28,0.3761076170218118,0.522504429522591,436.3548389299576,355799438.2862602
Gator_warehouse_Stacie,chronos_bolt_small,28,0.2606234066586929,0.3860394838943088,58.106318252629286,0.5457344177123902
Hog_assembly_Colette,chronos_bolt_small,28,0.204225369029086,0.2969634108501751,20.827792365197062,0.1563822976694061
Hog_assembly_Dona,chronos_bolt_small,28,0.1388475522578394,0.1936570431606921,14.894877753113228,0.1125772196782811
Hog_assembly_Edward,chronos_bolt_small,28,0.1506454195909078,0.2321283162695513,14.88333665017089,0.1192390499350745
Hog_assembly_Jasmine,chronos_bolt_small,28,0.1161102528740912,0.1653025149823167,13.52113348297592,0.1036750251160347
Hog_assembly_Letha,chronos_bolt_small,28,0.0564378325951339,0.1118073374287958,5.124116540625977,0.0468282134815511
Hog_assembly_Maribel,chronos_bolt_small,28,0.0588165603798557,0.087013914208715,6.375984946582817,0.0502266550580717
Hog_assembly_Pedro,chronos_bolt_small,28,0.1673504208092634,0.2361339727964364,15.906738048124364,0.1264888429629135
Hog_education_Beth,chronos_bolt_small,28,0.0685862266767998,0.0981128917085828,6.8196679868441,0.0549385144971992
Hog_education_Bruno,chronos_bolt_small,28,0.023142279432709,0.0386204526942551,2.309633260601301,0.0182453059634688
Hog_education_Caridad,chronos_bolt_small,28,0.0133122398262259,0.0194861374222796,1.3143947021815787,0.0103801954524215
Hog_education_Casandra,chronos_bolt_small,28,0.0144874827987335,0.023144431881146,1.4509312488999817,0.0115793041892687
Hog_education_Cathleen,chronos_bolt_small,28,0.0372898576032257,0.0656054282935788,3.855248640682503,0.0327994650062863
Hog_education_Darryl,chronos_bolt_small,28,0.1314617922581949,0.1758242210994366,12.650330743288595,0.1018607087206565
Hog_education_Donnie,chronos_bolt_small,28,0.1088302573425575,0.1771802881998943,12.021406312611049,0.0876793797677633
Hog_education_George,chronos_bolt_small,28,0.0213036682608382,0.0322767162101661,2.127458363899144,0.0171452030085561
Hog_education_Hallie,chronos_bolt_small,28,0.0213928268638444,0.0324415516436164,2.098778576083709,0.0166418259112303
Hog_education_Haywood,chronos_bolt_small,28,0.0152307470346086,0.0250783409769452,1.5284490078996265,0.0120501052844074
Hog_education_Janell,chronos_bolt_small,28,0.0192602226524798,0.0310990148400546,1.8986570977884245,0.0163357466030337
Hog_education_Jared,chronos_bolt_small,28,0.109919157716239,0.1743821710461155,10.25615715812438,0.0821813404197785
Hog_education_Jewel,chronos_bolt_small,28,0.0850238131078028,0.1213151821233023,8.500982541803245,0.0665751090137764
Hog_education_Jordan,chronos_bolt_small,28,0.068182950610292,0.1027927830653984,6.9463402218608135,0.058257213998746
Hog_education_Josh,chronos_bolt_small,28,0.1268685203661128,0.1682034404960878,14.375773416205284,0.1116796138401301
Hog_education_Leandro,chronos_bolt_small,28,0.0194595069527083,0.0331139527471051,1.9186899879205692,0.0160437148711814
Hog_education_Luvenia,chronos_bolt_small,28,0.0382477433928667,0.0603734432405111,3.721177506561207,0.0302021846613879
Hog_education_Madge,chronos_bolt_small,28,0.0707743351690949,0.0951424105185632,7.179844074194641,0.0556287317979491
Hog_education_Odell,chronos_bolt_small,28,0.0109114392471591,0.0185237477624162,1.1017557008095136,0.0088210986493748
Hog_education_Rachael,chronos_bolt_small,28,0.0881262995487976,0.1384592100499192,8.345093940445977,0.0678376877421211
Hog_education_Robert,chronos_bolt_small,28,0.0562688026231281,0.0901498671055464,5.843394992366647,0.0483093672030977
Hog_education_Roberto,chronos_bolt_small,28,0.053198370782124,0.0909356845886839,5.143913574507391,0.0452382064938829
Hog_education_Sonia,chronos_bolt_small,28,0.0193201606752499,0.0323252018425733,1.9057975778688607,0.0155544538457277
Hog_education_Wayne,chronos_bolt_small,28,0.0423269704651349,0.0666573588365017,3.9350491217739,0.032734167958171
Hog_food_Morgan,chronos_bolt_small,28,0.0764546357908931,0.1369366330652219,7.758155270542848,0.0624039351119657
Hog_health_Hisako,chronos_bolt_small,28,0.0290184898287949,0.0501989235192638,2.929626476006322,0.02420369728031
Hog_health_Jenny,chronos_bolt_small,28,0.0297023759082271,0.0578384857286804,2.9630245699437414,0.0247932819256025
Hog_health_Kesha,chronos_bolt_small,28,0.017713408574665,0.0325206015582916,1.760693135259534,0.0149257788848712
Hog_industrial_Jay,chronos_bolt_small,28,0.0228354210295899,0.0319253200274513,2.4282598738202426,0.0189058492726371
Hog_industrial_Jeremy,chronos_bolt_small,28,0.0929392061490998,0.1750692215210589,11.579627305375654,0.0843975517783627
Hog_industrial_Joanne,chronos_bolt_small,28,0.0800922455436855,0.1299831919173034,8.60688307673229,0.067313741290613
Hog_industrial_Mariah,chronos_bolt_small,28,0.0392927265639792,0.0604242243144089,3.740233976038661,0.0316634159776408
Hog_industrial_Quentin,chronos_bolt_small,28,0.1205994112015113,0.2187377550023024,14.302702160977669,0.1197279229454514
Hog_lodging_Brian,chronos_bolt_small,28,0.0596537579086421,0.090284856234148,6.182447430482521,0.0501503704903961
Hog_lodging_Celeste,chronos_bolt_small,28,0.060531982626846,0.0949976129389363,6.000520535958033,0.0477394014639811
Hog_lodging_Edgar,chronos_bolt_small,28,,,690730.90950648,51.40208048504536
Hog_lodging_Francisco,chronos_bolt_small,28,0.0495753551249059,0.0874091027396805,5.329438337148551,0.0423772893118336
Hog_lodging_Hal,chronos_bolt_small,28,0.0402438456084755,0.0648296886480643,4.047689728762211,0.0325291619425858
Hog_lodging_Mauricio,chronos_bolt_small,28,0.036256536574532,0.0581355733375201,3.910468957033536,0.0307901649493369
Hog_lodging_Nikki,chronos_bolt_small,28,0.0622827258166202,0.1001395463071706,6.187431609582885,0.0495643139608262
Hog_lodging_Ora,chronos_bolt_small,28,0.0367633873897569,0.0613709639352786,3.946944354730639,0.0319118194525156
Hog_lodging_Retha,chronos_bolt_small,28,0.0309883342725492,0.0451649161258733,3.074358046201008,0.0247925214766274
Hog_lodging_Shanti,chronos_bolt_small,28,0.0812721360019036,0.1203213659284701,8.113401194135914,0.0643448372624436
Hog_lodging_Shonda,chronos_bolt_small,28,0.0550324743056617,0.0868102712781385,5.36980531007582,0.0441906296649931
Hog_office_Alexis,chronos_bolt_small,28,0.0830491551010722,0.1515322502941402,7.976764891708544,0.0700063436229825
Hog_office_Alisha,chronos_bolt_small,28,0.0525394633955625,0.0708307683177002,5.342925785649636,0.040918709157913
Hog_office_Almeda,chronos_bolt_small,28,0.0972443086701171,0.1393163773022857,10.443954191239166,0.0845289748280304
Hog_office_Bessie,chronos_bolt_small,28,0.0534657278028385,0.0788759498461382,5.375039775435168,0.0434798147585954
Hog_office_Betsy,chronos_bolt_small,28,0.0787505309125001,0.1328912042055577,7.380616963349407,0.0600297846897304
Hog_office_Bill,chronos_bolt_small,28,0.047623511317588,0.1007753929910423,5.022270639137251,0.0418625817506471
Hog_office_Bryan,chronos_bolt_small,28,0.0485201315097384,0.1125268204183379,5.009731946152428,0.0428997095055257
Hog_office_Byron,chronos_bolt_small,28,0.0216137587787781,0.0407921879147135,2.1148345486191373,0.0178956270066655
Hog_office_Candi,chronos_bolt_small,28,0.0379158486380945,0.0735277439511698,3.816241766834884,0.0350945475419324
Hog_office_Carri,chronos_bolt_small,28,0.0497655963983166,0.094735114006711,5.067911478870435,0.0412212700709811
Hog_office_Catalina,chronos_bolt_small,28,0.2150237151512425,0.3824905985485995,30.90927175596742,0.2381786959407912
Hog_office_Catharine,chronos_bolt_small,28,0.021166902331417,0.0323646782353811,2.0923203415858485,0.0173868583753042
Hog_office_Charla,chronos_bolt_small,28,0.0255201467394498,0.039996224275562,2.5730204541960013,0.0214153922142997
Hog_office_Clemencia,chronos_bolt_small,28,0.0277280638860128,0.0412412563855719,2.6984608156643346,0.0217923913767548
Hog_office_Concetta,chronos_bolt_small,28,0.1203079509219464,0.2140960908084576,12.95991270593911,0.1069520313806283
Hog_office_Cordelia,chronos_bolt_small,28,0.0918928291482606,0.1654112709921625,11.161128645470487,0.0887321981236226
Hog_office_Corey,chronos_bolt_small,28,0.0887584688566462,0.1328542737623513,9.969204466876349,0.0791603196979167
Hog_office_Corie,chronos_bolt_small,28,0.0832705066344994,0.1404922141258695,7.799137301143222,0.063659352063702
Hog_office_Cornell,chronos_bolt_small,28,0.0304491379277063,0.0449321693012094,2.98001729595419,0.0251807746767925
Hog_office_Cortney,chronos_bolt_small,28,,,690730.90950648,51.40208048504536
Hog_office_Darline,chronos_bolt_small,28,0.0115573474070641,0.0176571786022406,1.1560244499327266,0.0091693435980636
Hog_office_Denita,chronos_bolt_small,28,0.0886840636743652,0.1458445891625656,10.001457696524154,0.0803538695564296
Hog_office_Elizbeth,chronos_bolt_small,28,0.0276686802024338,0.0517109733161547,2.7302121228194984,0.022806753392009
Hog_office_Elke,chronos_bolt_small,28,0.0659504698512137,0.1044237674862764,7.105168788075715,0.0563322933107229
Hog_office_Elnora,chronos_bolt_small,28,0.0301650167195657,0.0450793730625082,2.952848075351567,0.0234764189792778
Hog_office_Eloise,chronos_bolt_small,28,0.0160976858026266,0.0225243607379751,1.5843885637597397,0.0126698525447605
Hog_office_Elsy,chronos_bolt_small,28,0.0523866549254186,0.079195971556602,5.195024980099262,0.0419579541299733
Hog_office_Emmanuel,chronos_bolt_small,28,0.0429585524622234,0.059531523467868,4.06190099629657,0.0331278242757062
Hog_office_Garrett,chronos_bolt_small,28,0.141767253434155,0.2784696386776986,218.38710144714253,1295690966.565158
Hog_office_Guadalupe,chronos_bolt_small,28,0.099924653405666,0.1412261832943709,9.832491028517785,0.0800956090317787
Hog_office_Gustavo,chronos_bolt_small,28,0.02456569077108,0.0440008208929547,2.523116936216617,0.0208903891967742
Hog_office_Joey,chronos_bolt_small,28,0.0320911662269846,0.0546653591454458,3.120135303943251,0.0270668943007307
Hog_office_Josefina,chronos_bolt_small,28,0.0409131170858266,0.0620121249536938,4.044377094599433,0.0332314836857986
Hog_office_Lanell,chronos_bolt_small,28,0.0857017204568794,0.1540252705127305,10.217918136657882,0.0778614995797302
Hog_office_Lavon,chronos_bolt_small,28,0.108308815050472,0.1666742405139916,13.116573441871832,0.0987457656131332
Hog_office_Leanne,chronos_bolt_small,28,0.0290139787134346,0.0491389946065268,2.8525988445206183,0.0235038766668379
Hog_office_Leon,chronos_bolt_small,28,0.133135012882354,0.1931401281074472,13.520964803807033,0.1054909676344935
Hog_office_Lizzie,chronos_bolt_small,28,0.0504535011641184,0.0666498952581827,5.754914543588709,0.0402503650295253
Hog_office_Mack,chronos_bolt_small,28,0.0398490385985492,0.0605783146472512,3.920160416320849,0.0316330972369814
Hog_office_Man,chronos_bolt_small,28,0.0639253173529673,0.0877990888700743,6.603488824419735,0.0526582295738302
Hog_office_Mari,chronos_bolt_small,28,0.0800297612052606,0.1118544509302151,8.145694386537723,0.0638091605295561
Hog_office_Marilyn,chronos_bolt_small,28,0.043536188996918,0.0650344578825298,4.421706314909892,0.0347371312492621
Hog_office_Marlena,chronos_bolt_small,28,0.1096383376868586,0.2444779348498105,12.438113359989716,0.1148968727800936
Hog_office_Marlene,chronos_bolt_small,28,0.1017137151452784,0.2191052388405505,13.367972543013096,0.1074498395581045
Hog_office_Mary,chronos_bolt_small,28,0.0603304593210467,0.0874400067221915,6.453110752604253,0.0522824200449609
Hog_office_Merilyn,chronos_bolt_small,28,0.0515890047815318,0.0724073793462973,5.197957323447211,0.041852369084219
Hog_office_Migdalia,chronos_bolt_small,28,0.0938835587275219,0.1423182818924383,10.40017239722494,0.0814958003338321
Hog_office_Mike,chronos_bolt_small,28,0.0407782552706822,0.0587859526279483,4.144869566016878,0.0328174399689452
Hog_office_Miriam,chronos_bolt_small,28,0.0636768691325098,0.1249609853426706,6.688852377612833,0.0558770581461541
Hog_office_Myles,chronos_bolt_small,28,0.0824324282018225,0.1741698210681503,9.181305196635398,0.0753586174814801
Hog_office_Nancie,chronos_bolt_small,28,0.0681046083670535,0.1123290027569515,6.816983194804116,0.055062135062246
Hog_office_Napoleon,chronos_bolt_small,28,0.0604383249321518,0.0918756004475071,6.37643334281644,0.0511258726048709
Hog_office_Nia,chronos_bolt_small,28,0.0156826889772753,0.022503602740373,1.5373459606038702,0.0126609828692511
Hog_office_Patrick,chronos_bolt_small,28,0.0865174395840496,0.1464548264615338,8.382765575588543,0.0702026958185057
Hog_office_Randi,chronos_bolt_small,28,0.0579932487156117,0.1223007715522884,6.281782389399952,0.0522119521630567
Hog_office_Richelle,chronos_bolt_small,28,0.0397922749163855,0.070978033005033,3.877585852019527,0.0324565136951763
Hog_office_Roger,chronos_bolt_small,28,0.0944787016813418,0.1798921783499783,10.084710957999835,0.0890773784318415
Hog_office_Rolando,chronos_bolt_small,28,0.0125273470603461,0.0202509555707247,1.2663321594903254,0.0103234756002951
Hog_office_Sarah,chronos_bolt_small,28,0.0143441625205034,0.0272123421525899,1.4852218530970522,0.0120660570320452
Hog_office_Shawna,chronos_bolt_small,28,0.0623762978411643,0.0890335358868674,6.570338707694716,0.0533419796414528
Hog_office_Shawnna,chronos_bolt_small,28,0.0817239250445866,0.1322767568031273,8.147631018776455,0.0682732174616665
Hog_office_Sherrie,chronos_bolt_small,28,0.0884643372132996,0.1677534414839853,9.755627838530671,0.0822381304346758
Hog_office_Shon,chronos_bolt_small,28,0.0532310364941373,0.0812874766573702,5.30852892663005,0.0436736938760957
Hog_office_Simon,chronos_bolt_small,28,0.0913177148194271,0.1280400458902365,9.582052212381305,0.0763468621164878
Hog_office_Sonny,chronos_bolt_small,28,0.0299611915271763,0.0451596711173739,3.0619364989283384,0.0250261763184866
Hog_office_Sung,chronos_bolt_small,28,0.0346338520268698,0.0549885716568318,3.397114563114202,0.0281907946403356
Hog_office_Sydney,chronos_bolt_small,28,0.0252121677463487,0.0345193445293676,2.464872589740277,0.0198497469703617
Hog_office_Terry,chronos_bolt_small,28,0.0430076864665002,0.0875850153958574,3.961352766072748,0.0356949454042253
Hog_office_Thomas,chronos_bolt_small,28,,,499727731249.0734,50953028.167996354
Hog_office_Valda,chronos_bolt_small,28,0.0849276601125253,0.1532897895373663,9.859928678603575,0.0810717863220439
Hog_office_Vera,chronos_bolt_small,28,0.0705957514773997,0.1203964536848116,7.680756642729373,0.06032222978116
Hog_other_Noma,chronos_bolt_small,28,0.012806289452193,0.0183179552532981,1.2739156518632142,0.0104777371724462
Hog_other_Tobias,chronos_bolt_small,28,0.061401440261167,0.0923881251192377,6.4104598220315845,0.0513986873560162
Hog_parking_Antoinette,chronos_bolt_small,28,0.0858275862068965,0.1161827727441586,8.846683467290008,0.0696021465841985
Hog_parking_Bernardo,chronos_bolt_small,28,0.0557626572872287,0.0831505714385382,5.590584237093296,0.0443418365436198
Hog_parking_Cliff,chronos_bolt_small,28,0.0785047788563008,0.146394785215864,7.341206393925289,0.0621718958404969
Hog_parking_Jean,chronos_bolt_small,28,0.0690250600903885,0.0949974291842394,7.278754053584095,0.0582637732166542
Hog_parking_Jeana,chronos_bolt_small,28,0.0954369779200421,0.1485634166507721,8.796513170453995,0.0760946754264439
Hog_parking_Marcus,chronos_bolt_small,28,0.0423177787742063,0.05853114059529,4.169674560727207,0.033496499178029
Hog_parking_Shannon,chronos_bolt_small,28,0.0262721721164056,0.0370817500765027,2.5873610478629248,0.0207283705255541
Hog_public_Brad,chronos_bolt_small,28,0.0344546025468779,0.0501093117676221,3.5664349841494123,0.0283581165446103
Hog_public_Crystal,chronos_bolt_small,28,0.0646994851374199,0.1175678539398825,6.823005924148771,0.0557256691572144
Hog_public_Gerard,chronos_bolt_small,28,0.0484793732650016,0.074051511821882,5.406690311954426,0.0404650516962334
Hog_public_Kevin,chronos_bolt_small,28,0.0762147810801894,0.1288248546086561,9.029853479730884,0.0672609808262556
Hog_public_Octavia,chronos_bolt_small,28,0.0422715293639437,0.0686903539744255,4.362651749542817,0.0352585631304967
Hog_science_Max,chronos_bolt_small,28,0.0186335403726708,0.0280369777071379,1.8394475758587416,0.0149307422617352
Hog_services_Adrianna,chronos_bolt_small,28,0.0317023229893826,0.0768619995142535,3.3936659100802777,0.0314984179077224
Hog_services_Joe,chronos_bolt_small,28,0.1237303818858522,0.2202753839900204,14.034383850095857,0.1145390219396805
Hog_services_Kerrie,chronos_bolt_small,28,0.0841289784566625,0.1300559183777171,8.295176147615338,0.0674764079452967
Hog_services_Marshall,chronos_bolt_small,28,0.0424091946233134,0.0810908878022947,4.346627549469391,0.0366492947260604
Hog_warehouse_Louise,chronos_bolt_small,28,0.2104095035994413,0.3246622148602917,26.94424570109233,0.1938977271855571
Hog_warehouse_Porsha,chronos_bolt_small,28,0.0566624144940522,0.0965139622804793,18.009141556372274,0.0499513913301039
Hog_warehouse_Rosanna,chronos_bolt_small,28,0.0831649828347141,0.1186894657080511,7.864791732089678,0.0647651877837772
Lamb_assembly_Bertie,chronos_bolt_small,28,0.3308363253609832,0.5119647044400909,55.21950547518026,0.3440825915080331
Lamb_assembly_Cesar,chronos_bolt_small,28,0.1431617496253785,0.3203083056371066,18.490674474492604,0.1574741976639004
Lamb_assembly_Cherie,chronos_bolt_small,28,0.0845417574794837,0.1379423879337745,8.623176176008302,0.0728106052932313
Lamb_assembly_Corliss,chronos_bolt_small,28,0.2185153546424589,0.3346630334407362,34.7773628295685,0.2636449265864271
Lamb_assembly_Dillon,chronos_bolt_small,28,0.206168767390075,0.4141747494152675,102.02696125448894,0.2453400754909876
Lamb_assembly_Dorathy,chronos_bolt_small,28,0.0018208821614582,0.0018208821614582,0.1820882161458246,0.0018208821614582
Lamb_assembly_Dorothy,chronos_bolt_small,28,0.0907952532111012,0.1270640370804836,8.84642360744736,0.0711173571599624
Lamb_assembly_Elinor,chronos_bolt_small,28,0.182001759929477,0.3315134714382153,14.556515288499853,0.1358461862291943
Lamb_assembly_Isa,chronos_bolt_small,28,0.0013580322265624,0.0013580322265624,0.1358032226562452,0.0012332421761971
Lamb_assembly_Jerry,chronos_bolt_small,28,0.0013580322265624,0.0013580322265624,0.1358032226562452,0.0012332421761971
Lamb_assembly_Katelyn,chronos_bolt_small,28,0.2165521429015367,0.3657776300795313,22.913448357161016,0.1907393538070114
Lamb_assembly_Kurt,chronos_bolt_small,28,0.0013580322265624,0.0013580322265624,0.1358032226562452,0.0012332421761971
Lamb_assembly_Librada,chronos_bolt_small,28,0.1673162211404202,0.3319549618250524,16.559358123598972,0.1398550778380242
Lamb_assembly_Louis,chronos_bolt_small,28,0.3718063683182556,0.6197234820530935,299.50393559039287,0.3639939634194618
Lamb_assembly_Nicole,chronos_bolt_small,28,0.0013580322265624,0.0013580322265624,0.1358032226562452,0.0013498730129665
Lamb_assembly_Ossie,chronos_bolt_small,28,0.1651081375028459,0.2578891430156269,23.11732416379589,0.1651564874595512
Lamb_assembly_Rosa,chronos_bolt_small,28,0.5982040692890929,1.2759470417718148,110.5382524600316,0.6571645372481776
Lamb_assembly_Steven,chronos_bolt_small,28,0.00054931640625,0.00054931640625,0.054931640625002,0.00054931640625
Lamb_assembly_Tasha,chronos_bolt_small,28,0.2298070506360144,0.3325603635540003,24.451589964539107,0.1823477277173401
Lamb_assembly_Tawana,chronos_bolt_small,28,0.00054931640625,0.00054931640625,0.054931640625002,0.00054931640625
Lamb_assembly_Theresa,chronos_bolt_small,28,0.0013580322265624,0.0013580322265624,0.1358032226562452,0.0013498730129665
Lamb_assembly_Walter,chronos_bolt_small,28,0.2182449458235637,0.4282117573997771,34.34547330770019,0.2112306750320623
Lamb_education_Aldo,chronos_bolt_small,28,0.0013580322265624,0.0013580322265624,0.1358032226562452,0.0012332421761971
Lamb_education_Antonio,chronos_bolt_small,28,0.1494676280975967,0.2959100436228629,21.794995017996783,0.165686370145477
Lamb_education_Armando,chronos_bolt_small,28,0.1290689057032833,0.2708321393424062,17.73110145380244,0.1365188107965932
Lamb_education_Augustine,chronos_bolt_small,28,0.2068229392953304,0.4890208208771094,42.14208546790288,0.342417374377972
Lamb_education_Bert,chronos_bolt_small,28,0.162049342447245,0.3598445292913096,264.0581442896847,8.330245749961016
Lamb_education_Bettye,chronos_bolt_small,28,0.0013580322265624,0.0013580322265624,0.1358032226562452,0.0013498730129665
Lamb_education_Carlton,chronos_bolt_small,28,0.2612381935644266,0.7259659000930083,1582.8642360352608,270.7631829970382
Lamb_education_Chet,chronos_bolt_small,28,0.0013580322265624,0.0013580322265624,0.1358032226562452,0.0012332421761971
Lamb_education_Daniel,chronos_bolt_small,28,0.1541536610919498,0.3132000231004446,16.51110245072311,0.144398780707442
Lamb_education_Darrel,chronos_bolt_small,28,0.1260439243295482,0.2408359439458869,16.42412432890936,0.132376562644108
Lamb_education_Debby,chronos_bolt_small,28,0.0013580322265624,0.0013580322265624,0.1358032226562452,0.0013580322265624
Lamb_education_Dolly,chronos_bolt_small,28,0.00054931640625,0.00054931640625,0.054931640625002,0.00054931640625
Lamb_education_Domitila,chronos_bolt_small,28,0.1534472526474953,0.3471749786606735,18.37329018125364,0.1497737658913814
Lamb_education_Dwayne,chronos_bolt_small,28,0.1415871695509739,0.3413121410204877,19.9499208406308,0.1640012658648778
Lamb_education_Ellen,chronos_bolt_small,28,0.0018208821614582,0.0018208821614582,0.1820882161458246,0.0017989358784239
Lamb_education_Emery,chronos_bolt_small,28,0.1455959345241381,0.3025681399738956,16.278936686231997,0.1359014257003425
Lamb_education_Emilie,chronos_bolt_small,28,0.1800485496666297,0.391415910695206,426.96536138538,12.126910336858574
Lamb_education_Eula,chronos_bolt_small,28,0.2267206734921615,0.7593045591111338,1605.9919868141735,518.6790679659799
Lamb_education_Faith,chronos_bolt_small,28,0.1900166952476331,0.4843636964625245,712.0286102180606,25.02157284855367
Lamb_education_Felicia,chronos_bolt_small,28,0.0013580322265624,0.0013580322265624,0.1358032226562452,0.0013580322265624
Lamb_education_Felipe,chronos_bolt_small,28,0.1640211099576111,0.276559606410441,18.863462050725797,0.1474131364703153
Lamb_education_Fred,chronos_bolt_small,28,0.2169149079306747,0.3518524161527959,228.85463574933144,7.453983731009098
Lamb_education_Freddy,chronos_bolt_small,28,0.0013580322265624,0.0013580322265624,0.1358032226562452,0.0012332421761971
Lamb_education_Gabriel,chronos_bolt_small,28,0.1676121838818679,0.3205380819410873,19.572523307850936,0.1584951618642584
Lamb_education_Gabrielle,chronos_bolt_small,28,0.3120782214058671,0.582092775055881,624.8520865792563,9.952627825128303
Lamb_education_Garry,chronos_bolt_small,28,0.0018208821614582,0.0018208821614582,0.1820882161458246,0.0017989358784239
Lamb_education_Harold,chronos_bolt_small,28,0.0018208821614582,0.0018208821614582,0.1820882161458246,0.0017989358784239
Lamb_education_Heidi,chronos_bolt_small,28,0.0018208821614582,0.0018208821614582,0.1820882161458246,0.0018208821614582
Lamb_education_Hellen,chronos_bolt_small,28,0.2068160933580959,0.4144903351309978,513.7549813621944,11.511542813995684
Lamb_education_Hilary,chronos_bolt_small,28,0.2074832248966245,0.3807174773119766,31.04401875636868,0.2547774297760851
Lamb_education_Hillary,chronos_bolt_small,28,0.0013580322265624,0.0013580322265624,0.1358032226562452,0.0013498730129665
Lamb_education_Hubert,chronos_bolt_small,28,0.0017726732336956,0.0017726732336956,0.1772673233695668,0.0017726732336956
Lamb_education_Hui,chronos_bolt_small,28,0.1788907542346512,0.3634201943233466,27.41547898707112,0.2120499015406951
Lamb_education_Ira,chronos_bolt_small,28,0.0018208821614582,0.0018208821614582,0.1820882161458246,0.0017989358784239
Lamb_education_Isabelle,chronos_bolt_small,28,0.1452594274513668,0.2622402355543713,18.234548910882832,0.1463674233020275
Lamb_education_Jane,chronos_bolt_small,28,0.0002983940972222,0.0002983940972222,0.0298394097222249,0.0002983940972222
Lamb_education_Junior,chronos_bolt_small,28,0.1163736620144837,0.2162436019796308,14.507443674705112,0.1167372628500157
Lamb_education_Kasha,chronos_bolt_small,28,0.0013580322265624,0.0013580322265624,0.1358032226562452,0.0013498730129665
Lamb_education_Kayla,chronos_bolt_small,28,0.00054931640625,0.00054931640625,0.054931640625002,0.00054931640625
Lamb_education_Larissa,chronos_bolt_small,28,0.0018208821614582,0.0018208821614582,0.1820882161458246,0.0017989358784239
Lamb_education_Lawrence,chronos_bolt_small,28,0.2380506537386806,0.6325283441174907,36.15667351436011,0.2797026363891226
Lamb_education_Lazaro,chronos_bolt_small,28,0.0012428977272727,0.0012428977272727,0.1242897727272721,0.0012428977272727
Lamb_education_Lemuel,chronos_bolt_small,28,0.0013580322265624,0.0013580322265624,0.1358032226562452,0.0013580322265624
Lamb_education_Leopoldo,chronos_bolt_small,28,0.0018208821614582,0.0018208821614582,0.1820882161458246,0.0017989358784239
Lamb_education_Logan,chronos_bolt_small,28,0.0013580322265624,0.0013580322265624,0.1358032226562452,0.0012332421761971
Lamb_education_Lucas,chronos_bolt_small,28,0.1737616656821617,0.3815578255500692,27.23372973082504,0.2096510214270309
Lamb_education_Luz,chronos_bolt_small,28,0.0869753953962466,0.1810906919849535,10.33599580041492,0.0842940561872729
Lamb_education_Mae,chronos_bolt_small,28,0.1232039132790842,0.2446455939824044,16.538825487155634,0.1283487820365504
Lamb_education_Manuel,chronos_bolt_small,28,0.1689960723214179,0.2767427268665583,16.373609505648176,0.1369097272538196
Lamb_education_Marc,chronos_bolt_small,28,0.3880363256984842,0.8909402609652296,1324.7086349791227,249101559.44377303
Lamb_education_Maritza,chronos_bolt_small,28,0.1602989479045173,0.3775500996184679,528.4076666131105,11.022839339302694
Lamb_education_Marty,chronos_bolt_small,28,0.0013580322265624,0.0013580322265624,0.1358032226562452,0.0012332421761971
Lamb_education_Maxwell,chronos_bolt_small,28,0.1617809664830221,0.3615708250674677,20.5561712640961,0.173835931334483
Lamb_education_Mckenzie,chronos_bolt_small,28,0.1480471166424811,0.2898662188463377,15.867200622173025,0.1332550413837838
Lamb_education_Moses,chronos_bolt_small,28,0.1955451643695111,0.420392130452717,457.50623752679047,11.128130963048235
Lamb_education_Nathan,chronos_bolt_small,28,0.0018208821614582,0.0018208821614582,0.1820882161458246,0.0017989358784239
Lamb_education_Nichol,chronos_bolt_small,28,0.0013580322265624,0.0013580322265624,0.1358032226562452,0.0012332421761971
Lamb_education_Norris,chronos_bolt_small,28,0.1801447145231494,0.3943485357268805,324.19853807856947,10.333184803384912
Lamb_education_Patsy,chronos_bolt_small,28,0.0018208821614582,0.0018208821614582,0.1820882161458246,0.0017989358784239
Lamb_education_Phil,chronos_bolt_small,28,0.0013580322265624,0.0013580322265624,0.1358032226562452,0.0013498730129665
Lamb_education_Philomena,chronos_bolt_small,28,0.1386577860167283,0.2684519659359107,18.0066240404326,0.1399537524634607
Lamb_education_Princess,chronos_bolt_small,28,0.1403512958406653,0.2603669295898145,17.75801649475415,0.136547439033127
Lamb_education_Randal,chronos_bolt_small,28,0.1905934829966759,0.4277990215902457,600.2196599454714,21.476802716361306
Lamb_education_Rick,chronos_bolt_small,28,0.1745874712017485,0.3471747719015697,21.929545814374286,0.1733049760607541
Lamb_education_Robin,chronos_bolt_small,28,0.1257802596650724,0.227339204824828,14.624495692888692,0.1182236084428472
Lamb_education_Rodrigo,chronos_bolt_small,28,0.127943509493144,0.2570243638960863,16.48151921606277,0.1315754172539312
Lamb_education_Ruben,chronos_bolt_small,28,0.0018208821614582,0.0018208821614582,0.1820882161458246,0.0017989358784239
Lamb_education_Sabrina,chronos_bolt_small,28,0.2548684535186027,0.5892573462520895,957.4031235990584,25.50832665547465
Lamb_education_Salvador,chronos_bolt_small,28,0.00054931640625,0.00054931640625,0.054931640625002,0.00054931640625
Lamb_education_Sara,chronos_bolt_small,28,0.1483621756304623,0.3051431520310678,24.42712304324466,0.1915030562762009
Lamb_education_Stefan,chronos_bolt_small,28,0.1700596626096867,0.3438268760364899,24.739506915471843,0.1885533685005442
Lamb_education_Sunny,chronos_bolt_small,28,0.2661449228226279,0.4914325737034533,54.28768037530487,0.3657659650473356
Lamb_education_Sylvester,chronos_bolt_small,28,0.2491807165374575,0.5967659481750089,994.4573218796204,43.23309139131295
Lamb_education_Terina,chronos_bolt_small,28,0.092813639702049,0.1868565392753252,11.5135587212697,0.0919548145601711
Lamb_education_Traci,chronos_bolt_small,28,0.2766741822383701,0.672148223781752,721.7970561292191,18.97065553322727
Lamb_education_Vaughn,chronos_bolt_small,28,0.2238366047201297,0.3884348973155644,308.6350507051953,3.939881202941766
Lamb_education_Wanda,chronos_bolt_small,28,0.0018208821614582,0.0018208821614582,0.1820882161458246,0.0017989358784239
Lamb_education_Wilbert,chronos_bolt_small,28,0.0018208821614582,0.0018208821614582,0.1820882161458246,0.0017989358784239
Lamb_education_Williams,chronos_bolt_small,28,0.1503725960401472,0.2811958117310562,18.825593584249443,0.1575698524463002
Lamb_food_Sylvia,chronos_bolt_small,28,0.0012428977272727,0.0012428977272727,0.1242897727272721,0.0012428977272727
Lamb_health_Ken,chronos_bolt_small,28,0.1456802482044601,0.2241489703992415,16.92479966791724,0.1359917228836513
Lamb_industrial_Carla,chronos_bolt_small,28,0.2320802550866848,0.4203638973203728,29.852153595785875,0.245101609548738
Lamb_industrial_Enrique,chronos_bolt_small,28,0.2552594140537114,0.420320516057153,22.83181326075245,0.2114743099051311
Lamb_industrial_Venessa,chronos_bolt_small,28,0.0018208821614582,0.0018208821614582,0.1820882161458246,0.0018208821614582
Lamb_industrial_Willard,chronos_bolt_small,28,0.0013580322265624,0.0013580322265624,0.1358032226562452,0.0012332421761971
Lamb_lodging_Burt,chronos_bolt_small,28,0.1963382590024124,0.38134368128386,24.12338120789006,0.196949318757223
Lamb_lodging_Harley,chronos_bolt_small,28,0.0013580322265624,0.0013580322265624,0.1358032226562452,0.0013580322265624
Lamb_office_Bertha,chronos_bolt_small,28,0.0708821065710106,0.1529531234674779,7.180010947465799,0.0639792468998993
Lamb_office_Caitlin,chronos_bolt_small,28,0.121428425530433,0.1791762805953143,17.8509335233763,0.1117688994200189
Lamb_office_Callie,chronos_bolt_small,28,0.0027204241071428,0.0027204241071428,0.2720424107142867,0.001935080876426
Lamb_office_Gerardo,chronos_bolt_small,28,0.2020380416233537,0.3964656206960825,24.923294647057972,0.1939640567826166
Lamb_office_Jo,chronos_bolt_small,28,0.0013580322265624,0.0013580322265624,0.1358032226562452,0.0013498730129665
Lamb_office_Maggie,chronos_bolt_small,28,0.2936836355166448,0.4745371502303385,73.32881788653015,0.3224912209300926
Lamb_office_Raymond,chronos_bolt_small,28,0.1716593170049718,0.3099428440127618,20.86566262949541,0.1629501211001409
Lamb_office_Stefani,chronos_bolt_small,28,0.0009765624999999,0.0009765624999999,0.0976562499999979,0.0009765624999999
Lamb_office_Vasiliki,chronos_bolt_small,28,0.0695939129914203,0.1428182379021874,7.247445618685775,0.0612836103934748
Lamb_office_Velma,chronos_bolt_small,28,0.1101819920171806,0.1872079183178112,11.316192431118976,0.0967513479449323
Lamb_office_William,chronos_bolt_small,28,0.0018208821614582,0.0018208821614582,0.1820882161458246,0.0017989358784239
Lamb_other_Katharina,chronos_bolt_small,28,0.1936391642540863,0.2667818247501653,23.5695458604114,0.1853636431325469
Lamb_other_Minerva,chronos_bolt_small,28,0.0018208821614582,0.0018208821614582,0.1820882161458246,0.0018208821614582
Lamb_public_Angeline,chronos_bolt_small,28,0.1981791604436111,0.3269227803891043,21.62796283546948,0.1748364890102297
Lamb_public_Grace,chronos_bolt_small,28,0.1677175569570054,0.3559374883348965,24.69278119230227,0.2320417578215048
Lamb_public_Gracie,chronos_bolt_small,28,0.1293159354975404,0.2248110800889918,13.92213194329006,0.1187606268341847
Lamb_public_Nyla,chronos_bolt_small,28,0.2306530494821633,0.4131106262710107,26.349434711281937,0.2250358948406708
Lamb_public_Vania,chronos_bolt_small,28,0.068711554951251,0.1131446024129331,7.125738617281033,0.0558912668010642
Lamb_warehouse_Allan,chronos_bolt_small,28,0.0012428977272727,0.0012428977272727,0.1242897727272787,0.0012428977272727
Moose_education_Abbie,chronos_bolt_small,28,0.0377022188206576,0.0896432463115366,3.901968447782561,0.0334509097831513
Moose_education_Clark,chronos_bolt_small,28,0.0652437134338378,0.1294735694296052,7.213992985514716,0.0601329639144392
Moose_education_Florence,chronos_bolt_small,28,0.0718047233892041,0.1821352085959662,8.36830511828045,0.0730792117294587
Moose_education_Gladys,chronos_bolt_small,28,0.0514925179571102,0.1017442713229293,5.584316587671029,0.0481349558745844
Moose_education_Leland,chronos_bolt_small,28,0.0303778619589318,0.0572724673465069,3.024839703120596,0.0255748810188051
Moose_education_Lori,chronos_bolt_small,28,0.02704374214455,0.0350863563103097,2.7305772764329217,0.0212601379955012
Moose_education_Maria,chronos_bolt_small,28,0.0128101364276844,0.0185339868571576,1.274465946435614,0.0101254142984258
Moose_education_Marina,chronos_bolt_small,28,0.0413445776889006,0.0606861451861962,4.024838917222305,0.0323616787555619
Moose_education_Marlon,chronos_bolt_small,28,0.0574331650492523,0.0796302418521152,5.820452959165076,0.0450610873225111
Moose_education_Rene,chronos_bolt_small,28,0.0925161912181729,0.2272816794197427,10.244455508875877,0.0916028838288933
Moose_education_Ricardo,chronos_bolt_small,28,0.0271000746017603,0.0461058532098209,2.6855908347487976,0.0214199020868598
Mouse_health_Estela,chronos_bolt_small,28,,,690730.90950648,51.40208048504536
Mouse_health_Ileana,chronos_bolt_small,28,,,690730.90950648,51.40208048504536
Mouse_health_Justin,chronos_bolt_small,28,,,690730.90950648,51.40208048504536
Mouse_health_Modesto,chronos_bolt_small,28,,,690730.90950648,51.40208048504536
Mouse_lodging_Vicente,chronos_bolt_small,28,,,690730.90950648,51.40208048504536
Panther_assembly_Carrol,chronos_bolt_small,28,0.2709321436470402,0.4183795322858162,32.561570633348055,0.2610696208954335
Panther_assembly_David,chronos_bolt_small,28,0.1193004923362301,0.1620378171503141,12.48532432144108,0.0950924089254196
Panther_assembly_Denice,chronos_bolt_small,28,0.0928186608342176,0.1218940493206186,9.552649578879924,0.0742850971782442
Panther_assembly_Gwyneth,chronos_bolt_small,28,0.0651918070521234,0.0951781144162672,6.300095134724826,0.0513120125305469
Panther_assembly_Pamella,chronos_bolt_small,28,0.2212507173018281,0.391151420935875,21.656418329252357,0.1762969184822822
Panther_education_Alecia,chronos_bolt_small,28,0.0987588222559968,0.1661008996980435,9.913761848257874,0.0852313184133286
Panther_education_Annetta,chronos_bolt_small,28,0.109900991854228,0.1685895808319213,11.087644232803326,0.092828778034585
Panther_education_Aurora,chronos_bolt_small,28,0.1058343313497641,0.2014368336435443,13.66410635759616,0.1167531383798822
Panther_education_Cleopatra,chronos_bolt_small,28,0.1810771398877439,0.2867203286909742,25.446464079987276,0.1924333973002978
Panther_education_Diann,chronos_bolt_small,28,0.1601613833735476,0.2799962454502983,24.047228636295507,0.2009358975245276
Panther_education_Edna,chronos_bolt_small,28,0.0652706303456782,0.1072891844305783,6.71168541613518,0.0542150190785978
Panther_education_Emily,chronos_bolt_small,28,0.1051662877692855,0.1628071505163908,10.777502782676216,0.0906354359292516
Panther_education_Enriqueta,chronos_bolt_small,28,0.1193992044051144,0.1948061031874616,13.765710547788563,0.1132949964197552
Panther_education_Genevieve,chronos_bolt_small,28,0.0249633985590579,0.058655195041415,2.3293671125722506,0.0198698481594523
Panther_education_Gina,chronos_bolt_small,28,0.0142535323557607,0.0213192737667388,1.4282629630591894,0.01146932677964
Panther_education_Hugh,chronos_bolt_small,28,0.0201616334609085,0.0332227316308239,2.066307743230602,0.0163960633655117
Panther_education_Ivan,chronos_bolt_small,28,0.0856311197861906,0.1372569239875493,7.808066615624262,0.0660006319826203
Panther_education_Janis,chronos_bolt_small,28,0.234997969922132,0.3301808097172495,23.94592930317943,0.1898671310537213
Panther_education_Jerome,chronos_bolt_small,28,0.0127755113856201,0.018589699212441,1.2782215738525786,0.0103932357325069
Panther_education_Jonathan,chronos_bolt_small,28,0.5510445024801812,2.7913736801895035,4239.629912829633,49935412.67444231
Panther_education_Karri,chronos_bolt_small,28,0.035924465647638,0.0861105500284828,3.309347723550253,0.028402680825943
Panther_education_Mattie,chronos_bolt_small,28,0.3245838513565448,0.4695594437395103,43.21896968042008,0.2906586021163565
Panther_education_Misty,chronos_bolt_small,28,0.1554564164295018,0.2409261857601149,18.2887343946479,0.1379384369330336
Panther_education_Mohammad,chronos_bolt_small,28,0.0695959031392486,0.0981458641214925,7.240801053026019,0.0566042080696455
Panther_education_Neal,chronos_bolt_small,28,0.1576679533572532,0.2128455212730434,18.36163375713269,0.1281376830611415
Panther_education_Quintin,chronos_bolt_small,28,0.0944756137942459,0.1490758484304884,10.296109507454746,0.0870952075265762
Panther_education_Rosalie,chronos_bolt_small,28,0.0870518034054996,0.1255361490645271,9.73457396709833,0.0730968868231753
Panther_education_Scarlett,chronos_bolt_small,28,0.0973733969363951,0.160598971247193,8.75305221173861,0.0687625119153393
Panther_education_Shelton,chronos_bolt_small,28,0.05814007888071,0.1010581844033511,6.22962542786538,0.0512606846983241
Panther_education_Sophia,chronos_bolt_small,28,0.0195644802040586,0.046795667286248,2.1458994886573186,0.0164224555163437
Panther_education_Teofila,chronos_bolt_small,28,0.0895492881696044,0.1506543352165819,9.355794373732635,0.0787518585056641
Panther_education_Tina,chronos_bolt_small,28,0.3259208797488822,0.4840189395556623,35.8610608884327,0.2432427694002116
Panther_education_Vincent,chronos_bolt_small,28,0.0855973533554074,0.1471703861191367,10.303667111793947,0.0844448582344409
Panther_education_Violet,chronos_bolt_small,28,0.0494079290427803,0.0664847863117234,4.915353757106922,0.038725716124782
Panther_education_Zelda,chronos_bolt_small,28,0.0943133100238816,0.1728895667702351,10.520117661214364,0.0896448554180656
Panther_lodging_Alita,chronos_bolt_small,28,0.0687206838464449,0.1014909911492471,7.63840223861028,0.0590700431446629
Panther_lodging_Anastasia,chronos_bolt_small,28,0.1233470806139168,0.1588661311081129,13.176283759009758,0.0997590725620522
Panther_lodging_Awilda,chronos_bolt_small,28,0.0300030493210514,0.0432109393045496,2.9344207462975462,0.0239471603299703
Panther_lodging_Blaine,chronos_bolt_small,28,0.1317508170841159,0.1926511205281328,14.171412222375864,0.1083518472641143
Panther_lodging_Cora,chronos_bolt_small,28,0.0716538457470712,0.1021886088946145,7.1961556064186025,0.0555773252823958
Panther_lodging_Cornelia,chronos_bolt_small,28,0.1100061129281562,0.1813962720908777,11.803753141049182,0.0925488724908413
Panther_lodging_Dianna,chronos_bolt_small,28,0.0811374561942914,0.1082247321233796,8.032653017554134,0.0622283158650207
Panther_lodging_Edison,chronos_bolt_small,28,0.071040220488128,0.1234437598015324,6.966843460121693,0.0579281752705896
Panther_lodging_Edmond,chronos_bolt_small,28,0.1183622318918545,0.1715395907493446,12.101138461748558,0.0951333166486073
Panther_lodging_Else,chronos_bolt_small,28,0.0721758046448468,0.1066949658720847,6.902445879841706,0.0572254594010687
Panther_lodging_Fausto,chronos_bolt_small,28,0.0719710164965011,0.1115165133592711,6.89702339613652,0.0565331028596722
Panther_lodging_Floyd,chronos_bolt_small,28,0.0836209556801825,0.1293278490108227,8.122825240017956,0.0668342146450843
Panther_lodging_Gale,chronos_bolt_small,28,0.035938970400955,0.0510020147355042,3.610737498129813,0.0285044199479228
Panther_lodging_Hattie,chronos_bolt_small,28,0.0683927581828367,0.0948272999153627,6.777796534148958,0.0522321487386731
Panther_lodging_Jana,chronos_bolt_small,28,0.1085480054188734,0.1899994756606457,10.856430194378497,0.0874786077138362
Panther_lodging_Janice,chronos_bolt_small,28,0.0956181706875139,0.1296099557948703,9.873033929125183,0.0766974247555718
Panther_lodging_Jorge,chronos_bolt_small,28,0.1021713816520705,0.1733932855497872,10.689369100698936,0.0851799859949894
Panther_lodging_Kaitlin,chronos_bolt_small,28,0.1169169868224346,0.1952719018193317,12.356385758043546,0.0928318175733351
Panther_lodging_Kara,chronos_bolt_small,28,0.0646056317881484,0.0935904395377839,6.629764493136276,0.0517336320639292
Panther_lodging_Kirk,chronos_bolt_small,28,0.0786908457373946,0.1110627069115771,7.729198863318701,0.0607436778126416
Panther_lodging_Marisol,chronos_bolt_small,28,0.0817261485386977,0.1098099611827432,8.383442984036293,0.06384753733749
Panther_lodging_Myrtle,chronos_bolt_small,28,0.0952711748342455,0.1512658593244009,11.897830926351295,0.0862813094508825
Panther_lodging_Russell,chronos_bolt_small,28,0.046778841622184,0.0654132766173778,4.594960002505855,0.036206614182967
Panther_lodging_Sonja,chronos_bolt_small,28,0.0814738427644502,0.1235646424975437,8.589776273490271,0.0680325440280753
Panther_lodging_Teresita,chronos_bolt_small,28,0.1070755901761645,0.1712023747540534,11.451268138482822,0.0909183412835152
Panther_lodging_Tracie,chronos_bolt_small,28,0.0865557180194188,0.1411653307837094,9.974884042341715,0.0678962516957901
Panther_lodging_Willa,chronos_bolt_small,28,0.0356231349573039,0.0482679498662221,3.5684247305048253,0.0280237395001756
Panther_office_Antonette,chronos_bolt_small,28,0.054962777723658,0.0737073100418468,5.811235770977586,0.0435663457005993
Panther_office_Brent,chronos_bolt_small,28,0.2235174024015704,0.3456062607475885,45.52904426339752,0.339325636698747
Panther_office_Catherine,chronos_bolt_small,28,0.1374285722967109,0.1910976903532932,13.292765212972087,0.1073932698643647
Panther_office_Christian,chronos_bolt_small,28,0.1540777757575129,0.2391292564164902,18.182177917302734,0.1491327354801424
Panther_office_Christin,chronos_bolt_small,28,0.0396789599102498,0.0844733060558151,4.67767707914816,0.0387222207796992
Panther_office_Clementine,chronos_bolt_small,28,0.0729552649827286,0.0972590045347171,7.240417568398043,0.0567428219803105
Panther_office_Danica,chronos_bolt_small,28,0.2482466685333124,0.3989343908706173,23.40840037485025,0.2001490355486826
Panther_office_Garth,chronos_bolt_small,28,0.0850851492360817,0.1269400812507687,8.187728568507275,0.0688509372657883
Panther_office_Graham,chronos_bolt_small,28,0.053764916365893,0.1128339955960999,6.512583435536524,0.0545534693487225
Panther_office_Hannah,chronos_bolt_small,28,0.2439571329363576,0.403626384922317,26.884185231337003,0.1928518309065056
Panther_office_Jeane,chronos_bolt_small,28,0.1468457374398073,0.2223730018393723,15.256640090549965,0.1177581431125113
Panther_office_Jesus,chronos_bolt_small,28,0.0957739305565849,0.1967976488310903,11.896341162920368,0.0949028324687412
Panther_office_Karla,chronos_bolt_small,28,0.1453969542638074,0.2915674297420525,14.14388304746493,0.1225394355497267
Panther_office_Kristen,chronos_bolt_small,28,0.0448573976577617,0.0602175790767521,4.514207386283968,0.0350469020628449
Panther_office_Larry,chronos_bolt_small,28,0.110791514629565,0.1728240422929751,12.988199627861713,0.1047433826276073
Panther_office_Lauretta,chronos_bolt_small,28,0.0347129634749082,0.0593499461958605,3.5785903007496365,0.0296602646474553
Panther_office_Lavinia,chronos_bolt_small,28,0.0907478536956828,0.1401961337625903,8.396236501273265,0.0708294833311191
Panther_office_Lois,chronos_bolt_small,28,0.043510168083646,0.1849408215199972,3.922284357118876,0.036561484681988
Panther_office_Otto,chronos_bolt_small,28,0.063891009172088,0.0930841258957375,6.434947477610158,0.0505718118924635
Panther_office_Patti,chronos_bolt_small,28,0.046736289189094,0.0636325943886216,4.638336221158204,0.0377384951516084
Panther_office_Ruthie,chronos_bolt_small,28,0.0507372102807163,0.0689665265292723,5.181671629863194,0.0401784912415318
Panther_office_Shauna,chronos_bolt_small,28,0.1170008521480598,0.185575098869811,12.29807884443848,0.1085399572674037
Panther_office_Taryn,chronos_bolt_small,28,0.0559052026807983,0.1141502884721882,6.996274493576407,0.054493416494363
Panther_office_Valarie,chronos_bolt_small,28,0.0807192628719798,0.1112872323171897,8.350305896721391,0.0648560355708661
Panther_other_Bethel,chronos_bolt_small,28,0.0697183851428329,0.0944403100125607,7.273656466915312,0.0551092965906645
Panther_other_Bettie,chronos_bolt_small,28,0.0292570871422146,0.0439147878024659,2.836877702664119,0.0227500412402103
Panther_other_Lucina,chronos_bolt_small,28,0.1001332392532353,0.3163877331780499,450.4839632663744,1616419813.5050318
Panther_other_Tyrone,chronos_bolt_small,28,0.1674701397830511,0.2775921026944493,20.626282273678797,0.1628809503969102
Panther_parking_Adela,chronos_bolt_small,28,0.0335331545817323,0.0464576182320904,4.031332495849652,0.0269629469717259
Panther_parking_Alaina,chronos_bolt_small,28,0.0262396962393942,0.0366959901976622,3.2331400733512536,0.0213288543304639
Panther_parking_Asia,chronos_bolt_small,28,0.0246692706478858,0.0459761681644022,2.6833010103869097,0.0215040123387664
Panther_parking_Charlene,chronos_bolt_small,28,0.0363228168887898,0.0519590874879466,4.168950959526555,0.0293485446162196
Panther_parking_Jody,chronos_bolt_small,28,0.0850564698348739,0.1681512266161473,106.92311999136956,0.0707034566044525
Panther_parking_Lorriane,chronos_bolt_small,28,0.0460474813444337,0.0859082132273351,4.579225707700661,0.0378702481007351
Panther_parking_Mellissa,chronos_bolt_small,28,0.040098921595119,0.0507212498678773,4.252676328037724,0.0312005196567673
Panther_parking_Stanley,chronos_bolt_small,28,0.0152577803442303,0.0216421004647244,1.6047669123382562,0.0124495295806627
Panther_retail_Felix,chronos_bolt_small,28,0.1242265734837262,0.1884245543554123,13.47866039251909,0.1087962533628534
Panther_retail_Kristina,chronos_bolt_small,28,0.1038092780975716,0.2516161465148621,11.259011802836538,0.093848620086633
Panther_retail_Lester,chronos_bolt_small,28,0.14104420951905,0.213744789769516,14.608005751397467,0.1186325285706659
Panther_retail_Rachel,chronos_bolt_small,28,0.1702746011693024,0.3138576023115224,15.913946567444356,0.126101263874533
Panther_retail_Romeo,chronos_bolt_small,28,0.0313951185616288,0.0425921150855309,3.183522596065601,0.024862019940965
Peacock_assembly_Dena,chronos_bolt_small,28,0.0589995958991937,0.0946857125974651,6.093222930390983,0.0504397689962195
Peacock_assembly_Mamie,chronos_bolt_small,28,0.1107056372871035,0.1569725276572319,13.279490789289842,0.1060426846898258
Peacock_assembly_Russ,chronos_bolt_small,28,0.0485554998760287,0.066815890541043,4.9301323853094505,0.0387471946778044
Peacock_assembly_Socorro,chronos_bolt_small,28,0.0965197464383063,0.1394408517276127,9.555310864221896,0.0780199913891818
Peacock_education_Anita,chronos_bolt_small,28,0.1378210110083587,0.2088499582477803,15.390961410788956,0.124883556946785
Peacock_education_Bianca,chronos_bolt_small,28,0.0596804432348008,0.0893019117558487,6.505064015173177,0.0495890746160829
Peacock_education_Dustin,chronos_bolt_small,28,0.0859595047413789,0.1471451467992989,10.15959578598333,0.0857752272128519
Peacock_education_Forest,chronos_bolt_small,28,0.0581807565160307,0.0815871512108655,5.931991060032803,0.0471221688469345
Peacock_education_Gilberto,chronos_bolt_small,28,0.0319868748785998,0.0416078010507342,3.216663732043988,0.025143949097292
Peacock_education_Joshua,chronos_bolt_small,28,0.0215059121937357,0.0374785982746752,2.2466395710560385,0.0174577219460038
Peacock_education_Karl,chronos_bolt_small,28,0.0663923618460759,0.0947053763461563,6.752528363310763,0.0548870725972114
Peacock_education_Karyn,chronos_bolt_small,28,0.0199546622234256,0.0267650263876024,2.003980776917372,0.0157735171146141
Peacock_education_Lucie,chronos_bolt_small,28,0.0176423253344365,0.0270853645740302,1.7901266840622594,0.0146386706075007
Peacock_education_Lyle,chronos_bolt_small,28,0.0437764485845195,0.0640931616590838,4.636578945279242,0.0380812289357489
Peacock_education_Ophelia,chronos_bolt_small,28,0.0169984293713169,0.0231901011131598,1.7021342233362886,0.0132433991610487
Peacock_education_Pasquale,chronos_bolt_small,28,0.0309953528060942,0.0402134703260127,3.119169020810768,0.0243560571772239
Peacock_education_Patience,chronos_bolt_small,28,0.0862258181713304,0.136030939259389,9.197624700564663,0.0746941660122222
Peacock_education_Robbie,chronos_bolt_small,28,0.1357532064876793,0.1839433816631909,14.189565537085596,0.1112509407705169
Peacock_education_Shelly,chronos_bolt_small,28,0.0251911437401658,0.0331556239039158,2.516897996081481,0.0197533669063302
Peacock_education_Weldon,chronos_bolt_small,28,0.0830558261685132,0.117137407257159,9.225716317794513,0.0653231890674496
Peacock_education_Yolanda,chronos_bolt_small,28,0.0421110428483573,0.0576868312643205,4.272781487305567,0.0338611871996162
Peacock_lodging_Chloe,chronos_bolt_small,28,0.1200462580423012,0.1828798068892718,11.101884264636755,0.0907491636392917
Peacock_lodging_Francesca,chronos_bolt_small,28,0.097096260615307,0.1483060687871449,8.969964230831593,0.0720714960563009
Peacock_lodging_Jamaal,chronos_bolt_small,28,0.0854442484599095,0.1223660859812127,8.945245529493352,0.0713979498990695
Peacock_lodging_James,chronos_bolt_small,28,0.0572421138110621,0.0912260320537025,5.42124423704289,0.0441525181513967
Peacock_lodging_Lou,chronos_bolt_small,28,0.0495012839300456,0.0702271084994684,4.995828527486739,0.0395806622917943
Peacock_lodging_Mathew,chronos_bolt_small,28,0.0583959982523919,0.0984116263343128,5.2506572199446575,0.0432942709329498
Peacock_lodging_Matthew,chronos_bolt_small,28,0.0452235062326904,0.0606213177210222,4.458367894388741,0.0350566213267635
Peacock_lodging_Nova,chronos_bolt_small,28,0.1384017500786592,0.219930772976648,12.433164998194387,0.1032492737949813
Peacock_lodging_Sergio,chronos_bolt_small,28,0.0914345918439868,0.1409137633306951,9.232240223154935,0.0758305853693437
Peacock_lodging_Terrie,chronos_bolt_small,28,0.114284583772849,0.1532342229296344,10.88628682699018,0.0851844044793624
Peacock_lodging_Wes,chronos_bolt_small,28,0.0569276817240464,0.082924239665612,5.80356872705821,0.0463185875792681
Peacock_office_Annie,chronos_bolt_small,28,0.1255944946229857,0.1940408086674694,12.620154269642269,0.1062723480927735
Peacock_office_Burl,chronos_bolt_small,28,0.0723554588872865,0.1006306500348914,7.081978869958904,0.0567306857400176
Peacock_office_Dara,chronos_bolt_small,28,0.1260234375155221,0.168219698378278,14.10486303159247,0.1034592669542432
Peacock_office_Effie,chronos_bolt_small,28,0.0958902186633664,0.1244397474845717,10.226958745883552,0.0772328493458219
Peacock_office_Elton,chronos_bolt_small,28,0.0607044644859889,0.0953967911678774,6.633236817760404,0.0554024000818382
Peacock_office_Glenn,chronos_bolt_small,28,0.1574380207182425,0.2238036775778155,16.59133044232843,0.1346119222871708
Peacock_office_Jonathon,chronos_bolt_small,28,0.072100887636562,0.1162563241503771,7.527148707484425,0.0608929644591517
Peacock_office_Julian,chronos_bolt_small,28,0.1321265090806827,0.1995637238734133,14.107650034064497,0.1161468391201074
Peacock_office_Major,chronos_bolt_small,28,0.0368216094898598,0.0546087799442609,3.693197582620819,0.0294723841272535
Peacock_office_Naomi,chronos_bolt_small,28,0.0642669514356421,0.1664263660188888,11.723998670068749,0.1069947479261268
Peacock_office_Norman,chronos_bolt_small,28,0.1155969265211659,0.1617743971438455,12.123742064744556,0.0984644966144867
Peacock_public_Kelvin,chronos_bolt_small,28,0.0663662817036362,0.0919716877497225,7.03556230617919,0.0545167819933498
Rat_assembly_Adolfo,chronos_bolt_small,28,0.1367816628029124,0.1894041653988521,14.36352928278544,0.112418798246612
Rat_assembly_Aisha,chronos_bolt_small,28,0.047617458479904,0.0651604156216621,5.05788335809264,0.0387705248559856
Rat_assembly_Alex,chronos_bolt_small,28,0.0951834597494391,0.1308535985314914,9.734714092612585,0.0766485977621223
Rat_assembly_Archie,chronos_bolt_small,28,0.0924662642413929,0.1229007531822726,9.182295280907244,0.0726470194667529
Rat_assembly_Aubrey,chronos_bolt_small,28,0.0662744212808793,0.0924342700630577,9.684379619355072,0.0562121073069684
Rat_assembly_Cristina,chronos_bolt_small,28,0.0763038600444157,0.1045729999105311,8.468133614505666,0.0598741867253348
Rat_assembly_Damaris,chronos_bolt_small,28,0.0236735121960964,0.039271431198708,2.440976586808846,0.0194208940452862
Rat_assembly_Deandre,chronos_bolt_small,28,0.0513397746759353,0.0727503588361457,5.359925732694285,0.0421597078721372
Rat_assembly_Donny,chronos_bolt_small,28,0.0732510025432436,0.1073140571496185,68.552405995589,0.0655005865601546
Rat_assembly_Dovie,chronos_bolt_small,28,0.0707480574259229,0.1136478910572038,7.564793777246582,0.0600673066262253
Rat_assembly_Erwin,chronos_bolt_small,28,0.079395105746619,0.1059345410795514,10.60947368038138,0.0700219339344534
Rat_assembly_Ezequiel,chronos_bolt_small,28,0.1387970716864158,0.2034171773536414,17.696444316749947,0.1284780254473173
Rat_assembly_Francine,chronos_bolt_small,28,0.0688148292359555,0.0900810720749426,7.15510440187535,0.0533877357894142
Rat_assembly_Frieda,chronos_bolt_small,28,0.0567050502414026,0.0852746048511967,5.817865812116755,0.0475022422602163
Rat_assembly_Gwen,chronos_bolt_small,28,0.0669956170486003,0.106079434454629,8.186632598387696,0.0547901059716037
Rat_assembly_Horace,chronos_bolt_small,28,0.1267165429597733,0.1724269459340552,14.198987453954167,0.1006411888249935
Rat_assembly_Ida,chronos_bolt_small,28,0.0833964361667848,0.125465227344907,8.120671117751241,0.0675961924894548
Rat_assembly_Jamie,chronos_bolt_small,28,0.1427978463226117,0.1954737637948656,13.827683820151435,0.1117552598939366
Rat_assembly_Jannie,chronos_bolt_small,28,0.0658322327258585,0.1009547621444269,194.43932068797133,0.0669909967819361
Rat_assembly_Jennie,chronos_bolt_small,28,0.0718515580134954,0.1158747468512906,7.617543898533937,0.0629760860873155
Rat_assembly_Kaitlyn,chronos_bolt_small,28,0.0682242979467836,0.0980053786406203,7.075016932733792,0.0566972123370856
Rat_assembly_Kelley,chronos_bolt_small,28,0.127075270308048,0.2162001825250255,142.7194538625127,0.4533727507086743
Rat_assembly_Kenya,chronos_bolt_small,28,0.094591547417833,0.1215344035948758,9.374640527913106,0.0734896534815482
Rat_assembly_Kimberley,chronos_bolt_small,28,0.0401775605316237,0.0704821707575972,4.118344827973948,0.034499235100154
Rat_assembly_Kristine,chronos_bolt_small,28,0.0702373678165442,0.1052251136504651,6.797288527464051,0.0572700561270649
Rat_assembly_Kristy,chronos_bolt_small,28,0.0330562396566037,0.0444001403700802,4.155801462758004,0.0329183282707701
Rat_assembly_Lillie,chronos_bolt_small,28,0.0763034571452294,0.1066942059768694,18.55307827588057,0.0680110284970146
Rat_assembly_Michel,chronos_bolt_small,28,0.0120837555961963,0.0191706091562043,1.2102777290166171,0.0100030337381185
Rat_assembly_Mirta,chronos_bolt_small,28,0.076402629689186,0.1292264745787831,8.312066230793011,0.0692700417996362
Rat_assembly_Monica,chronos_bolt_small,28,0.0729992149320802,0.0961186770289192,7.6437812402474,0.0601505208590055
Rat_assembly_Pauline,chronos_bolt_small,28,0.1784497106057833,0.3241993702482163,742.4886276910219,0.1586785598383524
Rat_assembly_Rolland,chronos_bolt_small,28,0.0763379592460909,0.103770984397852,10.390419771575084,0.0643127649137349
Rat_assembly_Rosemarie,chronos_bolt_small,28,0.0718039089294085,0.0925735194624376,7.201293926785454,0.0559409502570403
Rat_assembly_Ruth,chronos_bolt_small,28,0.0484584207952067,0.0655393460081408,11.03841285019982,0.0392859308371247
Rat_assembly_Silvia,chronos_bolt_small,28,0.0837565547476959,0.1268208511545744,8.671771732801387,0.0672213649157119
Rat_assembly_Suzanne,chronos_bolt_small,28,0.0633888655576026,0.0936666529732947,6.917728409786244,0.0536542566251753
Rat_assembly_Teddy,chronos_bolt_small,28,0.1609603037458224,0.1974330659721012,16.720659538230567,0.1234185780988442
Rat_assembly_Teodoro,chronos_bolt_small,28,0.094543957942374,0.1692497502426343,9.921341013169055,0.0789628712534206
Rat_assembly_Trent,chronos_bolt_small,28,0.1592863207081035,0.2388723291519987,14.950436571075173,0.1227810675443054
Rat_assembly_Trudy,chronos_bolt_small,28,0.131800524672677,0.2059362362547596,27.498954853839702,0.1137214092806854
Rat_assembly_Victorina,chronos_bolt_small,28,0.2193918880352137,0.3582446644699942,376.3533924955733,0.1779735335546304
Rat_assembly_Viola,chronos_bolt_small,28,0.075373488333906,0.1067702350232781,8.078641662591162,0.0632929267534684
Rat_education_Adell,chronos_bolt_small,28,0.0782474286898114,0.1215157446875444,6.859536360036943,0.0607004828272835
Rat_education_Adrian,chronos_bolt_small,28,0.0713217043732311,0.1470679606709824,7.330135295031294,0.0618143136601673
Rat_education_Alfonso,chronos_bolt_small,28,0.0835356469454127,0.1104016511277009,8.098425757245556,0.0661069303342003
Rat_education_Alfred,chronos_bolt_small,28,0.046528713225818,0.0694091980681632,4.633270751907501,0.0371751602696594
Rat_education_Barbara,chronos_bolt_small,28,0.0621396918284756,0.0972446514475553,94.2457237157348,0.0517159062539655
Rat_education_Barney,chronos_bolt_small,28,0.1036699735003207,0.1473388634876569,10.175722925131856,0.0797443215850886
Rat_education_Beverly,chronos_bolt_small,28,0.1049166981737525,0.1823232479866977,90.11915150783084,0.0970763418305192
Rat_education_Brett,chronos_bolt_small,28,0.1253918314440016,0.2417102232051264,11.11834717235206,0.0996215319375769
Rat_education_Bryant,chronos_bolt_small,28,0.0473695419797406,0.0838507247794409,4.796641914512543,0.0389990066036755
Rat_education_Calvin,chronos_bolt_small,28,0.0181281550519055,0.0270373714565185,1.813897404793992,0.0143891333167674
Rat_education_Candida,chronos_bolt_small,28,0.1003392336213321,0.134966465615916,10.153682494022418,0.0796122112570414
Rat_education_Carmela,chronos_bolt_small,28,0.0787130922182938,0.1109391331620674,7.656374783052791,0.0619507450270502
Rat_education_Cecil,chronos_bolt_small,28,0.0439182246014023,0.0737689903128503,4.137580146142054,0.035209433752678
Rat_education_Cedric,chronos_bolt_small,28,0.0668243287626689,0.1015380339834076,6.659037003568439,0.0542924875178633
Rat_education_Colin,chronos_bolt_small,28,0.1231561178923162,0.1676227773384574,12.743292215667667,0.0963695961123379
Rat_education_Conrad,chronos_bolt_small,28,0.2036464413957117,0.33747154185283,274.33072528519807,150433963.4008145
Rat_education_Dana,chronos_bolt_small,28,0.0829064277840223,0.129732376347492,9.003233991583864,0.0725840081400613
Rat_education_Dann,chronos_bolt_small,28,0.0316744922792609,0.0521670595142297,3.100075334751138,0.0254567113094387
Rat_education_Davis,chronos_bolt_small,28,0.03307912149568,0.0443266869227315,3.268891093557285,0.025710665013651
Rat_education_Deanna,chronos_bolt_small,28,0.0477342468782916,0.0690704718293557,4.750704982035247,0.0385757795804554
Rat_education_Debra,chronos_bolt_small,28,0.0411072071346156,0.0701912750051892,3.961454652847148,0.0340622515311683
Rat_education_Dreama,chronos_bolt_small,28,0.0327603374747033,0.0464840598088217,3.250407460101286,0.0254761142827112
Rat_education_Earl,chronos_bolt_small,28,0.0596084119565302,0.1047620274684288,6.397952690074344,0.0541002100076509
Rat_education_Earnest,chronos_bolt_small,28,0.0659816494695759,0.1222958169078193,6.65066708464767,0.0544608952452059
Rat_education_Elisa,chronos_bolt_small,28,0.1048853938790222,0.1983709995040832,10.871495519031935,0.0899676978779568
Rat_education_Elsie,chronos_bolt_small,28,0.2036134405583666,0.2687234326215301,40.143143147612506,0.1646980774445762
Rat_education_Esther,chronos_bolt_small,28,0.0956459859389887,0.1260660370467552,9.751937920955593,0.0763397024508479
Rat_education_Everett,chronos_bolt_small,28,0.0658755435776127,0.0876505517243414,6.6098185913945855,0.0525563484117541
Rat_education_Fernando,chronos_bolt_small,28,0.0836084073432804,0.1284932505959902,8.65049735466018,0.0698611718303153
Rat_education_Francisca,chronos_bolt_small,28,0.0742754606008742,0.1174723262259713,7.282836045736121,0.0587052132733197
Rat_education_Gricelda,chronos_bolt_small,28,0.1675361861849008,0.2222320140234631,17.50594550520171,0.1333503695041746
Rat_education_Guillermo,chronos_bolt_small,28,0.0675098193311566,0.0899453847453133,6.56781016418034,0.0524554102259146
Rat_education_Humberto,chronos_bolt_small,28,0.2086824952704958,0.4498377511403436,24.268945859043832,0.1861890907653898
Rat_education_Irma,chronos_bolt_small,28,0.0687129605743204,0.0998201853571599,6.815052632565177,0.0546315687162439
Rat_education_Jacob,chronos_bolt_small,28,0.0741994877428386,0.0968771160242658,7.663399943403699,0.0591360535921322
Rat_education_Jame,chronos_bolt_small,28,0.097289454987047,0.1406588098588929,9.51066044614447,0.0771091631909891
Rat_education_Jeanne,chronos_bolt_small,28,0.0810864473895413,0.107732270584155,8.186438142880322,0.0631276508243074
Rat_education_Jena,chronos_bolt_small,28,0.0533002692856459,0.0717730833079394,5.078930206296415,0.0413014673678592
Rat_education_Jesse,chronos_bolt_small,28,0.0054229008875052,0.0084153512590192,0.5414357599523881,0.0043391820165638
Rat_education_Kandice,chronos_bolt_small,28,0.3855058334332973,0.649165008390195,41.665359032878825,0.3142047853308532
Rat_education_Kathryn,chronos_bolt_small,28,0.0593404610008001,0.0938855804387787,5.671370268763002,0.0476312032012075
Rat_education_Keith,chronos_bolt_small,28,0.07331093196293,0.1014576150980072,7.179452130782189,0.058153142893876
Rat_education_Kelsey,chronos_bolt_small,28,0.0704689725228397,0.0983924353205286,6.887250460483776,0.0562485807314425
Rat_education_Lee,chronos_bolt_small,28,0.0985763401141262,0.1419021869277223,10.159854403715563,0.0813933871895262
Rat_education_Leonardo,chronos_bolt_small,28,0.1055653768529494,0.1392046819841832,10.722309963865293,0.08321871181948
Rat_education_Lincoln,chronos_bolt_small,28,0.0494450064316883,0.0749750478045956,4.889825861494527,0.0412730622727169
Rat_education_Liz,chronos_bolt_small,28,0.1067654616981407,0.1491772058932761,10.058703039264188,0.0829996277326696
Rat_education_Lonnie,chronos_bolt_small,28,0.0803292243477256,0.1354726753860634,8.093741142937834,0.0678594119388009
Rat_education_Lynn,chronos_bolt_small,28,0.0801039616521399,0.1101781040294366,7.928608814736632,0.0627008498271748
Rat_education_Marcos,chronos_bolt_small,28,0.06548661798895,0.0881299933573336,6.244592637164868,0.0502209717809385
Rat_education_Marianna,chronos_bolt_small,28,0.0813355479177972,0.1294132840672774,8.35838118184897,0.0651827885967897
Rat_education_Maricela,chronos_bolt_small,28,0.0572076271583609,0.0866740103137971,6.056782083050738,0.0482361232431303
Rat_education_Marvin,chronos_bolt_small,28,0.0951371125731994,0.1688533260634795,10.403682919208745,0.0822391878120816
Rat_education_Meghan,chronos_bolt_small,28,0.0624046098906655,0.1272280314366609,6.592340810171929,0.0548375733982663
Rat_education_Milagros,chronos_bolt_small,28,0.0676981562255795,0.1980773341424018,7.407083552419939,0.0632174595774051
Rat_education_Mona,chronos_bolt_small,28,0.085726458978583,0.1274641820828733,8.304062145696319,0.0685214076588007
Rat_education_Morton,chronos_bolt_small,28,0.0554036599311332,0.0850932506814699,5.569168581845394,0.0455404505231967
Rat_education_Mose,chronos_bolt_small,28,0.0841931163842567,0.1348115422946289,8.547354722250688,0.0667270897640961
Rat_education_Nellie,chronos_bolt_small,28,0.0375658712179147,0.057374175225948,3.7020118206781407,0.0301291228812496
Rat_education_Nona,chronos_bolt_small,28,0.0852659645543561,0.1657151258347191,7.981337981469615,0.0716330907164587
Rat_education_Nydia,chronos_bolt_small,28,0.0870426680454267,0.1330690661492915,8.356863833871152,0.067015982829278
Rat_education_Pat,chronos_bolt_small,28,0.0076573529797576,0.0097008752663578,0.7641501817219747,0.0059106113271177
Rat_education_Patty,chronos_bolt_small,28,0.0350882294517107,0.05889484857599,3.3994915807283475,0.0282528404901514
Rat_education_Paula,chronos_bolt_small,28,0.0724685707065776,0.096904346652133,7.447949631296348,0.0588786474490637
Rat_education_Renee,chronos_bolt_small,28,0.1292428777252326,0.1689571094781152,12.952656902924684,0.1004212454463248
Rat_education_Robyn,chronos_bolt_small,28,0.0530442481054395,0.0899928054091282,5.573040331780622,0.045387413474779
Rat_education_Rogelio,chronos_bolt_small,28,0.1017261775593285,0.1405245889295745,9.447871476179763,0.0797690151167375
Rat_education_Rosalyn,chronos_bolt_small,28,0.0886477184321011,0.1218420082768529,9.104680451200744,0.0714354399895462
Rat_education_Royal,chronos_bolt_small,28,0.0353145435871989,0.0643818858127665,3.376628603854988,0.0283068654440926
Rat_education_Salvatore,chronos_bolt_small,28,0.0800586207792714,0.1041551933206848,7.896208294858155,0.0616735509474921
Rat_education_Shellie,chronos_bolt_small,28,0.0542928701257664,0.097537687443209,5.591352295671292,0.0448675703375328
Rat_education_Sherwood,chronos_bolt_small,28,0.0759425659848271,0.1207801808989655,7.572766981664294,0.0614342854912071
Rat_education_Sina,chronos_bolt_small,28,0.0642075926647291,0.0859365802320811,6.432591439025878,0.0510988259622989
Rat_education_Stuart,chronos_bolt_small,28,0.1158116575093954,0.1528699182132723,11.460134053077798,0.0885366549587543
Rat_education_Tania,chronos_bolt_small,28,0.1459164263434423,0.2435769711816801,35.556236187310155,0.1231847055710706
Rat_education_Terese,chronos_bolt_small,28,0.0562521929172385,0.086124932909439,5.661197997236172,0.0448313922795224
Rat_education_Theo,chronos_bolt_small,28,0.0991283638290076,0.193880592489559,18.68687365680516,0.0890409895245914
Rat_education_Tim,chronos_bolt_small,28,0.0544281876891408,0.0989076153780766,5.487013399938883,0.0449232842792489
Rat_education_Tristan,chronos_bolt_small,28,0.002039627039627,0.002039627039627,0.2039627039627047,0.002039627039627
Rat_education_Ulrike,chronos_bolt_small,28,0.069057351578898,0.0917572400848582,6.9602607387702,0.0539501296453615
Rat_education_Verna,chronos_bolt_small,28,0.0665316773238656,0.1020754407124124,7.065004527347177,0.0560885637814727
Rat_education_Vicky,chronos_bolt_small,28,0.1050737815709135,0.1777621674806029,17.531173556438848,0.0858838956845247
Rat_education_Willie,chronos_bolt_small,28,0.068028241406106,0.1077516516091137,6.895957826981723,0.057791845606777
Rat_education_Willy,chronos_bolt_small,28,0.0026449195503636,0.0026449195503636,0.2644919550363619,0.0026449195503636
Rat_education_Wilmer,chronos_bolt_small,28,0.1031370046902559,0.1417333573962833,10.475897006415384,0.0830639461915352
Rat_education_Winnie,chronos_bolt_small,28,0.1122382881484816,0.1628743860107901,10.161857029417089,0.0840634600427832
Rat_education_Yu,chronos_bolt_small,28,0.0907747008017351,0.118453443478066,9.012890934998808,0.0710394037871171
Rat_education_Zina,chronos_bolt_small,28,0.0797791661482473,0.1499075383195243,8.938706968775282,0.0732370320294977
Rat_education_Zoe,chronos_bolt_small,28,0.0875978515384067,0.12638003476248,8.990940369185596,0.0733517611707841
Rat_health_Gaye,chronos_bolt_small,28,0.0802316909658771,0.1153850997553598,8.268487089680164,0.0648258346426217
Rat_health_Guy,chronos_bolt_small,28,0.0301959069963544,0.0517590201542623,16.909977419031254,0.0233400963365059
Rat_health_Mildred,chronos_bolt_small,28,0.1424089426105268,0.2077038165592561,14.93503684686491,0.1203997776530943
Rat_health_Rosaria,chronos_bolt_small,28,0.0867080574029095,0.1231169701736963,8.660583287220499,0.0692970465613259
Rat_health_Shane,chronos_bolt_small,28,0.0676127912124367,0.1258710190010225,7.537954674884932,0.0555184060359048
Rat_health_Tanya,chronos_bolt_small,28,0.0724862130916623,0.0948023222615448,7.098394375647869,0.0570386504492469
Rat_lodging_Ardell,chronos_bolt_small,28,0.08824743724955,0.112532564163263,8.73580716079444,0.0668617789629954
Rat_lodging_Ben,chronos_bolt_small,28,0.0394663561093012,0.0545882841421458,3.813942390411312,0.0311707596243075
Rat_lodging_Christine,chronos_bolt_small,28,0.0945131661360069,0.1303448507114754,9.288187416542115,0.0735752276985945
Rat_lodging_Dwight,chronos_bolt_small,28,0.1896493527671329,0.2430602717339844,19.599117201275902,0.1465313623387762
Rat_lodging_Jeannette,chronos_bolt_small,28,0.1505586189497963,0.2006352265592789,15.823338376618755,0.1205982182955025
Rat_lodging_Lorenzo,chronos_bolt_small,28,0.3280994426606894,0.4664540170093197,123.95074693654443,0.2510975659227156
Rat_lodging_Marguerite,chronos_bolt_small,28,0.1333720539825023,0.1892157483074933,14.149940330283814,0.1127465104712452
Rat_lodging_Marion,chronos_bolt_small,28,0.1295879039622234,0.1662364662005153,12.806862102488948,0.0986924338730296
Rat_lodging_Ted,chronos_bolt_small,28,0.2708199221752498,0.404933099313746,41.40487364604352,0.2221049779676776
Rat_office_Adele,chronos_bolt_small,28,0.1096049050111104,0.226072729670216,13.087540913301904,0.1126055109079657
Rat_office_Annis,chronos_bolt_small,28,0.054206687687984,0.0731569254154408,5.28224093465805,0.0417091545982065
Rat_office_Arron,chronos_bolt_small,28,0.0508630463386925,0.0735058770542541,5.218826945804411,0.0408901362540472
Rat_office_Avis,chronos_bolt_small,28,0.1628121187517936,0.3371668659201962,375.0319804363585,2771671937.866737
Rat_office_Chris,chronos_bolt_small,28,0.026919341421996,0.0475588644822892,2.640063265649665,0.023280895615834
Rat_office_Colby,chronos_bolt_small,28,0.0766067980154638,0.2005313283339402,60.361131824531135,0.073394971245835
Rat_office_Craig,chronos_bolt_small,28,0.0254191584490817,0.0364449196395242,2.5637377590538217,0.0204597151295628
Rat_office_Jacinta,chronos_bolt_small,28,0.0411649077930463,0.0736138757575474,3.9333929410289,0.0332272682870577
Rat_office_Jamal,chronos_bolt_small,28,0.0583863924026098,0.0877225868876393,5.335410537991909,0.0446786938458056
Rat_office_Jeannie,chronos_bolt_small,28,0.1384316762782852,0.2334960461739317,13.428084553002805,0.1140793866839659
Rat_office_Jessica,chronos_bolt_small,28,0.0606775774782976,0.1036841401439038,6.7561289269078575,0.0490157413873308
Rat_office_Jill,chronos_bolt_small,28,0.4195012886668343,0.7303420549484516,74.01733720117167,0.6138896687773465
Rat_office_Kasey,chronos_bolt_small,28,0.1311314325279168,0.1752093740763204,13.165838824301275,0.1018814721758115
Rat_office_Lora,chronos_bolt_small,28,0.0910064848530838,0.1319196243431299,8.427583025611371,0.0708805664484287
Rat_office_Loyd,chronos_bolt_small,28,0.0586686133469767,0.0974178349721892,5.784034840365196,0.04835976434781
Rat_office_Mei,chronos_bolt_small,28,0.1024504985797822,0.1356017017622874,10.352851458103403,0.0802222631111695
Rat_office_Olivia,chronos_bolt_small,28,0.0970117665161617,0.1638362001609105,10.763452006272615,0.0857709794689207
Rat_office_Ramiro,chronos_bolt_small,28,0.0074688095505336,0.0112582730718701,0.747848236742,0.0060017515552076
Rat_office_Randy,chronos_bolt_small,28,0.0570881234672602,0.1098689798850156,6.394958706645526,0.0526295068457436
Rat_office_Ronald,chronos_bolt_small,28,0.0773613608364675,0.1046914254591193,8.038066676313273,0.0632797131094096
Rat_office_Rosemary,chronos_bolt_small,28,0.088705355778101,0.1362153790896816,9.949182162340623,0.0775313227188975
Rat_office_Sammy,chronos_bolt_small,28,0.0868742807958789,0.1180259905474011,8.3827422214381,0.069177153404623
Rat_office_Tracy,chronos_bolt_small,28,0.0635131297972204,0.0861747659978478,6.341404755454251,0.0499775603827922
Rat_other_Al,chronos_bolt_small,28,0.0832889349884328,0.1215731603991335,8.276698160425152,0.0627313288184915
Rat_other_Daphne,chronos_bolt_small,28,0.2168924658009512,0.3154162593474155,21.89270441772359,0.1784828180366677
Rat_other_Hazel,chronos_bolt_small,28,0.0209230592985202,0.0290013143025809,2.0662162602992686,0.0161902792554646
Rat_other_Lan,chronos_bolt_small,28,0.0528615983797057,0.0860421866240879,21.576428939802604,0.043134806577554
Rat_parking_Ronnie,chronos_bolt_small,28,0.2581780879383287,0.3367264273451261,28.427029788493343,0.2097264275931883
Rat_public_Alanna,chronos_bolt_small,28,0.1039675011367457,0.2481551755678728,10.843074432316955,0.0992225427921759
Rat_public_Allie,chronos_bolt_small,28,0.0907507773400616,0.1459163534062368,9.768292085111304,0.0768026136776912
Rat_public_Allyson,chronos_bolt_small,28,0.1290193102716978,0.18721243467807,11.774476272506911,0.0994318179521995
Rat_public_Amber,chronos_bolt_small,28,0.1598458206148416,0.2663867854113996,15.565483013252484,0.1263746806778839
Rat_public_Angelina,chronos_bolt_small,28,0.069073749343677,0.0914248903314017,6.739267245404787,0.0542552477415565
Rat_public_Angle,chronos_bolt_small,28,0.0434569723646285,0.0657709425843697,4.237978433790881,0.0355745076174741
Rat_public_Becky,chronos_bolt_small,28,0.0752606388247209,0.0953465727271358,7.6097251944358995,0.0590021687810373
Rat_public_Berry,chronos_bolt_small,28,0.0290202920449965,0.0397239806258963,2.8685226796327696,0.0226179208065188
Rat_public_Bronwyn,chronos_bolt_small,28,0.0469706602725929,0.0679495843103459,4.588588603196513,0.0374479724387735
Rat_public_Carole,chronos_bolt_small,28,0.081153539410345,0.1029840412611207,8.143561954298296,0.0636313112986601
Rat_public_Caroline,chronos_bolt_small,28,0.0242468312927568,0.0476490977216438,3.0951888085524053,0.0199423411340212
Rat_public_Chrissy,chronos_bolt_small,28,0.0987405425261602,0.1467939984110329,9.485739561557407,0.0759098346549651
Rat_public_Clyde,chronos_bolt_small,28,0.144027658443927,0.1910088923048636,13.956031045608404,0.1120762764533007
Rat_public_Corinne,chronos_bolt_small,28,0.0627334023750141,0.0791932991745053,6.234095696242324,0.0484225838113449
Rat_public_Courtney,chronos_bolt_small,28,0.0707162073828575,0.1349380223649719,7.286665789292542,0.0609037124110099
Rat_public_Dalia,chronos_bolt_small,28,0.0265810113790294,0.0355467253640019,2.641543133565156,0.0206086650482075
Rat_public_Damon,chronos_bolt_small,28,0.0816101460061386,0.1044993539784533,8.136671728168105,0.0633264669172357
Rat_public_Deidre,chronos_bolt_small,28,0.1051556802268963,0.1331272578245832,10.503339227423975,0.0810065287405341
Rat_public_Desiree,chronos_bolt_small,28,0.0969906428608757,0.1271228465408376,9.59497465369264,0.0759111188140495
Rat_public_Dexter,chronos_bolt_small,28,0.0944085697205362,0.1248845235569667,9.21656917107842,0.0732125750943268
Rat_public_Duane,chronos_bolt_small,28,0.1890518813135722,0.3038257133757299,33.03840366350335,0.1801283343501826
Rat_public_Elmira,chronos_bolt_small,28,0.0777853101178683,0.1017806803415727,7.730432590148344,0.0613106801404625
Rat_public_Emilee,chronos_bolt_small,28,0.1382448624282686,0.2102267908304953,13.286643369429148,0.1100268994606783
Rat_public_Faye,chronos_bolt_small,28,0.1079465339783484,0.1438466232359268,10.72927178563307,0.0850928147934294
Rat_public_Fern,chronos_bolt_small,28,0.0356544852573185,0.0453224671644838,3.528665665107559,0.0275100105435321
Rat_public_Frank,chronos_bolt_small,28,0.1277199574049145,0.2506724177460723,15.302673782547348,0.1147912148315494
Rat_public_Frederick,chronos_bolt_small,28,0.0434397576105408,0.0574422046388894,4.279502489493338,0.0340962391162179
Rat_public_Fredrick,chronos_bolt_small,28,0.1516524239110565,0.2243632527448532,14.363298032049766,0.1185478936373317
Rat_public_Grover,chronos_bolt_small,28,0.0464454938813609,0.0584189209209998,4.686134647378338,0.0359086510401899
Rat_public_Helena,chronos_bolt_small,28,0.1540596825803308,0.2007767178776821,16.452472794519203,0.126429849011709
Rat_public_Hortencia,chronos_bolt_small,28,0.0726169112387639,0.1177285406572247,8.429618383127792,0.0677378600239302
Rat_public_Isabel,chronos_bolt_small,28,0.0532424655971843,0.0872212957535246,5.72440507688147,0.0455309390405992
Rat_public_Jason,chronos_bolt_small,28,0.0844450549356502,0.1373107360299278,7.674941033480173,0.0645079168400077
Rat_public_Joann,chronos_bolt_small,28,0.0640161184039822,0.1049947512622746,6.44591292176302,0.0520932892450505
Rat_public_Johnna,chronos_bolt_small,28,0.0012484394506866,0.0012484394506866,0.1248439450686615,0.0012484394506866
Rat_public_Johnny,chronos_bolt_small,28,0.0744933543337034,0.0989819941774334,7.418495725928803,0.0589577782304196
Rat_public_Josiah,chronos_bolt_small,28,0.0521158593213039,0.0742417930531256,5.0072910465545375,0.0418273824828479
Rat_public_Julieann,chronos_bolt_small,28,0.0379521828065456,0.0940433186650949,4.219533509300425,0.0333221938541107
Rat_public_Kathleen,chronos_bolt_small,28,0.090056219873188,0.1197540343242403,9.320473227101022,0.0715453137656481
Rat_public_Kelle,chronos_bolt_small,28,0.1090114961309277,0.1384337098646623,11.17223436906877,0.0854229108902361
Rat_public_Kelly,chronos_bolt_small,28,0.0689560948710509,0.0884373745591765,6.933555118165232,0.0537284205086293
Rat_public_Kermit,chronos_bolt_small,28,0.1237810578876719,0.1992283322753527,12.544001910701963,0.1077626368393218
Rat_public_Kimber,chronos_bolt_small,28,0.1732534077856036,0.25435797933936,29.155541061250524,0.1494355864859663
Rat_public_Laura,chronos_bolt_small,28,0.0448573249591693,0.0587427822261847,4.491793822789594,0.0353770643922875
Rat_public_Laurie,chronos_bolt_small,28,0.0437422193626427,0.0582186564776421,4.409775949486768,0.0344858674464861
Rat_public_Laverne,chronos_bolt_small,28,0.0971449575625258,0.122849718612221,9.836560537302791,0.0744902335313535
Rat_public_Lea,chronos_bolt_small,28,0.0205074235507792,0.0588648072450633,1.872526633129222,0.0170893378715407
Rat_public_Leo,chronos_bolt_small,28,0.1032890712312679,0.1331851468163837,10.098448618016295,0.0792139695667769
Rat_public_Leta,chronos_bolt_small,28,0.0892166736367748,0.1193215966073805,8.718435513613477,0.0698914025366547
Rat_public_Lloyd,chronos_bolt_small,28,0.0399174407722863,0.0586762242378415,3.9393185726014295,0.031594602242339
Rat_public_Loretta,chronos_bolt_small,28,0.026656173915458,0.0428434768260419,2.576304407099422,0.0216901935805035
Rat_public_Lynda,chronos_bolt_small,28,0.0979692083736671,0.1273844231182194,9.516126585483931,0.0760172553134438
Rat_public_Mabel,chronos_bolt_small,28,0.0432760914440691,0.0576001597020614,4.233919470111861,0.0335095947125854
Rat_public_Marcellus,chronos_bolt_small,28,0.0993690232944903,0.154010387126062,9.668794702941796,0.0794551694339864
Rat_public_Margart,chronos_bolt_small,28,0.0815659416951993,0.1303024701259918,7.910704012983374,0.0659763486513169
Rat_public_Mark,chronos_bolt_small,28,0.09371812571331,0.1286247759329144,10.607428492747042,0.0750739208753098
Rat_public_Michael,chronos_bolt_small,28,0.0864884986749269,0.1421104120433062,9.017203637064236,0.0722859229170403
Rat_public_Michelle,chronos_bolt_small,28,0.1068012957951812,0.2634661540998032,12.777697197325653,0.1103715382464815
Rat_public_Muriel,chronos_bolt_small,28,0.0996259028264949,0.1765523843382885,10.643759494735225,0.0880570747261329
Rat_public_Nancy,chronos_bolt_small,28,0.0973646070931147,0.1256277782251755,9.781936819377467,0.0764958315821612
Rat_public_Neil,chronos_bolt_small,28,0.0488144209649571,0.0902937169478931,4.5243568554795,0.0406938044846273
Rat_public_Nell,chronos_bolt_small,28,0.0221843690129685,0.0321331573555771,2.212859944201937,0.0178764325370012
Rat_public_Nelson,chronos_bolt_small,28,0.0853708264776643,0.1126032836462923,8.77683595852038,0.0687214455617053
Rat_public_Norene,chronos_bolt_small,28,0.0760546965254277,0.1592709924659646,7.799818597994528,0.0592124618501554
Rat_public_Ramon,chronos_bolt_small,28,0.1163690230683795,0.1710033338644566,10.937138569936248,0.0904285505051699
Rat_public_Ramona,chronos_bolt_small,28,0.1345642670853206,0.2005537802590455,12.523382714382125,0.1052999543398293
Rat_public_Roberta,chronos_bolt_small,28,0.0773088561763306,0.0967638582247419,7.670906017621179,0.0593132034009777
Rat_public_Roma,chronos_bolt_small,28,0.1834032762740898,0.279820879809421,16.30967309377567,0.1452586283581921
Rat_public_Sade,chronos_bolt_small,28,0.0627456975626802,0.0799765226938996,6.364722435981404,0.0490041662900252
Rat_public_Sana,chronos_bolt_small,28,,,690730.90950648,51.40208048504536
Rat_public_Sean,chronos_bolt_small,28,0.0830368527438867,0.1058932300110881,8.413299542922699,0.0644333694621973
Rat_public_Shanta,chronos_bolt_small,28,0.077770349069111,0.1052459755798212,7.739071389799911,0.062806687793665
Rat_public_Sharonda,chronos_bolt_small,28,0.0644196703034645,0.1027288037784025,7.122131635965347,0.0543582891789011
Rat_public_Sharron,chronos_bolt_small,28,0.0318581539280489,0.0442387983514277,3.221829739567424,0.02541471540079
Rat_public_Stacey,chronos_bolt_small,28,0.1109539612034918,0.1585495401071968,10.575953660570097,0.083752372279535
Rat_public_Stella,chronos_bolt_small,28,0.0363032740576613,0.0530810804359608,3.590947964247367,0.029978441425246
Rat_public_Sue,chronos_bolt_small,28,0.0897820438103334,0.1611296893158468,9.76223178122115,0.0768216710310568
Rat_public_Tammara,chronos_bolt_small,28,0.0844746146823907,0.1270696465708485,8.704648967721633,0.0689865813161899
Rat_public_Tamra,chronos_bolt_small,28,0.0752845601820695,0.1000483365130181,7.359319146726285,0.0590050317082469
Rat_public_Tommy,chronos_bolt_small,28,0.0553634336572335,0.0701235686710967,5.601519952757128,0.0434472672942116
Rat_public_Toya,chronos_bolt_small,28,0.1679156849716178,0.2539663775328947,18.145873524530856,0.1408070492672502
Rat_public_Tricia,chronos_bolt_small,28,0.1449552936155925,0.203571286676586,15.665883332066729,0.1243442366377571
Rat_public_Vickie,chronos_bolt_small,28,0.0947769036243274,0.1278886583476652,9.611802790075036,0.0750971781006968
Rat_public_Wilbur,chronos_bolt_small,28,0.0413864631029529,0.0529532068420549,4.131334275378032,0.0321526170027708
Rat_public_Wilma,chronos_bolt_small,28,0.0600744217118808,0.0914684778824506,6.255787627282003,0.0502155314643913
Rat_public_Yessenia,chronos_bolt_small,28,0.1021066743947803,0.162739180244193,9.683179931577634,0.085505036396148
Rat_religion_Kathy,chronos_bolt_small,28,0.308909451625712,0.4195351765127971,34.65790569823528,0.2450763411105017
Rat_retail_Jeffrey,chronos_bolt_small,28,0.0767305924318145,0.1020521585413782,7.579172965637605,0.0627946927918326
Rat_warehouse_Breanna,chronos_bolt_small,28,0.0465996052566955,0.0914822903984351,5.574672401175388,0.0423304451681167
Rat_warehouse_Doretta,chronos_bolt_small,28,0.0503115464972818,0.0718430374206926,4.907120611288564,0.0388731799035761
Rat_warehouse_Eloisa,chronos_bolt_small,28,0.164593954233704,0.2281998492921615,17.407100503010724,0.134869483746589
Rat_warehouse_Maegan,chronos_bolt_small,28,0.1251229451510944,0.1848717362708214,12.840742766991497,0.1032964486540656
Rat_warehouse_Shari,chronos_bolt_small,28,0.0878015121236656,0.1252074424797754,9.536155995475696,0.0702896843066926
Robin_assembly_Colleen,chronos_bolt_small,28,0.0960383919880354,0.1794005867855417,10.636849419383724,0.0848103412990159
Robin_education_Audrea,chronos_bolt_small,28,0.0374250015763555,0.0581437447368637,3.9902495378953216,0.0317780100360056
Robin_education_Billi,chronos_bolt_small,28,0.1152480544747081,0.1600058776755979,13.795806337777083,0.1038142318673957
Robin_education_Cecilia,chronos_bolt_small,28,0.113819639967296,0.2072501528255027,11.960184069992822,0.0967687787690465
Robin_education_Della,chronos_bolt_small,28,0.1662566358943954,0.2807243609418425,64.53187475239345,0.1731630731553428
Robin_education_Derick,chronos_bolt_small,28,0.0567075559021007,0.0881503078374894,5.823227155351317,0.0471436364674087
Robin_education_Derrick,chronos_bolt_small,28,0.0468945029335466,0.0830666872317057,4.7197106082727815,0.0387240141762897
Robin_education_Jasper,chronos_bolt_small,28,0.0328347049562712,0.0515426918833025,3.3240427367000094,0.0267250470928729
Robin_education_Julius,chronos_bolt_small,28,0.0528758642868628,0.0811284873430051,5.5030311071075495,0.0443756582070283
Robin_education_Karyl,chronos_bolt_small,28,0.0858039970508048,0.1353007486730718,9.47542618220091,0.0756050954083451
Robin_education_Kiera,chronos_bolt_small,28,0.1234212830637993,0.2121891706855086,13.068644777146412,0.1032836246835793
Robin_education_Kristopher,chronos_bolt_small,28,0.0424044572853449,0.0640088580200884,4.182908566745444,0.0344869253317425
Robin_education_Lashandra,chronos_bolt_small,28,0.0889378238582044,0.1379867205458042,9.568820478307922,0.0721619291942927
Robin_education_Leslie,chronos_bolt_small,28,0.0516501352941171,0.0912748581595172,5.294025170546097,0.0427972373231608
Robin_education_Lizbeth,chronos_bolt_small,28,0.0482489488079686,0.0834773350364182,5.18603286743306,0.0407949073025403
Robin_education_Madeline,chronos_bolt_small,28,0.0309723172857152,0.0543422855599918,3.0986707781169005,0.0254173885620703
Robin_education_Margarito,chronos_bolt_small,28,0.0234868155117267,0.039182491433293,2.4220791807986166,0.0200456588786056
Robin_education_Megan,chronos_bolt_small,28,0.0439005274903583,0.0699636236614792,4.418438232120446,0.0361138845728284
Robin_education_Mercedes,chronos_bolt_small,28,0.0536450078536835,0.0844582595359918,5.604845850048614,0.0456737809414066
Robin_education_So,chronos_bolt_small,28,0.0275450081887507,0.0426542705048953,2.839413573412316,0.022554922476417
Robin_education_Takako,chronos_bolt_small,28,0.0796718018784566,0.1205074963374125,7.700963071657211,0.0633620991938303
Robin_education_Terrance,chronos_bolt_small,28,0.050000715573747,0.0734966228685801,5.160330715949407,0.0417047170801777
Robin_education_Zenia,chronos_bolt_small,28,0.0295500004054913,0.0434168621908749,2.9082884652235528,0.0233202056478568
Robin_lodging_Armand,chronos_bolt_small,28,0.0505019059030505,0.0827174336159689,5.019796683043126,0.0401589185184513
Robin_lodging_Celia,chronos_bolt_small,28,0.0726320973485879,0.1192960759462281,7.367148832219213,0.0603824952386455
Robin_lodging_Donna,chronos_bolt_small,28,0.0832681764724126,0.1362768585312638,8.769679613420367,0.0732065656919338
Robin_lodging_Dorthy,chronos_bolt_small,28,0.0647211960656699,0.0921643642559894,6.12699267811821,0.0508811492640869
Robin_lodging_Elmer,chronos_bolt_small,28,0.0700352577906577,0.1033818077405156,7.351016838766335,0.0580547619731949
Robin_lodging_Janie,chronos_bolt_small,28,0.0749393704796819,0.0938940591037029,7.650223243717523,0.0591280764940366
Robin_lodging_Oliva,chronos_bolt_small,28,0.0737599050511397,0.0997913254949055,7.364548114895111,0.0569664944804458
Robin_lodging_Phillip,chronos_bolt_small,28,0.0704850109323867,0.1246092510323124,7.265625485944885,0.0596002316240531
Robin_lodging_Pricilla,chronos_bolt_small,28,0.0704389597424574,0.0969819028832524,7.107218220022257,0.0550102168976771
Robin_lodging_Renea,chronos_bolt_small,28,0.0677059985983698,0.0966494153054682,7.535386132900015,0.0585357562409387
Robin_office_Addie,chronos_bolt_small,28,0.1255692707152719,0.1833683484424418,16.566247935333685,0.1180499877262023
Robin_office_Adolph,chronos_bolt_small,28,0.1036949772163734,0.1575076018580365,10.75283940843982,0.0858284910570573
Robin_office_Antonina,chronos_bolt_small,28,0.0295196775265772,0.0495417261729518,3.032994794658588,0.024874414472429
Robin_office_Dina,chronos_bolt_small,28,0.0832585288607881,0.1469515076850873,8.443662960225117,0.0688036634536129
Robin_office_Donald,chronos_bolt_small,28,0.0889179757691037,0.1446254179904121,9.43813717484449,0.0767522654756227
Robin_office_Gayle,chronos_bolt_small,28,0.1345144350808023,0.2387215611843596,14.528944961601743,0.1152131421531606
Robin_office_Lindsay,chronos_bolt_small,28,0.0744493866690458,0.1230915072811029,7.492680458082278,0.0606310736409951
Robin_office_Maryann,chronos_bolt_small,28,0.052094975986333,0.0797398321790733,5.424134100455071,0.0443092772435364
Robin_office_Sammie,chronos_bolt_small,28,0.0800673637013148,0.1059974521684246,8.314524865231675,0.0639340196057976
Robin_office_Saul,chronos_bolt_small,28,0.0687761944677284,0.1088141908632185,6.967496686545791,0.0553299189941062
Robin_office_Serena,chronos_bolt_small,28,0.0864251650942657,0.1322233422285698,10.756596723548313,0.0865472217355752
Robin_office_Shirlene,chronos_bolt_small,28,0.0940942382223118,0.1684880277178082,9.772399981921804,0.0804772075528428
Robin_office_Soledad,chronos_bolt_small,28,0.1365603185642671,0.2401851206173296,13.36416524100114,0.1134220265259289
Robin_office_Victor,chronos_bolt_small,28,0.1031620622645598,0.1861965974642222,10.74303674517888,0.0857582769339756
Robin_office_Wai,chronos_bolt_small,28,0.0479326376459198,0.138244807190942,5.504960907987315,0.0507433752569331
Robin_office_Zelma,chronos_bolt_small,28,0.0618425529377514,0.1028417821751193,7.231738857464546,0.0574359988419332
Robin_public_Cami,chronos_bolt_small,28,0.0913743088441373,0.1600902376028529,10.692563548012572,0.086039714132398
Robin_public_Carolina,chronos_bolt_small,28,0.0774562324815504,0.1207934269969457,8.51894381998718,0.0644151475052324
Swan_unknown_Allison,chronos_bolt_small,28,0.0944792000045692,0.2171291902077375,12.763075268717753,0.0988011035075483
Swan_unknown_Andres,chronos_bolt_small,28,0.1004443849596627,0.2242341234119549,210.86352157564207,1161166624.124323
Swan_unknown_Bette,chronos_bolt_small,28,0.0694939532335784,0.1196768381144909,7.539567422739298,0.060504956052817
Swan_unknown_Christoper,chronos_bolt_small,28,0.0822898427538234,0.1272942774036066,8.403100416330458,0.0674977427799309
Swan_unknown_Douglas,chronos_bolt_small,28,0.0258825161203008,0.0422721056629411,2.668175878327716,0.0218311540012864
Swan_unknown_Esteban,chronos_bolt_small,28,0.0328125210313049,0.0554217782581466,3.4810022731007675,0.0281733273674384
Swan_unknown_Fabian,chronos_bolt_small,28,0.0905512544201064,0.1212285879020091,9.38805138922226,0.0738851703804179
Swan_unknown_Ike,chronos_bolt_small,28,0.1110648120655419,0.2042623784973204,14.708371660202149,0.1185180911643132
Swan_unknown_Isaiah,chronos_bolt_small,28,0.0999699542146663,0.192220781208389,13.35124835340479,0.1126365526420789
Swan_unknown_Jan,chronos_bolt_small,28,0.0199751597590231,0.0344071357250217,2.027450292590929,0.0161740238959602
Swan_unknown_Jerold,chronos_bolt_small,28,0.0194956649785308,0.0294274495488884,1.9642237970020155,0.0158797609965586
Swan_unknown_Noelia,chronos_bolt_small,28,0.0972375692140084,0.1410172575138485,9.63435091949824,0.0739997534763625
Swan_unknown_Raquel,chronos_bolt_small,28,0.0361153881107615,0.0556649448419877,3.6010149502671984,0.0285641635308472
Swan_unknown_Reyna,chronos_bolt_small,28,0.0969571049815583,0.1903403372570248,13.356165171803909,0.1141722507219538
Swan_unknown_Rocco,chronos_bolt_small,28,0.0081797232692103,0.0193632633673463,0.8627742940241419,0.0065709097192044
Swan_unknown_Rudy,chronos_bolt_small,28,0.0105659541954662,0.016068649850231,1.0567562471845786,0.0088089706829644
Swan_unknown_Tom,chronos_bolt_small,28,0.0790523675855692,0.1853530480126106,10.068375553691093,0.0834386540634402
Swan_unknown_Valeria,chronos_bolt_small,28,0.0289429442063117,0.0419580630013356,2.891552205113,0.0230654477217646
Swan_unknown_Wendy,chronos_bolt_small,28,0.0543784217075628,0.0753608324997584,6.400580923654172,0.0451715654232419
Wolf_assembly_Elaine,chronos_bolt_small,28,0.3076792075092073,0.6521332489969499,29.733289917321983,0.2421786322880086
Wolf_assembly_Sallie,chronos_bolt_small,28,0.1113987199246297,0.1961669468697452,14.003316035771018,0.1114403041379178
Wolf_education_Anisa,chronos_bolt_small,28,0.3333819229838738,0.5278581858611232,33.4668219129432,0.2766402789668026
Wolf_education_Arnulfo,chronos_bolt_small,28,0.2158585377591119,0.3727462662808252,25.639751992064834,0.1992592174159729
Wolf_education_Bobby,chronos_bolt_small,28,0.2086184679410492,0.3523120793536264,22.461007627395336,0.1858894858568154
Wolf_education_Cheryl,chronos_bolt_small,28,0.1710234081698032,0.3194138356674887,16.52472634582484,0.1508173268549841
Wolf_education_Clarissa,chronos_bolt_small,28,0.1154678809946753,0.1912577358511354,11.51115188967658,0.0981205982058721
Wolf_education_Cody,chronos_bolt_small,28,0.528608552169558,0.9017398374842104,64.22474681385442,0.4374629341535621
Wolf_education_Dolores,chronos_bolt_small,28,0.2033141924180329,0.4013720541237938,20.15362743938344,0.1831315049156161
Wolf_education_Dorris,chronos_bolt_small,28,0.0670032406109284,0.1099927224535563,6.578326962359067,0.0560219880448898
Wolf_education_Eulalia,chronos_bolt_small,28,0.2371892384160188,0.4176515080544562,27.183397718391173,0.2224297667085117
Wolf_education_Joaquin,chronos_bolt_small,28,0.0531801044541213,0.0732516272195183,5.228425927036142,0.0417061828147734
Wolf_education_Josefa,chronos_bolt_small,28,0.2269620639605714,0.4096731507363108,26.58068990167541,0.2176182934371651
Wolf_education_Katie,chronos_bolt_small,28,0.1637129774318418,0.2873810073597813,16.395149460769247,0.1430681384620007
Wolf_education_Laurinda,chronos_bolt_small,28,0.1575602363263646,0.3133620653370986,16.400290403464496,0.1504135225735938
Wolf_education_Loren,chronos_bolt_small,28,0.1165408320107829,0.2211953519006996,11.573589940194491,0.1027342664550767
Wolf_education_Miguel,chronos_bolt_small,28,0.1884237713530694,0.3626620298271736,19.241093372945603,0.1680409367101333
Wolf_education_Roderick,chronos_bolt_small,28,0.245487532355601,0.4126434066393845,107.69213610588788,0.1885447955926112
Wolf_education_Tammie,chronos_bolt_small,28,0.0871627323532852,0.1559182908011626,8.041316022432095,0.0714322781166776
Wolf_education_Tori,chronos_bolt_small,28,0.1164051467837702,0.204410417255347,11.309425220460923,0.0988470746448123
Wolf_education_Ursula,chronos_bolt_small,28,0.1814172743609776,0.2940938525500918,18.001935574181633,0.1584557539991841
Wolf_education_Vivian,chronos_bolt_small,28,0.2450870802812182,0.4067635462504244,29.80008668136302,0.2515968116526624
Wolf_office_Bobbie,chronos_bolt_small,28,0.1468537029332778,0.2787226111010122,15.604917072420074,0.1318857435541997
Wolf_office_Cary,chronos_bolt_small,28,0.0937766518816084,0.1691445413818288,8.992794596246313,0.0776166471996687
Wolf_office_Darleen,chronos_bolt_small,28,0.161416236249655,0.3140876545318698,17.720960264065543,0.1593816749283809
Wolf_office_Elisabeth,chronos_bolt_small,28,0.0471139444195489,0.0681145848956876,4.611581761194442,0.0369765122389845
Wolf_office_Emanuel,chronos_bolt_small,28,0.2114662113824983,0.3846068717375554,26.842496318870108,0.1930701924871018
Wolf_office_Haydee,chronos_bolt_small,28,0.3063994322331521,0.520802053644853,36.19385574119819,0.2796476199080236
Wolf_office_Joana,chronos_bolt_small,28,0.1289020862694729,0.2258074166132769,15.752650929714637,0.1106314283839871
Wolf_office_Nadia,chronos_bolt_small,28,0.1164014257733655,0.2064747044672557,11.196721527152228,0.1034987473695237
Wolf_office_Rochelle,chronos_bolt_small,28,0.284236893619488,0.5118663659860143,397.1915827782773,0.3517799827490854
Wolf_public_Norma,chronos_bolt_small,28,0.2353522524656983,0.3740567791574548,25.763277339016987,0.1973752944127819
Wolf_retail_Harriett,chronos_bolt_small,28,0.2754133451211519,0.4038608841826557,502.8049764698992,0.2202740787044927
Wolf_retail_Marcella,chronos_bolt_small,28,0.162171364586476,0.2707747390826679,16.49347945927441,0.1411688972694235
Wolf_retail_Toshia,chronos_bolt_small,28,0.2845836456313739,0.5336828937744288,34.954668366614136,0.2891161247758768
Wolf_science_Alfreda,chronos_bolt_small,28,0.0590088674691368,0.0937138288621603,5.882569470049632,0.0500043492458103
Bear_assembly_Angel,patchtst_b900k,28,0.3449232850505012,0.4085123633414121,44.27188704194132,
Bear_assembly_Beatrice,patchtst_b900k,28,0.566144717600876,0.7123051115889678,253.5406125660338,
Bear_assembly_Danial,patchtst_b900k,28,0.1913067154424783,0.2291896587086797,21.35708488352156,
Bear_assembly_Genia,patchtst_b900k,28,0.2581173918940688,0.3293339581091004,26.82076235465217,
Bear_assembly_Harry,patchtst_b900k,28,0.3496192869596019,0.4602523343110265,37.008774616971294,
Bear_assembly_Jose,patchtst_b900k,28,0.2325589745153804,0.2782002196849812,27.916815375153725,
Bear_assembly_Roxy,patchtst_b900k,28,0.2615319869055865,0.3384726861170928,55.80103814325147,
Bear_assembly_Ruby,patchtst_b900k,28,0.1122664403249794,0.1278848682941707,11.27303707708722,
Bear_education_Alvaro,patchtst_b900k,28,0.1153752559778962,0.1426523192408467,11.915538245337409,
Bear_education_Augusta,patchtst_b900k,28,0.4301455371192193,0.4959177761927018,45.455492148569135,
Bear_education_Austin,patchtst_b900k,28,0.6548691713816797,0.7481372702943254,80.32928670876751,
Bear_education_Babara,patchtst_b900k,28,0.0648917880578544,0.075039282048577,6.549105251210281,
Bear_education_Benita,patchtst_b900k,28,0.0628231321870402,0.0718528007462566,6.404456657215819,
Bear_education_Bob,patchtst_b900k,28,0.311865215524912,0.3491329181707172,34.6103576395392,
Bear_education_Bulah,patchtst_b900k,28,0.070189406844429,0.0833081663330546,7.021307951515479,
Bear_education_Carlo,patchtst_b900k,28,0.6750449681376283,0.8301842193706671,96.20720015696624,
Bear_education_Chad,patchtst_b900k,28,0.0689948451011483,0.0831919959283806,7.014158708323974,
Bear_education_Chana,patchtst_b900k,28,0.1796172849105527,0.2094170032973767,18.14043208171667,
Bear_education_Chun,patchtst_b900k,28,0.290965074993387,0.3327804329391162,31.689585394625,
Bear_education_Clint,patchtst_b900k,28,0.1367171152898118,0.163360892646985,13.518218228285608,
Bear_education_Curtis,patchtst_b900k,28,0.1187393024803831,0.1656321423976509,11.237553751225905,
Bear_education_Danna,patchtst_b900k,28,0.4619094484507527,0.5267325760155297,62.220090934043135,
Bear_education_Darrell,patchtst_b900k,28,0.585386420573949,0.6571490540907694,72.29578386199105,
Bear_education_Deena,patchtst_b900k,28,0.3581820236697627,0.4181462385206409,39.56055236584823,
Bear_education_Derek,patchtst_b900k,28,0.2185953968745205,0.3986585862057429,1256.9134644381804,
Bear_education_Destiny,patchtst_b900k,28,0.3362815568296659,0.3890050608787885,38.00096661610716,
Bear_education_Elise,patchtst_b900k,28,0.3693363257786081,0.4339434308868969,44.03073342162258,
Bear_education_Fannie,patchtst_b900k,28,0.0712476414450265,0.0811504741763611,7.11322905538062,
Bear_education_Gavin,patchtst_b900k,28,0.070882118654865,0.0861752453158225,7.091086938146818,
Bear_education_Herb,patchtst_b900k,28,0.3351851681435355,0.3761084311381667,37.23054840719442,
Bear_education_Irene,patchtst_b900k,28,0.2205492364246779,0.3432872610515041,19.335984086973376,
Bear_education_Iris,patchtst_b900k,28,0.4130826663804803,0.4739790081456169,50.67313636840761,
Bear_education_Katy,patchtst_b900k,28,0.2412825214405212,0.2901268368533634,25.509350023147924,
Bear_education_Lashanda,patchtst_b900k,28,0.4227551204893253,0.4926570512214221,57.14974617584391,
Bear_education_Laurette,patchtst_b900k,28,0.0550793376630243,0.0669621551783157,5.447204782823639,
Bear_education_Leonel,patchtst_b900k,28,0.6265748760966295,0.70530669505559,101.40610298825524,
Bear_education_Lewis,patchtst_b900k,28,0.417070386539879,0.4673792464138911,46.32827456524481,
Bear_education_Lidia,patchtst_b900k,28,0.4044050610784822,0.47422592122624,45.82571090587549,
Bear_education_Lila,patchtst_b900k,28,0.1980828685459349,0.2227931493556582,22.042906200803987,
Bear_education_Liliana,patchtst_b900k,28,0.1166385038660044,0.1322395256781287,12.07635631977818,
Bear_education_Lorie,patchtst_b900k,28,0.1073954936284104,0.1290955999656339,10.925810122759584,
Bear_education_Mara,patchtst_b900k,28,0.0562758542659423,0.065263070884383,5.675904201788931,
Bear_education_Marie,patchtst_b900k,28,0.5146426176660068,0.5768764261944276,58.94086781518643,
Bear_education_Marsha,patchtst_b900k,28,0.2147676637490116,0.252048850579782,20.94633535497337,
Bear_education_Marta,patchtst_b900k,28,0.4628979559697425,0.5377260529206085,55.915498165263344,
Bear_education_Maryjane,patchtst_b900k,28,0.1459998163338549,0.176969380823391,14.228260622262356,
Bear_education_Merrill,patchtst_b900k,28,0.1979037312494851,0.2527441805285487,20.114622108737866,
Bear_education_Nanette,patchtst_b900k,28,0.2573085423028231,0.3184398249474016,31.408164952287933,
Bear_education_Oscar,patchtst_b900k,28,0.2774761409076318,0.3205611176559817,30.18209573343857,
Bear_education_Owen,patchtst_b900k,28,0.3016370497430228,0.35098945304532,36.29944147011152,
Bear_education_Paola,patchtst_b900k,28,0.3925490742507319,0.4586418337240347,44.46728120632496,
Bear_education_Patricia,patchtst_b900k,28,0.0848416799670414,0.0969138999220338,8.658457086121302,
Bear_education_Pattie,patchtst_b900k,28,0.066765924448068,0.0814365506670735,6.687568132328842,
Bear_education_Rebecca,patchtst_b900k,28,0.0926371427307976,0.1083925639709231,9.483517580568602,
Bear_education_Sandy,patchtst_b900k,28,0.1503963360950934,0.1975935916792082,14.265672219904529,
Bear_education_Santos,patchtst_b900k,28,0.3704262991954353,0.5404588764518581,38.76547931100461,
Bear_education_Sharon,patchtst_b900k,28,0.1133371913935034,0.1306124267732856,11.349506395450184,
Bear_education_Shelley,patchtst_b900k,28,0.3535053749663361,0.3885517165827993,39.35839931788086,
Bear_education_Tara,patchtst_b900k,28,0.2793245852611883,0.3738515533777453,29.754066383906263,
Bear_education_Thuy,patchtst_b900k,28,0.3356195304670635,0.3740378080929517,38.21362635184413,
Bear_education_Val,patchtst_b900k,28,0.1141714798424428,0.1342691502946166,11.444451454267462,
Bear_education_Wade,patchtst_b900k,28,0.3112246969064182,0.3889790771009455,30.37737527914721,
Bear_education_Wilton,patchtst_b900k,28,0.0510640068965598,0.063950742454288,5.034958666038612,
Bear_education_Wm,patchtst_b900k,28,0.2200202026269323,0.2573904534323317,22.51096041213188,
Bear_education_Yuri,patchtst_b900k,28,0.6739242851345012,0.7578827583349472,89.2576450274835,
Bear_education_Yvette,patchtst_b900k,28,0.4824649153025212,0.5784024139007544,51.56718331462096,
Bear_education_Zandra,patchtst_b900k,28,0.0268166643685178,0.0310203853403251,2.677612383732169,
Bear_lodging_Dannie,patchtst_b900k,28,0.4120893574354036,0.4669197954597998,48.89460805769767,
Bear_lodging_Erick,patchtst_b900k,28,0.121520299319508,0.1580922887646036,12.271411852053808,
Bear_lodging_Esperanza,patchtst_b900k,28,0.3389686818944127,0.3789629990278142,39.565998239025966,
Bear_lodging_Evan,patchtst_b900k,28,0.2940530384657024,0.3319022839575476,32.983955009786435,
Bear_parking_Bridget,patchtst_b900k,28,0.18932333047909,0.2390870199178833,19.800139028072746,
Bear_parking_Bruce,patchtst_b900k,28,0.054869379516927,0.0705982285062951,5.6473347473340585,
Bear_public_Arlean,patchtst_b900k,28,0.2111243930707724,0.2508340621529598,23.726350672860992,
Bear_public_Jocelyn,patchtst_b900k,28,0.2010121623290548,0.2335571273571929,19.72668580730575,
Bear_public_Lowell,patchtst_b900k,28,0.1399581022507152,0.1737755908261582,13.800269832099104,
Bear_public_Orville,patchtst_b900k,28,0.5661935551060345,0.6265846859425027,76.28796251841428,
Bear_public_Rayna,patchtst_b900k,28,0.6326320556677891,0.6974129979029535,84.97668174360102,
Bear_public_Valorie,patchtst_b900k,28,0.4222214976200693,0.4874809098795906,66.19896278602049,
Bear_science_Alison,patchtst_b900k,28,0.0488136614832293,0.0574884064938014,4.927185740133655,
Bear_science_Eleanor,patchtst_b900k,28,0.1934039451270328,0.2453888109261038,20.985744078434912,
Bear_utility_Sidney,patchtst_b900k,28,0.038200394490161,0.0466471106607492,3.771784952943584,
Bobcat_assembly_Adam,patchtst_b900k,28,0.1393841469741615,0.1984815723706441,28.68919058303334,
Bobcat_assembly_Billy,patchtst_b900k,28,0.2403217758943289,0.2786348308379535,42.26622260623723,
Bobcat_assembly_Camilla,patchtst_b900k,28,0.0961611596521237,0.1626593110806548,40.22582833977598,
Bobcat_assembly_Franklin,patchtst_b900k,28,0.5228566834329796,0.6886357781720611,284.5423933412735,
Bobcat_education_Alissa,patchtst_b900k,28,0.3104254423083679,0.3673918095727435,33.801010483945895,
Bobcat_education_Angela,patchtst_b900k,28,0.1314511518582299,0.1766678024194914,12.659844442231853,
Bobcat_education_Coleman,patchtst_b900k,28,0.2990550633977065,0.3631853519689236,82.5464044040216,
Bobcat_education_Dylan,patchtst_b900k,28,0.108425276046273,0.1642635014292164,10.786171594383871,
Bobcat_education_Hollis,patchtst_b900k,28,0.1867471475845273,0.2387228442998268,48.06630537406223,
Bobcat_education_Jayne,patchtst_b900k,28,0.4908906503483388,0.5425047166497353,76.58334987864554,
Bobcat_education_Marisha,patchtst_b900k,28,0.1583477784414542,0.2132776031084217,31.93428394362029,
Bobcat_education_Monte,patchtst_b900k,28,0.3816589095960825,0.4492660946641706,64.68242860932257,
Bobcat_education_Rosalva,patchtst_b900k,28,0.3272324718620028,0.3884304317385504,47.6629826193094,
Bobcat_education_Toni,patchtst_b900k,28,0.2547763360167852,0.3165951641441747,42.43746401880872,
Bobcat_education_Whitney,patchtst_b900k,28,0.4526738226672532,0.5190508158681915,79.36799385323523,
Bobcat_lodging_Darin,patchtst_b900k,28,0.1585294720307929,0.1945753343131119,15.816200256904628,
Bobcat_lodging_Melaine,patchtst_b900k,28,0.1312817825474561,0.1591067719919026,13.466345679522105,
Bobcat_lodging_Nickolas,patchtst_b900k,28,0.1292647786690016,0.1635440371648479,12.968059148753332,
Bobcat_office_Alma,patchtst_b900k,28,0.3084745760880235,0.4129967952483286,280.7813032245899,
Bobcat_office_Justine,patchtst_b900k,28,0.2555196010747411,0.3614610131220552,28.2040384703421,
Bobcat_office_Kassandra,patchtst_b900k,28,0.1589604702547255,0.2151581721448593,15.266368218601317,
Bobcat_office_Melody,patchtst_b900k,28,0.1303566916165982,0.1743525973473169,12.309222523828897,
Bobcat_office_Nikita,patchtst_b900k,28,0.2861463806853237,0.3226106193147101,29.6185548923814,
Bobcat_other_Howard,patchtst_b900k,28,0.6216809859487608,0.8873148347170016,89.6570206335842,
Bobcat_other_Jovita,patchtst_b900k,28,0.1664457341935188,0.2297107006654946,16.798113637513104,
Bobcat_other_Timothy,patchtst_b900k,28,0.2078076079206045,0.281761455978924,224.9197105801281,
Bull_assembly_Amalia,patchtst_b900k,28,0.1627586897834659,0.2357134121339324,225.9055116005177,
Bull_assembly_Beau,patchtst_b900k,28,0.3747559076471071,0.5119702209484188,264.23738617717765,
Bull_assembly_Brandon,patchtst_b900k,28,0.1641492752613539,0.2336975831822546,231.25519785556924,
Bull_assembly_Daryl,patchtst_b900k,28,0.2691681649207902,0.5005911885216469,222.63756843303744,
Bull_assembly_Dorethea,patchtst_b900k,28,0.2693356072534361,0.3610864908478562,262.0796065861093,
Bull_assembly_Freddie,patchtst_b900k,28,0.4462724017562899,0.5220574586423253,289.8159177005725,
Bull_assembly_Gerri,patchtst_b900k,28,0.4595025686947651,0.5120069712232672,349.4371335072942,
Bull_assembly_Gigi,patchtst_b900k,28,0.2506260211197286,0.3518024165311056,229.1923240585662,
Bull_assembly_Goldie,patchtst_b900k,28,0.3157949957891971,0.3888360570327226,298.1256504984956,
Bull_assembly_Katia,patchtst_b900k,28,0.1978255480562712,0.8310448923097633,249.62102760468105,
Bull_assembly_Lance,patchtst_b900k,28,0.2466761385059147,0.8255857731048155,257.3949672137433,
Bull_assembly_Lesa,patchtst_b900k,28,0.2610833795798101,0.3369292028131609,280.2978393975075,
Bull_assembly_Maren,patchtst_b900k,28,0.3100303583403866,0.8843630157775187,617.0892948404445,
Bull_assembly_Nathanial,patchtst_b900k,28,0.7142182666702928,0.95779680931042,3199.959140894845,
Bull_assembly_Newton,patchtst_b900k,28,0.4493272232496759,0.586255744115291,558.7800877464347,
Bull_assembly_Nick,patchtst_b900k,28,0.1797449915599496,0.2382595051324741,209.0238518207808,
Bull_assembly_Vanessa,patchtst_b900k,28,0.2428041383623062,0.3065008995550517,253.37423277121957,
Bull_education_Annette,patchtst_b900k,28,0.3171692152234132,0.8960348965075714,226.3840120777953,
Bull_education_Antonia,patchtst_b900k,28,0.2042605998755418,0.2965343659652495,265.8696583006775,
Bull_education_Arthur,patchtst_b900k,28,0.1674296474961815,0.2441807021605375,257.74610692991007,
Bull_education_Barry,patchtst_b900k,28,0.1170722253691421,0.1934190020335256,226.7522489078046,
Bull_education_Bernice,patchtst_b900k,28,0.2219010741926957,0.852592853466598,231.69123938832516,
Bull_education_Brady,patchtst_b900k,28,0.4315038896753889,0.5394116272631309,324.97521811554185,
Bull_education_Brain,patchtst_b900k,28,0.1764095289130306,0.2772854228440206,438.1920866523698,
Bull_education_Brandi,patchtst_b900k,28,0.3310248434617006,0.4311324157632405,289.73391424846875,
Bull_education_Brenda,patchtst_b900k,28,0.2046460485883351,0.2827244200366213,278.02735452791217,
Bull_education_Bryon,patchtst_b900k,28,0.2894198838079537,0.3932405816746973,272.1910676320938,
Bull_education_Carl,patchtst_b900k,28,0.1252583993424623,0.2025051448333591,236.81966778876463,
Bull_education_Clarice,patchtst_b900k,28,0.131544053671974,0.2085995685899414,235.3962322986217,
Bull_education_Clarita,patchtst_b900k,28,0.1513077800836128,0.2263402661024378,243.2358240972588,
Bull_education_Dakota,patchtst_b900k,28,0.4019371677303578,0.4893032559170283,326.83043052152374,
Bull_education_Dan,patchtst_b900k,28,0.14333018914601,0.2274944344002741,250.24033122664355,
Bull_education_Dania,patchtst_b900k,28,0.1921552164554363,0.2817771901549731,282.2229244494069,
Bull_education_Delia,patchtst_b900k,28,0.3051949241543109,0.846827290009631,222.5911321635018,
Bull_education_Dora,patchtst_b900k,28,0.3214124341825118,0.4014727238612932,304.0598206725673,
Bull_education_Dottie,patchtst_b900k,28,0.3269021041671722,0.9050077603057772,281.5067072061414,
Bull_education_Elva,patchtst_b900k,28,0.1391798557807371,0.2244279578941488,245.78422166365152,
Bull_education_Fabiola,patchtst_b900k,28,0.3395698092633999,0.4045580085996241,300.44514788151434,
Bull_education_Geneva,patchtst_b900k,28,0.5192190762723147,0.6072459231838258,319.19888173382145,
Bull_education_Genie,patchtst_b900k,28,0.2543136090297275,0.3349262060842118,274.9609840679696,
Bull_education_Gregory,patchtst_b900k,28,0.2900292804136553,0.3745853275331703,283.5980042089336,
Bull_education_Hayley,patchtst_b900k,28,0.1562737658751341,0.2342860798717891,256.1443576165998,
Bull_education_Jae,patchtst_b900k,28,0.1274167383109751,0.2032380469794965,239.99790546263523,
Bull_education_Jeffery,patchtst_b900k,28,0.2047515218690129,0.7958342543914478,232.2688184546943,
Bull_education_Joseph,patchtst_b900k,28,0.2794938266060844,0.3593028852176908,262.65116588829864,
Bull_education_Juan,patchtst_b900k,28,0.3170972826157714,0.3927448098888351,276.26487117755323,
Bull_education_Kendra,patchtst_b900k,28,0.2448849728031429,0.3202842861976124,266.86123796569643,
Bull_education_Krista,patchtst_b900k,28,0.2710668180783351,0.3375247331699052,275.81344513162816,
Bull_education_Kristal,patchtst_b900k,28,0.1342244246172998,0.2131657454820193,239.62341720111556,
Bull_education_Lenny,patchtst_b900k,28,0.1489993854469091,0.2374994268848006,258.6256938684828,
Bull_education_Linnie,patchtst_b900k,28,0.4361663744614004,0.5182583810979078,342.22241619854606,
Bull_education_Luke,patchtst_b900k,28,0.3053311534448438,0.3821228331007253,297.4910571922431,
Bull_education_Lydia,patchtst_b900k,28,0.1605738661649206,0.2456178677661044,243.2715043232608,
Bull_education_Lyn,patchtst_b900k,28,0.3782274798579412,0.4590094147194555,295.0049181520536,
Bull_education_Magaret,patchtst_b900k,28,0.4624046759770812,0.5580301978583868,394.8775035161554,
Bull_education_Mario,patchtst_b900k,28,0.4186679538638037,0.4904460291236425,294.9864558149173,
Bull_education_Matilda,patchtst_b900k,28,0.4535834242871258,1.1593371432652628,348.52979008218006,
Bull_education_Mervin,patchtst_b900k,28,0.2151167962595599,0.2880418219524325,260.8856655451153,
Bull_education_Miquel,patchtst_b900k,28,0.3337654153496376,0.4087243296117379,306.58737871911615,
Bull_education_Miranda,patchtst_b900k,28,0.1796645206961689,0.2585326437941326,245.34117976444287,
Bull_education_Myra,patchtst_b900k,28,0.4541529210363019,0.5350585508688555,369.8775795077298,
Bull_education_Nichole,patchtst_b900k,28,0.1956924982004673,0.2753089493366429,246.31654626055013,
Bull_education_Nina,patchtst_b900k,28,0.1468291122814226,0.2271093026042347,247.2696534470796,
Bull_education_Nolan,patchtst_b900k,28,0.2077344534921776,0.2867061616435878,218.66938171112463,
Bull_education_Olive,patchtst_b900k,28,0.3084802310292616,0.411698081834838,256.9157738711536,
Bull_education_Pablo,patchtst_b900k,28,0.2785099125514875,0.3680054555569976,273.16606359109875,
Bull_education_Pamela,patchtst_b900k,28,0.2008819605172524,0.2826297372436175,259.15096950427187,
Bull_education_Patrina,patchtst_b900k,28,0.3456385439657193,0.4238790415890289,328.3231515353885,
Bull_education_Racheal,patchtst_b900k,28,0.176088742092224,0.2532203566864554,256.0193789489703,
Bull_education_Reina,patchtst_b900k,28,0.2985837589741009,0.3828274718332636,300.16507699670825,
Bull_education_Reynaldo,patchtst_b900k,28,0.2318772626091657,0.3064737402514351,227.831984169353,
Bull_education_Roland,patchtst_b900k,28,0.2668867804579141,0.3309954925967031,302.6389965277322,
Bull_education_Roseann,patchtst_b900k,28,0.1967431782438875,0.2493989394417418,235.42106603090397,
Bull_education_Sebastian,patchtst_b900k,28,0.2960044302460511,0.3811579285559098,274.9293294333542,
Bull_education_Shona,patchtst_b900k,28,0.1332299595524703,0.206574908865528,216.75835659749904,
Bull_education_Stewart,patchtst_b900k,28,0.1766922060889232,0.2442259752512962,255.72858179955472,
Bull_education_Summer,patchtst_b900k,28,0.2778933839785881,0.3795238580782981,225.5588849557396,
Bull_education_Tracey,patchtst_b900k,28,0.2808271959037597,0.3744188668334114,269.0782761297542,
Bull_education_Venita,patchtst_b900k,28,0.2411946574678931,0.3173562832899653,268.73764258283404,
Bull_education_Violeta,patchtst_b900k,28,0.3348374627343082,0.4208231630469188,270.32555879460006,
Bull_lodging_Abby,patchtst_b900k,28,0.1892988162809658,0.2804318660240902,249.112832896256,
Bull_lodging_Allen,patchtst_b900k,28,0.4024922636866045,0.5409422301377388,326.9975172758105,
Bull_lodging_Anibal,patchtst_b900k,28,0.2741063035597205,0.3542267989741818,269.82033607287985,
Bull_lodging_Caren,patchtst_b900k,28,0.2936854995370411,0.3505062805691353,286.91372079155275,
Bull_lodging_Carie,patchtst_b900k,28,0.1810116620469238,0.2465444141508173,250.3859500643956,
Bull_lodging_Charlotte,patchtst_b900k,28,0.3408850189253886,0.4705235905117193,283.4653574552066,
Bull_lodging_Danielle,patchtst_b900k,28,0.3597146636067961,0.970747295555732,301.12576675294684,
Bull_lodging_Dave,patchtst_b900k,28,0.2747265482003645,0.3355756381775211,286.5209714670522,
Bull_lodging_Elena,patchtst_b900k,28,0.2965507102195964,0.3814113337931854,279.8455920159443,
Bull_lodging_Graciela,patchtst_b900k,28,0.2158523509231986,0.294903918679868,257.303091191803,
Bull_lodging_Hugo,patchtst_b900k,28,0.2480341096545808,0.3198972162051376,286.4838785492953,
Bull_lodging_Jeremiah,patchtst_b900k,28,0.3667599531820647,0.4304116828181138,312.3180119635832,
Bull_lodging_Leonard,patchtst_b900k,28,0.224051953612945,0.2839430739500929,259.0481593868214,
Bull_lodging_Lettie,patchtst_b900k,28,0.2649290075639582,0.3358997769705199,297.38023533167177,
Bull_lodging_Melissa,patchtst_b900k,28,0.2484386516498037,0.3080207490640019,278.78465085641056,
Bull_lodging_Perry,patchtst_b900k,28,0.30649577316992,0.3709868415585287,302.8486557275974,
Bull_lodging_Terence,patchtst_b900k,28,0.2843396467453598,0.8528774943718491,259.2548106755156,
Bull_lodging_Travis,patchtst_b900k,28,0.2070107742902765,0.2659999343648194,266.81380435237674,
Bull_lodging_Xavier,patchtst_b900k,28,0.4200793844754187,0.5527765404688231,391.70239951237386,
Bull_office_Anne,patchtst_b900k,28,0.1881915518765731,0.2744381848874512,236.979251948123,
Bull_office_Chantel,patchtst_b900k,28,0.2000905982683979,0.264765776469828,255.14675789935083,
Bull_office_Claudia,patchtst_b900k,28,0.136283081724741,0.2073428891044763,236.03865743429307,
Bull_office_Debbie,patchtst_b900k,28,0.3624388066098574,0.4716205327423075,288.71588653334817,
Bull_office_Efren,patchtst_b900k,28,0.5369219492211054,1.1599325078515033,345.7566582491217,
Bull_office_Ella,patchtst_b900k,28,0.2920418605626926,0.99810531536255,562.093145495871,
Bull_office_Hilton,patchtst_b900k,28,0.1521632041335248,0.2444208642385308,240.4238361472516,
Bull_office_Ivette,patchtst_b900k,28,0.2342904964550265,0.3168451819353254,286.43987734527445,
Bull_office_Lilla,patchtst_b900k,28,0.1704100126144951,0.244652409129802,232.4854095702023,
Bull_office_Marco,patchtst_b900k,28,0.4072248025005366,0.8106876798325541,304.93017548194354,
Bull_office_Myron,patchtst_b900k,28,0.2526777511990341,0.3290427957478595,255.4279098375635,
Bull_office_Nicolas,patchtst_b900k,28,0.270546638698985,0.3315434765070605,262.7675985494263,
Bull_office_Rob,patchtst_b900k,28,0.2927606626597048,0.3689393024065505,277.4511396779422,
Bull_office_Sally,patchtst_b900k,28,0.4718869192420775,1.0510366699556697,269.62620776541144,
Bull_office_Trevor,patchtst_b900k,28,0.3214646331927064,1.0169956931633242,217.562119042142,
Bull_office_Yvonne,patchtst_b900k,28,0.3190647941066971,0.4018882595038716,283.74490493140183,
Bull_public_Hyun,patchtst_b900k,28,0.1513156221560005,0.2169333241493264,240.6876735129199,
Bull_public_Jefferson,patchtst_b900k,28,0.2262851538971922,0.3359373741226525,258.7585940702666,
Bull_services_Jeanmarie,patchtst_b900k,28,0.1717122767356634,0.2516108297855725,236.21219962556003,
Bull_services_Juanita,patchtst_b900k,28,0.1700872002419264,0.2262464590518312,226.3089807353993,
Bull_services_Nadine,patchtst_b900k,28,0.155944019159532,0.2164942462790413,230.18270526576208,
Bull_services_Rachelle,patchtst_b900k,28,0.1391442685841857,0.2107650261463327,227.71538967911167,
Bull_services_Winford,patchtst_b900k,28,0.2041060728653553,0.2557740237991981,241.26960267839516,
Cockatoo_assembly_Doyle,patchtst_b900k,28,0.2673202401913336,0.324435194782417,30.747937105693406,
Cockatoo_assembly_Ed,patchtst_b900k,28,0.3404143239595252,0.3957164236106792,42.88737490157735,
Cockatoo_assembly_Emilio,patchtst_b900k,28,0.1924072724994381,0.2287179899727158,22.400170260308887,
Cockatoo_assembly_Evelyn,patchtst_b900k,28,0.3801008452660231,0.4726700817555313,64.63384729513419,
Cockatoo_assembly_Fernanda,patchtst_b900k,28,0.2473768868802538,0.2932562353929146,30.81046151369805,
Cockatoo_assembly_Genoveva,patchtst_b900k,28,0.3474730114375491,0.4239916303663547,42.07244183715379,
Cockatoo_assembly_Griselda,patchtst_b900k,28,0.3902906345749459,0.4290307739160171,46.84895926027418,
Cockatoo_assembly_Heath,patchtst_b900k,28,0.167761926586014,0.2235940267857862,18.045109333009883,
Cockatoo_assembly_Meredith,patchtst_b900k,28,0.2044661992459271,0.2551695104782527,24.205010561862327,
Cockatoo_assembly_Pierre,patchtst_b900k,28,0.1626353875251048,0.1942337564327916,17.0656368578504,
Cockatoo_assembly_Ralph,patchtst_b900k,28,0.0854073997365829,0.1070378018360778,8.752178785650958,
Cockatoo_assembly_Rodger,patchtst_b900k,28,0.1506220226971129,0.2092213540804881,14.82082669314023,
Cockatoo_assembly_Tabitha,patchtst_b900k,28,0.1366947211350211,0.1669492255142301,14.427273692868075,
Cockatoo_assembly_Valencia,patchtst_b900k,28,0.2597728761932082,0.3246113654699982,37.69798679167927,
Cockatoo_education_Amira,patchtst_b900k,28,0.1092758471996356,0.2194312919688554,9.421217763666274,
Cockatoo_education_Arlen,patchtst_b900k,28,0.2676920982541333,0.338997556520658,28.856894474929963,
Cockatoo_education_Brendan,patchtst_b900k,28,0.1492069742709835,0.1738175700148744,15.181120176042368,
Cockatoo_education_Brigitte,patchtst_b900k,28,0.1183273454760182,0.1392295001617583,12.00554550652896,
Cockatoo_education_Charity,patchtst_b900k,28,0.0696100986831022,0.0818877489049889,7.058495614954746,
Cockatoo_education_Christi,patchtst_b900k,28,1.199258171519069,2.409387275075225,119.92581715190693,
Cockatoo_education_Claudine,patchtst_b900k,28,0.0770396174952437,0.1008408992030274,8.185817400021955,
Cockatoo_education_Collin,patchtst_b900k,28,0.1237698111614609,0.1504724836343939,12.445170989369462,
Cockatoo_education_Deloris,patchtst_b900k,28,0.0713698622661245,0.0882523376708736,7.06830367498748,
Cockatoo_education_Doreen,patchtst_b900k,28,0.166301507996979,0.1814135911284009,17.218409592085987,
Cockatoo_education_Erik,patchtst_b900k,28,0.0993135927473402,0.1143830136606317,9.930450187197309,
Cockatoo_education_Eunice,patchtst_b900k,28,0.1759716607022332,0.2044921877849923,17.80677041233036,
Cockatoo_education_Evangeline,patchtst_b900k,28,1.33920223154482e-06,1.5884285353327143e-06,0.0001339202231544,
Cockatoo_education_Flora,patchtst_b900k,28,0.041938113434963,0.0517541420390313,4.29677438358427,
Cockatoo_education_Gussie,patchtst_b900k,28,0.0852160675667175,0.1048572589448421,8.365764474491975,
Cockatoo_education_Helene,patchtst_b900k,28,0.0840997022238805,0.1037269723347208,8.215266558921593,
Cockatoo_education_Jack,patchtst_b900k,28,0.3920358383279485,0.4771226495524016,42.46346112715245,
Cockatoo_education_Janet,patchtst_b900k,28,0.0825733884705776,0.099167236056317,8.199608789106138,
Cockatoo_education_Joeann,patchtst_b900k,28,0.4291714619983995,0.4517140001657094,57.801591169900576,
Cockatoo_education_Joel,patchtst_b900k,28,0.1463802873322324,0.165870564924632,15.120494981351923,
Cockatoo_education_Jon,patchtst_b900k,28,0.3617888474453622,0.4194346471102721,40.00572578083949,
Cockatoo_education_Julia,patchtst_b900k,28,0.159840460532784,0.188858228643128,16.795857786547653,
Cockatoo_education_Julio,patchtst_b900k,28,0.0786712160246078,0.0960496931144082,7.836741600274137,
Cockatoo_education_June,patchtst_b900k,28,0.1285613864071612,0.1499544076391032,12.891617320583274,
Cockatoo_education_Laurence,patchtst_b900k,28,0.3351809963484661,0.4512840735106049,33.95753831429802,
Cockatoo_education_Lionel,patchtst_b900k,28,0.0779689115663631,0.0955080203059647,7.609441610124105,
Cockatoo_education_Magdalena,patchtst_b900k,28,0.135352579674733,0.1818559497126545,18.89347335300984,
Cockatoo_education_Marva,patchtst_b900k,28,0.3464315359868139,0.4190525063470934,37.533833090886255,
Cockatoo_education_Maynard,patchtst_b900k,28,0.3831402543266937,0.4466324230046823,46.34292172484363,
Cockatoo_education_Mayra,patchtst_b900k,28,0.1159472888159307,0.1621973482936344,12.453090839200986,
Cockatoo_education_Melanie,patchtst_b900k,28,0.3119634989165653,0.368155790693955,33.50443999956106,
Cockatoo_education_Minh,patchtst_b900k,28,0.1207396072720388,0.150181600352301,12.684898215264894,
Cockatoo_education_Nelda,patchtst_b900k,28,0.0766135173128095,0.0981293202899541,7.882532432948511,
Cockatoo_education_Oliver,patchtst_b900k,28,0.2124991881048532,0.2380533249895913,23.446544868157947,
Cockatoo_education_Orlando,patchtst_b900k,28,0.1908339620563666,0.2159004220207033,19.54670537760455,
Cockatoo_education_Rita,patchtst_b900k,28,0.3248908933221506,0.4077184311956021,31.748064927084037,
Cockatoo_education_Shawn,patchtst_b900k,28,0.1656735176966104,0.1980045216126684,18.20475279649012,
Cockatoo_education_Sheryl,patchtst_b900k,28,0.0857117086521292,0.0985938605694501,8.492913394549857,
Cockatoo_education_Terrence,patchtst_b900k,28,0.0567630262504731,0.0815772670127493,5.6140061595689135,
Cockatoo_education_Tyler,patchtst_b900k,28,0.0439128824399348,0.0520169372305358,4.428505927103023,
Cockatoo_education_Victoria,patchtst_b900k,28,0.1195553472623323,0.1495658159204948,12.170686002463544,
Cockatoo_industrial_Nathaniel,patchtst_b900k,28,0.5707402254361685,0.6147683647301408,185.4456168639537,
Cockatoo_industrial_Sarita,patchtst_b900k,28,0.1280273211586366,0.1546825543809791,12.4988719989486,
Cockatoo_lodging_Aimee,patchtst_b900k,28,0.1945695463835545,0.2235955515690927,21.15665028346817,
Cockatoo_lodging_Albert,patchtst_b900k,28,0.1905605226109422,0.217568503934248,20.917346666403645,
Cockatoo_lodging_Alicia,patchtst_b900k,28,0.1583963999578388,0.1983956537388574,16.030926231430133,
Cockatoo_lodging_Ana,patchtst_b900k,28,0.2428117163999847,0.2863459488616842,27.86535964757469,
Cockatoo_lodging_Carmen,patchtst_b900k,28,0.3188251581814337,0.3634406771856261,37.99744162103178,
Cockatoo_lodging_Cletus,patchtst_b900k,28,0.2939647022739156,0.3271130935420648,34.56577716600219,
Cockatoo_lodging_Elvia,patchtst_b900k,28,0.2683754769990588,0.3007845492029153,30.50625683114612,
Cockatoo_lodging_Emory,patchtst_b900k,28,0.2950563766506521,0.3379684236416591,36.9027355824234,
Cockatoo_lodging_Eric,patchtst_b900k,28,0.3683964940524213,0.4123503343101613,45.902618075450825,
Cockatoo_lodging_Homer,patchtst_b900k,28,0.106233336152392,0.1220226619126809,10.939599321380909,
Cockatoo_lodging_Jarrod,patchtst_b900k,28,0.5350305550271832,0.8690327156664385,73.3199147299029,
Cockatoo_lodging_Javier,patchtst_b900k,28,0.3048241487437062,0.3363309489483835,35.79876920557692,
Cockatoo_lodging_Jim,patchtst_b900k,28,0.1607513792358328,0.184995848999898,17.502415319357002,
Cockatoo_lodging_Jimmie,patchtst_b900k,28,0.1404224121361228,0.1633522839957072,15.12381155353618,
Cockatoo_lodging_Johnathan,patchtst_b900k,28,0.1871471820296963,0.2176123848146882,20.51086744669624,
Cockatoo_lodging_Josephine,patchtst_b900k,28,0.4169492967610494,0.4620568662614538,46.6220581868581,
Cockatoo_lodging_Judi,patchtst_b900k,28,0.2783480767351831,0.3360974268745045,32.11994720758726,
Cockatoo_lodging_Katharine,patchtst_b900k,28,0.1040471833919028,0.1296262572605048,10.888320622631042,
Cockatoo_lodging_Kerri,patchtst_b900k,28,0.260705616125754,0.2989599949623992,28.579562531629,
Cockatoo_lodging_Kyle,patchtst_b900k,28,0.3341777290739602,0.3699332482217218,39.05900994811687,
Cockatoo_lodging_Lana,patchtst_b900k,28,0.2042418292495616,0.255442172871246,22.274381379648588,
Cockatoo_lodging_Linwood,patchtst_b900k,28,0.4045177434755026,0.450806774621422,50.99729670658173,
Cockatoo_lodging_Lynne,patchtst_b900k,28,0.3140463861698149,0.3555162021084661,34.82991995463356,
Cockatoo_lodging_Mandy,patchtst_b900k,28,0.2366740797207125,0.2791901740106146,27.040364733710053,
Cockatoo_lodging_Olga,patchtst_b900k,28,0.1627446818459417,0.2049426217209981,19.064276690456268,
Cockatoo_lodging_Raphael,patchtst_b900k,28,0.3311515817990344,0.3654196057630183,35.751694956968755,
Cockatoo_lodging_Tesha,patchtst_b900k,28,0.2265792471041792,0.2669106263821436,25.265215869465496,
Cockatoo_lodging_Tessie,patchtst_b900k,28,0.3488017409028554,0.3858450660732572,41.35846532003388,
Cockatoo_office_Ada,patchtst_b900k,28,0.0966157918238837,0.1155226323996335,10.293208001102212,
Cockatoo_office_Alton,patchtst_b900k,28,0.151156723808136,0.1842753298883727,15.836790208123194,
Cockatoo_office_Christy,patchtst_b900k,28,0.1554948237177218,0.1765184906498074,16.238252439836863,
Cockatoo_office_Delores,patchtst_b900k,28,0.1795144271647558,0.2104587504759916,18.318662599220943,
Cockatoo_office_Elbert,patchtst_b900k,28,0.1983554224051893,0.2345883790425404,21.943501771776354,
Cockatoo_office_Gail,patchtst_b900k,28,0.1752160570353573,0.2504485921976832,17.60648932832072,
Cockatoo_office_Georgia,patchtst_b900k,28,0.1527907082761015,0.1820351530908012,16.442686193699082,
Cockatoo_office_Giovanni,patchtst_b900k,28,0.1167126637415137,0.1388777582438932,11.615492932511378,
Cockatoo_office_Jimmy,patchtst_b900k,28,0.3733418761784921,0.4101297454271303,42.48090862824376,
Cockatoo_office_Jodie,patchtst_b900k,28,0.146098107773641,0.1839105108346364,14.88651556004613,
Cockatoo_office_Kristin,patchtst_b900k,28,0.0682306193290583,0.0868682046274234,6.721459886375969,
Cockatoo_office_Laila,patchtst_b900k,28,0.0854748323691103,0.102861354591351,8.517230535102376,
Cockatoo_office_Lorraine,patchtst_b900k,28,0.2679381567813397,0.3398098957561299,31.968128324988736,
Cockatoo_office_Paige,patchtst_b900k,28,0.2233494067383756,0.2664749520296872,23.859756395091186,
Cockatoo_office_Pansy,patchtst_b900k,28,0.3697027638630394,0.4295253737473231,38.52847688870381,
Cockatoo_office_Rodney,patchtst_b900k,28,0.2401966136164209,0.2836094590529712,25.76219860177014,
Cockatoo_office_Roxanna,patchtst_b900k,28,0.1485553028057407,0.1869928987036498,14.894956441497008,
Cockatoo_public_Caleb,patchtst_b900k,28,0.2729928393671426,0.3026030958628894,30.76851055260616,
Cockatoo_public_Chiquita,patchtst_b900k,28,0.253753506039785,0.2949805228592767,26.85414243717377,
Cockatoo_public_Harland,patchtst_b900k,28,0.2883240058923775,0.3423205393295756,38.84147460581177,
Cockatoo_public_Leah,patchtst_b900k,28,0.2795804705795506,0.3200059735089219,35.48072307021313,
Cockatoo_public_Shad,patchtst_b900k,28,0.1951985652281238,0.2272041214938311,21.046367101669304,
Cockatoo_public_Valerie,patchtst_b900k,28,0.0869260461266445,0.0995559579731717,8.676477934865146,
Cockatoo_religion_Diedre,patchtst_b900k,28,0.4886522746804426,0.5603333123994072,70.7884550667052,
Cockatoo_science_Rex,patchtst_b900k,28,0.141209532806613,0.1677850886448428,14.094573514403946,
Cockatoo_utility_Kimiko,patchtst_b900k,28,0.581434004539656,0.6548554932486629,121.73227305765911,
Cockatoo_utility_Sherri,patchtst_b900k,28,0.3823663517259338,0.4513929129135356,38.7086483731614,
Crow_education_Kate,patchtst_b900k,28,0.0236406688075111,0.0459805080135085,2.3640668807511167,
Crow_education_Keisha,patchtst_b900k,28,1.0439255928835142e-06,1.236245393388522e-06,0.0001043925592883,
Crow_education_Marlin,patchtst_b900k,28,0.0259321904318263,0.0498793720636699,2.593219043182632,
Crow_education_Omer,patchtst_b900k,28,8.820010254133056e-07,1.0415075732892515e-06,8.820010254133059e-05,
Crow_education_Winston,patchtst_b900k,28,0.0182911252798567,0.0353745476997861,1.829112527985675,
Eagle_assembly_Benny,patchtst_b900k,28,0.2025539732000238,0.2370423942433455,21.534023310973637,
Eagle_assembly_Candice,patchtst_b900k,28,1.0564626000956894,1.346777722715442,223.5996978393012,
Eagle_assembly_Estelle,patchtst_b900k,28,0.2974190398005429,0.401442705197793,31.283294789644167,
Eagle_assembly_Herbert,patchtst_b900k,28,0.4750592288409241,0.5250916980516509,133.27662455716597,
Eagle_assembly_Ian,patchtst_b900k,28,0.2920229710857914,0.3665814066390436,29.581286761530507,
Eagle_assembly_Josie,patchtst_b900k,28,0.2921357267421332,0.32739145955399,36.24278893443989,
Eagle_assembly_Lacy,patchtst_b900k,28,0.0951932540398614,0.1234767297183877,24.137446699692745,
Eagle_assembly_Latrina,patchtst_b900k,28,0.355304117891846,0.5698822996542191,1726.308318711502,
Eagle_assembly_Margret,patchtst_b900k,28,0.1940520802401348,0.2223889191439516,21.712494072934213,
Eagle_assembly_Portia,patchtst_b900k,28,0.1652064751388894,0.2063367674563596,17.11997401064323,
Eagle_education_Alberto,patchtst_b900k,28,1.3106221561578928,1.6452104859445744,12131.603706556005,
Eagle_education_April,patchtst_b900k,28,0.1991477049103874,0.2427452067888971,34.32589037872154,
Eagle_education_Brianne,patchtst_b900k,28,0.0971208310812418,0.1144268357700083,10.28249462327208,
Eagle_education_Brooke,patchtst_b900k,28,0.0599049272964444,0.112577481520912,94.01286865788006,
Eagle_education_Edith,patchtst_b900k,28,0.2543853040542548,0.3052094379417612,31.75231573300877,
Eagle_education_Eileen,patchtst_b900k,28,1.3694431883316691,1.659442807805033,12151.860967704804,
Eagle_education_Jewell,patchtst_b900k,28,0.1176438760870875,0.1477019034706998,45.25630861365553,
Eagle_education_Lino,patchtst_b900k,28,0.214213083676159,0.2683791345415411,39.022646261536565,
Eagle_education_Luther,patchtst_b900k,28,0.0524862985268342,0.0697470858584784,5.6236292511154415,
Eagle_education_Maragret,patchtst_b900k,28,0.2046743798147384,0.2630512198604639,39.21727810663863,
Eagle_education_Norah,patchtst_b900k,28,0.044804530066924,0.0569626863549206,4.556193417873883,
Eagle_education_Paul,patchtst_b900k,28,1.4421503916516667,1.6634825438690906,11663.91188288217,
Eagle_education_Peter,patchtst_b900k,28,0.0652256812433481,0.0807872729342366,6.4077106518907145,
Eagle_education_Petra,patchtst_b900k,28,0.0983626854818235,0.1323394114575824,9.53126123805013,
Eagle_education_Raul,patchtst_b900k,28,0.0617110945661171,0.0803422357943702,6.507071643838612,
Eagle_education_Roman,patchtst_b900k,28,0.0548905438374851,0.0751441772682379,5.75333462162073,
Eagle_education_Samantha,patchtst_b900k,28,0.0506676005045519,0.0648033139299306,5.200421413205401,
Eagle_education_Shana,patchtst_b900k,28,1.315906984674853,1.6451269040992944,12121.553397711385,
Eagle_education_Shanna,patchtst_b900k,28,0.1393346478180713,0.1790763028779093,14.20837531437007,
Eagle_education_Shante,patchtst_b900k,28,0.0614178331090054,0.0744690750318262,6.092395229439251,
Eagle_education_Sheena,patchtst_b900k,28,1.4421505115150777,1.6634826370673983,11663.91254738653,
Eagle_education_Sherrill,patchtst_b900k,28,0.0702613327960069,0.0873655513242302,6.908377954880009,
Eagle_education_Teresa,patchtst_b900k,28,0.1508361161938506,0.1834934752270256,15.862517063501205,
Eagle_education_Wesley,patchtst_b900k,28,0.3032556420307905,0.3801329703515861,44.58165053075084,
Eagle_education_Will,patchtst_b900k,28,0.0728007582326329,0.0934541078780063,7.149668766873651,
Eagle_food_Jennifer,patchtst_b900k,28,0.4274829779202675,0.5616262351736717,38.83924403212395,
Eagle_food_Kay,patchtst_b900k,28,0.562584931920171,0.6255934782444006,82.7719989793902,
Eagle_health_Amy,patchtst_b900k,28,0.4677474602829163,0.5436962687398607,90.59130693346567,
Eagle_health_Athena,patchtst_b900k,28,0.3509163026856671,0.396935477898085,39.47988349749588,
Eagle_health_Gregoria,patchtst_b900k,28,0.5477836741483025,0.7411174831653061,37.82939386521923,
Eagle_health_Jodi,patchtst_b900k,28,0.2227915307714971,0.2446366368110309,23.13623593856237,
Eagle_health_Lucinda,patchtst_b900k,28,0.0992550424270407,0.1845602700225844,240.55107560211985,
Eagle_health_Margo,patchtst_b900k,28,1.3616938394373987,1.660219676318755,12159.565580096943,
Eagle_health_Reba,patchtst_b900k,28,0.1202377025756411,0.1408883920584446,11.707755318418386,
Eagle_health_Reuben,patchtst_b900k,28,0.2723727533497934,0.4138535618817711,1185.7305123982806,
Eagle_health_Trisha,patchtst_b900k,28,0.0752718357312507,0.0962557244000636,7.388268878849863,
Eagle_health_Vincenza,patchtst_b900k,28,0.4490518588013502,0.5133355182209453,108.05812403561394,
Eagle_lodging_Andy,patchtst_b900k,28,0.4305115037067475,0.5155375562059586,68.12310378672849,
Eagle_lodging_Casey,patchtst_b900k,28,0.4968330448089275,0.6130161467660232,98.4366269621559,
Eagle_lodging_Dawn,patchtst_b900k,28,0.5007466257216173,0.6189041641254366,100.7450432278554,
Eagle_lodging_Edgardo,patchtst_b900k,28,0.4727631497709309,0.5715636802057444,83.00880726536005,
Eagle_lodging_Stephanie,patchtst_b900k,28,0.210911531031084,0.236847060757569,22.70815320888184,
Eagle_lodging_Terri,patchtst_b900k,28,0.1951293229818186,0.2457577086534322,18.47807700383792,
Eagle_lodging_Tressa,patchtst_b900k,28,0.1621456176571396,0.1939108825885594,16.470406766889372,
Eagle_lodging_Trina,patchtst_b900k,28,0.5566218229068799,0.6500211189434159,97.03848604915748,
Eagle_office_Amanda,patchtst_b900k,28,0.7032527986271315,0.8319582017799972,4252.6260625157975,
Eagle_office_Amie,patchtst_b900k,28,0.0729077073696382,0.1081153791919261,8.233669885133688,
Eagle_office_Bridgett,patchtst_b900k,28,0.1413284336764659,0.1750745541471428,14.463665147380658,
Eagle_office_Chantelle,patchtst_b900k,28,0.1335325504657502,0.1781402950838287,15.663122284992012,
Eagle_office_Chauncey,patchtst_b900k,28,1.3594267152831685,1.6588079749434006,12157.234458558036,
Eagle_office_Dallas,patchtst_b900k,28,0.1704820614843748,0.2132118138776503,17.34567187061355,
Eagle_office_Damian,patchtst_b900k,28,0.2389787560886921,0.2959895370390289,27.62815813745479,
Eagle_office_Demetra,patchtst_b900k,28,0.4449255272843657,0.4978989299441851,70.5455417339263,
Eagle_office_Donovan,patchtst_b900k,28,0.2896160502295321,0.3494674139378512,43.89160786602166,
Eagle_office_Efrain,patchtst_b900k,28,0.1766843889970036,0.2173834998962762,18.615848254778683,
Eagle_office_Elia,patchtst_b900k,28,0.3319912508723775,0.3975345269814071,36.73190709640692,
Eagle_office_Elias,patchtst_b900k,28,0.2389787369096405,0.2959895169565054,27.6281557827304,
Eagle_office_Elvis,patchtst_b900k,28,0.3038167227034786,0.3489841217778457,45.81437964004299,
Eagle_office_Flossie,patchtst_b900k,28,0.1768137202772356,0.2268256643620717,33.218550587112446,
Eagle_office_Francis,patchtst_b900k,28,0.076148918286139,0.0995829417784534,21.993177992916586,
Eagle_office_Freida,patchtst_b900k,28,0.2002569341335167,0.2678664370677167,119.5819279556039,
Eagle_office_Henriette,patchtst_b900k,28,0.2157964208084901,0.2398974873404856,39.97398056816965,
Eagle_office_Isidro,patchtst_b900k,28,0.4102905529053297,0.4834642032506457,45.43939396479881,
Eagle_office_Jackie,patchtst_b900k,28,0.1926097794145412,0.2275850052924112,20.435722836089315,
Eagle_office_Jeff,patchtst_b900k,28,0.3058221437470993,0.3716294384330486,35.74281079010285,
Eagle_office_Joette,patchtst_b900k,28,0.1588649364937671,0.1855110658740341,15.947161138994709,
Eagle_office_Katheleen,patchtst_b900k,28,0.4076831548869839,0.4727140706815416,54.00126976265669,
Eagle_office_Lamont,patchtst_b900k,28,1.3901790611512406,1.6720002695621992,12054.577458748065,
Eagle_office_Lane,patchtst_b900k,28,0.2610253087778634,0.3186391005333914,242.29625425269265,
Eagle_office_Lillian,patchtst_b900k,28,0.2677648749607658,0.3443643654325055,248.12656030596463,
Eagle_office_Mable,patchtst_b900k,28,0.4006500587329656,0.448917887651479,102.10095537954535,
Eagle_office_Mandi,patchtst_b900k,28,1.3159062644443935,1.645126801486478,12121.553996228136,
Eagle_office_Marisela,patchtst_b900k,28,1.3923133726322294,1.6719411873407224,12111.958370478222,
Eagle_office_Michele,patchtst_b900k,28,0.122393976407756,0.1510716774764385,11.815413978824571,
Eagle_office_Nereida,patchtst_b900k,28,1.376144306298677,1.6672512994204505,12156.397272361552,
Eagle_office_Norbert,patchtst_b900k,28,1.4934180926027552,1.7357540702985763,12144.03004647993,
Eagle_office_Patrice,patchtst_b900k,28,0.2466641045832094,0.2950358844670274,25.81013859675127,
Eagle_office_Phyllis,patchtst_b900k,28,1.3159060297330327,1.645126726031147,12121.5539755398,
Eagle_office_Randolph,patchtst_b900k,28,0.2790214463013196,0.3163406206107464,30.569980648994378,
Eagle_office_Remedios,patchtst_b900k,28,1.3590112737804911,1.6627552048587495,12135.106112710166,
Eagle_office_Ryan,patchtst_b900k,28,0.218612939023009,0.2618525824878645,22.768806299486467,
Eagle_office_Sheree,patchtst_b900k,28,0.4562666810556413,0.532261369194534,52.16378651697924,
Eagle_office_Sonya,patchtst_b900k,28,0.158995175540369,0.2006712812206805,18.13915037269889,
Eagle_office_Tia,patchtst_b900k,28,1.3694431684386676,1.6594428663792744,12151.86136099458,
Eagle_office_Yadira,patchtst_b900k,28,0.4130289223895733,0.4843303233214224,258.2683134828666,
Eagle_public_Alvin,patchtst_b900k,28,0.1514143777799742,0.1780148790542185,29.670438195831217,
Eagle_public_Henry,patchtst_b900k,28,0.1821676156400801,0.256327464296306,37.41370531739878,
Eagle_public_Minnie,patchtst_b900k,28,0.1110411104886575,0.1405140178342752,10.771587572233658,
Eagle_public_Missy,patchtst_b900k,28,0.3338440114818582,0.4028613937092948,33.21330084414716,
Eagle_public_Ola,patchtst_b900k,28,0.2608444501637241,0.3148350434910267,35.603212472210494,
Eagle_public_Pearle,patchtst_b900k,28,0.3536909233466924,0.4095125158211579,51.52414802491988,
Eagle_public_Preston,patchtst_b900k,28,0.2702947586250335,0.2929191001736732,43.38859859389999,
Fox_assembly_Adrianne,patchtst_b900k,28,0.3280522261590559,0.4508441665096,49.72344125351102,
Fox_assembly_Audrey,patchtst_b900k,28,0.1586912690796624,0.2112166402309677,18.38733952616104,
Fox_assembly_Boyce,patchtst_b900k,28,0.2027461741897052,0.2489326054828724,23.55255526409837,
Fox_assembly_Bradley,patchtst_b900k,28,0.1574809555743306,0.2135782570931183,60.39081503830668,
Fox_assembly_Carlos,patchtst_b900k,28,0.2501585165067839,0.3355516551083503,44.22240826425446,
Fox_assembly_Cathy,patchtst_b900k,28,0.8005381641523869,0.943799836639476,3049.1439367855746,
Fox_assembly_Cecelia,patchtst_b900k,28,0.4340748107096365,0.5129411351682024,60.65548104409534,
Fox_assembly_Christie,patchtst_b900k,28,0.5068572989606267,0.6110958674665606,65.08729790039463,
Fox_assembly_Cindy,patchtst_b900k,28,0.218933404078696,0.2912750013085149,21.1134156983024,
Fox_assembly_Dixie,patchtst_b900k,28,0.8243981456280638,0.9607842202683792,132.7215808359487,
Fox_assembly_Emma,patchtst_b900k,28,0.2451885883129829,0.2984295285850641,78.27381730550904,
Fox_assembly_Gary,patchtst_b900k,28,0.157961445754574,0.1926242103412412,18.03605500601382,
Fox_assembly_Jerrod,patchtst_b900k,28,1.1135574654044624,2.1929827220826725,199.96579024319743,
Fox_assembly_Johnnie,patchtst_b900k,28,0.3071210737341257,0.3708556657356912,47.36293984830928,
Fox_assembly_Kathie,patchtst_b900k,28,0.4939685222888714,0.6696733356503467,87.23476519891386,
Fox_assembly_Lakeisha,patchtst_b900k,28,0.3238610916680751,0.4031990027178171,92.84224043901943,
Fox_assembly_Leeanne,patchtst_b900k,28,0.1849710214225988,0.2415177852773012,18.44241534767846,
Fox_assembly_Renna,patchtst_b900k,28,0.0486079225732395,0.0763068598156367,5.603747457950282,
Fox_assembly_Sheldon,patchtst_b900k,28,0.2036698682523757,0.2490605281411343,54.32145282998177,
Fox_assembly_Terrell,patchtst_b900k,28,0.2639369058456912,0.3733149841826861,56.62943196817264,
Fox_assembly_Tony,patchtst_b900k,28,0.2995551626045382,0.3639589774484266,58.60162252485006,
Fox_education_Andre,patchtst_b900k,28,0.0860989426375674,0.1207149831170531,12.673695869527547,
Fox_education_Ashli,patchtst_b900k,28,0.185210683008924,0.2158495184858179,19.38531599084722,
Fox_education_Burton,patchtst_b900k,28,0.1288302572797504,0.1730998222735612,56.90733030090994,
Fox_education_Carleen,patchtst_b900k,28,0.2500407987104464,0.2793049788958853,27.881263971877942,
Fox_education_Charles,patchtst_b900k,28,0.1567145617519124,0.2071817033641243,45.51221863095411,
Fox_education_Claire,patchtst_b900k,28,0.2797702164063153,0.3122942478332928,30.812776255020477,
Fox_education_Claude,patchtst_b900k,28,0.02578304698431,0.0538810398295964,3.132183490321906,
Fox_education_Cynthia,patchtst_b900k,28,0.2163944325107991,0.2812197242815641,21.399206505182285,
Fox_education_Delma,patchtst_b900k,28,0.8402751936718401,1.174842134308559,510.0396555861501,
Fox_education_Dewayne,patchtst_b900k,28,0.353075632793658,0.3885111909514219,40.0668469452725,
Fox_education_Dominique,patchtst_b900k,28,0.0883692815545757,0.122038075938401,54.68642683711708,
Fox_education_Eddy,patchtst_b900k,28,0.2691401128735073,0.3389125472088095,39.899197779221794,
Fox_education_Eldon,patchtst_b900k,28,0.0444635858747288,0.0886584682442871,35.08923340060807,
Fox_education_Elizabeth,patchtst_b900k,28,0.1902813660113017,0.2247116936421246,36.46270182948187,
Fox_education_Elois,patchtst_b900k,28,0.2254025987587974,0.275082836626444,53.64323981877707,
Fox_education_Elvira,patchtst_b900k,28,0.2539156434182494,0.3018869107845902,26.794489403471616,
Fox_education_Etta,patchtst_b900k,28,0.1422159063298369,0.18365584502866,13.948365614530752,
Fox_education_Gayla,patchtst_b900k,28,0.4580683008996715,0.4981294520659636,88.2798727799111,
Fox_education_Geoffrey,patchtst_b900k,28,0.0772623191470422,0.119030053903882,53.41644287917189,
Fox_education_Gloria,patchtst_b900k,28,0.035773906035927,0.085515738502179,48.94189131042899,
Fox_education_Henrietta,patchtst_b900k,28,0.2136546918295653,0.3221196308930443,27.073943786462277,
Fox_education_Heriberto,patchtst_b900k,28,0.3750509739950123,0.4097541072668971,47.7324328664196,
Fox_education_Jaclyn,patchtst_b900k,28,0.1007518206351346,0.1265765358225045,10.6842768044767,
Fox_education_Jacqueline,patchtst_b900k,28,0.5848541470862008,0.7567382953260657,282.7905628253576,
Fox_education_Janina,patchtst_b900k,28,0.2266250619558126,0.2704035727995328,25.984480009064956,
Fox_education_John,patchtst_b900k,28,1.186456059896877,1.328987016878132,7124.095538107258,
Fox_education_Kendrick,patchtst_b900k,28,0.5838136622550435,0.6868978977637002,153.84840646946586,
Fox_education_Kim,patchtst_b900k,28,0.3440068853475105,0.4154315450726616,77.28406311374701,
Fox_education_Kris,patchtst_b900k,28,0.2847430502286687,0.3407464771431496,49.708154369996144,
Fox_education_Leona,patchtst_b900k,28,0.1374613358781064,0.1627250929763564,14.425256221476443,
Fox_education_Leota,patchtst_b900k,28,0.1536264274813605,0.1777011479579949,16.2527274418337,
Fox_education_Lesley,patchtst_b900k,28,0.6536151641025737,0.8491309228230014,78.8622803608986,
Fox_education_Lilly,patchtst_b900k,28,0.2648829030829791,0.4211644239071261,1435.1669624461156,
Fox_education_Long,patchtst_b900k,28,0.2097250578676653,0.2483348069311471,39.57858966546085,
Fox_education_Louie,patchtst_b900k,28,0.1423433586324304,0.187988773552625,46.242568000895965,
Fox_education_Marcelina,patchtst_b900k,28,0.7057539790131417,0.9617213265054084,188.83280914537747,
Fox_education_Maris,patchtst_b900k,28,0.2845548242919803,0.3220577668926955,45.55083226869,
Fox_education_Marlana,patchtst_b900k,28,0.2123579824305398,0.4058130018791432,1445.9153106614467,
Fox_education_Maureen,patchtst_b900k,28,0.0840320596660376,0.1065100836341269,9.052466215939114,
Fox_education_Melinda,patchtst_b900k,28,0.1282144584393935,0.1952982165639959,25.29423092321367,
Fox_education_Melvin,patchtst_b900k,28,0.4902712212121632,0.5950942804640137,1453.1613392626575,
Fox_education_Miguelina,patchtst_b900k,28,0.340747849610803,0.4106479292011527,37.02752095181553,
Fox_education_Nilda,patchtst_b900k,28,0.2497923709368443,0.2980088608775532,28.926784431865453,
Fox_education_Ollie,patchtst_b900k,28,0.1853299510456178,0.2255395705025704,20.983888874202027,
Fox_education_Otilia,patchtst_b900k,28,0.0445377304989963,0.0843745846342237,35.08709365717005,
Fox_education_Ray,patchtst_b900k,28,0.1625603965249302,0.2022411648579397,16.85778391129614,
Fox_education_Rosie,patchtst_b900k,28,0.1410251732368706,0.1694538652110961,28.99397540072222,
Fox_education_Rudolph,patchtst_b900k,28,0.5269357517293692,0.6696799017863688,2450.6148618923185,
Fox_education_Shaun,patchtst_b900k,28,0.5679239714754603,0.7115858189131256,90.93118090253094,
Fox_education_Shawanda,patchtst_b900k,28,0.4959078635175687,0.6039553298075087,55.65634823225274,
Fox_education_Shirley,patchtst_b900k,28,0.4418577830715489,0.5676119121479198,50.91020789371945,
Fox_education_Stacia,patchtst_b900k,28,0.0335921583459614,0.0698296533068291,4.409044344345089,
Fox_education_Sterling,patchtst_b900k,28,0.6310092329154319,0.7466334447670633,116.54691843817088,
Fox_education_Suzan,patchtst_b900k,28,0.1878790984601572,0.2364182420050185,21.790739983247715,
Fox_education_Tamika,patchtst_b900k,28,0.1272159311042035,0.1526799418038744,13.76671525667831,
Fox_education_Theodore,patchtst_b900k,28,0.0285068743443367,0.049112154027692,3.1919372208915706,
Fox_education_Tonya,patchtst_b900k,28,0.0600310899957003,0.0905455008927409,7.4763499327842435,
Fox_education_Virgil,patchtst_b900k,28,0.079807335931152,0.1252659296430704,53.73438315336707,
Fox_education_Virginia,patchtst_b900k,28,0.7260825744406544,0.9359452604119456,213.64752528151809,
Fox_education_Wendell,patchtst_b900k,28,0.0577003989618448,0.0994611838803,51.55484467664946,
Fox_education_Willis,patchtst_b900k,28,0.0313545833641961,0.0485180161689514,3.55211530332902,
Fox_education_Yolande,patchtst_b900k,28,0.0755247812792956,0.0900268429039062,7.88708122543672,
Fox_food_Francesco,patchtst_b900k,28,0.35793166921893,0.4160094217646504,56.71826255427668,
Fox_food_Scott,patchtst_b900k,28,0.312283199745815,0.4038673533121333,61.3871025730723,
Fox_health_Lorena,patchtst_b900k,28,0.248952250185561,0.334121296522343,25.529818561214345,
Fox_lodging_Alana,patchtst_b900k,28,0.163914241134573,0.1948319001143069,17.441241622619337,
Fox_lodging_Angla,patchtst_b900k,28,0.3534452002628381,0.4065866590370732,38.23363925200286,
Fox_lodging_Frances,patchtst_b900k,28,0.0859180713080601,0.10717437648953,9.355825691858117,
Fox_lodging_Helen,patchtst_b900k,28,0.2139153746882437,0.2530146617217002,24.816617819425502,
Fox_lodging_Isabell,patchtst_b900k,28,0.0760525570554839,0.1325206911187988,10.040948893914155,
Fox_lodging_Jina,patchtst_b900k,28,0.125725221565921,0.1460506208397619,13.23185631903326,
Fox_lodging_Morris,patchtst_b900k,28,0.0740042626693481,0.1061718986590357,22.94667477238653,
Fox_lodging_Stephan,patchtst_b900k,28,0.1288396489472958,0.1686818344248912,60.34940479505904,
Fox_lodging_Stephen,patchtst_b900k,28,0.1489965915192697,0.1736129090154365,15.84220383086392,
Fox_lodging_Wallace,patchtst_b900k,28,0.1575481278576582,0.1875077380394931,16.842409981892143,
Fox_lodging_Warren,patchtst_b900k,28,0.1730176239001496,0.2075771155766828,64.14698092142889,
Fox_lodging_Winifred,patchtst_b900k,28,0.0978616581826006,0.1203586518477265,11.081273509396093,
Fox_office_Alice,patchtst_b900k,28,0.0791292930962705,0.1038987938591811,23.55591336010347,
Fox_office_Bernard,patchtst_b900k,28,0.1422584363068632,0.1704077987212716,30.96366911518484,
Fox_office_Berniece,patchtst_b900k,28,0.4773186353086954,0.5814692238698157,53.900505906468446,
Fox_office_Brandy,patchtst_b900k,28,0.4517265210624172,0.5006675723921207,69.07901680985609,
Fox_office_Carson,patchtst_b900k,28,0.3735086919128953,0.4176561685267133,70.65210441302673,
Fox_office_Clayton,patchtst_b900k,28,0.2879616781853236,0.351929096270134,35.83745625410807,
Fox_office_Demetrius,patchtst_b900k,28,0.2988281662525602,0.3871292029168554,77.7524694352316,
Fox_office_Easter,patchtst_b900k,28,0.4582240807153295,0.5453142307179171,53.12432477279961,
Fox_office_Edythe,patchtst_b900k,28,0.1355128531340589,0.1712629225767991,29.53884460898563,
Fox_office_Essie,patchtst_b900k,28,0.8048269474486056,1.0143958051795052,163.44544669291074,
Fox_office_Gaylord,patchtst_b900k,28,0.3382209688586902,0.3958397430243557,35.14383602234067,
Fox_office_Israel,patchtst_b900k,28,0.1455568947463713,0.1831252958638832,31.649623233983675,
Fox_office_Joy,patchtst_b900k,28,0.1503474568960572,0.1766355928781382,16.36860219969602,
Fox_office_Juana,patchtst_b900k,28,0.5897892302206026,0.7201114103116638,70.1546939162423,
Fox_office_Karima,patchtst_b900k,28,0.3654892125327073,0.4395851583709481,56.91170957517557,
Fox_office_Margarita,patchtst_b900k,28,0.2727304978690729,0.3217178250860977,31.15133609966523,
Fox_office_Molly,patchtst_b900k,28,0.4256827208299554,0.6736944438035827,56.14046483251298,
Fox_office_Rowena,patchtst_b900k,28,0.1874434106670243,0.2352826256869742,20.11761817914023,
Fox_office_Sheila,patchtst_b900k,28,0.1495626078592528,0.1991079908174403,15.113497300181375,
Fox_office_Susanne,patchtst_b900k,28,0.3271150320420223,0.413940014478426,47.19172562772053,
Fox_office_Thelma,patchtst_b900k,28,0.3051467475787336,0.3628998807157918,30.810088683486743,
Fox_office_Vicki,patchtst_b900k,28,0.2178476516344654,0.2636379316850723,22.58547589714941,
Fox_office_Yong,patchtst_b900k,28,0.2335297064997976,0.2890066222130475,25.871229036724543,
Fox_office_Zachary,patchtst_b900k,28,0.2254174592883679,0.2806594345454019,68.44499293965815,
Fox_parking_Felipa,patchtst_b900k,28,0.1523114607754862,0.1765516464984536,17.97485077116454,
Fox_parking_Lynelle,patchtst_b900k,28,0.3547242160468826,0.3873691626006206,50.28138339250804,
Fox_parking_Tommie,patchtst_b900k,28,0.0253378029874244,0.051467258078941,3.0542813969522147,
Fox_public_Bart,patchtst_b900k,28,0.4578723264442827,0.5290188013973094,71.47072672225961,
Fox_public_Belle,patchtst_b900k,28,0.2722741365880451,0.4213196638743445,65.19495314752784,
Fox_public_Denny,patchtst_b900k,28,0.0934534921687483,0.1202803632182025,9.85301795147467,
Fox_public_Lauren,patchtst_b900k,28,0.1356591560984408,0.1755254001039177,15.783507675071707,
Fox_public_Martin,patchtst_b900k,28,0.090786423118421,0.1158844345764359,10.643866549644889,
Fox_public_Rhonda,patchtst_b900k,28,0.2421384271273771,0.3065282288377521,76.04199929915112,
Fox_religion_Maurice,patchtst_b900k,28,0.4766464795080067,0.6114971699319639,213.1246547231621,
Fox_retail_Manie,patchtst_b900k,28,0.4241773932803346,0.4707452200566435,54.67965554200095,
Fox_utility_Marian,patchtst_b900k,28,0.6185643073787939,0.7883516045198701,90.9605405456011,
Fox_warehouse_Lorretta,patchtst_b900k,28,0.5207779464794716,1.1824365203663805,78.36510741863924,
Fox_warehouse_Pearl,patchtst_b900k,28,0.2738929845900723,0.32577569538892,75.5385884800414,
Gator_assembly_Blanca,patchtst_b900k,28,0.2250150318925001,0.3279936013058726,31.86723385352429,
Gator_assembly_Daisy,patchtst_b900k,28,0.0902525425140286,0.1730731194301848,18.070895979971656,
Gator_assembly_Enid,patchtst_b900k,28,0.1998169822685286,0.3242281589652548,179.42356272692922,
Gator_assembly_Gene,patchtst_b900k,28,0.1868907158954949,0.2676797680954243,29.059979673672625,
Gator_assembly_Joni,patchtst_b900k,28,0.4188085715865312,1.117501117719916,99.3011033026169,
Gator_assembly_Kayleigh,patchtst_b900k,28,3.011006330395099,3.8000150661539456,2929.9492544516347,
Gator_assembly_Kimberly,patchtst_b900k,28,0.1468688930784002,0.1972191381383147,20.216099685759627,
Gator_assembly_Lelia,patchtst_b900k,28,0.1344206604203952,0.2122428428323247,22.978381286865147,
Gator_assembly_Loyce,patchtst_b900k,28,0.088262647366964,0.1802849189734157,24.38709549724773,
Gator_assembly_Lucia,patchtst_b900k,28,0.1949816998039169,0.3075676882843856,392.14623081709294,
Gator_assembly_Marjorie,patchtst_b900k,28,0.1415339407561527,0.2057238604473595,23.25275379952392,
Gator_assembly_Maurine,patchtst_b900k,28,0.9393312432441075,1.025034966113174,579.0288564050196,
Gator_assembly_Regina,patchtst_b900k,28,0.1298166884742821,0.2028519628126013,25.4188478696104,
Gator_office_August,patchtst_b900k,28,0.2580763672406269,0.3870265498805794,778.0993627182381,
Gator_office_Betty,patchtst_b900k,28,0.244187292150443,0.3332022505601842,419.5956597085871,
Gator_office_Hunter,patchtst_b900k,28,0.2254611027099964,0.334664248548803,746.1083517062002,
Gator_office_Julie,patchtst_b900k,28,0.3358888880742363,0.446322735771947,845.663316030954,
Gator_office_Lisa,patchtst_b900k,28,0.0792920327090113,0.1747854467327293,21.97112565583051,
Gator_office_Lucy,patchtst_b900k,28,0.3271991501725805,0.4907453413618468,1176.8277439992466,
Gator_other_Cassandra,patchtst_b900k,28,0.421032156185273,0.6742448373923385,50.70716672061566,
Gator_other_Elfriede,patchtst_b900k,28,0.1511318104373879,0.2286371044882074,30.7601929119807,
Gator_other_Gertrude,patchtst_b900k,28,0.3814531447133884,0.5971624974999344,74.18291116872511,
Gator_other_Minda,patchtst_b900k,28,0.8290209865028435,0.9590089982566776,457.0502369213985,
Gator_other_Reginald,patchtst_b900k,28,0.1921823526181391,0.2498054498441936,28.69882180448893,
Gator_other_Russel,patchtst_b900k,28,0.2097984049408159,0.3067728318416248,419.4409636620164,
Gator_public_Alexandra,patchtst_b900k,28,0.4609638946145977,0.6139680378425704,66.2150097730032,
Gator_public_Beulah,patchtst_b900k,28,0.1951961855606132,0.2523372308097022,40.61890268119425,
Gator_public_Cheri,patchtst_b900k,28,0.3188025273769452,0.4297334052042438,32.18233138194737,
Gator_public_Clara,patchtst_b900k,28,0.2219846387725025,0.3104406626904712,52.2788181123312,
Gator_public_Dale,patchtst_b900k,28,0.2363140974406581,0.3006016733842412,39.76021129733205,
Gator_public_Dewey,patchtst_b900k,28,0.1094131119078202,0.194154712049405,28.9194952671912,
Gator_public_Dionna,patchtst_b900k,28,0.0932851992697305,0.1196311401119957,9.388165835371518,
Gator_public_Erika,patchtst_b900k,28,0.1350259172277589,0.2130582385630256,35.27889829305306,
Gator_public_Everette,patchtst_b900k,28,0.34180650824349,0.3990821894933128,61.69672011884217,
Gator_public_Geraldine,patchtst_b900k,28,0.2631894729412771,0.3337908555086988,38.942540826164986,
Gator_public_Janna,patchtst_b900k,28,0.3071680812503471,0.3679754204944173,44.00050244571832,
Gator_public_Jayme,patchtst_b900k,28,0.1441370020707285,0.2236376087847413,42.4561195654757,
Gator_public_Kendall,patchtst_b900k,28,0.2012906541988155,0.2640520911988533,47.50838291063825,
Gator_public_Kenny,patchtst_b900k,28,0.3750676912231199,0.4102395768143889,44.27188586289408,
Gator_public_Latasha,patchtst_b900k,28,0.2183746131715335,0.2751991634315952,30.77179147294633,
Gator_public_Leroy,patchtst_b900k,28,0.2102139921398489,0.2745570388525166,27.022473415312948,
Gator_public_Lindsey,patchtst_b900k,28,0.1703285947845592,0.2627218011163874,402.5002594774678,
Gator_public_Marcie,patchtst_b900k,28,0.2145875501344622,0.272902364320342,74.52358915307643,
Gator_public_Marissa,patchtst_b900k,28,0.139558100636372,0.1669662071566329,14.153664267869082,
Gator_public_Maude,patchtst_b900k,28,0.1001286933625356,0.1942878976925571,31.96873370749489,
Gator_public_Natasha,patchtst_b900k,28,0.4453109650076076,0.4943436800114815,95.37063871805444,
Gator_public_Nettie,patchtst_b900k,28,0.2272533678506312,0.3392511212373788,48.08114735563762,
Gator_public_Noe,patchtst_b900k,28,0.2530506000810611,0.3436509538096566,64.00699280804129,
Gator_public_Philip,patchtst_b900k,28,0.4358363400551764,0.5812249781910203,65.43269739237552,
Gator_public_Randall,patchtst_b900k,28,0.1512324010243658,0.2280933731760261,30.54373601306869,
Gator_public_Ross,patchtst_b900k,28,0.5435901328460288,0.769707696565931,57.817170550656186,
Gator_public_Tiffany,patchtst_b900k,28,0.1373894559007606,0.1972573450479319,20.992897420360347,
Gator_warehouse_Constance,patchtst_b900k,28,0.3492414475175845,0.4436577037778489,455.94629562071606,
Gator_warehouse_Stacie,patchtst_b900k,28,0.2074740675363698,0.2801246914253087,45.66747738275697,
Hog_assembly_Colette,patchtst_b900k,28,0.286933532467458,0.3671620201320805,31.402018934912228,
Hog_assembly_Dona,patchtst_b900k,28,0.298383035317093,0.3442708374254984,35.91166854626961,
Hog_assembly_Edward,patchtst_b900k,28,0.3180880068256221,0.412381571048272,35.38948844651252,
Hog_assembly_Jasmine,patchtst_b900k,28,0.2920509475324155,0.3395605591083547,37.40154098869782,
Hog_assembly_Letha,patchtst_b900k,28,0.0920669513366406,0.1363534710490264,8.843535192100616,
Hog_assembly_Maribel,patchtst_b900k,28,0.1865776721915754,0.2104196830917161,20.667120630839044,
Hog_assembly_Pedro,patchtst_b900k,28,0.2889223752159106,0.3608877689742457,30.833186693120517,
Hog_education_Beth,patchtst_b900k,28,0.3096058885697271,0.3649423195570542,34.328053318041235,
Hog_education_Bruno,patchtst_b900k,28,0.1057979047926374,0.1265205785833663,10.280457837094705,
Hog_education_Caridad,patchtst_b900k,28,0.0514257654898115,0.063008900100841,5.063953753103389,
Hog_education_Casandra,patchtst_b900k,28,0.0580587426733929,0.0667469329922805,5.785721867068308,
Hog_education_Cathleen,patchtst_b900k,28,0.0926295408187405,0.1082022982094849,9.61192048935976,
Hog_education_Darryl,patchtst_b900k,28,0.1957121747662102,0.2550486409543505,18.388456233841737,
Hog_education_Donnie,patchtst_b900k,28,0.4403008378749208,0.4918592870382594,65.03958307278106,
Hog_education_George,patchtst_b900k,28,0.0861089179079431,0.1037538861049658,8.410103968294528,
Hog_education_Hallie,patchtst_b900k,28,0.0655093727362436,0.0774484617136551,6.448278904379874,
Hog_education_Haywood,patchtst_b900k,28,0.0503726020380796,0.0572001071157394,5.025259159937886,
Hog_education_Janell,patchtst_b900k,28,0.0737649860723057,0.0872836569286951,7.259431015579862,
Hog_education_Jared,patchtst_b900k,28,0.4563031751814412,0.5393020779445925,52.57275230928513,
Hog_education_Jewel,patchtst_b900k,28,0.2261983518590594,0.2518613024408402,23.415220238478337,
Hog_education_Jordan,patchtst_b900k,28,0.2477078590821028,0.2922900431217356,27.454074856290728,
Hog_education_Josh,patchtst_b900k,28,0.375286578830088,0.4362428296495433,48.47249240864907,
Hog_education_Leandro,patchtst_b900k,28,0.123221315594248,0.1458466941226084,12.275062098347355,
Hog_education_Luvenia,patchtst_b900k,28,0.1508204316945979,0.179345872276268,14.812820169337767,
Hog_education_Madge,patchtst_b900k,28,0.1619390691530216,0.1888469955782407,16.528723601297017,
Hog_education_Odell,patchtst_b900k,28,0.0583086369484245,0.0675463832251992,5.856653779386142,
Hog_education_Rachael,patchtst_b900k,28,0.1771389159524216,0.216159913114818,17.985852462662116,
Hog_education_Robert,patchtst_b900k,28,0.3192559748671578,0.3667372554134775,34.36062715221445,
Hog_education_Roberto,patchtst_b900k,28,0.2948999239974533,0.3457006730825787,30.35737920887467,
Hog_education_Sonia,patchtst_b900k,28,0.1007241142816385,0.1175131543461279,10.00954040072817,
Hog_education_Wayne,patchtst_b900k,28,0.209842582627054,0.2425223372023879,21.08187285799064,
Hog_food_Morgan,patchtst_b900k,28,0.3810556350146978,0.4120682112925344,44.11813559123716,
Hog_health_Hisako,patchtst_b900k,28,0.119206204631788,0.1372898705380085,11.81153109342015,
Hog_health_Jenny,patchtst_b900k,28,0.1571403077098966,0.1786841644830472,15.309500105238824,
Hog_health_Kesha,patchtst_b900k,28,0.0962380251703007,0.1088439239501319,9.513352909818536,
Hog_industrial_Jay,patchtst_b900k,28,0.3206232416140382,0.3500438417231895,41.78118340114452,
Hog_industrial_Jeremy,patchtst_b900k,28,0.5192079559856841,0.5860833199609078,111.59080617350313,
Hog_industrial_Joanne,patchtst_b900k,28,0.3861746220003859,0.4324663977630974,55.01548284322233,
Hog_industrial_Mariah,patchtst_b900k,28,0.1556966078896439,0.1752660354240376,15.615358844841293,
Hog_industrial_Quentin,patchtst_b900k,28,0.3933829284218347,0.4778413557945736,43.88681039381905,
Hog_lodging_Brian,patchtst_b900k,28,0.261671499525366,0.2973938504076502,30.885702633856383,
Hog_lodging_Celeste,patchtst_b900k,28,0.2107013520252956,0.2423597239896588,23.464116647532425,
Hog_lodging_Edgar,patchtst_b900k,28,,,2891060121.3283367,
Hog_lodging_Francisco,patchtst_b900k,28,0.3057207882045153,0.340950389343947,35.90789353122369,
Hog_lodging_Hal,patchtst_b900k,28,0.1859763422772193,0.2070906342987543,20.064613642354885,
Hog_lodging_Mauricio,patchtst_b900k,28,0.2008524760334637,0.2314163996822808,22.324074997613845,
Hog_lodging_Nikki,patchtst_b900k,28,0.2526518433515182,0.2824046993033465,27.91837564145772,
Hog_lodging_Ora,patchtst_b900k,28,0.2219819431135146,0.2510686052892468,25.247023477278525,
Hog_lodging_Retha,patchtst_b900k,28,0.1036977256384293,0.1217676474097518,10.004733885526054,
Hog_lodging_Shanti,patchtst_b900k,28,0.1577298403862646,0.1865435803377567,16.55220656736331,
Hog_lodging_Shonda,patchtst_b900k,28,0.2153642058974322,0.2412537710218458,23.11599786749497,
Hog_office_Alexis,patchtst_b900k,28,0.2461984657436093,0.342447344073519,22.987926903571125,
Hog_office_Alisha,patchtst_b900k,28,0.077695990387103,0.0943484210430278,7.919659804106097,
Hog_office_Almeda,patchtst_b900k,28,0.3147478407036054,0.3583742833993106,37.05662009435595,
Hog_office_Bessie,patchtst_b900k,28,0.3131176562733691,0.3715042045399908,33.0648662106124,
Hog_office_Betsy,patchtst_b900k,28,0.2068459258976931,0.2709185655005962,23.14875243181859,
Hog_office_Bill,patchtst_b900k,28,0.2223154007684251,0.2629973098434415,21.63499107577345,
Hog_office_Bryan,patchtst_b900k,28,0.2531308701698257,0.2928528976209126,24.71261158351748,
Hog_office_Byron,patchtst_b900k,28,0.1566915421078998,0.1816678168284401,15.28930724090602,
Hog_office_Candi,patchtst_b900k,28,0.195808074087159,0.2514103715826314,22.27563459782968,
Hog_office_Carri,patchtst_b900k,28,0.243370421887348,0.2873027415666151,23.942926379926867,
Hog_office_Catalina,patchtst_b900k,28,0.3784382018431295,0.4845427326307202,85.86200989714507,
Hog_office_Catharine,patchtst_b900k,28,0.0998659063464862,0.1153248281192546,9.886952000625085,
Hog_office_Charla,patchtst_b900k,28,0.1034111322253917,0.1143834710802772,10.540245196577027,
Hog_office_Clemencia,patchtst_b900k,28,0.1253834317321041,0.1539082331471845,12.082334218321233,
Hog_office_Concetta,patchtst_b900k,28,0.4746583865615377,0.5592954708316318,52.52542629454789,
Hog_office_Cordelia,patchtst_b900k,28,0.4675760355503444,0.5405290444682925,55.98041626974792,
Hog_office_Corey,patchtst_b900k,28,0.210936407166026,0.2684741988845814,23.249790966994453,
Hog_office_Corie,patchtst_b900k,28,0.3329093329150081,0.3837332034543262,39.76383138593243,
Hog_office_Cornell,patchtst_b900k,28,0.1806889983860005,0.2165932057613795,18.369734662692355,
Hog_office_Cortney,patchtst_b900k,28,,,2891060121.3283367,
Hog_office_Darline,patchtst_b900k,28,0.020559637820298,0.0264684371875934,2.0535236020848933,
Hog_office_Denita,patchtst_b900k,28,0.4540067150983756,0.5279134769803459,53.35898457196623,
Hog_office_Elizbeth,patchtst_b900k,28,0.1184617417797943,0.1385388380098759,11.486928104208124,
Hog_office_Elke,patchtst_b900k,28,0.3688157129399741,0.4308662827947456,41.0010595282575,
Hog_office_Elnora,patchtst_b900k,28,0.0572145272307015,0.073927249489803,5.743709591666802,
Hog_office_Eloise,patchtst_b900k,28,0.1240002704259859,0.1435625352873739,12.793981177912316,
Hog_office_Elsy,patchtst_b900k,28,0.1536013041169738,0.18599951000854,15.16313116089883,
Hog_office_Emmanuel,patchtst_b900k,28,0.2142500066454416,0.2388780740114207,21.848211278711773,
Hog_office_Garrett,patchtst_b900k,28,0.606871631665704,0.718363500483489,2877.111185220626,
Hog_office_Guadalupe,patchtst_b900k,28,0.2872468264294073,0.3609504188785871,29.35813052469372,
Hog_office_Gustavo,patchtst_b900k,28,0.1829478338812358,0.2097949063482698,18.522606611349467,
Hog_office_Joey,patchtst_b900k,28,0.0945676773200143,0.1243051850668982,9.458164975763616,
Hog_office_Josefina,patchtst_b900k,28,0.148508335774095,0.1754367413298928,15.22582154223054,
Hog_office_Lanell,patchtst_b900k,28,0.3743083455526815,0.4467879009194305,43.53593652403537,
Hog_office_Lavon,patchtst_b900k,28,0.3059496393024061,0.3491642755327478,39.43849074775952,
Hog_office_Leanne,patchtst_b900k,28,0.1471192139766044,0.1728459222642094,14.354206599585307,
Hog_office_Leon,patchtst_b900k,28,0.3400550330244759,0.4080174623720066,37.55479092863136,
Hog_office_Lizzie,patchtst_b900k,28,0.2213788524617163,0.2707519100621779,26.890237920049465,
Hog_office_Mack,patchtst_b900k,28,0.1169494489675534,0.1431604541882294,11.472585643185475,
Hog_office_Man,patchtst_b900k,28,0.1855883237370736,0.2182242196771345,20.81286161746904,
Hog_office_Mari,patchtst_b900k,28,0.2499409156212992,0.3063628018107441,26.32989558815353,
Hog_office_Marilyn,patchtst_b900k,28,0.0676409259183406,0.0943098009111029,6.951723618885146,
Hog_office_Marlena,patchtst_b900k,28,0.7031672203550223,0.7954403343559644,104.67508506250708,
Hog_office_Marlene,patchtst_b900k,28,0.498229603435426,0.5725595751588747,59.17585326628713,
Hog_office_Mary,patchtst_b900k,28,0.4243104556415374,0.4854934280280603,52.00000462116954,
Hog_office_Merilyn,patchtst_b900k,28,0.1389187277845885,0.1670311125195145,14.577022220009558,
Hog_office_Migdalia,patchtst_b900k,28,0.3432585070010763,0.3941008680153712,38.369782862876825,
Hog_office_Mike,patchtst_b900k,28,0.1702328250803609,0.1974984486227083,17.35382013149332,
Hog_office_Miriam,patchtst_b900k,28,0.2395783935323541,0.2711109900476238,24.006700987992552,
Hog_office_Myles,patchtst_b900k,28,0.3659220606855825,0.4306678014685605,37.11971987484533,
Hog_office_Nancie,patchtst_b900k,28,0.4255823989853541,0.512856913852146,44.95843539312387,
Hog_office_Napoleon,patchtst_b900k,28,0.1975738414491545,0.2384209383156482,20.28442977370748,
Hog_office_Nia,patchtst_b900k,28,0.1175522441660896,0.1387002543663273,11.810284522304777,
Hog_office_Patrick,patchtst_b900k,28,0.2576236844103005,0.334873404517752,24.40017729904496,
Hog_office_Randi,patchtst_b900k,28,0.3158767334898948,0.3648404112149858,31.63477690381556,
Hog_office_Richelle,patchtst_b900k,28,0.2678261463094811,0.312863935544036,27.12390502784192,
Hog_office_Roger,patchtst_b900k,28,0.2093941390558331,0.2346928805070342,20.70698108031789,
Hog_office_Rolando,patchtst_b900k,28,0.0544596738021962,0.0632276116702573,5.483967578365928,
Hog_office_Sarah,patchtst_b900k,28,0.0614011966372817,0.0711131654052281,6.175240765387751,
Hog_office_Shawna,patchtst_b900k,28,0.4891911323503173,0.5428745322726293,67.06011221170142,
Hog_office_Shawnna,patchtst_b900k,28,0.3076866864028099,0.3542478934330271,33.02732683367531,
Hog_office_Sherrie,patchtst_b900k,28,0.410767287557214,0.481121840713528,43.812414531622935,
Hog_office_Shon,patchtst_b900k,28,0.2319715168062423,0.2752296284982748,23.483293292142747,
Hog_office_Simon,patchtst_b900k,28,0.407396274218672,0.484805484261016,46.03354578078213,
Hog_office_Sonny,patchtst_b900k,28,0.0951480784518962,0.1164489844091217,9.529824921290231,
Hog_office_Sung,patchtst_b900k,28,0.1488745412690497,0.1795587897634495,14.583876743515912,
Hog_office_Sydney,patchtst_b900k,28,0.1700123594503565,0.2004185843213737,18.186310116903684,
Hog_office_Terry,patchtst_b900k,28,0.1869032647801625,0.2288556513237831,19.75451099612557,
Hog_office_Thomas,patchtst_b900k,28,,,33892707736691.973,
Hog_office_Valda,patchtst_b900k,28,0.4268192080949988,0.499392244053513,48.73183929026854,
Hog_office_Vera,patchtst_b900k,28,0.3288947553192799,0.388119886508236,33.86619760909485,
Hog_other_Noma,patchtst_b900k,28,0.0253240520501667,0.0321999750088015,2.4995263069000875,
Hog_other_Tobias,patchtst_b900k,28,0.1604834863881223,0.2096079984268665,15.642384029798512,
Hog_parking_Antoinette,patchtst_b900k,28,0.2124720479373274,0.2576821176633189,26.345970054766948,
Hog_parking_Bernardo,patchtst_b900k,28,0.1689596512527186,0.1972652299195497,16.734513875529665,
Hog_parking_Cliff,patchtst_b900k,28,0.1119511187742984,0.1741373488430671,10.743892485018252,
Hog_parking_Jean,patchtst_b900k,28,0.2231439748722177,0.2575697451255273,21.854212559101956,
Hog_parking_Jeana,patchtst_b900k,28,0.1866441597917285,0.2614129095291191,17.081224869042362,
Hog_parking_Marcus,patchtst_b900k,28,0.1245493797641316,0.1527635089950292,11.985883277029131,
Hog_parking_Shannon,patchtst_b900k,28,0.0931349493721287,0.1176240780243966,8.896133342020322,
Hog_public_Brad,patchtst_b900k,28,0.0841387820957523,0.1036921418753821,8.805317656290217,
Hog_public_Crystal,patchtst_b900k,28,0.2936020605775579,0.3314141496269387,32.183113720579406,
Hog_public_Gerard,patchtst_b900k,28,0.3099920606750616,0.3428710100130434,38.73101289053811,
Hog_public_Kevin,patchtst_b900k,28,0.3097108488635515,0.3550913622752289,36.50511684909494,
Hog_public_Octavia,patchtst_b900k,28,0.1651330937013963,0.1918573050586448,17.227139600153617,
Hog_science_Max,patchtst_b900k,28,0.0786641697967491,0.0926082072955101,7.723453429576746,
Hog_services_Adrianna,patchtst_b900k,28,0.1921391351191928,0.2337640517454693,19.16647451038329,
Hog_services_Joe,patchtst_b900k,28,0.355018401819236,0.4540225606366042,36.13105418423142,
Hog_services_Kerrie,patchtst_b900k,28,0.2032814902348716,0.2547186358351635,20.478692917584397,
Hog_services_Marshall,patchtst_b900k,28,0.1264097809305916,0.1514958835711465,12.3030190194743,
Hog_warehouse_Louise,patchtst_b900k,28,0.6874253561561546,0.7953481397533149,111.5933074632898,
Hog_warehouse_Porsha,patchtst_b900k,28,0.5302202474519708,0.558659115497176,151.75656307211457,
Hog_warehouse_Rosanna,patchtst_b900k,28,0.108878228011466,0.144223819778119,10.405925945578632,
Lamb_assembly_Bertie,patchtst_b900k,28,0.7401796332300722,0.8142596410807792,141.42034871221074,
Lamb_assembly_Cesar,patchtst_b900k,28,0.6169291864102245,0.8063071854905274,62.8396671608112,
Lamb_assembly_Cherie,patchtst_b900k,28,0.3705413971009582,0.4089430465479214,45.40970422794548,
Lamb_assembly_Corliss,patchtst_b900k,28,0.7719455653404063,0.8424681255433757,170.21704055026686,
Lamb_assembly_Dillon,patchtst_b900k,28,0.4932139473940563,0.5681736142676068,133.4882338433804,
Lamb_assembly_Dorathy,patchtst_b900k,28,0.4818433526282509,0.5711053790658235,48.18433526282509,
Lamb_assembly_Dorothy,patchtst_b900k,28,0.2772994587285284,0.3273256226858,28.649999919254704,
Lamb_assembly_Elinor,patchtst_b900k,28,0.4465875675637454,0.5511885675696172,55.35443492745671,
Lamb_assembly_Isa,patchtst_b900k,28,2.891060102211971,3.426632318830628,289.10601022119715,
Lamb_assembly_Jerry,patchtst_b900k,28,2.891060102211971,3.426632318830628,289.10601022119715,
Lamb_assembly_Katelyn,patchtst_b900k,28,0.7011155883966939,0.8288260748510055,112.76703285166508,
Lamb_assembly_Kurt,patchtst_b900k,28,2.891060102211971,3.426632318830628,289.10601022119715,
Lamb_assembly_Librada,patchtst_b900k,28,0.6681573840401863,0.924228859003312,90.39881899670225,
Lamb_assembly_Louis,patchtst_b900k,28,0.6072517127534156,0.7884746057138257,422.7537993239172,
Lamb_assembly_Nicole,patchtst_b900k,28,1.445530061253521,1.7133161718539105,144.5530061253521,
Lamb_assembly_Ossie,patchtst_b900k,28,0.5679788158333864,0.6338796334668895,96.04827324708344,
Lamb_assembly_Rosa,patchtst_b900k,28,1.4987053651214144,2.00656407782912,431.9357613078564,
Lamb_assembly_Steven,patchtst_b900k,28,0.5782120263708445,0.6853264674496986,57.82120263708445,
Lamb_assembly_Tasha,patchtst_b900k,28,0.5833396014133893,0.7575579331388327,75.54372132723984,
Lamb_assembly_Tawana,patchtst_b900k,28,0.5782120263708445,0.6853264674496986,57.82120263708445,
Lamb_assembly_Theresa,patchtst_b900k,28,1.445530061253521,1.7133161718539105,144.5530061253521,
Lamb_assembly_Walter,patchtst_b900k,28,0.8550518214981327,0.9228553129247368,157.93238320824915,
Lamb_education_Aldo,patchtst_b900k,28,2.891060102211971,3.426632318830628,289.10601022119715,
Lamb_education_Antonio,patchtst_b900k,28,0.6750607359078458,0.8582691680073069,77.73421926700024,
Lamb_education_Armando,patchtst_b900k,28,0.7206889226858101,0.9387058073103034,82.31902028306696,
Lamb_education_Augustine,patchtst_b900k,28,0.9855429668749646,1.2233884662964565,170.8449545197192,
Lamb_education_Bert,patchtst_b900k,28,1.021245117638298,1.190044096627645,2379.3409382099526,
Lamb_education_Bettye,patchtst_b900k,28,1.445530061253521,1.7133161718539105,144.5530061253521,
Lamb_education_Carlton,patchtst_b900k,28,1.3093751216916842,1.4932685733598092,6555.325920080388,
Lamb_education_Chet,patchtst_b900k,28,2.891060102211971,3.426632318830628,289.10601022119715,
Lamb_education_Daniel,patchtst_b900k,28,0.7625027187161088,0.9231556256660814,103.79849246576369,
Lamb_education_Darrel,patchtst_b900k,28,0.6317709753610994,0.8339719560415391,69.32409705459432,
Lamb_education_Debby,patchtst_b900k,28,0.7227650294056122,0.85665809663352,72.27650294056124,
Lamb_education_Dolly,patchtst_b900k,28,0.5782120263708445,0.6853264674496986,57.82120263708445,
Lamb_education_Domitila,patchtst_b900k,28,0.6560936549017252,0.8602562513474987,71.29713780706075,
Lamb_education_Dwayne,patchtst_b900k,28,0.7542082046370313,0.898336123645224,96.47450752577956,
Lamb_education_Ellen,patchtst_b900k,28,0.963686699109126,1.1422107525479508,96.36866991091262,
Lamb_education_Emery,patchtst_b900k,28,0.5445203219918895,0.739640381581042,55.30058572527391,
Lamb_education_Emilie,patchtst_b900k,28,1.0133824470251094,1.1362425567830323,2369.7952433528267,
Lamb_education_Eula,patchtst_b900k,28,1.5275189150248023,1.7910996769751766,10004.599289149815,
Lamb_education_Faith,patchtst_b900k,28,1.043981756132318,1.164658826023464,2364.3607442203797,
Lamb_education_Felicia,patchtst_b900k,28,0.3613825195449558,0.4283290527340462,36.1382519544956,
Lamb_education_Felipe,patchtst_b900k,28,0.6488439002746671,0.8402121768065461,79.82165025405398,
Lamb_education_Fred,patchtst_b900k,28,0.8283222365452003,0.9594448587190442,2351.0338774399947,
Lamb_education_Freddy,patchtst_b900k,28,2.891060102211971,3.426632318830628,289.10601022119715,
Lamb_education_Gabriel,patchtst_b900k,28,0.6025369248616639,0.7914270944323899,62.421815259387735,
Lamb_education_Gabrielle,patchtst_b900k,28,1.0768071586134456,1.2690942891260422,2418.635329237204,
Lamb_education_Garry,patchtst_b900k,28,0.963686699109126,1.1422107525479508,96.36866991091262,
Lamb_education_Harold,patchtst_b900k,28,0.963686699109126,1.1422107525479508,96.36866991091262,
Lamb_education_Heidi,patchtst_b900k,28,0.4818433526282509,0.5711053790658235,48.18433526282509,
Lamb_education_Hellen,patchtst_b900k,28,0.925716023967805,1.086789383778381,2371.2347564572347,
Lamb_education_Hilary,patchtst_b900k,28,0.7954400906970996,0.998654754358345,136.2924046644664,
Lamb_education_Hillary,patchtst_b900k,28,1.445530061253521,1.7133161718539105,144.5530061253521,
Lamb_education_Hubert,patchtst_b900k,28,0.0628491379455595,0.0744920069821096,6.284913794555959,
Lamb_education_Hui,patchtst_b900k,28,0.7958842632786863,1.027723565515413,103.64537171562962,
Lamb_education_Ira,patchtst_b900k,28,0.963686699109126,1.1422107525479508,96.36866991091262,
Lamb_education_Isabelle,patchtst_b900k,28,0.6524451335930617,0.8603094913253932,80.42766739693596,
Lamb_education_Jane,patchtst_b900k,28,0.3212289044749923,0.3807369302481213,32.12289044749923,
Lamb_education_Junior,patchtst_b900k,28,0.5972133294657495,0.7909760050855886,65.3324993838448,
Lamb_education_Kasha,patchtst_b900k,28,1.445530061253521,1.7133161718539105,144.5530061253521,
Lamb_education_Kayla,patchtst_b900k,28,0.5782120263708445,0.6853264674496986,57.82120263708445,
Lamb_education_Larissa,patchtst_b900k,28,0.963686699109126,1.1422107525479508,96.36866991091262,
Lamb_education_Lawrence,patchtst_b900k,28,0.8328862746330711,1.1838111730763825,104.86874886309072,
Lamb_education_Lazaro,patchtst_b900k,28,0.0876078834672543,0.1038373428490376,8.760788346725432,
Lamb_education_Lemuel,patchtst_b900k,28,0.3613825195449558,0.4283290527340462,36.1382519544956,
Lamb_education_Leopoldo,patchtst_b900k,28,0.963686699109126,1.1422107525479508,96.36866991091262,
Lamb_education_Logan,patchtst_b900k,28,2.891060102211971,3.426632318830628,289.10601022119715,
Lamb_education_Lucas,patchtst_b900k,28,0.8386737842576829,1.1374060024766617,109.54534154407484,
Lamb_education_Luz,patchtst_b900k,28,0.4991627949388505,0.643290016334889,49.242540568896246,
Lamb_education_Mae,patchtst_b900k,28,0.6302195018968177,0.800308923728339,73.17384014592069,
Lamb_education_Manuel,patchtst_b900k,28,0.6044247580049722,0.7751634289622792,75.7757588621828,
Lamb_education_Marc,patchtst_b900k,28,1.6825143907526994,2.1851254798369126,8797.590391576985,
Lamb_education_Maritza,patchtst_b900k,28,0.9113454363956708,1.0052983341948891,2339.1443684666096,
Lamb_education_Marty,patchtst_b900k,28,2.891060102211971,3.426632318830628,289.10601022119715,
Lamb_education_Maxwell,patchtst_b900k,28,0.6552174925003547,0.8965113567891331,69.49942209627396,
Lamb_education_Mckenzie,patchtst_b900k,28,0.5434960341706631,0.754646777857128,52.71628032885276,
Lamb_education_Moses,patchtst_b900k,28,1.011359814481103,1.147115056052382,2381.059893149208,
Lamb_education_Nathan,patchtst_b900k,28,0.963686699109126,1.1422107525479508,96.36866991091262,
Lamb_education_Nichol,patchtst_b900k,28,2.891060102211971,3.426632318830628,289.10601022119715,
Lamb_education_Norris,patchtst_b900k,28,1.0294390497030743,1.1952710600643677,2381.690075712974,
Lamb_education_Patsy,patchtst_b900k,28,0.963686699109126,1.1422107525479508,96.36866991091262,
Lamb_education_Phil,patchtst_b900k,28,1.445530061253521,1.7133161718539105,144.5530061253521,
Lamb_education_Philomena,patchtst_b900k,28,0.5991139582258781,0.7593633377128907,62.732244782498206,
Lamb_education_Princess,patchtst_b900k,28,0.6694572401192561,0.8750557341673127,73.16671293712011,
Lamb_education_Randal,patchtst_b900k,28,1.0018239125456607,1.0896570919844335,2356.2052530099368,
Lamb_education_Rick,patchtst_b900k,28,0.903892341304243,1.230163839353872,131.57649579889028,
Lamb_education_Robin,patchtst_b900k,28,0.6745853923002656,0.8885809882018403,79.33612255474284,
Lamb_education_Rodrigo,patchtst_b900k,28,0.5428884330332822,0.7089842298116743,52.93680384583318,
Lamb_education_Ruben,patchtst_b900k,28,0.963686699109126,1.1422107525479508,96.36866991091262,
Lamb_education_Sabrina,patchtst_b900k,28,1.1512701264794398,1.3442531275062044,2703.229359543753,
Lamb_education_Salvador,patchtst_b900k,28,0.5782120263708445,0.6853264674496986,57.82120263708445,
Lamb_education_Sara,patchtst_b900k,28,0.8329154786538517,1.0881031962149432,122.36610566755498,
Lamb_education_Stefan,patchtst_b900k,28,0.8268449639769668,1.0509891229184014,119.45371485020266,
Lamb_education_Sunny,patchtst_b900k,28,0.9667209780998564,1.1427121501795423,181.38726362065395,
Lamb_education_Sylvester,patchtst_b900k,28,1.1319375876424436,1.2708090645864036,2602.372303136187,
Lamb_education_Terina,patchtst_b900k,28,0.557232201914762,0.6982365906530789,62.32164307394528,
Lamb_education_Traci,patchtst_b900k,28,1.3372067817918607,1.6707016232017522,3193.430870608994,
Lamb_education_Vaughn,patchtst_b900k,28,0.9694851042082802,1.15735279970925,2366.989142294118,
Lamb_education_Wanda,patchtst_b900k,28,0.963686699109126,1.1422107525479508,96.36866991091262,
Lamb_education_Wilbert,patchtst_b900k,28,0.963686699109126,1.1422107525479508,96.36866991091262,
Lamb_education_Williams,patchtst_b900k,28,0.7981414825324412,1.0868126752951008,101.87948404886804,
Lamb_food_Sylvia,patchtst_b900k,28,0.0876078834672543,0.1038373428490376,8.760788346725432,
Lamb_health_Ken,patchtst_b900k,28,0.3934692373448872,0.4556317923951464,45.16771063550317,
Lamb_industrial_Carla,patchtst_b900k,28,0.599368346327913,0.6640896994105231,79.74486754237053,
Lamb_industrial_Enrique,patchtst_b900k,28,0.5335916102165676,0.6830940105475013,54.66185031149092,
Lamb_industrial_Venessa,patchtst_b900k,28,0.2409216702928663,0.2855526788912573,24.09216702928663,
Lamb_industrial_Willard,patchtst_b900k,28,2.891060102211971,3.426632318830628,289.10601022119715,
Lamb_lodging_Burt,patchtst_b900k,28,0.7579843243786158,0.8779692068380169,103.6415646385778,
Lamb_lodging_Harley,patchtst_b900k,28,0.7227650294056122,0.85665809663352,72.27650294056124,
Lamb_office_Bertha,patchtst_b900k,28,0.4006990022275356,0.4598642657192957,41.591820157494816,
Lamb_office_Caitlin,patchtst_b900k,28,0.7380342415425274,0.8213916135848741,176.36271215068473,
Lamb_office_Callie,patchtst_b900k,28,0.4130085943311098,0.4895189155729673,41.30085943311098,
Lamb_office_Gerardo,patchtst_b900k,28,0.7466353158738902,0.93695491776909,93.08614139716596,
Lamb_office_Jo,patchtst_b900k,28,1.445530061253521,1.7133161718539105,144.5530061253521,
Lamb_office_Maggie,patchtst_b900k,28,0.7719628209348043,1.0874171926853675,131.49068951929303,
Lamb_office_Raymond,patchtst_b900k,28,0.696244816498722,0.8990508084696318,82.97506519371713,
Lamb_office_Stefani,patchtst_b900k,28,0.1156424093836298,0.1370652995968028,11.564240938362977,
Lamb_office_Vasiliki,patchtst_b900k,28,0.4013442227154468,0.4556491619351708,42.31983266316232,
Lamb_office_Velma,patchtst_b900k,28,0.3145026236009354,0.3644086295062078,33.9684873840551,
Lamb_office_William,patchtst_b900k,28,0.963686699109126,1.1422107525479508,96.36866991091262,
Lamb_other_Katharina,patchtst_b900k,28,0.5358427120037933,0.6707814953702596,76.74825598871476,
Lamb_other_Minerva,patchtst_b900k,28,0.120460835188472,0.1427763332228227,12.0460835188472,
Lamb_public_Angeline,patchtst_b900k,28,0.6086949284899703,0.7822873377043154,71.34563031298633,
Lamb_public_Grace,patchtst_b900k,28,0.8552284648177009,0.9328215299615168,172.68810136657987,
Lamb_public_Gracie,patchtst_b900k,28,0.4836090324265369,0.5339747243224585,60.70793514327983,
Lamb_public_Nyla,patchtst_b900k,28,0.6466671154915857,0.7265732714121779,85.41538755901144,
Lamb_public_Vania,patchtst_b900k,28,0.2072518260270186,0.2488065444558502,20.981757793731955,
Lamb_warehouse_Allan,patchtst_b900k,28,0.1314118227702706,0.155756011855576,13.141182277027069,
Moose_education_Abbie,patchtst_b900k,28,0.1672800736121221,0.1948382592253894,16.238753589955262,
Moose_education_Clark,patchtst_b900k,28,0.311592585091148,0.3386312854950007,33.27445437570973,
Moose_education_Florence,patchtst_b900k,28,0.4200146306207596,0.4620568987154298,45.26859710980646,
Moose_education_Gladys,patchtst_b900k,28,0.2431769360401742,0.2713740946367582,26.91536571093024,
Moose_education_Leland,patchtst_b900k,28,0.2240925162800738,0.2490633861746199,22.126243580177807,
Moose_education_Lori,patchtst_b900k,28,0.0805180876310244,0.0983026506783672,7.78379126773165,
Moose_education_Maria,patchtst_b900k,28,0.0160895508686182,0.0201156788516703,1.602666058965925,
Moose_education_Marina,patchtst_b900k,28,0.1130550544567958,0.1438423495632277,10.901738928671234,
Moose_education_Marlon,patchtst_b900k,28,0.3860068606596765,0.4184242052377036,45.32594913408155,
Moose_education_Rene,patchtst_b900k,28,0.6247625879469817,0.6819599789507005,80.68741741413538,
Moose_education_Ricardo,patchtst_b900k,28,0.1109596532347639,0.1343495392966426,10.78380548489207,
Mouse_health_Estela,patchtst_b900k,28,,,2891060121.3283367,
Mouse_health_Ileana,patchtst_b900k,28,,,2891060121.3283367,
Mouse_health_Justin,patchtst_b900k,28,,,2891060121.3283367,
Mouse_health_Modesto,patchtst_b900k,28,,,2891060121.3283367,
Mouse_lodging_Vicente,patchtst_b900k,28,,,2891060121.3283367,
Panther_assembly_Carrol,patchtst_b900k,28,0.5634007752594249,0.6333101215158878,73.06400391635876,
Panther_assembly_David,patchtst_b900k,28,0.1988103935979399,0.2477070553042943,21.55780341236198,
Panther_assembly_Denice,patchtst_b900k,28,0.2021603309324889,0.2361689863008447,22.28608484131644,
Panther_assembly_Gwyneth,patchtst_b900k,28,0.1515616389514257,0.1895952275541743,16.409377485781025,
Panther_assembly_Pamella,patchtst_b900k,28,0.5495618544874254,0.629282476418752,69.41223551833274,
Panther_education_Alecia,patchtst_b900k,28,0.314392095264009,0.3630495041622776,36.399502741962976,
Panther_education_Annetta,patchtst_b900k,28,0.2916891939173996,0.3463028877068384,33.7162961459066,
Panther_education_Aurora,patchtst_b900k,28,0.4124814472400494,0.4442762752500924,53.511754803178256,
Panther_education_Cleopatra,patchtst_b900k,28,0.5174593986046812,0.5732570559417505,79.21114854949653,
Panther_education_Diann,patchtst_b900k,28,0.5861201422277558,0.6439856298046442,105.65142684010075,
Panther_education_Edna,patchtst_b900k,28,0.2097221010249051,0.2510601347789599,23.286105218504886,
Panther_education_Emily,patchtst_b900k,28,0.3711217449374097,0.4555665298132582,44.32666048626133,
Panther_education_Enriqueta,patchtst_b900k,28,0.4245555833165386,0.4995421056385976,56.48149157062519,
Panther_education_Genevieve,patchtst_b900k,28,0.1945763032958181,0.2378802456657473,22.593546621792555,
Panther_education_Gina,patchtst_b900k,28,0.0477614358099179,0.058165719358887,4.717653886298252,
Panther_education_Hugh,patchtst_b900k,28,0.0270362720512506,0.0379209848224999,2.7349877191065306,
Panther_education_Ivan,patchtst_b900k,28,0.2220555576475871,0.2875081455753423,22.27310761612557,
Panther_education_Janis,patchtst_b900k,28,0.4202711255582699,0.5009363968985695,52.18679902617828,
Panther_education_Jerome,patchtst_b900k,28,0.0529301361887386,0.0639704704515666,5.226680614863531,
Panther_education_Jonathan,patchtst_b900k,28,8.656620476145696,11.258570492342091,84073.00921722867,
Panther_education_Karri,patchtst_b900k,28,0.1248500023517584,0.1576482942769331,13.575119406804404,
Panther_education_Mattie,patchtst_b900k,28,0.4498729571529396,0.5346031547452841,62.074945708495314,
Panther_education_Misty,patchtst_b900k,28,0.2323384671578335,0.2960623448294284,26.86978933046033,
Panther_education_Mohammad,patchtst_b900k,28,0.2035498084242932,0.2399219225521247,20.89661801622761,
Panther_education_Neal,patchtst_b900k,28,0.3841256593229624,0.4509747416661276,50.966432323467394,
Panther_education_Quintin,patchtst_b900k,28,0.2893830351308747,0.3563413624738354,33.865762519503335,
Panther_education_Rosalie,patchtst_b900k,28,0.1050342321992689,0.1393803876269405,11.522405937127278,
Panther_education_Scarlett,patchtst_b900k,28,0.2340769491373175,0.2693602170638896,24.42374355077506,
Panther_education_Shelton,patchtst_b900k,28,0.2089006608220506,0.2846965574603522,30.76194374883417,
Panther_education_Sophia,patchtst_b900k,28,0.0289064508594285,0.0503417602951816,3.137796138180742,
Panther_education_Teofila,patchtst_b900k,28,0.288252882729315,0.3467181352723118,34.50562063006006,
Panther_education_Tina,patchtst_b900k,28,0.5595583071644403,0.6906209367498504,72.29064758712492,
Panther_education_Vincent,patchtst_b900k,28,0.3035284301204226,0.3545029052323065,38.70171856062485,
Panther_education_Violet,patchtst_b900k,28,0.0610407236757915,0.080832824974314,5.987721415224182,
Panther_education_Zelda,patchtst_b900k,28,0.3828045009365004,0.4583055444903492,53.09574731860808,
Panther_lodging_Alita,patchtst_b900k,28,0.1404324325527281,0.1838494007996699,15.737237364109856,
Panther_lodging_Anastasia,patchtst_b900k,28,0.1783304360385009,0.2195313850777101,19.82697192336584,
Panther_lodging_Awilda,patchtst_b900k,28,0.0626019524908073,0.0769703925626867,6.170160333375928,
Panther_lodging_Blaine,patchtst_b900k,28,0.3202446240433486,0.3767000321596693,36.58792224355415,
Panther_lodging_Cora,patchtst_b900k,28,0.142597828791515,0.1627830708298794,15.06950884498814,
Panther_lodging_Cornelia,patchtst_b900k,28,0.5646549711306743,0.6339127022316637,69.79297251688433,
Panther_lodging_Dianna,patchtst_b900k,28,0.1159757198477469,0.147633797450205,11.609891825884445,
Panther_lodging_Edison,patchtst_b900k,28,0.2308151334272713,0.3010558842867715,27.47560368962989,
Panther_lodging_Edmond,patchtst_b900k,28,0.3547342845331017,0.4029140355300052,41.06180391563281,
Panther_lodging_Else,patchtst_b900k,28,0.2202052907723605,0.2681739325228859,23.34677943002755,
Panther_lodging_Fausto,patchtst_b900k,28,0.2414559582730799,0.3256506601168563,21.486696367408797,
Panther_lodging_Floyd,patchtst_b900k,28,0.2151401319348001,0.2464804888661351,22.40301408361184,
Panther_lodging_Gale,patchtst_b900k,28,0.0663563297740277,0.0817472142795936,6.762693511808116,
Panther_lodging_Hattie,patchtst_b900k,28,0.1565808554239611,0.1822714415479352,16.08314278270242,
Panther_lodging_Jana,patchtst_b900k,28,0.3682640652178744,0.4271847285882576,42.353010916680745,
Panther_lodging_Janice,patchtst_b900k,28,0.157702908442768,0.184617100899768,16.37901442769673,
Panther_lodging_Jorge,patchtst_b900k,28,0.3231199083102555,0.3811755997313336,37.067193952149466,
Panther_lodging_Kaitlin,patchtst_b900k,28,0.5207918623671038,0.5968923136517735,66.55447688634875,
Panther_lodging_Kara,patchtst_b900k,28,0.1798550458970047,0.2052679829651538,19.647425756835112,
Panther_lodging_Kirk,patchtst_b900k,28,0.1578761889427119,0.1810063652651723,16.741737979395815,
Panther_lodging_Marisol,patchtst_b900k,28,0.1292830670072634,0.1530196162134124,13.746336206232382,
Panther_lodging_Myrtle,patchtst_b900k,28,0.1683333057458083,0.2127696909981497,20.279815513181703,
Panther_lodging_Russell,patchtst_b900k,28,0.1796840098455303,0.2429259968874633,16.393515888856427,
Panther_lodging_Sonja,patchtst_b900k,28,0.2403151950704928,0.2939358931652767,27.10886501007808,
Panther_lodging_Teresita,patchtst_b900k,28,0.3335243084328122,0.3894759300660692,38.90491755495582,
Panther_lodging_Tracie,patchtst_b900k,28,0.3676915162228796,0.4617523484033474,59.69020293751532,
Panther_lodging_Willa,patchtst_b900k,28,0.0703249161936426,0.0854749570778935,7.102866896317736,
Panther_office_Antonette,patchtst_b900k,28,0.1629782094345166,0.1960942975900394,18.6604600585168,
Panther_office_Brent,patchtst_b900k,28,0.7135161124040265,0.7972740399393415,182.40931911390444,
Panther_office_Catherine,patchtst_b900k,28,0.3762529023304132,0.4542495263235968,52.00422635299299,
Panther_office_Christian,patchtst_b900k,28,0.2717651466656475,0.3113991990823606,31.827863345555503,
Panther_office_Christin,patchtst_b900k,28,0.0617237764695917,0.0807072726924035,6.659220994803598,
Panther_office_Clementine,patchtst_b900k,28,0.1587867812563421,0.1872233842041566,16.333715129355184,
Panther_office_Danica,patchtst_b900k,28,0.4131885969270782,0.5179670395510222,48.303451276832455,
Panther_office_Garth,patchtst_b900k,28,0.2171558744349852,0.2693820957485629,26.1545046796961,
Panther_office_Graham,patchtst_b900k,28,0.2957534520270707,0.3414043341156105,35.07374606041396,
Panther_office_Hannah,patchtst_b900k,28,0.4585740453965081,0.5923715783917285,57.9626467698263,
Panther_office_Jeane,patchtst_b900k,28,0.2599017595968068,0.3118002393333455,27.4781680105557,
Panther_office_Jesus,patchtst_b900k,28,0.3424243126260082,0.3922151913756589,39.13499232034845,
Panther_office_Karla,patchtst_b900k,28,0.6111037508839099,0.7031672509642333,77.55526160562415,
Panther_office_Kristen,patchtst_b900k,28,0.0673950314413509,0.0805612753259058,6.774500906084932,
Panther_office_Larry,patchtst_b900k,28,0.449607032022323,0.4944769130903947,53.49543989203225,
Panther_office_Lauretta,patchtst_b900k,28,0.0756099432655967,0.0979746283208887,7.827792786973724,
Panther_office_Lavinia,patchtst_b900k,28,0.180950272246484,0.2417769333973353,17.748851454072508,
Panther_office_Lois,patchtst_b900k,28,0.0795372437578811,0.2034182741705103,7.916403538652428,
Panther_office_Otto,patchtst_b900k,28,0.1988276442081919,0.2439935169255336,23.047268382037707,
Panther_office_Patti,patchtst_b900k,28,0.125453637841557,0.1538336540632756,13.191623489514823,
Panther_office_Ruthie,patchtst_b900k,28,0.0812165942926607,0.1076982534535225,8.109928288686023,
Panther_office_Shauna,patchtst_b900k,28,0.3318189699062087,0.3712573353913953,41.74253302996868,
Panther_office_Taryn,patchtst_b900k,28,0.2400502120787624,0.270597203994575,27.253073311466984,
Panther_office_Valarie,patchtst_b900k,28,0.1962964335965621,0.2539098505945724,18.71529734257125,
Panther_other_Bethel,patchtst_b900k,28,0.1903507372761952,0.2285740667756046,18.695518501014494,
Panther_other_Bettie,patchtst_b900k,28,0.0611476978950642,0.0697386783528997,6.124679262538447,
Panther_other_Lucina,patchtst_b900k,28,0.6042727918700584,0.8132919321375969,4515.9815654341055,
Panther_other_Tyrone,patchtst_b900k,28,0.3271676283220173,0.3927110330177387,41.68729795368148,
Panther_parking_Adela,patchtst_b900k,28,0.3434735628842101,0.3567830491270625,41.90487339563943,
Panther_parking_Alaina,patchtst_b900k,28,0.3296855751175791,0.34349911145402,39.88834365471987,
Panther_parking_Asia,patchtst_b900k,28,0.3182913624212241,0.3373546452548506,40.377195334822616,
Panther_parking_Charlene,patchtst_b900k,28,0.299429235622649,0.3179894638181212,36.550286235751045,
Panther_parking_Jody,patchtst_b900k,28,0.501834566803086,0.5710882259428721,1193.0975220122757,
Panther_parking_Lorriane,patchtst_b900k,28,0.1541374209648895,0.1961047187718252,17.50668354784264,
Panther_parking_Mellissa,patchtst_b900k,28,0.2198016901705336,0.2401286474136585,25.16040772211188,
Panther_parking_Stanley,patchtst_b900k,28,0.207588124632103,0.2161069390283941,22.33464182267238,
Panther_retail_Felix,patchtst_b900k,28,0.3138378187934308,0.3736820132569483,37.19731657527129,
Panther_retail_Kristina,patchtst_b900k,28,0.4589559814814766,0.557723376624794,48.98039690376639,
Panther_retail_Lester,patchtst_b900k,28,0.390051988106982,0.4551246782141349,49.7037202713665,
Panther_retail_Rachel,patchtst_b900k,28,0.3721110184083748,0.5145161497619164,38.253328541591095,
Panther_retail_Romeo,patchtst_b900k,28,0.0885530818296132,0.104706261418212,9.001639404191831,
Peacock_assembly_Dena,patchtst_b900k,28,0.2178049086989309,0.2414802407094871,22.814062930309543,
Peacock_assembly_Mamie,patchtst_b900k,28,0.1937845694317894,0.2429527178798079,23.89116239527225,
Peacock_assembly_Russ,patchtst_b900k,28,0.087260373723543,0.1020148966499811,9.02631114229685,
Peacock_assembly_Socorro,patchtst_b900k,28,0.2449065621953006,0.3104079465005157,26.8070730122374,
Peacock_education_Anita,patchtst_b900k,28,0.3347999415377365,0.37484494536255,36.94860034063444,
Peacock_education_Bianca,patchtst_b900k,28,0.0853651227166379,0.1113250083628803,9.017116840981377,
Peacock_education_Dustin,patchtst_b900k,28,0.2590115050359238,0.2975127142763484,29.40196344852954,
Peacock_education_Forest,patchtst_b900k,28,0.1339889523628328,0.1602553291832092,13.611580269123492,
Peacock_education_Gilberto,patchtst_b900k,28,0.0752240857110647,0.0904274341233933,7.764266463026407,
Peacock_education_Joshua,patchtst_b900k,28,0.055039436536804,0.0677672174462333,5.661457593246363,
Peacock_education_Karl,patchtst_b900k,28,0.1435353640922911,0.1769555458471916,14.609595886553269,
Peacock_education_Karyn,patchtst_b900k,28,0.0287733854896925,0.0381438171996795,2.869124618468157,
Peacock_education_Lucie,patchtst_b900k,28,0.0634339564092582,0.0745936089815861,6.353647493896582,
Peacock_education_Lyle,patchtst_b900k,28,0.1730396450699479,0.2090247103822345,17.995962816071273,
Peacock_education_Ophelia,patchtst_b900k,28,0.0398227340252024,0.0480597417131636,4.00221932625362,
Peacock_education_Pasquale,patchtst_b900k,28,0.0519029249945283,0.0631774904078194,5.237546225630138,
Peacock_education_Patience,patchtst_b900k,28,0.265485628190034,0.3076674829200922,27.779917022196944,
Peacock_education_Robbie,patchtst_b900k,28,0.2770394954378067,0.3461004418994128,34.356140610678445,
Peacock_education_Shelly,patchtst_b900k,28,0.0454574092648934,0.0576143488362823,4.532062014691368,
Peacock_education_Weldon,patchtst_b900k,28,0.1258453079902708,0.1596998919314003,13.829525617324888,
Peacock_education_Yolanda,patchtst_b900k,28,0.1683592375108276,0.2002118034348964,17.501074200663858,
Peacock_lodging_Chloe,patchtst_b900k,28,0.2805579805727439,0.32280374853257,30.751509781535653,
Peacock_lodging_Francesca,patchtst_b900k,28,0.234890490249028,0.2695490307579842,25.16463269170272,
Peacock_lodging_Jamaal,patchtst_b900k,28,0.2597290957766696,0.2985615438178603,30.394203265964244,
Peacock_lodging_James,patchtst_b900k,28,0.1811704880954873,0.2118794976759127,19.178164773574665,
Peacock_lodging_Lou,patchtst_b900k,28,0.118067290641858,0.1425021246810627,12.307181485938434,
Peacock_lodging_Mathew,patchtst_b900k,28,0.1897908378675045,0.2161207836741396,19.80605871643899,
Peacock_lodging_Matthew,patchtst_b900k,28,0.1006036549706416,0.1161444178643927,10.388879239698674,
Peacock_lodging_Nova,patchtst_b900k,28,0.3726471074346552,0.4244288002482334,43.885377398677534,
Peacock_lodging_Sergio,patchtst_b900k,28,0.2269739848294923,0.2744729485073424,25.573125284115903,
Peacock_lodging_Terrie,patchtst_b900k,28,0.1980816408763336,0.2308807484609387,21.0272797476402,
Peacock_lodging_Wes,patchtst_b900k,28,0.1542593461457983,0.1840477763267678,16.541166434814617,
Peacock_office_Annie,patchtst_b900k,28,0.3237024642767105,0.3895247597775191,33.43383937101145,
Peacock_office_Burl,patchtst_b900k,28,0.0996787656809601,0.1303377720788792,9.627358274424155,
Peacock_office_Dara,patchtst_b900k,28,0.3398271144026882,0.3888092195246272,45.33840552641323,
Peacock_office_Effie,patchtst_b900k,28,0.28718393751095,0.3486547230107402,33.31387954043386,
Peacock_office_Elton,patchtst_b900k,28,0.1409880315760467,0.1752118031565341,15.034909148610668,
Peacock_office_Glenn,patchtst_b900k,28,0.4147161091890668,0.5079096303024206,47.01561548982848,
Peacock_office_Jonathon,patchtst_b900k,28,0.1853781487546482,0.2360355895181965,18.210756046517,
Peacock_office_Julian,patchtst_b900k,28,0.3910782073935199,0.4432946871575455,45.68226110378744,
Peacock_office_Major,patchtst_b900k,28,0.0933131227754281,0.1099382039330691,9.235467218806818,
Peacock_office_Naomi,patchtst_b900k,28,0.1332892942960644,0.2666987272498636,25.48963301357037,
Peacock_office_Norman,patchtst_b900k,28,0.2267867671200745,0.2805314250516752,24.48097298626531,
Peacock_public_Kelvin,patchtst_b900k,28,0.2088910866652834,0.2517357633393117,23.79181481524839,
Rat_assembly_Adolfo,patchtst_b900k,28,0.276887128652848,0.3561155194144689,29.21040333849695,
Rat_assembly_Aisha,patchtst_b900k,28,0.1436920635547082,0.1661719749180522,15.454475504170173,
Rat_assembly_Alex,patchtst_b900k,28,0.2042492116153244,0.2479981061752902,21.047223818069103,
Rat_assembly_Archie,patchtst_b900k,28,0.1564060225441136,0.1890920713024389,15.135250381606276,
Rat_assembly_Aubrey,patchtst_b900k,28,0.8808545069546236,1.1157719378437845,112.22888565709566,
Rat_assembly_Cristina,patchtst_b900k,28,0.5155279649999915,0.5892361253383489,58.15437254650082,
Rat_assembly_Damaris,patchtst_b900k,28,0.1289194134680726,0.147205178840339,13.67714022956697,
Rat_assembly_Deandre,patchtst_b900k,28,0.1580463995699743,0.1869784458655035,16.057838202128117,
Rat_assembly_Donny,patchtst_b900k,28,1.0106099632665149,1.2552067808849596,291.26096576399027,
Rat_assembly_Dovie,patchtst_b900k,28,0.2438113586235905,0.2868670009817225,25.30430968601675,
Rat_assembly_Erwin,patchtst_b900k,28,0.6052722735788146,0.7326838799121635,72.02276496285457,
Rat_assembly_Ezequiel,patchtst_b900k,28,0.2744974717262672,0.3412015729197822,31.78285634415979,
Rat_assembly_Francine,patchtst_b900k,28,0.1494554416836584,0.192665077398963,14.86998280276112,
Rat_assembly_Frieda,patchtst_b900k,28,0.1752653030985907,0.2119971053334118,17.15015905665655,
Rat_assembly_Gwen,patchtst_b900k,28,0.3034873510769728,0.3509862288740678,35.496299422520075,
Rat_assembly_Horace,patchtst_b900k,28,0.3966309565209363,0.5351996707473752,42.93005070694585,
Rat_assembly_Ida,patchtst_b900k,28,0.1465342033245118,0.1797230941105913,15.54967725603514,
Rat_assembly_Jamie,patchtst_b900k,28,0.3223317583774828,0.4206757248277867,30.11086427165913,
Rat_assembly_Jannie,patchtst_b900k,28,1.5953220068790792,1.9449161937919448,4706.251668816576,
Rat_assembly_Jennie,patchtst_b900k,28,0.229871055884301,0.277578538070062,23.875598104563725,
Rat_assembly_Kaitlyn,patchtst_b900k,28,0.3045044890494275,0.36086745344209,30.062217591957047,
Rat_assembly_Kelley,patchtst_b900k,28,0.2990179041729059,0.3827821591471291,546.9457916810687,
Rat_assembly_Kenya,patchtst_b900k,28,0.1771228790537517,0.222677745689052,16.956873667321197,
Rat_assembly_Kimberley,patchtst_b900k,28,0.1366212171473837,0.1454568520603741,13.986958417763285,
Rat_assembly_Kristine,patchtst_b900k,28,0.158733398162277,0.1999316109048385,15.31087698624884,
Rat_assembly_Kristy,patchtst_b900k,28,0.8064323887111698,0.9005756235500866,119.3345307925596,
Rat_assembly_Lillie,patchtst_b900k,28,0.770070127762699,0.9612372089363151,108.92781947631204,
Rat_assembly_Michel,patchtst_b900k,28,0.0370968997708302,0.0459573651774707,3.785492457685116,
Rat_assembly_Mirta,patchtst_b900k,28,0.2735201190133308,0.3156838405710846,31.231176920660825,
Rat_assembly_Monica,patchtst_b900k,28,0.1134584035515237,0.1380922020811324,11.655890620415905,
Rat_assembly_Pauline,patchtst_b900k,28,0.2414087733709272,0.3512108590630488,687.0451823367008,
Rat_assembly_Rolland,patchtst_b900k,28,0.7180043647545313,0.9055650291501274,79.13209316696462,
Rat_assembly_Rosemarie,patchtst_b900k,28,0.1499164916651981,0.1773826267569377,14.613208874643565,
Rat_assembly_Ruth,patchtst_b900k,28,0.5009023092727367,0.5325906640850768,118.5628294342892,
Rat_assembly_Silvia,patchtst_b900k,28,0.4182070801404068,0.605736386931648,37.64881387829893,
Rat_assembly_Suzanne,patchtst_b900k,28,0.3827883373015334,0.4764614158439048,41.3021529192886,
Rat_assembly_Teddy,patchtst_b900k,28,0.2046290922590305,0.2444862766266143,20.9744409251483,
Rat_assembly_Teodoro,patchtst_b900k,28,0.4869384315997929,0.5789535513020662,58.81522908362003,
Rat_assembly_Trent,patchtst_b900k,28,0.2678725290315969,0.3198115419197433,29.66309060283528,
Rat_assembly_Trudy,patchtst_b900k,28,0.5454682325257051,0.7439361451053909,73.0352692468555,
Rat_assembly_Victorina,patchtst_b900k,28,0.3816484089372071,0.5540581869021953,562.8495963179863,
Rat_assembly_Viola,patchtst_b900k,28,0.173265131634049,0.2018507899470865,17.80127073267126,
Rat_education_Adell,patchtst_b900k,28,0.4760632900509564,0.5155638789366038,55.02503494115159,
Rat_education_Adrian,patchtst_b900k,28,0.3156190608888502,0.3843221858862344,30.721409289361414,
Rat_education_Alfonso,patchtst_b900k,28,0.2586573324399415,0.2997765110492624,28.46714964658252,
Rat_education_Alfred,patchtst_b900k,28,0.1269107186137803,0.1620341292056131,12.375920455394471,
Rat_education_Barbara,patchtst_b900k,28,0.7664960003911643,0.8002145602191048,2342.372656935323,
Rat_education_Barney,patchtst_b900k,28,0.2421964932864855,0.322201405530547,21.18323813373888,
Rat_education_Beverly,patchtst_b900k,28,0.239542651260579,0.3001953703672236,125.34301595401617,
Rat_education_Brett,patchtst_b900k,28,0.4490298709454393,0.6172344714948917,54.75178546368953,
Rat_education_Bryant,patchtst_b900k,28,0.1802699977837624,0.2227375370595666,17.45033408368526,
Rat_education_Calvin,patchtst_b900k,28,0.0569008040714109,0.072539598164609,5.69659810070163,
Rat_education_Candida,patchtst_b900k,28,0.2053297870510485,0.2539048431534219,19.490922177190917,
Rat_education_Carmela,patchtst_b900k,28,0.3453035928206684,0.3890275615819177,36.34161055571733,
Rat_education_Cecil,patchtst_b900k,28,0.1407726358102512,0.1790850534053097,13.514910572142568,
Rat_education_Cedric,patchtst_b900k,28,0.1879174398969445,0.2558500359614625,17.47951456159114,
Rat_education_Colin,patchtst_b900k,28,0.1901887855481716,0.2431746016571447,20.501078406795266,
Rat_education_Conrad,patchtst_b900k,28,0.4649637384229017,0.5842270723280811,836.7759289192574,
Rat_education_Dana,patchtst_b900k,28,0.2388854124920296,0.2836859557850379,24.84877553736647,
Rat_education_Dann,patchtst_b900k,28,0.1016325397194131,0.1291499930500285,9.859604006767512,
Rat_education_Davis,patchtst_b900k,28,0.0574904199271286,0.0690752330634027,5.7142613385566605,
Rat_education_Deanna,patchtst_b900k,28,0.1506649963842879,0.1985451337726032,14.362964272667467,
Rat_education_Debra,patchtst_b900k,28,0.1435513523874219,0.1760072241095884,14.549476798716872,
Rat_education_Dreama,patchtst_b900k,28,0.0809663830166905,0.1028578601150133,7.853593678197218,
Rat_education_Earl,patchtst_b900k,28,0.1936699943222964,0.2269201009361842,19.823384483028285,
Rat_education_Earnest,patchtst_b900k,28,0.2679331293387596,0.3178474913434871,25.90407433005567,
Rat_education_Elisa,patchtst_b900k,28,0.4346903186293027,0.493072429408583,47.5863054510061,
Rat_education_Elsie,patchtst_b900k,28,0.523957818659934,0.6056570486579353,265.8191138427416,
Rat_education_Esther,patchtst_b900k,28,0.2299041432889149,0.2835981764386285,21.82319889495096,
Rat_education_Everett,patchtst_b900k,28,0.2016917601536008,0.2457111603406861,20.22303038922412,
Rat_education_Fernando,patchtst_b900k,28,0.2607554033571427,0.3184180190678081,26.46539539573276,
Rat_education_Francisca,patchtst_b900k,28,0.2372801394953722,0.2746260504554647,25.085709595622003,
Rat_education_Gricelda,patchtst_b900k,28,0.2943908265116237,0.3619393323744537,30.337266998991552,
Rat_education_Guillermo,patchtst_b900k,28,0.1354786678117223,0.1722455081048284,12.915085735325146,
Rat_education_Humberto,patchtst_b900k,28,0.5988894554518908,0.7738832043825815,66.9793972327827,
Rat_education_Irma,patchtst_b900k,28,0.1828944038823846,0.2293256816999616,18.029841750186243,
Rat_education_Jacob,patchtst_b900k,28,0.1796973758187521,0.2149014032034368,16.923990941370473,
Rat_education_Jame,patchtst_b900k,28,0.1958504629579935,0.2466560352213801,20.44899641268288,
Rat_education_Jeanne,patchtst_b900k,28,0.1645853531090269,0.2117703878766565,16.014139728383554,
Rat_education_Jena,patchtst_b900k,28,0.2180984430965691,0.2510978080086914,21.623615859174965,
Rat_education_Jesse,patchtst_b900k,28,0.0317338711720993,0.0407853667875302,3.2587988403705066,
Rat_education_Kandice,patchtst_b900k,28,0.5545028157611583,0.7549138206618592,61.95613982011109,
Rat_education_Kathryn,patchtst_b900k,28,0.3458059934467447,0.3714162186610831,43.29113974932828,
Rat_education_Keith,patchtst_b900k,28,0.1763670335302089,0.2258455538658196,17.632585599162663,
Rat_education_Kelsey,patchtst_b900k,28,0.141466216576432,0.1796153256753225,13.74438832117807,
Rat_education_Lee,patchtst_b900k,28,0.1736958002203424,0.2122211059435972,17.772543433857617,
Rat_education_Leonardo,patchtst_b900k,28,0.2818393832697898,0.3413799807544209,29.65943457953407,
Rat_education_Lincoln,patchtst_b900k,28,0.3253861144504997,0.3697829317441238,38.30311577502369,
Rat_education_Liz,patchtst_b900k,28,0.2771975722051348,0.3539473547006894,26.390202672979395,
Rat_education_Lonnie,patchtst_b900k,28,0.3328031008439024,0.4202577006704288,33.530878802191246,
Rat_education_Lynn,patchtst_b900k,28,0.1850749746062775,0.2258619381587347,17.74786917078886,
Rat_education_Marcos,patchtst_b900k,28,0.1219713067157554,0.1633793089357069,11.3393016316005,
Rat_education_Marianna,patchtst_b900k,28,0.3268019501618873,0.391642364249199,33.42355800295366,
Rat_education_Maricela,patchtst_b900k,28,0.1442695163310323,0.2008637643931821,16.401922338074872,
Rat_education_Marvin,patchtst_b900k,28,0.4895539195518111,0.5535950733948127,55.281694634544735,
Rat_education_Meghan,patchtst_b900k,28,0.3141021705836558,0.3743021655321371,30.943061434287884,
Rat_education_Milagros,patchtst_b900k,28,0.3233435120250293,0.3904691116634457,31.979435599090078,
Rat_education_Mona,patchtst_b900k,28,0.2656415184598344,0.3094129966785178,28.89866184630634,
Rat_education_Morton,patchtst_b900k,28,0.1685004237713323,0.2002239166587356,16.869083807949135,
Rat_education_Mose,patchtst_b900k,28,0.2603807674526207,0.3442512906764902,26.47704601736353,
Rat_education_Nellie,patchtst_b900k,28,0.1563148380293848,0.1880427036796618,15.347596224990673,
Rat_education_Nona,patchtst_b900k,28,0.2031325575400252,0.2652014358863612,19.775831512382545,
Rat_education_Nydia,patchtst_b900k,28,0.1457050805824982,0.1902945180958605,13.900645056180338,
Rat_education_Pat,patchtst_b900k,28,0.0147439837502302,0.018851193611079,1.4680203795172462,
Rat_education_Patty,patchtst_b900k,28,0.1105242595080331,0.1317178760803097,10.71701338806571,
Rat_education_Paula,patchtst_b900k,28,0.1754048615033887,0.2090928248417963,16.90081426028439,
Rat_education_Renee,patchtst_b900k,28,0.162727035809176,0.209200097924541,16.31601979213791,
Rat_education_Robyn,patchtst_b900k,28,0.2093841312050954,0.2331956627760252,21.740965752764275,
Rat_education_Rogelio,patchtst_b900k,28,0.2737242101868955,0.320202237929217,27.70870104849789,
Rat_education_Rosalyn,patchtst_b900k,28,0.213533786396929,0.2569521378734952,20.85767253229013,
Rat_education_Royal,patchtst_b900k,28,0.1606553976749087,0.1982907612509184,15.238993480846302,
Rat_education_Salvatore,patchtst_b900k,28,0.1790630545973701,0.2110704970654554,19.21943461491829,
Rat_education_Shellie,patchtst_b900k,28,0.1913821108344761,0.2217708539156147,19.82195460152221,
Rat_education_Sherwood,patchtst_b900k,28,0.2546736718891606,0.3056812898789163,24.978078415937556,
Rat_education_Sina,patchtst_b900k,28,0.1423219751680321,0.173443934443161,13.72260049322512,
Rat_education_Stuart,patchtst_b900k,28,0.2305714895424468,0.3061405544144565,21.745589810750708,
Rat_education_Tania,patchtst_b900k,28,0.2497068982654967,0.3227385224786849,49.63576835382567,
Rat_education_Terese,patchtst_b900k,28,0.1753093649545855,0.2250372030131136,16.869479541627943,
Rat_education_Theo,patchtst_b900k,28,0.1576743101771099,0.2058438401062875,28.28990382775264,
Rat_education_Tim,patchtst_b900k,28,0.1947385464122068,0.2577960175348794,17.791475934114974,
Rat_education_Tristan,patchtst_b900k,28,1.6849357765038387e-05,1.997115033448601e-05,0.0016849357765038,
Rat_education_Ulrike,patchtst_b900k,28,0.176363146938446,0.2204606214199294,16.712686185275246,
Rat_education_Verna,patchtst_b900k,28,0.2023399813876686,0.2487746112605184,20.712719866175185,
Rat_education_Vicky,patchtst_b900k,28,0.2348854183407376,0.2729743171005259,34.14727743119736,
Rat_education_Willie,patchtst_b900k,28,0.3486804368151362,0.4105568979298158,40.184528576940906,
Rat_education_Willy,patchtst_b900k,28,3.182978241542809e-06,3.776738473315061e-06,0.0003182978241542,
Rat_education_Wilmer,patchtst_b900k,28,0.238474218159344,0.2879512380095219,23.831197078247097,
Rat_education_Winnie,patchtst_b900k,28,0.2225703486809389,0.2956559129240165,19.86987445451376,
Rat_education_Yu,patchtst_b900k,28,0.1707878431679734,0.2121106289565388,16.36784676416407,
Rat_education_Zina,patchtst_b900k,28,0.3230843895740133,0.3776879292342655,33.6187567834443,
Rat_education_Zoe,patchtst_b900k,28,0.2169142099899942,0.2702926704316036,22.41560675761929,
Rat_health_Gaye,patchtst_b900k,28,0.1577351466668586,0.1942471564259343,16.227418715396816,
Rat_health_Guy,patchtst_b900k,28,0.0540224431768168,0.0776035242696283,19.54755530514698,
Rat_health_Mildred,patchtst_b900k,28,0.2999248528397142,0.3928146980351067,27.714392346980556,
Rat_health_Rosaria,patchtst_b900k,28,0.2019656216403625,0.2460751260283987,19.763880206061835,
Rat_health_Shane,patchtst_b900k,28,0.0717025863537649,0.1025523144650216,7.844995257082707,
Rat_health_Tanya,patchtst_b900k,28,0.1079584072844214,0.1388334576923819,10.439597530135092,
Rat_lodging_Ardell,patchtst_b900k,28,0.1613022145457778,0.2003895881468712,17.19609666843732,
Rat_lodging_Ben,patchtst_b900k,28,0.0979735661981059,0.1185458419701102,9.861441558099465,
Rat_lodging_Christine,patchtst_b900k,28,0.1741224003642533,0.2131025928691332,17.66062569939831,
Rat_lodging_Dwight,patchtst_b900k,28,0.3003326672082844,0.3702446129319581,30.97370463129504,
Rat_lodging_Jeannette,patchtst_b900k,28,0.2273418814898714,0.2762243251187596,24.007725982974872,
Rat_lodging_Lorenzo,patchtst_b900k,28,0.351588391969543,0.472294661938484,172.8580519106831,
Rat_lodging_Marguerite,patchtst_b900k,28,0.3235444693516585,0.3772478801240879,35.80424916690044,
Rat_lodging_Marion,patchtst_b900k,28,0.2249647896431696,0.2850394722905606,21.15989863519381,
Rat_lodging_Ted,patchtst_b900k,28,0.2922488327461998,0.4281886188000704,53.95840613678118,
Rat_office_Adele,patchtst_b900k,28,0.2731642432450403,0.3301011260847699,31.166754191148826,
Rat_office_Annis,patchtst_b900k,28,0.1054788959893733,0.1339510074205485,10.23667108766317,
Rat_office_Arron,patchtst_b900k,28,0.2440949520661834,0.2697945718551661,25.05008204745217,
Rat_office_Avis,patchtst_b900k,28,0.3859003731308648,0.493607718422883,1396.9916958227022,
Rat_office_Chris,patchtst_b900k,28,0.094210712931132,0.1157658362401017,9.179104939619805,
Rat_office_Colby,patchtst_b900k,28,0.089446029147845,0.1428656794099605,68.35213809531268,
Rat_office_Craig,patchtst_b900k,28,0.0509133407884105,0.064246421096926,5.144998180108656,
Rat_office_Jacinta,patchtst_b900k,28,0.0717698113659766,0.090670318214781,7.005032137598397,
Rat_office_Jamal,patchtst_b900k,28,0.5122082242448901,0.5631403324714273,57.375139871106654,
Rat_office_Jeannie,patchtst_b900k,28,0.2808018599413103,0.3611054602286098,26.25982566689786,
Rat_office_Jessica,patchtst_b900k,28,0.1342852722992988,0.1751158390206937,13.433596868765784,
Rat_office_Jill,patchtst_b900k,28,0.6713920085667603,0.8925546403232564,278.64471013543874,
Rat_office_Kasey,patchtst_b900k,28,0.2697722608408903,0.3437260408312136,27.36387790828982,
Rat_office_Lora,patchtst_b900k,28,0.488525779399797,0.5623891631694293,52.71103596835348,
Rat_office_Loyd,patchtst_b900k,28,0.2419230561713543,0.3047107206485462,23.01876375254461,
Rat_office_Mei,patchtst_b900k,28,0.2022654498692296,0.2453253811228919,20.435872586161725,
Rat_office_Olivia,patchtst_b900k,28,0.3366448937379596,0.3966570516654721,35.067763845868384,
Rat_office_Ramiro,patchtst_b900k,28,0.0250851461084064,0.0274451206771434,2.523081269485059,
Rat_office_Randy,patchtst_b900k,28,0.2432473327676925,0.276592419380455,26.27851443262256,
Rat_office_Ronald,patchtst_b900k,28,0.197133321246819,0.2442368450507923,20.273716584533677,
Rat_office_Rosemary,patchtst_b900k,28,0.2130790723249687,0.2625658027006532,22.412012863618028,
Rat_office_Sammy,patchtst_b900k,28,0.1913270150939383,0.2421313305946966,18.293533860123087,
Rat_office_Tracy,patchtst_b900k,28,0.1093685171059735,0.1348662245383658,11.34166264554712,
Rat_other_Al,patchtst_b900k,28,0.1304120893436074,0.1976441801877855,11.622459949045776,
Rat_other_Daphne,patchtst_b900k,28,0.3298173903706176,0.4365517161793247,32.247701289764265,
Rat_other_Hazel,patchtst_b900k,28,0.0484587491605207,0.0567468774272658,4.755654153809535,
Rat_other_Lan,patchtst_b900k,28,0.1602275956236071,0.1931961122845469,34.600974078480945,
Rat_parking_Ronnie,patchtst_b900k,28,0.359191797634665,0.4478588679699735,38.386886289826414,
Rat_public_Alanna,patchtst_b900k,28,0.2856211417292211,0.3338256129273775,29.985008331693425,
Rat_public_Allie,patchtst_b900k,28,0.2315196984930612,0.2936624399288866,23.71523015320761,
Rat_public_Allyson,patchtst_b900k,28,0.2947889772957568,0.3761590667678717,28.652571612432304,
Rat_public_Amber,patchtst_b900k,28,0.3208221656493741,0.3944548891622993,35.728222672815455,
Rat_public_Angelina,patchtst_b900k,28,0.0948935045845553,0.1189805203756103,9.36935393466289,
Rat_public_Angle,patchtst_b900k,28,0.0984781560758596,0.1277855107658372,9.741409725802058,
Rat_public_Becky,patchtst_b900k,28,0.1384818963555592,0.1710134884468426,13.347186732705426,
Rat_public_Berry,patchtst_b900k,28,0.0461670175023923,0.0593067890528746,4.568689117772334,
Rat_public_Bronwyn,patchtst_b900k,28,0.1000628848034973,0.1282267617092959,9.478912055451415,
Rat_public_Carole,patchtst_b900k,28,0.1073638490787297,0.1351669201819923,10.70656086118278,
Rat_public_Caroline,patchtst_b900k,28,0.0592111813527524,0.0855186957434259,6.366333588375518,
Rat_public_Chrissy,patchtst_b900k,28,0.1743042093366799,0.2357398481453185,16.248091718386302,
Rat_public_Clyde,patchtst_b900k,28,0.2027381792011891,0.2546251680305064,19.27136136019809,
Rat_public_Corinne,patchtst_b900k,28,0.0867108564628435,0.1081275207150701,8.647067132184413,
Rat_public_Courtney,patchtst_b900k,28,0.296387307520594,0.315984584290322,30.343940490278342,
Rat_public_Dalia,patchtst_b900k,28,0.058078059728602,0.0726523763095235,5.758881520152933,
Rat_public_Damon,patchtst_b900k,28,0.1165181289586337,0.1435421018496757,11.735825647074668,
Rat_public_Deidre,patchtst_b900k,28,0.1236171019770367,0.1552530341589451,12.05201865637098,
Rat_public_Desiree,patchtst_b900k,28,0.1363656184070933,0.174677121086157,12.948359000714063,
Rat_public_Dexter,patchtst_b900k,28,0.1409027142794549,0.1769908199598411,13.484621344904903,
Rat_public_Duane,patchtst_b900k,28,0.39616693821971,0.4376886600579688,49.73397808920382,
Rat_public_Elmira,patchtst_b900k,28,0.1037874401366279,0.1291004487808579,10.159079287024252,
Rat_public_Emilee,patchtst_b900k,28,0.3768064839591419,0.4213545558882205,42.4059416663108,
Rat_public_Faye,patchtst_b900k,28,0.144201920612455,0.1795492637789536,14.662529938982546,
Rat_public_Fern,patchtst_b900k,28,0.0473672391578158,0.0593509314596613,4.70592210802836,
Rat_public_Frank,patchtst_b900k,28,0.22910744542371,0.3458053874264271,23.81049633084766,
Rat_public_Frederick,patchtst_b900k,28,0.0655618114683012,0.0828885104696019,6.395877024361822,
Rat_public_Fredrick,patchtst_b900k,28,0.2009785326851538,0.2437178156829701,20.90822230264326,
Rat_public_Grover,patchtst_b900k,28,0.0608695252145724,0.0745426314784605,6.308536456019017,
Rat_public_Helena,patchtst_b900k,28,0.299372119969068,0.3562282564753186,30.46607769208331,
Rat_public_Hortencia,patchtst_b900k,28,0.2977073659981461,0.3172206982418524,33.33633709611512,
Rat_public_Isabel,patchtst_b900k,28,0.2015886401291143,0.221666287303204,21.664829122389303,
Rat_public_Jason,patchtst_b900k,28,0.1502367811229006,0.1963824889868447,14.795686476346216,
Rat_public_Joann,patchtst_b900k,28,0.2261803037487405,0.2496607948826277,22.64744360931444,
Rat_public_Johnna,patchtst_b900k,28,3.607790022654159e-05,4.275782345469529e-05,0.0036077900226541,
Rat_public_Johnny,patchtst_b900k,28,0.1040885257580816,0.1307533651270065,10.337940508665016,
Rat_public_Josiah,patchtst_b900k,28,0.0635005438682497,0.0846212771255943,6.145291526587112,
Rat_public_Julieann,patchtst_b900k,28,0.2753012249486324,0.3023227971230534,36.20808585815063,
Rat_public_Kathleen,patchtst_b900k,28,0.2613699368556286,0.3301940294161696,23.073178413303605,
Rat_public_Kelle,patchtst_b900k,28,0.2103140055565864,0.2609360057489053,20.1537797219317,
Rat_public_Kelly,patchtst_b900k,28,0.101162755645794,0.128375453237261,10.457971288272258,
Rat_public_Kermit,patchtst_b900k,28,0.252672807443458,0.3129691597440271,29.445045332859763,
Rat_public_Kimber,patchtst_b900k,28,0.2795730213539686,0.3783315346658967,44.24599490408439,
Rat_public_Laura,patchtst_b900k,28,0.0759434295361322,0.0919872628289937,7.784508713732851,
Rat_public_Laurie,patchtst_b900k,28,0.0762598539578879,0.0925745138134627,7.804285852384448,
Rat_public_Laverne,patchtst_b900k,28,0.1392736102232218,0.1717367497020618,14.12860000512098,
Rat_public_Lea,patchtst_b900k,28,0.0625610687402007,0.1096031143168523,5.558269063020737,
Rat_public_Leo,patchtst_b900k,28,0.1308608325477101,0.1705324013013673,12.08289564169551,
Rat_public_Leta,patchtst_b900k,28,0.1158439422985157,0.1497939971878282,11.270552231514689,
Rat_public_Lloyd,patchtst_b900k,28,0.099963998475342,0.1176486016514597,9.887599982989698,
Rat_public_Loretta,patchtst_b900k,28,0.0477529647957743,0.06848772590709,4.572068946101377,
Rat_public_Lynda,patchtst_b900k,28,0.1234152549132134,0.1598381514813669,11.896690896072016,
Rat_public_Mabel,patchtst_b900k,28,0.0788030934980162,0.1026576047357114,7.62193929694864,
Rat_public_Marcellus,patchtst_b900k,28,0.2195503932307313,0.2858669532007258,21.94907192567371,
Rat_public_Margart,patchtst_b900k,28,0.2226208134385872,0.2520631363349282,22.45096261946308,
Rat_public_Mark,patchtst_b900k,28,0.284771469555386,0.3331843761002562,32.39510299951403,
Rat_public_Michael,patchtst_b900k,28,0.2730859057484049,0.2977769811129674,28.58636069891736,
Rat_public_Michelle,patchtst_b900k,28,0.5274802431085753,0.6546623720485165,52.83457966553844,
Rat_public_Muriel,patchtst_b900k,28,0.2142546171863512,0.260089475199652,21.44450529415433,
Rat_public_Nancy,patchtst_b900k,28,0.1455796067950169,0.1818448913725716,13.965705381347396,
Rat_public_Neil,patchtst_b900k,28,0.2003122807298743,0.2390140317955773,19.798655030264943,
Rat_public_Nell,patchtst_b900k,28,0.0467932857422385,0.0581433457214242,4.645660857565315,
Rat_public_Nelson,patchtst_b900k,28,0.1998069047264518,0.2310722092100984,19.87151904088036,
Rat_public_Norene,patchtst_b900k,28,0.3617274334544774,0.4565876387518022,37.82719451884965,
Rat_public_Ramon,patchtst_b900k,28,0.2629455501702633,0.3509763939514108,22.831210342080983,
Rat_public_Ramona,patchtst_b900k,28,0.2427128912110435,0.3111402210864371,22.58129649843331,
Rat_public_Roberta,patchtst_b900k,28,0.1215666961932044,0.1527414970924278,11.52045249053086,
Rat_public_Roma,patchtst_b900k,28,0.5470945566501274,0.626773664555197,104.62471499995758,
Rat_public_Sade,patchtst_b900k,28,0.1167407851697145,0.145153852039624,12.259190638131663,
Rat_public_Sana,patchtst_b900k,28,,,2891060121.3283367,
Rat_public_Sean,patchtst_b900k,28,0.155903992810491,0.1856868172569183,15.4469816926453,
Rat_public_Shanta,patchtst_b900k,28,0.0911069161058432,0.1188794900235101,9.242719268643343,
Rat_public_Sharonda,patchtst_b900k,28,0.1252698442802062,0.1700644950212143,13.8285581276949,
Rat_public_Sharron,patchtst_b900k,28,0.0865660132897149,0.1054881376460276,8.54055534092381,
Rat_public_Stacey,patchtst_b900k,28,0.1806309574506346,0.2404437654972494,17.496991391376355,
Rat_public_Stella,patchtst_b900k,28,0.0672109944079086,0.084559617437782,6.513911461690163,
Rat_public_Sue,patchtst_b900k,28,0.3530603017474825,0.3864513068998719,36.32987427845006,
Rat_public_Tammara,patchtst_b900k,28,0.2539668401138197,0.2924956713354314,26.8989808238164,
Rat_public_Tamra,patchtst_b900k,28,0.1381047999963731,0.175651149778498,12.928125284834476,
Rat_public_Tommy,patchtst_b900k,28,0.06444310714417,0.0813072622076372,6.685691780012062,
Rat_public_Toya,patchtst_b900k,28,0.3383648979262637,0.3954479760289669,37.346112267965246,
Rat_public_Tricia,patchtst_b900k,28,0.2853390789757509,0.3382460691427236,28.67535155136074,
Rat_public_Vickie,patchtst_b900k,28,0.1485220372465972,0.177417100474292,15.286821344476849,
Rat_public_Wilbur,patchtst_b900k,28,0.0512964360986256,0.0631020795195574,5.05628633777741,
Rat_public_Wilma,patchtst_b900k,28,0.1755801851383336,0.1950208285851275,18.19042249729527,
Rat_public_Yessenia,patchtst_b900k,28,0.3199747813720157,0.3694592375076119,37.65683645263322,
Rat_religion_Kathy,patchtst_b900k,28,0.3614109964933552,0.474687433273336,41.90031964219551,
Rat_retail_Jeffrey,patchtst_b900k,28,0.2894901639744358,0.3624433967450176,32.65864787030396,
Rat_warehouse_Breanna,patchtst_b900k,28,0.1288190044588789,0.1990146296723725,17.473463954541725,
Rat_warehouse_Doretta,patchtst_b900k,28,0.1180655852474968,0.1557449270176698,11.424360264491362,
Rat_warehouse_Eloisa,patchtst_b900k,28,0.282511983235873,0.3487534404811911,28.46245616716649,
Rat_warehouse_Maegan,patchtst_b900k,28,0.1889804061211607,0.2328761465667803,19.768478953569893,
Rat_warehouse_Shari,patchtst_b900k,28,0.1954285640250322,0.2336684805617573,21.482641253063488,
Robin_assembly_Colleen,patchtst_b900k,28,0.3010089505665053,0.3795891761504082,42.0806191117272,
Robin_education_Audrea,patchtst_b900k,28,0.1489160017878913,0.1870724073670167,16.542005372508775,
Robin_education_Billi,patchtst_b900k,28,0.5548409659000643,0.6236964242519918,72.63991938928365,
Robin_education_Cecilia,patchtst_b900k,28,0.485260716585332,0.5403428186472787,58.0593488832917,
Robin_education_Della,patchtst_b900k,28,0.3783592893260109,0.4913908710083934,138.71410300105794,
Robin_education_Derick,patchtst_b900k,28,0.1487429320248495,0.1743342357783137,14.876839458741914,
Robin_education_Derrick,patchtst_b900k,28,0.1192254158740961,0.1531983858582705,12.688066430684104,
Robin_education_Jasper,patchtst_b900k,28,0.1361650396180438,0.1636932264581898,13.817970644616643,
Robin_education_Julius,patchtst_b900k,28,0.2369215668357632,0.2750325457283311,24.459558048676143,
Robin_education_Karyl,patchtst_b900k,28,0.1593863358656297,0.2167564054411846,18.24466904888398,
Robin_education_Kiera,patchtst_b900k,28,0.2563635571530962,0.3396079921080425,29.953533934696413,
Robin_education_Kristopher,patchtst_b900k,28,0.1294157986125865,0.1514173889647826,12.85058314720881,
Robin_education_Lashandra,patchtst_b900k,28,0.1568105376384942,0.2123616231894415,18.1805250611082,
Robin_education_Leslie,patchtst_b900k,28,0.1378226220936609,0.1690274061795993,15.035759601495608,
Robin_education_Lizbeth,patchtst_b900k,28,0.0731953730348042,0.1111103532220828,7.774203053542326,
Robin_education_Madeline,patchtst_b900k,28,0.078459266335612,0.1007417948726886,8.097142040056877,
Robin_education_Margarito,patchtst_b900k,28,0.0973020306245295,0.110576987177928,9.85480728635878,
Robin_education_Megan,patchtst_b900k,28,0.0923526491881624,0.1176236548817902,9.69527207591612,
Robin_education_Mercedes,patchtst_b900k,28,0.1714761128771081,0.2198006808565594,20.56556182013213,
Robin_education_So,patchtst_b900k,28,0.1677820394412978,0.1842920357297477,17.645033119652553,
Robin_education_Takako,patchtst_b900k,28,0.1608759122950191,0.2004018291570646,15.790477035229308,
Robin_education_Terrance,patchtst_b900k,28,0.1313227176452433,0.1539717772601175,13.354062790711302,
Robin_education_Zenia,patchtst_b900k,28,0.159910613284042,0.1784833894306103,16.11779667351704,
Robin_lodging_Armand,patchtst_b900k,28,0.2399900004227722,0.2761395644441924,26.81789787100908,
Robin_lodging_Celia,patchtst_b900k,28,0.3288179382170044,0.3774484251261075,37.98454938464816,
Robin_lodging_Donna,patchtst_b900k,28,0.2116478242922552,0.2641515408937325,24.903423492627194,
Robin_lodging_Dorthy,patchtst_b900k,28,0.2718737490572228,0.3242559433830987,32.967759960753376,
Robin_lodging_Elmer,patchtst_b900k,28,0.2764583104651805,0.3195867334628456,31.97732580692377,
Robin_lodging_Janie,patchtst_b900k,28,0.2088646376512593,0.2506698509468388,23.14611775697404,
Robin_lodging_Oliva,patchtst_b900k,28,0.3223414611337022,0.3631919849170296,38.0311675123267,
Robin_lodging_Phillip,patchtst_b900k,28,0.2689618378092337,0.3200178651023094,34.252255405438135,
Robin_lodging_Pricilla,patchtst_b900k,28,0.233719913644357,0.2690722268220581,25.250678682884075,
Robin_lodging_Renea,patchtst_b900k,28,0.2572381539706569,0.3021518846697951,29.681989789512564,
Robin_office_Addie,patchtst_b900k,28,0.3000968638161538,0.3571125352091562,41.05977140141632,
Robin_office_Adolph,patchtst_b900k,28,0.1913930527967152,0.2450073474785772,20.820530483858203,
Robin_office_Antonina,patchtst_b900k,28,0.1727421610327325,0.1967759912036561,17.50476385697336,
Robin_office_Dina,patchtst_b900k,28,0.2129237531166624,0.2680013469942203,24.274223157460614,
Robin_office_Donald,patchtst_b900k,28,0.1665750347230029,0.2252312712969279,18.58261726754713,
Robin_office_Gayle,patchtst_b900k,28,0.3634452095915554,0.4348768452216877,47.09357397033508,
Robin_office_Lindsay,patchtst_b900k,28,0.1439950204516283,0.1935605437904567,15.042920780774102,
Robin_office_Maryann,patchtst_b900k,28,0.1789111804552828,0.2135371711363451,18.64702655721728,
Robin_office_Sammie,patchtst_b900k,28,0.2695254178666139,0.3215623898521722,28.570203855257343,
Robin_office_Saul,patchtst_b900k,28,0.3195389773575389,0.3669048671099251,37.60517656821823,
Robin_office_Serena,patchtst_b900k,28,0.4413528879320172,0.4946698874361699,66.23830188759943,
Robin_office_Shirlene,patchtst_b900k,28,0.2934854917176552,0.3652245995012675,38.53959400058584,
Robin_office_Soledad,patchtst_b900k,28,0.3043778170421797,0.3981973179152575,35.81862003620424,
Robin_office_Victor,patchtst_b900k,28,0.2284749462936256,0.2987064374496151,25.687411831558077,
Robin_office_Wai,patchtst_b900k,28,0.329805509161193,0.3710720121237624,33.60537076145031,
Robin_office_Zelma,patchtst_b900k,28,0.3651143785467137,0.4079385327238309,40.66200774760804,
Robin_public_Cami,patchtst_b900k,28,0.2747043667443354,0.3495700406814374,38.389626627125104,
Robin_public_Carolina,patchtst_b900k,28,0.2041420469999607,0.2807720227841196,27.80084220168937,
Swan_unknown_Allison,patchtst_b900k,28,0.5816618765812578,0.6663957906046551,67.45897953184165,
Swan_unknown_Andres,patchtst_b900k,28,0.2664139128675417,0.3543409717823112,623.2284212932385,
Swan_unknown_Bette,patchtst_b900k,28,0.3327110852205573,0.3890322298439791,35.05629828797661,
Swan_unknown_Christoper,patchtst_b900k,28,0.2956542927697649,0.3696042650885369,31.434383045005944,
Swan_unknown_Douglas,patchtst_b900k,28,0.1232423789064668,0.1398567996126182,12.722266644571596,
Swan_unknown_Esteban,patchtst_b900k,28,0.1935211455801837,0.220616611095376,20.481199431185438,
Swan_unknown_Fabian,patchtst_b900k,28,0.296227398377588,0.3485890846998052,38.57297441459672,
Swan_unknown_Ike,patchtst_b900k,28,0.5048115733158035,0.5621286613061535,65.9729449002643,
Swan_unknown_Isaiah,patchtst_b900k,28,0.402105106011106,0.4567360314987778,47.502917749345855,
Swan_unknown_Jan,patchtst_b900k,28,0.099778629175889,0.1136415429527544,10.090256159277128,
Swan_unknown_Jerold,patchtst_b900k,28,0.064869588695853,0.0749004535604206,6.624505996183708,
Swan_unknown_Noelia,patchtst_b900k,28,0.3555156952902306,0.4411214026023157,48.99420300525402,
Swan_unknown_Raquel,patchtst_b900k,28,0.1727490545437304,0.1965924705188043,17.53631454014892,
Swan_unknown_Reyna,patchtst_b900k,28,0.4941267108165043,0.5366862902504856,64.69932093141718,
Swan_unknown_Rocco,patchtst_b900k,28,0.0178012066082829,0.0272853765518105,1.8287525989199516,
Swan_unknown_Rudy,patchtst_b900k,28,0.0768026808461317,0.0866962416494346,7.819642925944452,
Swan_unknown_Tom,patchtst_b900k,28,0.5471116171575245,0.6093029563003814,62.51195954530251,
Swan_unknown_Valeria,patchtst_b900k,28,0.0613145639388361,0.0818931414688464,5.905489001156465,
Swan_unknown_Wendy,patchtst_b900k,28,0.2759770333200655,0.3355736193246037,39.15792519690936,
Wolf_assembly_Elaine,patchtst_b900k,28,0.6745087598048903,0.8669802746214128,90.30726584173358,
Wolf_assembly_Sallie,patchtst_b900k,28,0.3141289092084028,0.3422077687297394,38.71674477040404,
Wolf_education_Anisa,patchtst_b900k,28,0.5936884220875186,0.7019963983779646,82.09080263320433,
Wolf_education_Arnulfo,patchtst_b900k,28,0.4218042934325371,0.4811988214061332,51.74116848189869,
Wolf_education_Bobby,patchtst_b900k,28,0.4648516506577927,0.5221677544113891,57.74693329269736,
Wolf_education_Cheryl,patchtst_b900k,28,0.4490002295852642,0.5116799032590789,52.40498076512049,
Wolf_education_Clarissa,patchtst_b900k,28,0.2889999474922008,0.3274181413482496,31.4297393319233,
Wolf_education_Cody,patchtst_b900k,28,0.9743274437012762,1.1983219207826474,178.6840469193773,
Wolf_education_Dolores,patchtst_b900k,28,0.4751153275559883,0.5493622317845304,58.2425087286814,
Wolf_education_Dorris,patchtst_b900k,28,0.1933542763966042,0.2196639890109057,21.24101617924809,
Wolf_education_Eulalia,patchtst_b900k,28,0.5905274677208573,0.6607228055097861,96.27022662536147,
Wolf_education_Joaquin,patchtst_b900k,28,0.1285792160001453,0.1461271971048525,13.250542187190511,
Wolf_education_Josefa,patchtst_b900k,28,0.5756621550880168,0.6651946745664228,69.82890589351933,
Wolf_education_Katie,patchtst_b900k,28,0.3512343873927088,0.4108313123381822,37.28200600367709,
Wolf_education_Laurinda,patchtst_b900k,28,0.4593445462436133,0.5295693805465339,54.65023962076136,
Wolf_education_Loren,patchtst_b900k,28,0.3206288022695569,0.367649682356592,33.469311845340336,
Wolf_education_Miguel,patchtst_b900k,28,0.5131249720647273,0.5901533481237793,59.52792538411129,
Wolf_education_Roderick,patchtst_b900k,28,0.4015758432357418,0.5282373806315248,185.80941027325565,
Wolf_education_Tammie,patchtst_b900k,28,0.2790085864818563,0.3137865158586986,29.78067780200596,
Wolf_education_Tori,patchtst_b900k,28,0.2870736324179134,0.3190259900355467,30.767969955441743,
Wolf_education_Ursula,patchtst_b900k,28,0.3856013856242141,0.444151790376412,44.54508249883519,
Wolf_education_Vivian,patchtst_b900k,28,0.4402093533701006,0.5052667996260547,51.62363324358626,
Wolf_office_Bobbie,patchtst_b900k,28,0.3826448504419044,0.4327810358900651,40.59050045323631,
Wolf_office_Cary,patchtst_b900k,28,0.2457853951646963,0.2846442201646557,25.148890399544783,
Wolf_office_Darleen,patchtst_b900k,28,0.4380481932641993,0.4890098765122301,49.2851752993862,
Wolf_office_Elisabeth,patchtst_b900k,28,0.069367259866969,0.0854990831985123,6.922040644823399,
Wolf_office_Emanuel,patchtst_b900k,28,0.4229967486530999,0.4842363964531269,55.15159191474879,
Wolf_office_Haydee,patchtst_b900k,28,0.6725326492843398,0.788380929284752,96.51156541623088,
Wolf_office_Joana,patchtst_b900k,28,0.1945977402986906,0.2693328538890327,25.903821128064696,
Wolf_office_Nadia,patchtst_b900k,28,0.2726983809005203,0.3178562350139434,27.635249009535283,
Wolf_office_Rochelle,patchtst_b900k,28,0.5586818696199529,0.6472815817179655,363.7444958910153,
Wolf_public_Norma,patchtst_b900k,28,0.5134030761619426,0.6021002180957336,70.50395927563494,
Wolf_retail_Harriett,patchtst_b900k,28,0.4848921518272897,0.5987940618050125,1315.288638970124,
Wolf_retail_Marcella,patchtst_b900k,28,0.3916763154457394,0.4687985522855429,41.901209827040056,
Wolf_retail_Toshia,patchtst_b900k,28,0.7936058581317221,0.8701446797193682,128.2651251651178,
Wolf_science_Alfreda,patchtst_b900k,28,0.1131075032711177,0.1416879102314308,11.282433423274194,
Bear_assembly_Angel,snaive168,28,0.2356530784910031,0.3452126116413469,26.427616467590315,
Bear_assembly_Beatrice,snaive168,28,0.7567492037044719,0.9414580401106032,258.6636461630312,
Bear_assembly_Danial,snaive168,28,0.0862762485743973,0.1140038629189918,8.633951971764324,
Bear_assembly_Genia,snaive168,28,0.1680846200424511,0.2931890807122906,15.487727443008463,
Bear_assembly_Harry,snaive168,28,0.2509564792201365,0.379200506902387,26.59977262558283,
Bear_assembly_Jose,snaive168,28,0.1019592532748265,0.132272058244948,10.32182588069605,
Bear_assembly_Roxy,snaive168,28,0.2180039697026241,0.3529010916138899,50.33020554985731,
Bear_assembly_Ruby,snaive168,28,0.072662796294659,0.1033419654877268,7.362291340294287,
Bear_education_Alvaro,snaive168,28,0.0847834071898584,0.1078725988771217,8.513644371048244,
Bear_education_Augusta,snaive168,28,0.1327606983234795,0.2947987567852378,16.36510063972197,
Bear_education_Austin,snaive168,28,0.2065212777287764,0.483925446876169,31.548672917221293,
Bear_education_Babara,snaive168,28,0.0491709379896686,0.0630662941879033,4.931530039929333,
Bear_education_Benita,snaive168,28,0.0399152704184691,0.0559231589158249,4.081372077998926,
Bear_education_Bob,snaive168,28,0.143784992963053,0.2201323261527584,16.477179353456712,
Bear_education_Bulah,snaive168,28,0.0396517530292445,0.0508486447785822,3.917537966470997,
Bear_education_Carlo,snaive168,28,0.3571012116720368,0.6280541406132265,64.57456112404304,
Bear_education_Chad,snaive168,28,0.0334685511376381,0.0453290990707216,3.354356317792077,
Bear_education_Chana,snaive168,28,0.1152868005056308,0.1608093773651574,11.266005972705091,
Bear_education_Chun,snaive168,28,0.1481305830569674,0.2266762558546614,14.875285022086135,
Bear_education_Clint,snaive168,28,0.0813992167442327,0.1077218620445723,8.245037653035753,
Bear_education_Curtis,snaive168,28,0.1176386864374632,0.1713922072709092,11.427116094132286,
Bear_education_Danna,snaive168,28,0.242189175542424,0.365203252002361,33.958415775560375,
Bear_education_Darrell,snaive168,28,0.2370897475537114,0.4468873492966974,28.181865615153413,
Bear_education_Deena,snaive168,28,0.2356528425545373,0.3216923283272168,25.82796475459784,
Bear_education_Derek,snaive168,28,0.3057183457618692,0.5350032945433821,1373.5704222725303,
Bear_education_Destiny,snaive168,28,0.1701502242803526,0.2405656288688265,17.52156815721888,
Bear_education_Elise,snaive168,28,0.2642741761336187,0.3815174694092929,31.0303008977521,
Bear_education_Fannie,snaive168,28,0.0463930936290885,0.067702928742921,4.563937253017861,
Bear_education_Gavin,snaive168,28,0.0528777850211919,0.0690219602651046,5.3427589136404325,
Bear_education_Herb,snaive168,28,0.1786532372320701,0.2844180654702916,21.18734768883674,
Bear_education_Irene,snaive168,28,0.1653072097730628,0.4104612831983358,15.088970526748971,
Bear_education_Iris,snaive168,28,0.1885746675877266,0.3449090867679212,27.7232099441038,
Bear_education_Katy,snaive168,28,0.1231145805254669,0.1761586201933944,12.439685840063069,
Bear_education_Lashanda,snaive168,28,0.1805260625161176,0.277891924474857,22.350280810471567,
Bear_education_Laurette,snaive168,28,0.0389667234405049,0.0530964123801731,3.8576070500745407,
Bear_education_Leonel,snaive168,28,0.125093976976279,0.206001472513476,13.599984699808168,
Bear_education_Lewis,snaive168,28,0.1841355916407139,0.3179157637406962,24.30652054765148,
Bear_education_Lidia,snaive168,28,0.2215064364920946,0.3127418521673722,24.957612177512807,
Bear_education_Lila,snaive168,28,0.0351472080016415,0.0509744565076937,3.548621159591157,
Bear_education_Liliana,snaive168,28,0.0650219731005964,0.0893722981017746,6.780421311438968,
Bear_education_Lorie,snaive168,28,0.0468028775406474,0.0689292586721249,4.55282180019195,
Bear_education_Mara,snaive168,28,0.0352498707991557,0.048071301529782,3.61029561905877,
Bear_education_Marie,snaive168,28,0.1828450376389676,0.3698529311799778,25.500172048602863,
Bear_education_Marsha,snaive168,28,0.0810525843016692,0.1621687730907949,8.762807292994335,
Bear_education_Marta,snaive168,28,0.2452904195461476,0.3569977956968121,31.883469832088306,
Bear_education_Maryjane,snaive168,28,0.0896185362978705,0.1536692305583307,8.234221642832566,
Bear_education_Merrill,snaive168,28,0.1619031784246886,0.2094675561878938,16.98695146812445,
Bear_education_Nanette,snaive168,28,0.1458185964964093,0.2012653676012887,15.617108764027892,
Bear_education_Oscar,snaive168,28,0.1440506987794738,0.2051330730188421,15.7630732570134,
Bear_education_Owen,snaive168,28,0.1214747828780177,0.1859362562223994,13.008221920944226,
Bear_education_Paola,snaive168,28,0.1546003446576687,0.2528767206735373,14.546593956679557,
Bear_education_Patricia,snaive168,28,0.0505070475120906,0.0673249766814681,5.231521517937429,
Bear_education_Pattie,snaive168,28,0.0455946900200489,0.0580721487165955,4.582967472520043,
Bear_education_Rebecca,snaive168,28,0.0559961581821811,0.0783912975293792,5.795972873700948,
Bear_education_Sandy,snaive168,28,0.1358045047817558,0.1886714231552761,13.250302069978176,
Bear_education_Santos,snaive168,28,0.4131555681804537,1.058787322106569,39.218604357135625,
Bear_education_Sharon,snaive168,28,0.0600317701956073,0.085090087324743,6.163180124935221,
Bear_education_Shelley,snaive168,28,0.1328027990654699,0.2588250272387698,16.66712381532201,
Bear_education_Tara,snaive168,28,0.2950610873872824,0.3746973736397868,31.68297383847961,
Bear_education_Thuy,snaive168,28,0.1591345959652169,0.2565949777949753,18.451052161151,
Bear_education_Val,snaive168,28,0.062464296207857,0.0920847494838125,6.470058581498869,
Bear_education_Wade,snaive168,28,0.1313687494092069,0.2626369091724534,14.09249070257658,
Bear_education_Wilton,snaive168,28,0.032392094096961,0.0437296429658791,3.2525453713086176,
Bear_education_Wm,snaive168,28,0.1077328177500835,0.1629470789407382,11.800303022749857,
Bear_education_Yuri,snaive168,28,0.2249574809782221,0.4288110307894253,31.204833262087096,
Bear_education_Yvette,snaive168,28,0.2842223599638877,0.4837031169026198,33.17624836627293,
Bear_education_Zandra,snaive168,28,0.0128424975292966,0.0165671912499228,1.2826323920926062,
Bear_lodging_Dannie,snaive168,28,0.2961071907672687,0.4553404590256976,34.495056826629835,
Bear_lodging_Erick,snaive168,28,0.1188990981890713,0.1529805030977463,12.340183323056769,
Bear_lodging_Esperanza,snaive168,28,0.241291714143267,0.3795528824200075,28.161834937493,
Bear_lodging_Evan,snaive168,28,0.1386663176098444,0.2259954851035611,14.901801087142784,
Bear_parking_Bridget,snaive168,28,0.1495364744221075,0.2358663833612705,14.958968013444734,
Bear_parking_Bruce,snaive168,28,0.0389497731418113,0.0552105392567717,3.9242868216671143,
Bear_public_Arlean,snaive168,28,0.168160181436935,0.2143293698794308,18.20493003630544,
Bear_public_Jocelyn,snaive168,28,0.0773888678760604,0.1400030423949484,8.067970924931329,
Bear_public_Lowell,snaive168,28,0.0643698357133387,0.099969690824259,6.302426347007553,
Bear_public_Orville,snaive168,28,0.180918705345446,0.3483040264727111,21.08825727122077,
Bear_public_Rayna,snaive168,28,0.2279319856139935,0.4634593585226641,38.64660803181896,
Bear_public_Valorie,snaive168,28,0.3154335850452837,0.4149099707769551,44.10792869851457,
Bear_science_Alison,snaive168,28,0.0334637754182148,0.0421650819915771,3.3778312548569964,
Bear_science_Eleanor,snaive168,28,0.1126996373952273,0.1505044660005311,11.631782533657734,
Bear_utility_Sidney,snaive168,28,0.020926769532973,0.0300729384398693,2.075570056262736,
Bobcat_assembly_Adam,snaive168,28,0.1380204424153346,0.2412849050363387,28.07396194466548,
Bobcat_assembly_Billy,snaive168,28,0.1264312896190279,0.2260944475103732,26.80312093698235,
Bobcat_assembly_Camilla,snaive168,28,0.1051178906219953,0.2208176001964579,40.609213109983486,
Bobcat_assembly_Franklin,snaive168,28,0.4571497465732133,0.7558392330781087,415.30419939961433,
Bobcat_education_Alissa,snaive168,28,0.1268440658449909,0.2288066285277954,12.28819465830646,
Bobcat_education_Angela,snaive168,28,0.100264988905325,0.173227684975123,9.64755980655842,
Bobcat_education_Coleman,snaive168,28,0.0943211980430231,0.2179957633609967,74.84809863228786,
Bobcat_education_Dylan,snaive168,28,0.0787586745566665,0.1619912663183481,7.902162360861576,
Bobcat_education_Hollis,snaive168,28,0.0996460322770926,0.1996736616714213,36.45312174366762,
Bobcat_education_Jayne,snaive168,28,0.1427003682885339,0.2851278047803228,23.50887278180452,
Bobcat_education_Marisha,snaive168,28,0.2118321651299751,0.3024738917428208,39.08103343915011,
Bobcat_education_Monte,snaive168,28,0.131966764524529,0.2395540882729891,21.960064240825027,
Bobcat_education_Rosalva,snaive168,28,0.1281303010043718,0.2363345778045448,23.24050983948881,
Bobcat_education_Toni,snaive168,28,0.1017505740708088,0.2021786681253859,23.199430785418112,
Bobcat_education_Whitney,snaive168,28,0.1511877398523346,0.2777548476784625,24.97009822134875,
Bobcat_lodging_Darin,snaive168,28,0.1323123661241418,0.2002798157675683,13.74588981897217,
Bobcat_lodging_Melaine,snaive168,28,0.1293861100324868,0.1637350471655497,13.404888814811086,
Bobcat_lodging_Nickolas,snaive168,28,0.1343632829142584,0.1747918310577707,13.743621198626665,
Bobcat_office_Alma,snaive168,28,0.3204740251365036,0.5027525683187067,351.8880115039643,
Bobcat_office_Justine,snaive168,28,0.2703593846928029,0.3643611847509278,31.557668183271776,
Bobcat_office_Kassandra,snaive168,28,0.1063926972131673,0.1774283066078037,10.734281728928009,
Bobcat_office_Melody,snaive168,28,0.1333573616216341,0.1728825699095095,13.229109739655067,
Bobcat_office_Nikita,snaive168,28,0.0711241508753932,0.1687488419880977,6.78502382793517,
Bobcat_other_Howard,snaive168,28,0.67774566217566,0.9496695256686848,106.4076155136944,
Bobcat_other_Jovita,snaive168,28,0.2307130931291645,0.3335521018855154,23.63610275915468,
Bobcat_other_Timothy,snaive168,28,0.2142241998027668,0.3397028792717898,268.70528442424137,
Bull_assembly_Amalia,snaive168,28,0.1961409767025951,0.3135870924389774,253.09846154187795,
Bull_assembly_Beau,snaive168,28,0.5031845462939645,0.6660847044268794,238.43592986239528,
Bull_assembly_Brandon,snaive168,28,0.178714859437751,0.2982005082012022,254.90115163447035,
Bull_assembly_Daryl,snaive168,28,0.2451864169438123,0.6642857388991072,305.7465056052157,
Bull_assembly_Dorethea,snaive168,28,0.1793519216277317,0.3886191302185758,302.02838844651234,
Bull_assembly_Freddie,snaive168,28,0.4446199089554042,0.6040169122499652,329.51438822424615,
Bull_assembly_Gerri,snaive168,28,0.3006776958341638,0.5084777221550458,347.86902190806296,
Bull_assembly_Gigi,snaive168,28,0.261764790124164,0.3949514052338468,240.6253502839646,
Bull_assembly_Goldie,snaive168,28,0.3013186380633733,0.4470267591706993,331.98629708587754,
Bull_assembly_Katia,snaive168,28,0.2281160344277972,1.21919824232759,405.4906243177211,
Bull_assembly_Lance,snaive168,28,0.2259626841610945,1.3934255828758022,278.7206890819148,
Bull_assembly_Lesa,snaive168,28,0.3233345601766654,0.4846474047555207,327.676283507463,
Bull_assembly_Maren,snaive168,28,0.3663182746780653,1.3021136603045085,559.4722524955471,
Bull_assembly_Nathanial,snaive168,28,0.8296049644316633,1.3327306992954846,3642.690707298767,
Bull_assembly_Newton,snaive168,28,0.4305636257989541,0.6522354538246267,307.1612133438016,
Bull_assembly_Nick,snaive168,28,0.1936064894854821,0.2947319007248721,214.4726669953464,
Bull_assembly_Vanessa,snaive168,28,0.1471048868511247,0.3112328441389098,259.84377357977894,
Bull_education_Annette,snaive168,28,0.2777413598455879,2.717220911448884,250.61527091850468,
Bull_education_Antonia,snaive168,28,0.2262630765464398,0.4018944287789561,273.3075117725309,
Bull_education_Arthur,snaive168,28,0.1473211993886956,0.3064884595298684,283.9855912045744,
Bull_education_Barry,snaive168,28,0.0885096621080242,0.2716333126179325,254.03283974100708,
Bull_education_Bernice,snaive168,28,0.1960270098247998,1.3895637475066382,241.0630081608729,
Bull_education_Brady,snaive168,28,0.2832627232262562,0.4746451679208753,330.144476927205,
Bull_education_Brain,snaive168,28,0.1858041561142192,0.3624785578521583,458.4700792827284,
Bull_education_Brandi,snaive168,28,0.2498040971678047,0.4465653570331893,322.39555854059495,
Bull_education_Brenda,snaive168,28,0.1923554184462706,0.3364439477581424,286.33370910686904,
Bull_education_Bryon,snaive168,28,0.2277616686932934,0.3658555711486897,273.9767781372871,
Bull_education_Carl,snaive168,28,0.1093549994625809,0.2812950455513339,259.8347840664762,
Bull_education_Clarice,snaive168,28,0.1365755202076025,0.2951629854611186,279.25692582219585,
Bull_education_Clarita,snaive168,28,0.1298540266879143,0.297730290220699,263.7274991271524,
Bull_education_Dakota,snaive168,28,0.2717075339420676,0.4585492267823226,318.1895280765146,
Bull_education_Dan,snaive168,28,0.1501211997853561,0.3016288342652981,281.5029397172079,
Bull_education_Dania,snaive168,28,0.1803158818367943,0.3432747572151516,302.4648452331696,
Bull_education_Delia,snaive168,28,0.2719458262480648,2.580492614404256,240.290137616807,
Bull_education_Dora,snaive168,28,0.2936841947610418,0.4389995117912073,286.8517930418322,
Bull_education_Dottie,snaive168,28,0.2920800894279185,2.720301018944532,310.845684897912,
Bull_education_Elva,snaive168,28,0.127559894518319,0.2886988480887735,258.4678433779358,
Bull_education_Fabiola,snaive168,28,0.2217013416840901,0.4011567731610293,303.1054298896644,
Bull_education_Geneva,snaive168,28,0.4248260350038658,0.6419366750772564,265.07693691471366,
Bull_education_Genie,snaive168,28,0.1939158490814512,0.3597523839569208,280.0061492918099,
Bull_education_Gregory,snaive168,28,0.2045526817892728,0.3961972343612463,303.6747904910873,
Bull_education_Hayley,snaive168,28,0.1457228927446646,0.3060231091424514,286.6156824554055,
Bull_education_Jae,snaive168,28,0.1315460131187542,0.2901584298258675,264.50974547887097,
Bull_education_Jeffery,snaive168,28,0.1906814613767595,1.343044322235129,241.83825878185647,
Bull_education_Joseph,snaive168,28,0.1874329239169129,0.3559839054483282,267.3856396301149,
Bull_education_Juan,snaive168,28,0.2863526182062439,0.442678370868188,295.39852241357056,
Bull_education_Kendra,snaive168,28,0.2048120871817824,0.3671725837578438,289.6649319097244,
Bull_education_Krista,snaive168,28,0.1884622167645349,0.3502939903634068,279.43699896539795,
Bull_education_Kristal,snaive168,28,0.1117157733048734,0.2813591366042597,259.53527461876706,
Bull_education_Lenny,snaive168,28,0.1590464330190357,0.313280509472737,285.4214655089918,
Bull_education_Linnie,snaive168,28,0.3168069424401205,0.5109699223060822,349.7035067367789,
Bull_education_Luke,snaive168,28,0.2511637861843865,0.4118653754933334,322.95173824037664,
Bull_education_Lydia,snaive168,28,0.1314819522114896,0.2994840214831007,262.7762906769039,
Bull_education_Lyn,snaive168,28,0.3132134703196347,0.4821485247435988,303.90321036533214,
Bull_education_Magaret,snaive168,28,0.377998960112902,0.5388719767742451,391.1005646404735,
Bull_education_Mario,snaive168,28,0.244031349571888,0.4494648133875393,289.9280751062036,
Bull_education_Matilda,snaive168,28,0.4534802378454005,1.693971066511969,334.6573484126952,
Bull_education_Mervin,snaive168,28,0.2187454091376524,0.3379144539910514,270.04007263830056,
Bull_education_Miquel,snaive168,28,0.2678310466650586,0.434296113403836,321.775195416825,
Bull_education_Miranda,snaive168,28,0.1962401055408971,0.3310158629984878,280.835706228793,
Bull_education_Myra,snaive168,28,0.3472798854688618,0.5098380260064833,372.2978470181282,
Bull_education_Nichole,snaive168,28,0.1546491999159853,0.3239123226470694,274.4678047821726,
Bull_education_Nina,snaive168,28,0.1440906876854271,0.3109197058718408,273.0167022660961,
Bull_education_Nolan,snaive168,28,0.1766445642322187,0.2957375275396632,223.2304707565314,
Bull_education_Olive,snaive168,28,0.3360582397917683,0.4634719238990361,264.17599057347195,
Bull_education_Pablo,snaive168,28,0.2474821280461313,0.3911498004591515,292.72731423451006,
Bull_education_Pamela,snaive168,28,0.1506441297396071,0.307563465254814,274.73178436855625,
Bull_education_Patrina,snaive168,28,0.2938342107611314,0.4503668631810335,335.7214020676486,
Bull_education_Racheal,snaive168,28,0.1420104636315355,0.3102788705466251,272.65495446066217,
Bull_education_Reina,snaive168,28,0.2399141170155663,0.4018199327993791,313.13131260895835,
Bull_education_Reynaldo,snaive168,28,0.2339463485067254,0.3755421537299488,250.5949563111628,
Bull_education_Roland,snaive168,28,0.2384325304246058,0.4122323230621297,288.64985010738684,
Bull_education_Roseann,snaive168,28,0.1734614981391204,0.3138318775579479,244.85326573983315,
Bull_education_Sebastian,snaive168,28,0.2311959266465207,0.3815950841390206,288.17096628473394,
Bull_education_Shona,snaive168,28,0.12839962846481,0.3406842939235329,256.9995009423112,
Bull_education_Stewart,snaive168,28,0.156075578398598,0.3128984350126625,279.47038642058703,
Bull_education_Summer,snaive168,28,0.2600380388841927,0.4021927921412172,247.217483415485,
Bull_education_Tracey,snaive168,28,0.2077751510375623,0.3585927138819925,277.9050131855774,
Bull_education_Venita,snaive168,28,0.2006065061569564,0.3548259868271158,296.7433284999063,
Bull_education_Violeta,snaive168,28,0.2410137351040685,0.4051768550664025,302.1327485619029,
Bull_lodging_Abby,snaive168,28,0.2227315467795016,0.3645018465270045,267.4794244443367,
Bull_lodging_Allen,snaive168,28,0.4798135105644283,0.6664666069209476,269.33616230916965,
Bull_lodging_Anibal,snaive168,28,0.2823773324118867,0.4084299039826137,276.58962912146364,
Bull_lodging_Caren,snaive168,28,0.2493870825127607,0.4008624935052782,301.58394689373205,
Bull_lodging_Carie,snaive168,28,0.1735776277724204,0.3164284999757228,271.5798422032319,
Bull_lodging_Charlotte,snaive168,28,0.4408292340126493,0.6312882909617101,218.97017950555477,
Bull_lodging_Danielle,snaive168,28,0.378178243774574,1.5170011799565812,287.8528319267297,
Bull_lodging_Dave,snaive168,28,0.2162860598031984,0.3796302805310135,298.0862639292135,
Bull_lodging_Elena,snaive168,28,0.3481658893230808,0.493763701547544,317.9748190088679,
Bull_lodging_Graciela,snaive168,28,0.2296689275401249,0.3775352405168564,288.1933709630852,
Bull_lodging_Hugo,snaive168,28,0.2357825692554602,0.7239835574238596,270.6981587492125,
Bull_lodging_Jeremiah,snaive168,28,0.2603504330063009,0.452631714999177,318.03670731460267,
Bull_lodging_Leonard,snaive168,28,0.1973154949282966,0.335834476883778,270.85890700457526,
Bull_lodging_Lettie,snaive168,28,0.2537128121866195,0.4001458800855278,313.15012186068395,
Bull_lodging_Melissa,snaive168,28,0.2160090310046992,0.3635758666621473,294.28693389252703,
Bull_lodging_Perry,snaive168,28,0.2858897688702118,0.432400162913188,312.6751682571689,
Bull_lodging_Terence,snaive168,28,0.3007256567474827,1.343863604077649,253.93495495432876,
Bull_lodging_Travis,snaive168,28,0.1736705843675515,0.3280854258644082,285.8737052583276,
Bull_lodging_Xavier,snaive168,28,0.4987602374333157,0.7452887776278376,318.2248973138547,
Bull_office_Anne,snaive168,28,0.1652122025807414,0.3177894215153459,260.62201812728824,
Bull_office_Chantel,snaive168,28,0.210934703315628,0.3409187534759889,252.29320649706924,
Bull_office_Claudia,snaive168,28,0.12678806593706,0.2905496909947316,264.9556391277913,
Bull_office_Debbie,snaive168,28,0.2535226652102676,0.4471808726028693,286.358270666849,
Bull_office_Efren,snaive168,28,0.4496244496244496,2.5015005358940603,318.3780790387057,
Bull_office_Ella,snaive168,28,0.3535227908712144,1.5378692123230897,571.8765605569106,
Bull_office_Hilton,snaive168,28,0.1600286191271166,0.3220213534482745,279.88580863029347,
Bull_office_Ivette,snaive168,28,0.2173875206683491,0.3693540100660031,278.47223904268475,
Bull_office_Lilla,snaive168,28,0.1606867930669704,0.3032314174283965,253.26104654972124,
Bull_office_Marco,snaive168,28,0.4707908163265306,1.3428765919853674,334.5313368569074,
Bull_office_Myron,snaive168,28,0.1682477884828623,0.3260713901263258,261.5563511066286,
Bull_office_Nicolas,snaive168,28,0.166510757717493,0.3375437745318152,285.74957231896224,
Bull_office_Rob,snaive168,28,0.2235712465108761,0.3952941158314502,292.1549168097136,
Bull_office_Sally,snaive168,28,0.4112598631315208,2.600166365386017,257.3534324738839,
Bull_office_Trevor,snaive168,28,0.2626940830885438,1.397009652758994,263.8076342732568,
Bull_office_Yvonne,snaive168,28,0.2121518256602684,0.4118983616377024,296.63671693176894,
Bull_public_Hyun,snaive168,28,0.1287835319089889,0.2968050721754824,264.7384364331449,
Bull_public_Jefferson,snaive168,28,0.1844332445796881,0.3765975645337794,285.89278124309214,
Bull_services_Jeanmarie,snaive168,28,0.1775491359978894,0.3104376913131349,256.89542087861616,
Bull_services_Juanita,snaive168,28,0.1037345481601378,0.2759449959962536,251.13969413094827,
Bull_services_Nadine,snaive168,28,0.1147937549528006,0.2888130274552439,249.8195400876728,
Bull_services_Rachelle,snaive168,28,0.1419870427124956,0.2813851999344317,247.29282693860765,
Bull_services_Winford,snaive168,28,0.1053525501043334,0.2886894477251903,268.8706839787596,
Cockatoo_assembly_Doyle,snaive168,28,0.1344757489352347,0.1733487168029888,13.112532868869,
Cockatoo_assembly_Ed,snaive168,28,0.2293325621003245,0.3031074500850875,28.25196933602187,
Cockatoo_assembly_Emilio,snaive168,28,0.1441837728316824,0.1920858227973046,16.618758149306867,
Cockatoo_assembly_Evelyn,snaive168,28,0.1195559423639241,0.3111605878539923,13.45590919674318,
Cockatoo_assembly_Fernanda,snaive168,28,0.181817085861816,0.2474806541175043,23.19425787000734,
Cockatoo_assembly_Genoveva,snaive168,28,0.381397265564632,0.4765844628722073,45.63032545135072,
Cockatoo_assembly_Griselda,snaive168,28,0.2362913345592196,0.3555400384660612,28.88974631470126,
Cockatoo_assembly_Heath,snaive168,28,0.1590355032262442,0.2221406203768419,15.762116453028735,
Cockatoo_assembly_Meredith,snaive168,28,0.1554775637070297,0.1967712831761731,17.737166940264775,
Cockatoo_assembly_Pierre,snaive168,28,0.1099216052185578,0.1468910794605335,11.312541391181522,
Cockatoo_assembly_Ralph,snaive168,28,0.1132633821314204,0.1420193034639551,11.393427707383603,
Cockatoo_assembly_Rodger,snaive168,28,0.1464445566913733,0.1904743821330906,14.919340695520894,
Cockatoo_assembly_Tabitha,snaive168,28,0.1509025270758122,0.1983516578238378,15.368223271717326,
Cockatoo_assembly_Valencia,snaive168,28,0.2512370355321658,0.3432729970086096,35.19547900415152,
Cockatoo_education_Amira,snaive168,28,0.119975378853866,0.2805052034325748,10.677906525634892,
Cockatoo_education_Arlen,snaive168,28,0.2341794165967786,0.288671744439215,25.42102550152185,
Cockatoo_education_Brendan,snaive168,28,0.0857454442742508,0.1140825988093319,8.858956056308513,
Cockatoo_education_Brigitte,snaive168,28,0.0415623830365312,0.0613914375158151,4.174838429184296,
Cockatoo_education_Charity,snaive168,28,0.0542831865012399,0.0724788621113866,5.595932795161176,
Cockatoo_education_Christi,snaive168,28,0.0,0.0,0.0,
Cockatoo_education_Claudine,snaive168,28,0.0518610197650061,0.0750227281337309,5.34448575793672,
Cockatoo_education_Collin,snaive168,28,0.0549878476458989,0.073326777592785,5.539318791321495,
Cockatoo_education_Deloris,snaive168,28,0.0575176594229392,0.0760724341928791,5.7444510634019625,
Cockatoo_education_Doreen,snaive168,28,0.1043321143687362,0.156672590138109,11.264915561330849,
Cockatoo_education_Erik,snaive168,28,0.0528385599256139,0.0731458834154763,5.357103542626753,
Cockatoo_education_Eunice,snaive168,28,0.0541154158786519,0.0811056855427637,5.232421848478668,
Cockatoo_education_Evangeline,snaive168,28,0.0,0.0,0.0,
Cockatoo_education_Flora,snaive168,28,0.0384654540749464,0.0521973368682355,3.956127169410964,
Cockatoo_education_Gussie,snaive168,28,0.0514195199380352,0.0696978116959326,5.134842528076809,
Cockatoo_education_Helene,snaive168,28,0.0534846243473839,0.0751514056724064,5.2867389515772665,
Cockatoo_education_Jack,snaive168,28,0.2408070267053222,0.3678654403160446,29.17474419187866,
Cockatoo_education_Janet,snaive168,28,0.0311690376297652,0.0542590204688916,3.1827009357694425,
Cockatoo_education_Joeann,snaive168,28,0.0762828870889165,0.1779979130756419,7.346026686723646,
Cockatoo_education_Joel,snaive168,28,0.0688817217187736,0.0925711339741063,7.03715542242074,
Cockatoo_education_Jon,snaive168,28,0.1831894855294616,0.2855287169289257,21.02520050398021,
Cockatoo_education_Julia,snaive168,28,0.1434475641755265,0.1964202394133399,14.73640675489313,
Cockatoo_education_Julio,snaive168,28,0.0641634810489575,0.0815312119017154,6.501749962430053,
Cockatoo_education_June,snaive168,28,0.0606633577252803,0.0868379476415554,6.222740263216759,
Cockatoo_education_Laurence,snaive168,28,0.2967383200731867,0.4633021416188325,31.09723934520512,
Cockatoo_education_Lionel,snaive168,28,0.0364583261741309,0.0548054047679132,3.67793797466624,
Cockatoo_education_Magdalena,snaive168,28,0.1391419119125264,0.2099009754920168,18.36169514743982,
Cockatoo_education_Marva,snaive168,28,0.1450770611249918,0.2146845108604342,15.569197864042378,
Cockatoo_education_Maynard,snaive168,28,0.3644179939655128,0.5066877665121717,39.63275445249743,
Cockatoo_education_Mayra,snaive168,28,0.1643022494579793,0.2186889487989958,17.535818748918583,
Cockatoo_education_Melanie,snaive168,28,0.1833210064543665,0.2764419031639874,20.162725365799304,
Cockatoo_education_Minh,snaive168,28,0.1250188727629633,0.1578608888391368,12.802761540852796,
Cockatoo_education_Nelda,snaive168,28,0.0640941579907865,0.0860483691922489,6.6653023609351285,
Cockatoo_education_Oliver,snaive168,28,0.1245428106279735,0.1964489773069136,14.386583121496631,
Cockatoo_education_Orlando,snaive168,28,0.0629480501084348,0.1064041119309318,5.955109439933355,
Cockatoo_education_Rita,snaive168,28,0.1587668777528345,0.2991992308671148,17.64474670231659,
Cockatoo_education_Shawn,snaive168,28,0.1380521508620463,0.1616136637032518,14.607573249487563,
Cockatoo_education_Sheryl,snaive168,28,0.0336836689142559,0.0525392147991625,3.3771285308865693,
Cockatoo_education_Terrence,snaive168,28,0.0566952176262786,0.0775512009798487,5.686246891603459,
Cockatoo_education_Tyler,snaive168,28,0.025773317546164,0.0329436623123147,2.5768315945124813,
Cockatoo_education_Victoria,snaive168,28,0.1232712714748822,0.1623799781540672,12.707680656642651,
Cockatoo_industrial_Nathaniel,snaive168,28,0.1999925132317611,0.3101161885717079,27.750363216644768,
Cockatoo_industrial_Sarita,snaive168,28,0.092180114054068,0.1144019337618936,9.055758110779404,
Cockatoo_lodging_Aimee,snaive168,28,0.1610833161691261,0.2212214750174367,17.005851849193515,
Cockatoo_lodging_Albert,snaive168,28,0.1373704761911691,0.2060589273016639,14.77648629817044,
Cockatoo_lodging_Alicia,snaive168,28,0.194109504483215,0.2563318044891683,20.068947827100388,
Cockatoo_lodging_Ana,snaive168,28,0.2324002155084286,0.2941208285953864,26.451045039834376,
Cockatoo_lodging_Carmen,snaive168,28,0.2460009569196685,0.3533376260173552,28.06552209911608,
Cockatoo_lodging_Cletus,snaive168,28,0.2113500009975793,0.2926781479912431,24.66606495412981,
Cockatoo_lodging_Elvia,snaive168,28,0.1616735802205162,0.2328247371182426,18.83137565855601,
Cockatoo_lodging_Emory,snaive168,28,0.2131549279039386,0.285724300487349,25.385308760662085,
Cockatoo_lodging_Eric,snaive168,28,0.2762051391941965,0.403671249289539,32.721941560634306,
Cockatoo_lodging_Homer,snaive168,28,0.0601507236176566,0.0764363739916818,6.250108414139742,
Cockatoo_lodging_Jarrod,snaive168,28,0.6403235764124678,1.0095981406217458,93.38785517858962,
Cockatoo_lodging_Javier,snaive168,28,0.2129153367519874,0.2920341086998096,23.72585626685017,
Cockatoo_lodging_Jim,snaive168,28,0.115050475614689,0.1630031373724577,12.379340535016391,
Cockatoo_lodging_Jimmie,snaive168,28,0.1088562760144768,0.1434200702175507,11.517181334512328,
Cockatoo_lodging_Johnathan,snaive168,28,0.1630282708445972,0.2305742942285199,17.654976639455647,
Cockatoo_lodging_Josephine,snaive168,28,0.2424677155990017,0.387344416019581,27.99283857770901,
Cockatoo_lodging_Judi,snaive168,28,0.2441663523682993,0.3441004966286448,27.6493247224828,
Cockatoo_lodging_Katharine,snaive168,28,0.0904751528961782,0.1259941783516747,9.267232480205696,
Cockatoo_lodging_Kerri,snaive168,28,0.1698012840113917,0.2478993396181313,18.278401385223912,
Cockatoo_lodging_Kyle,snaive168,28,0.2034194550751878,0.298230542081827,24.147917543445587,
Cockatoo_lodging_Lana,snaive168,28,0.2572435472613132,0.3157339514805514,28.24472433285693,
Cockatoo_lodging_Linwood,snaive168,28,0.3243856556260615,0.4446450989468103,37.42998751307884,
Cockatoo_lodging_Lynne,snaive168,28,0.1866023640667718,0.2891529184821983,20.439719316223965,
Cockatoo_lodging_Mandy,snaive168,28,0.200262061532155,0.300180756877921,22.090349991245542,
Cockatoo_lodging_Olga,snaive168,28,0.2394621320019479,0.2992219273264867,27.44209768656229,
Cockatoo_lodging_Raphael,snaive168,28,0.1944694115785737,0.3099071794771341,21.557484569382403,
Cockatoo_lodging_Tesha,snaive168,28,0.1877661689938117,0.2532704600846418,19.800697268595574,
Cockatoo_lodging_Tessie,snaive168,28,0.2108041555338581,0.3131089222037845,25.30235510390072,
Cockatoo_office_Ada,snaive168,28,0.0423120171314651,0.0699828953812376,4.648595896771488,
Cockatoo_office_Alton,snaive168,28,0.105318221816155,0.1388269643017175,10.94155158166627,
Cockatoo_office_Christy,snaive168,28,0.0862939691374621,0.1273028939937316,9.037136396705066,
Cockatoo_office_Delores,snaive168,28,0.0923845000335185,0.1221488264620015,9.16547331351834,
Cockatoo_office_Elbert,snaive168,28,0.1323890881644067,0.1844689918322755,15.210580990901269,
Cockatoo_office_Gail,snaive168,28,0.2117845089593265,0.2683375692116959,22.510951867759378,
Cockatoo_office_Georgia,snaive168,28,0.1127417452758337,0.1571264643509921,12.794411472085004,
Cockatoo_office_Giovanni,snaive168,28,0.0740893329362825,0.0983588560472921,7.490679016275173,
Cockatoo_office_Jimmy,snaive168,28,0.1782073103884186,0.3063156892053131,22.73120721529164,
Cockatoo_office_Jodie,snaive168,28,0.1590087858741324,0.1965823669898885,16.50155725431353,
Cockatoo_office_Kristin,snaive168,28,0.0558077127015649,0.0699748035493715,5.6028801477865375,
Cockatoo_office_Laila,snaive168,28,0.0470071485299882,0.0612298395451521,4.689981958625792,
Cockatoo_office_Lorraine,snaive168,28,0.2896225269111416,0.3954114369483587,32.670009279175616,
Cockatoo_office_Paige,snaive168,28,0.1042239135618826,0.1362352648553293,10.67642183448192,
Cockatoo_office_Pansy,snaive168,28,0.1545540891518652,0.3006939225860532,19.606498799181704,
Cockatoo_office_Rodney,snaive168,28,0.1182283163495302,0.1697524689511087,13.339452702245683,
Cockatoo_office_Roxanna,snaive168,28,0.1452562342012962,0.1945459990599101,14.798853575656551,
Cockatoo_public_Caleb,snaive168,28,0.1425127970457091,0.2355456454300715,17.60992699303206,
Cockatoo_public_Chiquita,snaive168,28,0.1481610517281884,0.2257721444748335,17.262756595731748,
Cockatoo_public_Harland,snaive168,28,0.2014715482383258,0.2963284987779818,29.468896142025123,
Cockatoo_public_Leah,snaive168,28,0.1759480292113452,0.2641992737891261,23.905964084630853,
Cockatoo_public_Shad,snaive168,28,0.1442343768954553,0.1859139194590416,16.14000788445814,
Cockatoo_public_Valerie,snaive168,28,0.1076181939979645,0.1482189585410825,10.714656957946085,
Cockatoo_religion_Diedre,snaive168,28,0.5266259840219051,0.7089304296566868,74.29174849663619,
Cockatoo_science_Rex,snaive168,28,0.0784296272885125,0.1074072191339855,8.093987832161497,
Cockatoo_utility_Kimiko,snaive168,28,0.2185374443700676,0.3205273658891029,27.66361826274687,
Cockatoo_utility_Sherri,snaive168,28,0.1346911640414801,0.287701914225195,16.053853263487166,
Crow_education_Kate,snaive168,28,0.0,0.0,0.0,
Crow_education_Keisha,snaive168,28,0.0,0.0,0.0,
Crow_education_Marlin,snaive168,28,0.0,0.0,0.0,
Crow_education_Omer,snaive168,28,0.0,0.0,0.0,
Crow_education_Winston,snaive168,28,0.0,0.0,0.0,
Eagle_assembly_Benny,snaive168,28,0.1315435264134671,0.1891385958324349,13.010823106104244,
Eagle_assembly_Candice,snaive168,28,0.8071586070329314,1.5282677686055064,172.86727651531226,
Eagle_assembly_Estelle,snaive168,28,0.2884808492325347,0.4599610705399951,27.937837146716,
Eagle_assembly_Herbert,snaive168,28,0.3375238012672296,0.5215569447297599,135.54300305731385,
Eagle_assembly_Ian,snaive168,28,0.3285214166819692,0.4997988649043096,32.1198225039307,
Eagle_assembly_Josie,snaive168,28,0.2183915275897632,0.2790786150797337,26.230919565303655,
Eagle_assembly_Lacy,snaive168,28,0.1275483941004575,0.1699672340251872,30.456956675057384,
Eagle_assembly_Latrina,snaive168,28,0.4581017948007183,0.645427989110981,1693.4746822083096,
Eagle_assembly_Margret,snaive168,28,0.109926257473355,0.1536391795866243,12.09700174107195,
Eagle_assembly_Portia,snaive168,28,0.1664306127094953,0.2510798816171103,16.26315504696522,
Eagle_education_Alberto,snaive168,28,0.8543973850438655,1.6344652272666391,8006.758556120338,
Eagle_education_April,snaive168,28,0.1620952225835455,0.2348516426823337,28.07162050857848,
Eagle_education_Brianne,snaive168,28,0.1013509044611263,0.1247047684668101,10.412094048702206,
Eagle_education_Brooke,snaive168,28,0.0419783192181918,0.1016814136705836,89.6513328831218,
Eagle_education_Edith,snaive168,28,0.18222338069284,0.2647092888995276,22.236048771409568,
Eagle_education_Eileen,snaive168,28,0.9091085136666694,1.6483937893885372,7995.214129113591,
Eagle_education_Jewell,snaive168,28,0.1050451623354184,0.1700458169163129,46.40431629884315,
Eagle_education_Lino,snaive168,28,0.2949395007778271,0.3618052152717493,48.08250496313391,
Eagle_education_Luther,snaive168,28,0.0521138416570311,0.0781886079192867,5.615335518485506,
Eagle_education_Maragret,snaive168,28,0.1732928679817905,0.2370349283912204,35.26353262251302,
Eagle_education_Norah,snaive168,28,0.0444188932476224,0.0567987486953454,4.506797733617969,
Eagle_education_Paul,snaive168,28,0.9529483171577168,1.730648377077652,8039.277764513437,
Eagle_education_Peter,snaive168,28,0.0323647778935267,0.0415836401242432,3.235326127780186,
Eagle_education_Petra,snaive168,28,0.1022432505343543,0.1513152174369003,9.970348296949425,
Eagle_education_Raul,snaive168,28,0.0420901323393431,0.0687296105013242,4.662187486244895,
Eagle_education_Roman,snaive168,28,0.034828933153484,0.0615922165479292,3.826961170684557,
Eagle_education_Samantha,snaive168,28,0.0564134567036609,0.073757627254247,5.747569498139676,
Eagle_education_Shana,snaive168,28,0.8548971955539617,1.635549035078935,8008.124503137421,
Eagle_education_Shanna,snaive168,28,0.1905090409081736,0.2289384776221899,19.66088058333433,
Eagle_education_Shante,snaive168,28,0.0261955968436762,0.0347404761871826,2.6060429389801603,
Eagle_education_Sheena,snaive168,28,0.9529484315403528,1.7306485309677628,8039.278065142566,
Eagle_education_Sherrill,snaive168,28,0.0308338298930835,0.0407097153003764,3.0787020975822905,
Eagle_education_Teresa,snaive168,28,0.1266725899829393,0.1658901264155192,13.709252792510604,
Eagle_education_Wesley,snaive168,28,0.1543936381709741,0.2291830327236785,19.41331539206993,
Eagle_education_Will,snaive168,28,0.0812036938042449,0.0998665247604984,8.103668192015423,
Eagle_food_Jennifer,snaive168,28,0.2762703001020608,0.5505759420226405,25.102614233569515,
Eagle_food_Kay,snaive168,28,0.2972854075512754,0.5232987236491726,44.89800924733185,
Eagle_health_Amy,snaive168,28,0.3592621059418128,0.5125216714272594,65.67719717908625,
Eagle_health_Athena,snaive168,28,0.1889162561576354,0.291771913776432,20.318246909783145,
Eagle_health_Gregoria,snaive168,28,0.3907630424036518,0.7160293462558209,27.371156203705965,
Eagle_health_Jodi,snaive168,28,0.0867490698930131,0.1335734022339032,9.01091798231994,
Eagle_health_Lucinda,snaive168,28,0.1541302143644694,0.2643214718065972,243.3610072218992,
Eagle_health_Margo,snaive168,28,0.8693466911776397,1.6470659155324452,8029.015689202432,
Eagle_health_Reba,snaive168,28,0.040411590810923,0.0621352560976729,3.99041823069625,
Eagle_health_Reuben,snaive168,28,0.3214113566365931,0.5779544177881147,1351.1458597969968,
Eagle_health_Trisha,snaive168,28,0.0873083798479289,0.1125142316367898,8.717359255159945,
Eagle_health_Vincenza,snaive168,28,0.2407532319878705,0.4159862181781094,77.91441209948289,
Eagle_lodging_Andy,snaive168,28,0.3484284866230608,0.524999196117738,52.75520578009921,
Eagle_lodging_Casey,snaive168,28,0.4147182913661957,0.6473576740025972,81.2817148208974,
Eagle_lodging_Dawn,snaive168,28,0.414270596527342,0.6481840329029936,82.18078537085634,
Eagle_lodging_Edgardo,snaive168,28,0.3843831623102962,0.592227307104117,65.24331121273997,
Eagle_lodging_Stephanie,snaive168,28,0.1527010656427735,0.2252932799285903,16.584471226320925,
Eagle_lodging_Terri,snaive168,28,0.2630386147528279,0.3266628224168868,26.063882380236336,
Eagle_lodging_Tressa,snaive168,28,0.1422621601837595,0.2239389857904018,14.041973714989906,
Eagle_lodging_Trina,snaive168,28,0.5088405768632442,0.744059296881635,85.33826403710849,
Eagle_office_Amanda,snaive168,28,0.8387149162886217,1.116490344450281,4495.46448294367,
Eagle_office_Amie,snaive168,28,0.0557856217068348,0.1115712434136697,6.415816673697961,
Eagle_office_Bridgett,snaive168,28,0.1145371735924886,0.1554880900755406,12.289079448896548,
Eagle_office_Chantelle,snaive168,28,0.0911645507645751,0.1389652116597145,10.267792797242205,
Eagle_office_Chauncey,snaive168,28,0.870903109722287,1.6507446045258114,8051.386053632289,
Eagle_office_Dallas,snaive168,28,0.1377913552270934,0.1999629950441801,13.9190164566319,
Eagle_office_Damian,snaive168,28,0.1445528372814838,0.2167515087252605,14.719312433737503,
Eagle_office_Demetra,snaive168,28,0.2065745444843418,0.3799623748723607,39.438347365012575,
Eagle_office_Donovan,snaive168,28,0.1971812427270881,0.2542319970422095,31.54493506243844,
Eagle_office_Efrain,snaive168,28,0.1597570684566423,0.2099564327973802,16.205506964282403,
Eagle_office_Elia,snaive168,28,0.2638071433149311,0.3637898019114352,27.98903671364505,
Eagle_office_Elias,snaive168,28,0.1445527984584809,0.2167514460289746,14.71930773751112,
Eagle_office_Elvis,snaive168,28,0.1918554133117071,0.2771996456534652,31.459547710108566,
Eagle_office_Flossie,snaive168,28,0.1665092984084845,0.2193073140761411,27.01086806591835,
Eagle_office_Francis,snaive168,28,0.0660187513335536,0.09159683061853,20.07922558196544,
Eagle_office_Freida,snaive168,28,0.1360266555601832,0.1902282865743719,109.98750504022584,
Eagle_office_Henriette,snaive168,28,0.1885691418657928,0.2988715371601381,45.31905515827471,
Eagle_office_Isidro,snaive168,28,0.2081835609872993,0.3559934100845045,26.38853488325863,
Eagle_office_Jackie,snaive168,28,0.1552366156198367,0.2083867096371907,16.942409451803293,
Eagle_office_Jeff,snaive168,28,0.2112508319030439,0.3145422073569752,27.23212541443945,
Eagle_office_Joette,snaive168,28,0.0674571131469335,0.1015976326640211,6.856028697676778,
Eagle_office_Katheleen,snaive168,28,0.3987776845218096,0.4991325934148825,48.05754026294829,
Eagle_office_Lamont,snaive168,28,0.9375846044708284,1.6769098964394749,8001.660389255981,
Eagle_office_Lane,snaive168,28,0.166832174776564,0.2371507160224424,211.11124003906565,
Eagle_office_Lillian,snaive168,28,0.2900691601923915,0.3874579759064496,161.84594297180536,
Eagle_office_Mable,snaive168,28,0.2488518460166422,0.3671927819502836,77.75641059998641,
Eagle_office_Mandi,snaive168,28,0.85489732777854,1.6355490864833904,8008.124596220698,
Eagle_office_Marisela,snaive168,28,0.9159874735472282,1.6720340857679703,8020.878213091267,
Eagle_office_Michele,snaive168,28,0.1581892935056217,0.1918260953781048,15.545548852026409,
Eagle_office_Nereida,snaive168,28,0.8785748931340989,1.6574040373648902,8047.169307270676,
Eagle_office_Norbert,snaive168,28,0.9251996009014912,1.723032146186292,8004.835452083022,
Eagle_office_Patrice,snaive168,28,0.1198439557509355,0.1688386948588723,12.365574243838315,
Eagle_office_Phyllis,snaive168,28,0.8548971378091025,1.6355490298038189,8008.124668648773,
Eagle_office_Randolph,snaive168,28,0.129493344137224,0.2067659846247823,13.948213403161713,
Eagle_office_Remedios,snaive168,28,0.8946322452250582,1.663901355730704,8068.968971232836,
Eagle_office_Ryan,snaive168,28,0.1772275416234676,0.2469838427052852,18.906578535770965,
Eagle_office_Sheree,snaive168,28,0.2047156726768377,0.3163967719611049,23.610520597127746,
Eagle_office_Sonya,snaive168,28,0.0800316200039959,0.1023699132209369,8.091052474485009,
Eagle_office_Tia,snaive168,28,0.909108488986826,1.6483938177874964,7995.214305152757,
Eagle_office_Yadira,snaive168,28,0.2516816450972196,0.3550746420454292,141.99633814968195,
Eagle_public_Alvin,snaive168,28,0.076840742204826,0.1063282254364872,21.00567309929463,
Eagle_public_Henry,snaive168,28,0.244691468492962,0.339279055588971,47.24075476430259,
Eagle_public_Minnie,snaive168,28,0.0747474747474747,0.1125812791792892,7.504059766014374,
Eagle_public_Missy,snaive168,28,0.2307035814544915,0.3552837372099067,24.57231392645715,
Eagle_public_Ola,snaive168,28,0.2451594467939193,0.3364461057291026,34.3879120101571,
Eagle_public_Pearle,snaive168,28,0.2115130445968409,0.3760729416237077,37.67901816741409,
Eagle_public_Preston,snaive168,28,0.1511291700996371,0.2457713053078431,29.038183522764232,
Fox_assembly_Adrianne,snaive168,28,0.3428491754112061,0.5420294083161796,46.01181690672322,
Fox_assembly_Audrey,snaive168,28,0.0778797363557701,0.164178441682617,8.76514974713816,
Fox_assembly_Boyce,snaive168,28,0.0876890228382083,0.1419389925807621,10.290196812124758,
Fox_assembly_Bradley,snaive168,28,0.1438391433039675,0.3161281275846488,58.94172041999426,
Fox_assembly_Carlos,snaive168,28,0.1496475607577565,0.2620301066835266,27.587720582397623,
Fox_assembly_Cathy,snaive168,28,0.5035747876470108,0.9249047295006813,3033.518270043785,
Fox_assembly_Cecelia,snaive168,28,0.2697001398912279,0.3910961967358187,39.920151302413714,
Fox_assembly_Christie,snaive168,28,0.4375310042564131,0.6507944202496492,52.87672254097613,
Fox_assembly_Cindy,snaive168,28,0.185459629088592,0.241427867190728,19.848797946939133,
Fox_assembly_Dixie,snaive168,28,0.4657906779813703,0.8442165641055087,52.7275807111278,
Fox_assembly_Emma,snaive168,28,0.1443724534033376,0.2048425148635308,60.82451317880376,
Fox_assembly_Gary,snaive168,28,0.1572116663313296,0.1967317532436182,16.819751455762695,
Fox_assembly_Jerrod,snaive168,28,0.7726734548898887,5.068520671821651,95.30695498514976,
Fox_assembly_Johnnie,snaive168,28,0.1940724432616478,0.2807250390075723,29.125729583401483,
Fox_assembly_Kathie,snaive168,28,0.3923037488314552,0.5803769282296031,108.39661735575685,
Fox_assembly_Lakeisha,snaive168,28,0.3234756257329809,0.4248127465371014,85.18250206422238,
Fox_assembly_Leeanne,snaive168,28,0.2064550176032515,0.2993474494452638,20.457711305068983,
Fox_assembly_Renna,snaive168,28,0.0458157103501228,0.0771104336704984,5.385144873462592,
Fox_assembly_Sheldon,snaive168,28,0.1432325394971586,0.1989961638648744,43.65463446187232,
Fox_assembly_Terrell,snaive168,28,0.1356858183659928,0.2329750901426631,70.93223986070359,
Fox_assembly_Tony,snaive168,28,0.2033246809339509,0.2694035175329474,45.3320286042323,
Fox_education_Andre,snaive168,28,0.056008107655042,0.1089482603806863,10.108281662489434,
Fox_education_Ashli,snaive168,28,0.1418650070941176,0.1923974419937583,15.094711216917943,
Fox_education_Burton,snaive168,28,0.1332235134765573,0.1896118478268521,65.11592819493966,
Fox_education_Carleen,snaive168,28,0.1321651566290969,0.1803312669351376,14.71234531066679,
Fox_education_Charles,snaive168,28,0.1188924596164896,0.230424505203842,42.05538503255445,
Fox_education_Claire,snaive168,28,0.0853716861146125,0.1615844658555888,9.690026488720184,
Fox_education_Claude,snaive168,28,0.0219940584042102,0.0592266185313814,2.763011939102288,
Fox_education_Cynthia,snaive168,28,0.1772647825126382,0.2340750249780795,17.731102156963857,
Fox_education_Delma,snaive168,28,0.4235647324582713,0.9030101897570254,692.546217414697,
Fox_education_Dewayne,snaive168,28,0.1086697883319795,0.1760499101805077,11.876887015864725,
Fox_education_Dominique,snaive168,28,0.0430410525141252,0.0949295632735907,50.81595104670512,
Fox_education_Eddy,snaive168,28,0.1340247310897119,0.2105188358792724,18.52534285634284,
Fox_education_Eldon,snaive168,28,0.0535462432895875,0.098632317659777,36.97357457764143,
Fox_education_Elizabeth,snaive168,28,0.1121032140984927,0.1595127449648223,25.723586750710336,
Fox_education_Elois,snaive168,28,0.272560246971868,0.3475391402199886,51.527685726966496,
Fox_education_Elvira,snaive168,28,0.1341566790114263,0.185101974747304,14.118578643526105,
Fox_education_Etta,snaive168,28,0.171435571391056,0.2197547157521479,16.78679716952673,
Fox_education_Gayla,snaive168,28,0.2070254385223001,0.3089856669132678,51.06862156524391,
Fox_education_Geoffrey,snaive168,28,0.0509830474600035,0.1001016052630804,49.09135334867798,
Fox_education_Gloria,snaive168,28,0.0408956439675969,0.0942099637026988,49.76815455652759,
Fox_education_Henrietta,snaive168,28,0.2305659107295431,0.3229249997874956,27.23341592522543,
Fox_education_Heriberto,snaive168,28,0.047260331484242,0.0787917086417625,5.520826225897351,
Fox_education_Jaclyn,snaive168,28,0.1471157494355207,0.1745905944673148,15.412879974765708,
Fox_education_Jacqueline,snaive168,28,0.416479451843265,0.7623566326225258,56.86147342513809,
Fox_education_Janina,snaive168,28,0.097216130950986,0.2003985216815607,13.424593597600731,
Fox_education_John,snaive168,28,1.098032664144109,1.5509717286191758,5793.151379391259,
Fox_education_Kendrick,snaive168,28,0.515082830788378,0.7798400994312128,161.61718930139983,
Fox_education_Kim,snaive168,28,0.2485345640930159,0.3381960802341833,58.952936715817096,
Fox_education_Kris,snaive168,28,0.1790227829344164,0.2434540526844228,30.16761197891488,
Fox_education_Leona,snaive168,28,0.0534990311715231,0.0914291047620843,6.081033343819825,
Fox_education_Leota,snaive168,28,0.0777055424218544,0.1132295574124766,8.124731956555232,
Fox_education_Lesley,snaive168,28,0.3134117995380027,0.5715563443967149,27.40440789469331,
Fox_education_Lilly,snaive168,28,0.2326666945101026,0.4348193429213883,1504.1805913463686,
Fox_education_Long,snaive168,28,0.0740418782260054,0.1561502754763373,26.536048883198447,
Fox_education_Louie,snaive168,28,0.1341608375033495,0.1847612912135712,43.32422140174433,
Fox_education_Marcelina,snaive168,28,0.3468754181201898,0.5641045554390661,45.44563606321568,
Fox_education_Maris,snaive168,28,0.0728682362933425,0.1153613553989934,21.574457549567946,
Fox_education_Marlana,snaive168,28,0.2236644348082005,0.4502142510588428,1616.695021918839,
Fox_education_Maureen,snaive168,28,0.0469266957688902,0.0815837168373336,5.05873217052639,
Fox_education_Melinda,snaive168,28,0.1245946874387635,0.183476739482163,23.327633554751,
Fox_education_Melvin,snaive168,28,0.3667297885795468,0.5842049594398464,1459.6953852458437,
Fox_education_Miguelina,snaive168,28,0.1274101098929091,0.2129634439741521,10.77729359200635,
Fox_education_Nilda,snaive168,28,0.1455032232809235,0.2044909570061574,14.470522254272849,
Fox_education_Ollie,snaive168,28,0.1401115551009776,0.1952651088310774,15.14680950482985,
Fox_education_Otilia,snaive168,28,0.0250504786346639,0.0792486597411446,31.633224540254908,
Fox_education_Ray,snaive168,28,0.13319572700335,0.1772820109776238,14.680008485162348,
Fox_education_Rosie,snaive168,28,0.1376038238673085,0.1716163644012743,30.67453303027656,
Fox_education_Rudolph,snaive168,28,0.4872298318472551,0.7021721709031103,2465.58361707988,
Fox_education_Shaun,snaive168,28,0.2306510430255779,0.3899506581907951,62.92561050096928,
Fox_education_Shawanda,snaive168,28,0.3530524888434644,0.5338948333783867,36.2777888237439,
Fox_education_Shirley,snaive168,28,0.3051789609457095,0.4818991664767368,25.81569327474027,
Fox_education_Stacia,snaive168,28,0.0273836670249129,0.0723680417891977,3.813635276660006,
Fox_education_Sterling,snaive168,28,0.1941547328109965,0.3116064789482397,41.74211007985612,
Fox_education_Suzan,snaive168,28,0.1014587243755479,0.171366809471904,13.484719956214835,
Fox_education_Tamika,snaive168,28,0.0939620945634904,0.1279990204697731,9.94630872082267,
Fox_education_Theodore,snaive168,28,0.0207868340044846,0.0513050108078971,2.4558322691864523,
Fox_education_Tonya,snaive168,28,0.0508600577016107,0.0960692986853708,6.40807593123362,
Fox_education_Virgil,snaive168,28,0.0672807384460127,0.1213228690596863,57.52529825466807,
Fox_education_Virginia,snaive168,28,0.3485622728963406,0.6046734526269364,134.14665507143906,
Fox_education_Wendell,snaive168,28,0.0343523981505551,0.0883587727088244,46.93164842059567,
Fox_education_Willis,snaive168,28,0.0298433659028643,0.0554308428597832,3.372794808085918,
Fox_education_Yolande,snaive168,28,0.0322465166747718,0.0590051915684457,3.6233232622774647,
Fox_food_Francesco,snaive168,28,0.2396931855703405,0.4270472913595304,40.21687211839912,
Fox_food_Scott,snaive168,28,0.1700858621056483,0.2832568341799382,34.127322101404125,
Fox_health_Lorena,snaive168,28,0.2881563634350712,0.4377756062682816,28.19707764006144,
Fox_lodging_Alana,snaive168,28,0.1184962806865464,0.1895696954112217,12.67599310954965,
Fox_lodging_Angla,snaive168,28,0.2196651023164921,0.3852169691058788,23.83846271432281,
Fox_lodging_Frances,snaive168,28,0.0675096755251403,0.1046834705623979,7.424100251100262,
Fox_lodging_Helen,snaive168,28,0.1449882543881897,0.2200583423067802,16.32253061756129,
Fox_lodging_Isabell,snaive168,28,0.0819571297382378,0.131227565178765,10.52715250478314,
Fox_lodging_Jina,snaive168,28,0.090332438866363,0.1296083111021015,9.36883884511801,
Fox_lodging_Morris,snaive168,28,0.0611860400171491,0.1029757519851205,21.13361759090705,
Fox_lodging_Stephan,snaive168,28,0.1011872266499863,0.1550607114114556,53.21216149047624,
Fox_lodging_Stephen,snaive168,28,0.1249438320216534,0.1763181096669493,13.023033478086733,
Fox_lodging_Wallace,snaive168,28,0.1134676220216318,0.1807731135289232,12.263067906133308,
Fox_lodging_Warren,snaive168,28,0.1394668705037219,0.191369057297647,53.91296290735414,
Fox_lodging_Winifred,snaive168,28,0.0756105158634096,0.098836245416298,8.537343150969615,
Fox_office_Alice,snaive168,28,0.0434998401176521,0.08244101560992,19.699659819822266,
Fox_office_Bernard,snaive168,28,0.0710880127157784,0.1273632425837065,23.22528528807021,
Fox_office_Berniece,snaive168,28,0.177520837053812,0.2728203169152667,19.02157225639184,
Fox_office_Brandy,snaive168,28,0.1304268221232716,0.2040490393516488,34.57764388734369,
Fox_office_Carson,snaive168,28,0.1572280764672274,0.2827380945249922,39.50226395451708,
Fox_office_Clayton,snaive168,28,0.1362637584591801,0.1954956908261169,13.871684778259146,
Fox_office_Demetrius,snaive168,28,0.2801594417739054,0.3737490513613435,97.81728493928506,
Fox_office_Easter,snaive168,28,0.1536615401097898,0.2860624112685694,13.302034100000837,
Fox_office_Edythe,snaive168,28,0.1012551651439759,0.1409155636048002,25.87651664262817,
Fox_office_Essie,snaive168,28,0.2240327936608253,0.4484723915602153,31.06595761800264,
Fox_office_Gaylord,snaive168,28,0.0774550649080306,0.1636317590139553,8.573228786441211,
Fox_office_Israel,snaive168,28,0.0817070430516208,0.1256985108343108,26.366819860525787,
Fox_office_Joy,snaive168,28,0.0670326573945165,0.0985883191138002,7.506915499794086,
Fox_office_Juana,snaive168,28,0.2367220018342549,0.4106589367912988,18.151120431559896,
Fox_office_Karima,snaive168,28,0.1214650632406104,0.1862343950095952,11.318338891816945,
Fox_office_Margarita,snaive168,28,0.1530451027784553,0.2111999948387438,15.866176037218963,
Fox_office_Molly,snaive168,28,0.2147357863906916,0.465983482373916,44.599585045592136,
Fox_office_Rowena,snaive168,28,0.1504737179537917,0.2440397725809008,15.35491107836385,
Fox_office_Sheila,snaive168,28,0.1213815306818979,0.2159178208837182,11.752321224552276,
Fox_office_Susanne,snaive168,28,0.3509880189050315,0.4611542245707946,41.64233096278629,
Fox_office_Thelma,snaive168,28,0.100619397539715,0.1812167981001274,12.440079621940788,
Fox_office_Vicki,snaive168,28,0.0992221141974004,0.1497682996919102,10.268983133512966,
Fox_office_Yong,snaive168,28,0.1673995875740431,0.2113262774574038,17.290175509236946,
Fox_office_Zachary,snaive168,28,0.1989720391077174,0.2587933617618862,79.77492391132702,
Fox_parking_Felipa,snaive168,28,0.0299288621526388,0.079447633745875,4.215350588481308,
Fox_parking_Lynelle,snaive168,28,0.0807644547972961,0.1327468419024732,10.70815006449874,
Fox_parking_Tommie,snaive168,28,0.0201444221411974,0.0601499608810887,2.524372829440792,
Fox_public_Bart,snaive168,28,0.2569799811650127,0.4112853514325496,34.44019273536282,
Fox_public_Belle,snaive168,28,0.3808770219002403,0.5376263456714007,79.38681974056723,
Fox_public_Denny,snaive168,28,0.104630146671283,0.1331098346894477,10.887109138031793,
Fox_public_Lauren,snaive168,28,0.1186817239069818,0.1714838312347816,13.687695632287124,
Fox_public_Martin,snaive168,28,0.0596783816789724,0.1042989841294559,7.455711034993071,
Fox_public_Rhonda,snaive168,28,0.2154430413031399,0.3063648912089792,71.88084567064776,
Fox_religion_Maurice,snaive168,28,0.5941261064499009,0.7448506312550067,287.30000297926347,
Fox_retail_Manie,snaive168,28,0.1624022142049575,0.3028148538233106,19.32770953601658,
Fox_utility_Marian,snaive168,28,0.350748365875701,0.6739936648750272,72.24282001895294,
Fox_warehouse_Lorretta,snaive168,28,0.2978371819340362,1.244199691665575,22.05863005343572,
Fox_warehouse_Pearl,snaive168,28,0.325439259682771,0.4361813329882555,88.80145155196502,
Gator_assembly_Blanca,snaive168,28,0.3028575917849846,0.4119586929331327,39.524436138110936,
Gator_assembly_Daisy,snaive168,28,0.1090332710280373,0.2283483957826537,19.71786469630941,
Gator_assembly_Enid,snaive168,28,0.2186722947702732,0.3579668325966771,177.26481653712008,
Gator_assembly_Gene,snaive168,28,0.1865663729113726,0.2981330362868174,30.17832007292282,
Gator_assembly_Joni,snaive168,28,0.3668367239322205,1.1097271257992016,91.323250755936,
Gator_assembly_Kayleigh,snaive168,28,2.833308541821613,5.38254733722348,4496.567062148524,
Gator_assembly_Kimberly,snaive168,28,0.1251188853312695,0.2082887864063464,17.828310698394723,
Gator_assembly_Lelia,snaive168,28,0.2074718548184982,0.2861400752221534,28.900952621938035,
Gator_assembly_Loyce,snaive168,28,0.114645333016879,0.2480180416549993,26.76931134664848,
Gator_assembly_Lucia,snaive168,28,0.2717395841213774,0.410749614965663,465.9187326653627,
Gator_assembly_Marjorie,snaive168,28,0.2022704300578565,0.2780103520995105,28.57658102695219,
Gator_assembly_Maurine,snaive168,28,0.8860772630601313,1.196669679158889,571.51080560413,
Gator_assembly_Regina,snaive168,28,0.1993985155879349,0.2784276118539032,32.72123997193074,
Gator_office_August,snaive168,28,0.4015445997526052,0.5998366196432793,892.373683540071,
Gator_office_Betty,snaive168,28,0.2586056490943397,0.4108287417064489,596.088652585766,
Gator_office_Hunter,snaive168,28,0.3345324338802253,0.4681789624476845,726.756156181481,
Gator_office_Julie,snaive168,28,0.4945063712115917,0.6126314721718586,1028.5949996374236,
Gator_office_Lisa,snaive168,28,0.1121239485096099,0.2477007730950568,26.05099953462686,
Gator_office_Lucy,snaive168,28,0.4684275013578889,0.7264132897517044,1710.985862166497,
Gator_other_Cassandra,snaive168,28,0.3626386016178897,0.4759658971869672,41.30961643550136,
Gator_other_Elfriede,snaive168,28,0.2288458539803631,0.3018708978038623,36.40719860718538,
Gator_other_Gertrude,snaive168,28,0.4672448992424845,0.7196166396157201,91.95657037591631,
Gator_other_Minda,snaive168,28,0.6231836924933781,1.1244701484754065,245.14092490375197,
Gator_other_Reginald,snaive168,28,0.2132353486159233,0.3136873633220048,29.319782618266288,
Gator_other_Russel,snaive168,28,0.2040799133646574,0.3740851092432721,431.37664408689614,
Gator_public_Alexandra,snaive168,28,0.4869566269943217,0.6731136365192526,64.32518133563525,
Gator_public_Beulah,snaive168,28,0.2820661023555597,0.3655195220234357,49.26981029438134,
Gator_public_Cheri,snaive168,28,0.4763638267767902,0.5883720255647683,48.31123526038896,
Gator_public_Clara,snaive168,28,0.3389493307968219,0.4242244179548169,56.2454777667479,
Gator_public_Dale,snaive168,28,0.327485940699781,0.4058333708202312,51.62121492691551,
Gator_public_Dewey,snaive168,28,0.1611043019249454,0.2605105360459161,33.268599761319976,
Gator_public_Dionna,snaive168,28,0.1435624183911213,0.2328292298313338,14.38475329516676,
Gator_public_Erika,snaive168,28,0.2210140748517022,0.3395079145909321,48.39971229801379,
Gator_public_Everette,snaive168,28,0.4267920892058178,0.544124726769074,71.05835349694742,
Gator_public_Geraldine,snaive168,28,0.4632048968362565,0.5347696187937961,59.14388656640215,
Gator_public_Janna,snaive168,28,0.3838833073111256,0.4725807585040786,51.33964149153167,
Gator_public_Jayme,snaive168,28,0.2001711003221535,0.3031759476800294,49.42226117127716,
Gator_public_Kendall,snaive168,28,0.2160196883776451,0.3555605897216062,59.21072149334346,
Gator_public_Kenny,snaive168,28,0.2954355784718138,0.3925907460575566,32.2939754663694,
Gator_public_Latasha,snaive168,28,0.4065948267108759,0.4899682623548423,51.60729507268711,
Gator_public_Leroy,snaive168,28,0.2692141495915262,0.3233852087145615,31.56316574022353,
Gator_public_Lindsey,snaive168,28,0.2651507754819592,0.3739070996414749,401.4062915979128,
Gator_public_Marcie,snaive168,28,0.2404514833803628,0.3672646405838035,66.94529921866577,
Gator_public_Marissa,snaive168,28,0.2311823326394621,0.3050797589475919,23.55300089382844,
Gator_public_Maude,snaive168,28,0.1553847042840182,0.2773842315415227,39.08817099438963,
Gator_public_Natasha,snaive168,28,0.389380678518302,0.5791186151475196,112.04823049517547,
Gator_public_Nettie,snaive168,28,0.3393656399338208,0.4536631464422354,56.53156046053221,
Gator_public_Noe,snaive168,28,0.287518362947222,0.4222559947550101,70.688929237505,
Gator_public_Philip,snaive168,28,0.5840068460587621,0.7408860612418295,79.22094031081129,
Gator_public_Randall,snaive168,28,0.216961843834375,0.3124498394654577,40.91694070968215,
Gator_public_Ross,snaive168,28,0.8228545489018132,1.1126258862327785,88.68589247563337,
Gator_public_Tiffany,snaive168,28,0.2412040408060506,0.3146213947877266,32.09314960779203,
Gator_warehouse_Constance,snaive168,28,0.3850949546701807,0.496273617895501,549.9329831438206,
Gator_warehouse_Stacie,snaive168,28,0.2707413409350834,0.345832985425417,50.79525134295052,
Hog_assembly_Colette,snaive168,28,0.2619670948038998,0.3951112323006729,26.88589662241701,
Hog_assembly_Dona,snaive168,28,0.1796338138491852,0.2446878833193172,20.01372065493509,
Hog_assembly_Edward,snaive168,28,0.2465113627067214,0.3715483187342853,25.441655862882804,
Hog_assembly_Jasmine,snaive168,28,0.1368958009101596,0.2014920017743426,16.075877072161557,
Hog_assembly_Letha,snaive168,28,0.1035222539921269,0.1532947530137199,9.864904977897918,
Hog_assembly_Maribel,snaive168,28,0.0850158736035393,0.1306169747727616,9.423573819539769,
Hog_assembly_Pedro,snaive168,28,0.2634209287879919,0.3817258949539358,26.851304418677525,
Hog_education_Beth,snaive168,28,0.1507308269626415,0.2062841617857783,15.875660034370624,
Hog_education_Bruno,snaive168,28,0.0356194909390386,0.0633641620473279,3.6369727144372233,
Hog_education_Caridad,snaive168,28,0.0246611440672965,0.0328327003255003,2.4626088822472605,
Hog_education_Casandra,snaive168,28,0.0255500084115248,0.0380777575144492,2.5734492720672124,
Hog_education_Cathleen,snaive168,28,0.0607713026315093,0.0942201865584403,6.428447644955535,
Hog_education_Darryl,snaive168,28,0.1904313689098203,0.2459157506546289,18.579699074834405,
Hog_education_Donnie,snaive168,28,0.1647371750639734,0.2658026754285343,19.493665894499404,
Hog_education_George,snaive168,28,0.030919385216114,0.0460461188292726,3.113048429825489,
Hog_education_Hallie,snaive168,28,0.0280087709675419,0.0415446485818502,2.76801560549306,
Hog_education_Haywood,snaive168,28,0.0261514130034378,0.0373979361923177,2.631410904357525,
Hog_education_Janell,snaive168,28,0.0410576454785976,0.0655490526497305,4.10894812273375,
Hog_education_Jared,snaive168,28,0.1736538404780239,0.2841315768177784,15.81756873940764,
Hog_education_Jewel,snaive168,28,0.1255550060848117,0.1899263885612775,13.47937329954178,
Hog_education_Jordan,snaive168,28,0.107507013583427,0.1631427951804582,11.715316405496988,
Hog_education_Josh,snaive168,28,0.2637661041946818,0.3332230313310009,33.577191950144254,
Hog_education_Leandro,snaive168,28,0.0299347923128253,0.0462291472520372,2.9516610650715345,
Hog_education_Luvenia,snaive168,28,0.0578813643508753,0.0844337120629505,6.055274119019503,
Hog_education_Madge,snaive168,28,0.1023926860152457,0.1450814678340434,10.66029584050057,
Hog_education_Odell,snaive168,28,0.0306378443478321,0.0466295894749785,3.158614665426105,
Hog_education_Rachael,snaive168,28,0.1800324684683829,0.2677680868923415,17.86982035595473,
Hog_education_Robert,snaive168,28,0.1017719338239005,0.1911072210507626,11.647282564515203,
Hog_education_Roberto,snaive168,28,0.0948671106972512,0.1768591643876463,10.661792582136776,
Hog_education_Sonia,snaive168,28,0.0241240876349992,0.0421891243771894,2.3754113373156787,
Hog_education_Wayne,snaive168,28,0.061880234774994,0.1040370046131738,5.9418451973125865,
Hog_food_Morgan,snaive168,28,0.207096594451958,0.3432159435822726,26.320230282760253,
Hog_health_Hisako,snaive168,28,0.0387810731211491,0.0591824839878703,4.034299494698127,
Hog_health_Jenny,snaive168,28,0.0392143693081008,0.0693880400868342,3.978036488266079,
Hog_health_Kesha,snaive168,28,0.0315308219832208,0.0465094865954155,3.157209745228355,
Hog_industrial_Jay,snaive168,28,0.0318228920405077,0.0445122057827261,3.235630741099621,
Hog_industrial_Jeremy,snaive168,28,0.1121688935609155,0.2115247124721636,12.329385900586765,
Hog_industrial_Joanne,snaive168,28,0.1015823912113576,0.1674559865808311,10.720413981702286,
Hog_industrial_Mariah,snaive168,28,0.054490468141907,0.0770458591025132,5.387712058127208,
Hog_industrial_Quentin,snaive168,28,0.1679200266592641,0.2652935073435402,20.080879045697213,
Hog_lodging_Brian,snaive168,28,0.1699645414725717,0.2639303116009228,21.65268016119973,
Hog_lodging_Celeste,snaive168,28,0.1564364412461381,0.2246972300191096,18.18176425252441,
Hog_lodging_Edgar,snaive168,28,,,0.0,
Hog_lodging_Francisco,snaive168,28,0.1706416882174952,0.2886500334007624,23.00216652028275,
Hog_lodging_Hal,snaive168,28,0.109283857347064,0.1737315570529926,12.358320891967804,
Hog_lodging_Mauricio,snaive168,28,0.1293888429001191,0.2021939054414746,15.868523512693574,
Hog_lodging_Nikki,snaive168,28,0.1633659905102403,0.2474112058930024,19.25613721116036,
Hog_lodging_Ora,snaive168,28,0.1405642800193978,0.2174576746214717,17.28452375574974,
Hog_lodging_Retha,snaive168,28,0.0909952089106932,0.1213549792425211,8.71763443593138,
Hog_lodging_Shanti,snaive168,28,0.1087933796896068,0.1610934734011536,11.419646856275046,
Hog_lodging_Shonda,snaive168,28,0.133401944286052,0.1995834494502649,14.920322205419296,
Hog_office_Alexis,snaive168,28,0.1353413026535487,0.2508233342095662,14.69356025315777,
Hog_office_Alisha,snaive168,28,0.093514807936663,0.1194175968469575,9.51163135711426,
Hog_office_Almeda,snaive168,28,0.1281557857337915,0.2062053621109239,13.283451094586985,
Hog_office_Bessie,snaive168,28,0.1118494883925624,0.1856547071676315,12.17074294890123,
Hog_office_Betsy,snaive168,28,0.1743626761056151,0.2411008774958724,18.076186183147342,
Hog_office_Bill,snaive168,28,0.0688070506958982,0.1186664052021659,7.854970583792667,
Hog_office_Bryan,snaive168,28,0.0564483412188838,0.1264946075613534,6.039497631213759,
Hog_office_Byron,snaive168,28,0.0340909442673603,0.0528501065597686,3.346610476924311,
Hog_office_Candi,snaive168,28,0.1860844504771161,0.236358518536983,20.526642776130107,
Hog_office_Carri,snaive168,28,0.0907766107835621,0.1579053753696871,9.647808864623242,
Hog_office_Catalina,snaive168,28,0.4084046351185318,0.5227725300045004,74.15382320413099,
Hog_office_Catharine,snaive168,28,0.031652130216946,0.0469654117144894,3.195127332780056,
Hog_office_Charla,snaive168,28,0.0368251117785278,0.0523333817832495,3.720794103126679,
Hog_office_Clemencia,snaive168,28,0.0464315775143397,0.0666355608475401,4.575254681020483,
Hog_office_Concetta,snaive168,28,0.1323998336337169,0.2473548309233247,14.70107686964061,
Hog_office_Cordelia,snaive168,28,0.1220908392165833,0.2266487016683562,14.393660546186696,
Hog_office_Corey,snaive168,28,0.1254763140677947,0.180998918110861,14.898228868365976,
Hog_office_Corie,snaive168,28,0.1898220747889022,0.3105795123959706,19.732288707037934,
Hog_office_Cornell,snaive168,28,0.066916366352971,0.0834202845870058,6.751699805480857,
Hog_office_Cortney,snaive168,28,,,0.0,
Hog_office_Darline,snaive168,28,0.0252426699351336,0.0397345582363282,2.5152162407265304,
Hog_office_Denita,snaive168,28,0.1360036546644693,0.2239687052463333,15.972783374998198,
Hog_office_Elizbeth,snaive168,28,0.0313333212795388,0.0568411202254946,3.0766229310854234,
Hog_office_Elke,snaive168,28,0.0966376272513703,0.1601370662163468,10.861535137180256,
Hog_office_Elnora,snaive168,28,0.0453955665323525,0.069506316791984,4.514722832638411,
Hog_office_Eloise,snaive168,28,0.0234369193783534,0.034342211473919,2.3538765833773296,
Hog_office_Elsy,snaive168,28,0.084323336095354,0.1209971184395841,8.448945663101021,
Hog_office_Emmanuel,snaive168,28,0.0493762756878451,0.0693842405527827,4.688376392988726,
Hog_office_Garrett,snaive168,28,0.5738843266662254,0.7489268014958752,2620.298294611573,
Hog_office_Guadalupe,snaive168,28,0.1566606389391199,0.2285649429497762,16.628425449326915,
Hog_office_Gustavo,snaive168,28,0.0309329213208007,0.0511871163531529,3.1716249750429424,
Hog_office_Joey,snaive168,28,0.0859583386023123,0.1295627004269753,8.35518748847176,
Hog_office_Josefina,snaive168,28,0.0792950620843524,0.1150853242173011,8.146967931490334,
Hog_office_Lanell,snaive168,28,0.1336098886150367,0.2383564719566212,16.343251571409695,
Hog_office_Lavon,snaive168,28,0.3052008436879773,0.3948913655928027,35.446358689535664,
Hog_office_Leanne,snaive168,28,0.0411211875030418,0.0637467374903662,4.077653425632268,
Hog_office_Leon,snaive168,28,0.1767691443404815,0.2711471620860991,18.64462409493767,
Hog_office_Lizzie,snaive168,28,0.0852970250651965,0.1122831984734354,10.269412372409278,
Hog_office_Mack,snaive168,28,0.0570693617182258,0.0845524207315888,5.70364883882036,
Hog_office_Man,snaive168,28,0.1149621261686657,0.1570379153705173,12.79805672863737,
Hog_office_Mari,snaive168,28,0.1072797436675356,0.1531117042727945,11.177420927540975,
Hog_office_Marilyn,snaive168,28,0.0806590926195563,0.1123142512375645,8.394258326706696,
Hog_office_Marlena,snaive168,28,0.208111999667384,0.441960421864288,20.334134728534163,
Hog_office_Marlene,snaive168,28,0.1183205255433856,0.2560600606378213,16.086900359119415,
Hog_office_Mary,snaive168,28,0.1218818227696023,0.1875333412593372,14.251479655910476,
Hog_office_Merilyn,snaive168,28,0.1196603373282086,0.1577791678301385,12.342388914317484,
Hog_office_Migdalia,snaive168,28,0.1477475631889238,0.2248143634625499,17.29966574425775,
Hog_office_Mike,snaive168,28,0.077902808183588,0.1067573423248007,8.067844026531686,
Hog_office_Miriam,snaive168,28,0.0739100946553323,0.1329306226416121,7.938168058836468,
Hog_office_Myles,snaive168,28,0.0941882046448992,0.2018348775269749,11.121928558828674,
Hog_office_Nancie,snaive168,28,0.1367149066595513,0.220152266823143,13.84928284430044,
Hog_office_Napoleon,snaive168,28,0.0829363601565838,0.1264124201028933,9.010358718857374,
Hog_office_Nia,snaive168,28,0.0175882799168101,0.0266441999823528,1.709613834991449,
Hog_office_Patrick,snaive168,28,0.1599529551593304,0.2502106383428791,16.473880446394812,
Hog_office_Randi,snaive168,28,0.0812488455222502,0.1634459379681712,9.330634609118285,
Hog_office_Richelle,snaive168,28,0.0525521791183159,0.0918868445242487,5.229509084569715,
Hog_office_Roger,snaive168,28,0.214786351636014,0.2936185632326658,22.169568739628488,
Hog_office_Rolando,snaive168,28,0.0299266371891654,0.0452292127414871,3.09177466083875,
Hog_office_Sarah,snaive168,28,0.0231907410484865,0.038456907662869,2.37759908266964,
Hog_office_Shawna,snaive168,28,0.0773569826673737,0.1160754191278727,7.677362405523818,
Hog_office_Shawnna,snaive168,28,0.1103388081862577,0.1755946044408558,11.365022777028406,
Hog_office_Sherrie,snaive168,28,0.1053516831818375,0.1972417347686454,12.08065399778726,
Hog_office_Shon,snaive168,28,0.081277288740261,0.1253766725361207,8.129476754569161,
Hog_office_Simon,snaive168,28,0.1566780821917808,0.2294733866270871,15.600410285528316,
Hog_office_Sonny,snaive168,28,0.0432283415611905,0.0626899050620121,4.356986410855784,
Hog_office_Sung,snaive168,28,0.0581300427147603,0.090981845879821,5.831148257738882,
Hog_office_Sydney,snaive168,28,0.0357217845855205,0.0553600299422676,3.507003858726708,
Hog_office_Terry,snaive168,28,0.1452354480995299,0.2161234969692506,15.078378310654944,
Hog_office_Thomas,snaive168,28,,,1889880952380.9524,
Hog_office_Valda,snaive168,28,0.147931436385994,0.2557090904113618,17.66053899208806,
Hog_office_Vera,snaive168,28,0.1545341737004411,0.1826785723941062,17.147220211976183,
Hog_other_Noma,snaive168,28,0.0315507231345793,0.0399944414466203,3.135518821344017,
Hog_other_Tobias,snaive168,28,0.1396181895193026,0.1955085756372957,14.470214717555791,
Hog_parking_Antoinette,snaive168,28,0.1332413793103448,0.1763852663571183,13.83414845608016,
Hog_parking_Bernardo,snaive168,28,0.1344248489051818,0.1890389503172777,13.616536837488685,
Hog_parking_Cliff,snaive168,28,0.1196245608558904,0.2019803294244661,11.583798822079764,
Hog_parking_Jean,snaive168,28,0.2519983450872783,0.3063057425375373,24.84669522782416,
Hog_parking_Jeana,snaive168,28,0.1887671895056696,0.237968598865678,18.14192443135377,
Hog_parking_Marcus,snaive168,28,0.1239689404022674,0.1584714255241832,12.170384952703795,
Hog_parking_Shannon,snaive168,28,0.0761596704991292,0.0890421643951002,7.549742620265743,
Hog_public_Brad,snaive168,28,0.0721300356937467,0.0960126551695992,7.486024366096593,
Hog_public_Crystal,snaive168,28,0.0835531539884816,0.1593505759450602,9.161621652781884,
Hog_public_Gerard,snaive168,28,0.0457735891733038,0.0716828108047501,4.661188926040855,
Hog_public_Kevin,snaive168,28,0.0847278928782766,0.1421526194769558,10.5360666622774,
Hog_public_Octavia,snaive168,28,0.0577252050231564,0.096293915920421,6.223485321923815,
Hog_science_Max,snaive168,28,0.028089783166586,0.0415233416170498,2.791657714660133,
Hog_services_Adrianna,snaive168,28,0.1505148241502466,0.2367952446147215,15.37099502880428,
Hog_services_Joe,snaive168,28,0.1538264375880291,0.2368558583135239,18.320129573607115,
Hog_services_Kerrie,snaive168,28,0.1026913614704131,0.1576981101999447,10.214547501744487,
Hog_services_Marshall,snaive168,28,0.0521090929241891,0.0832301914311288,5.5215202233192535,
Hog_warehouse_Louise,snaive168,28,0.2237025894488019,0.313568027451727,32.82526000392767,
Hog_warehouse_Porsha,snaive168,28,0.1318496927632509,0.1884138150224157,37.30101011346392,
Hog_warehouse_Rosanna,snaive168,28,0.1342835509576561,0.179382653026569,12.876294067264036,
Lamb_assembly_Bertie,snaive168,28,0.3736930704548338,0.6002407080314419,64.01650109386485,
Lamb_assembly_Cesar,snaive168,28,0.1694298178351222,0.4366574257309785,20.761900927459028,
Lamb_assembly_Cherie,snaive168,28,0.1004898897515751,0.1693451724402476,10.20238398023308,
Lamb_assembly_Corliss,snaive168,28,0.289274656052455,0.4957288842525711,56.08148689329221,
Lamb_assembly_Dillon,snaive168,28,0.385022751795659,0.6685785278041488,145.19447420263978,
Lamb_assembly_Dorathy,snaive168,28,0.0,0.0,0.0,
Lamb_assembly_Dorothy,snaive168,28,0.1532682086102064,0.2034541179314428,15.90404761131542,
Lamb_assembly_Elinor,snaive168,28,0.2850205263960596,0.5837745331746657,19.536970032076365,
Lamb_assembly_Isa,snaive168,28,0.0,0.0,0.0,
Lamb_assembly_Jerry,snaive168,28,0.0,0.0,0.0,
Lamb_assembly_Katelyn,snaive168,28,0.2601289919221593,0.4843287990472648,26.39066790155784,
Lamb_assembly_Kurt,snaive168,28,0.0,0.0,0.0,
Lamb_assembly_Librada,snaive168,28,0.2486148893230884,0.5144355519913704,26.38972908207255,
Lamb_assembly_Louis,snaive168,28,0.6212809301062557,0.9622995501430404,522.2697647832899,
Lamb_assembly_Nicole,snaive168,28,0.0,0.0,0.0,
Lamb_assembly_Ossie,snaive168,28,0.355399260366863,0.5161645631163102,66.76149147854439,
Lamb_assembly_Rosa,snaive168,28,0.7630630588858371,1.8289713588972585,198.9754159916737,
Lamb_assembly_Steven,snaive168,28,0.0,0.0,0.0,
Lamb_assembly_Tasha,snaive168,28,0.4091738621196851,0.6052801455545265,43.5464858463284,
Lamb_assembly_Tawana,snaive168,28,0.0,0.0,0.0,
Lamb_assembly_Theresa,snaive168,28,0.0,0.0,0.0,
Lamb_assembly_Walter,snaive168,28,0.4776355336094802,0.8229432325636937,93.20227129312988,
Lamb_education_Aldo,snaive168,28,0.0,0.0,0.0,
Lamb_education_Antonio,snaive168,28,0.2996156219685787,0.6153723782264406,44.70485477479871,
Lamb_education_Armando,snaive168,28,0.2986316660502869,0.6564732538025855,43.60102451037311,
Lamb_education_Augustine,snaive168,28,0.372681332257502,0.8462397834054416,91.97028772519306,
Lamb_education_Bert,snaive168,28,0.4159264983853465,0.8595120997874297,2549.1531052389105,
Lamb_education_Bettye,snaive168,28,0.0,0.0,0.0,
Lamb_education_Carlton,snaive168,28,0.7030421422952527,1.3504851529474728,5426.835591996559,
Lamb_education_Chet,snaive168,28,0.0,0.0,0.0,
Lamb_education_Daniel,snaive168,28,0.2984720996421693,0.6292838018557353,43.60140058124175,
Lamb_education_Darrel,snaive168,28,0.2833476684542846,0.5899592822375209,39.294050745627615,
Lamb_education_Debby,snaive168,28,0.0,0.0,0.0,
Lamb_education_Dolly,snaive168,28,0.0,0.0,0.0,
Lamb_education_Domitila,snaive168,28,0.3009237690111578,0.6218921413825155,42.150178334393104,
Lamb_education_Dwayne,snaive168,28,0.2252542670591884,0.5467872992795508,33.79272862008039,
Lamb_education_Ellen,snaive168,28,0.0,0.0,0.0,
Lamb_education_Emery,snaive168,28,0.304374910148193,0.591814222128595,38.72311590747525,
Lamb_education_Emilie,snaive168,28,0.4473120028313873,0.8941246480833742,2613.017418990032,
Lamb_education_Eula,snaive168,28,0.7428048358712457,1.5713423166152134,6609.766589190734,
Lamb_education_Faith,snaive168,28,0.3914018717532146,0.8515157138660904,2616.9807636553383,
Lamb_education_Felicia,snaive168,28,0.0,0.0,0.0,
Lamb_education_Felipe,snaive168,28,0.4051861630867295,0.6726850272972758,63.04326383468485,
Lamb_education_Fred,snaive168,28,0.5148481001338021,0.8086732583079939,2305.6423874984034,
Lamb_education_Freddy,snaive168,28,0.0,0.0,0.0,
Lamb_education_Gabriel,snaive168,28,0.2149475479783777,0.4311812715548161,25.20023670455599,
Lamb_education_Gabrielle,snaive168,28,0.5861114052245695,0.9680192385991386,2725.7167585685734,
Lamb_education_Garry,snaive168,28,0.0,0.0,0.0,
Lamb_education_Harold,snaive168,28,0.0,0.0,0.0,
Lamb_education_Heidi,snaive168,28,0.0,0.0,0.0,
Lamb_education_Hellen,snaive168,28,0.4649008034682762,0.8136541727625438,2450.6057591593203,
Lamb_education_Hilary,snaive168,28,0.4887935653490635,0.7877238915053377,97.92824826719536,
Lamb_education_Hillary,snaive168,28,0.0,0.0,0.0,
Lamb_education_Hubert,snaive168,28,0.0,0.0,0.0,
Lamb_education_Hui,snaive168,28,0.3436138808840586,0.7167237823771372,59.528802923540624,
Lamb_education_Ira,snaive168,28,0.0,0.0,0.0,
Lamb_education_Isabelle,snaive168,28,0.2876976627871737,0.5544361019222774,38.288928413743086,
Lamb_education_Jane,snaive168,28,0.0,0.0,0.0,
Lamb_education_Junior,snaive168,28,0.3157284800708856,0.5627755286467374,43.62889381006328,
Lamb_education_Kasha,snaive168,28,0.0,0.0,0.0,
Lamb_education_Kayla,snaive168,28,0.0,0.0,0.0,
Lamb_education_Larissa,snaive168,28,0.0,0.0,0.0,
Lamb_education_Lawrence,snaive168,28,0.4374132285002842,1.0638024684680485,78.13394286418267,
Lamb_education_Lazaro,snaive168,28,0.0,0.0,0.0,
Lamb_education_Lemuel,snaive168,28,0.0,0.0,0.0,
Lamb_education_Leopoldo,snaive168,28,0.0,0.0,0.0,
Lamb_education_Logan,snaive168,28,0.0,0.0,0.0,
Lamb_education_Lucas,snaive168,28,0.3550356773757176,0.7548138682919987,62.65316750299184,
Lamb_education_Luz,snaive168,28,0.2006900257755949,0.4415256647820223,24.82483050573361,
Lamb_education_Mae,snaive168,28,0.2768339879350265,0.5500562561812641,39.76903675188158,
Lamb_education_Manuel,snaive168,28,0.3095093660027724,0.487745214304943,32.924117146742404,
Lamb_education_Marc,snaive168,28,0.3883288894419207,1.251053474096566,2043.7235531178003,
Lamb_education_Maritza,snaive168,28,0.3850426189759531,0.787438367541528,2591.4039421299,
Lamb_education_Marty,snaive168,28,0.0,0.0,0.0,
Lamb_education_Maxwell,snaive168,28,0.1630775205173469,0.4208837337493711,20.47308838062259,
Lamb_education_Mckenzie,snaive168,28,0.2280200268884181,0.503525339781588,23.29870798989455,
Lamb_education_Moses,snaive168,28,0.4256939025834638,0.8488767965587094,2532.066103481958,
Lamb_education_Nathan,snaive168,28,0.0,0.0,0.0,
Lamb_education_Nichol,snaive168,28,0.0,0.0,0.0,
Lamb_education_Norris,snaive168,28,0.4565634140680893,0.8921991160886691,2608.4065647661173,
Lamb_education_Patsy,snaive168,28,0.0,0.0,0.0,
Lamb_education_Phil,snaive168,28,0.0,0.0,0.0,
Lamb_education_Philomena,snaive168,28,0.2844199900780554,0.5574944697035895,37.92042875206807,
Lamb_education_Princess,snaive168,28,0.2928611807034901,0.5915617930025039,39.798495158863886,
Lamb_education_Randal,snaive168,28,0.382981166311026,0.8032216724898255,2534.210021803802,
Lamb_education_Rick,snaive168,28,0.3742430277053948,0.7901951122049639,47.56034954354252,
Lamb_education_Robin,snaive168,28,0.3153294832623705,0.6270502617488914,45.05507819865227,
Lamb_education_Rodrigo,snaive168,28,0.2314761613870115,0.5040021112705767,29.81680453995814,
Lamb_education_Ruben,snaive168,28,0.0,0.0,0.0,
Lamb_education_Sabrina,snaive168,28,0.4755989744496508,0.9818702530634458,2839.4241977548195,
Lamb_education_Salvador,snaive168,28,0.0,0.0,0.0,
Lamb_education_Sara,snaive168,28,0.3820505755316256,0.7602957801549272,72.57913332404857,
Lamb_education_Stefan,snaive168,28,0.422412439595969,0.8044856948560358,86.45281584148903,
Lamb_education_Sunny,snaive168,28,0.4054755356529934,0.7580467815518681,86.48655647056583,
Lamb_education_Sylvester,snaive168,28,0.4668552873370361,0.9252300386909512,2660.198744195989,
Lamb_education_Terina,snaive168,28,0.2601602844306745,0.5182619157446995,38.5777424061204,
Lamb_education_Traci,snaive168,28,0.5251997866874977,1.1817875078711275,2871.4371842562905,
Lamb_education_Vaughn,snaive168,28,0.5021047368580488,0.8914585136260005,2482.482962673332,
Lamb_education_Wanda,snaive168,28,0.0,0.0,0.0,
Lamb_education_Wilbert,snaive168,28,0.0,0.0,0.0,
Lamb_education_Williams,snaive168,28,0.3429926876105608,0.7360695490332896,50.2588803414453,
Lamb_food_Sylvia,snaive168,28,0.0,0.0,0.0,
Lamb_health_Ken,snaive168,28,0.2019232417422307,0.2885383840846555,24.6128787546076,
Lamb_industrial_Carla,snaive168,28,0.2309845914526353,0.4355376816877789,34.13724428781032,
Lamb_industrial_Enrique,snaive168,28,0.7077335805366484,1.0075395405466263,73.82163657331424,
Lamb_industrial_Venessa,snaive168,28,0.0,0.0,0.0,
Lamb_industrial_Willard,snaive168,28,0.0,0.0,0.0,
Lamb_lodging_Burt,snaive168,28,0.2381699030142582,0.4425495818768694,33.23739672520883,
Lamb_lodging_Harley,snaive168,28,0.0,0.0,0.0,
Lamb_office_Bertha,snaive168,28,0.0685676038556341,0.1586667197461818,7.456161825398879,
Lamb_office_Caitlin,snaive168,28,0.2111191028211629,0.3023998276707919,51.33102815163758,
Lamb_office_Callie,snaive168,28,0.0,0.0,0.0,
Lamb_office_Gerardo,snaive168,28,0.3320462962782379,0.6438469827196384,41.70291413761246,
Lamb_office_Jo,snaive168,28,0.0,0.0,0.0,
Lamb_office_Maggie,snaive168,28,0.4952291515698251,0.8224727014198319,120.05518106044484,
Lamb_office_Raymond,snaive168,28,0.3576262235108081,0.657792007927962,54.769663621962565,
Lamb_office_Stefani,snaive168,28,0.0,0.0,0.0,
Lamb_office_Vasiliki,snaive168,28,0.0979928803535306,0.2022607620306842,10.377463087605628,
Lamb_office_Velma,snaive168,28,0.1099939842700184,0.193633554273966,12.669336553239708,
Lamb_office_William,snaive168,28,0.0,0.0,0.0,
Lamb_other_Katharina,snaive168,28,0.6072733863131292,0.7289139769620523,81.74008535446929,
Lamb_other_Minerva,snaive168,28,0.0,0.0,0.0,
Lamb_public_Angeline,snaive168,28,0.3203486732975309,0.5114764544528813,41.43850868474099,
Lamb_public_Grace,snaive168,28,0.1628046202117312,0.3913911471418581,18.761538262122507,
Lamb_public_Gracie,snaive168,28,0.1440654186876177,0.2727145509016972,16.58695927317368,
Lamb_public_Nyla,snaive168,28,0.195175668011959,0.3997538488959425,25.214554784940237,
Lamb_public_Vania,snaive168,28,0.0910666113916967,0.150707024467784,9.511914336028674,
Lamb_warehouse_Allan,snaive168,28,0.0,0.0,0.0,
Moose_education_Abbie,snaive168,28,0.0474472986894782,0.0972702127287213,5.118022448611029,
Moose_education_Clark,snaive168,28,0.085724857519885,0.1447664807698964,9.780479190462838,
Moose_education_Florence,snaive168,28,0.0746325276229722,0.1911074879923307,8.943693230677765,
Moose_education_Gladys,snaive168,28,0.0923461618320301,0.1522065957443742,10.070365757700706,
Moose_education_Leland,snaive168,28,0.0362605479814082,0.0707192813963823,3.670883700443972,
Moose_education_Lori,snaive168,28,0.0867310032245973,0.1033420353149588,8.464709844187121,
Moose_education_Maria,snaive168,28,0.0218072504068405,0.0274982948290804,2.174340530399668,
Moose_education_Marina,snaive168,28,0.0838066604036511,0.1158401761376986,8.366174053238051,
Moose_education_Marlon,snaive168,28,0.0884372211494573,0.1240022091308753,9.744790440515864,
Moose_education_Rene,snaive168,28,0.0825377954882961,0.2426628571210839,11.762329107254372,
Moose_education_Ricardo,snaive168,28,0.0496001613709822,0.0687696988965955,5.005778539902411,
Mouse_health_Estela,snaive168,28,,,0.0,
Mouse_health_Ileana,snaive168,28,,,0.0,
Mouse_health_Justin,snaive168,28,,,0.0,
Mouse_health_Modesto,snaive168,28,,,0.0,
Mouse_lodging_Vicente,snaive168,28,,,0.0,
Panther_assembly_Carrol,snaive168,28,0.5927362003546771,0.8020313636585799,70.1014309859752,
Panther_assembly_David,snaive168,28,0.1917357683037915,0.2707322009101561,20.42380948868327,
Panther_assembly_Denice,snaive168,28,0.1488238455238525,0.1918604220583578,15.35006799141058,
Panther_assembly_Gwyneth,snaive168,28,0.1113356648381176,0.1946320122794501,11.136847932326416,
Panther_assembly_Pamella,snaive168,28,0.5643128764623715,0.7816876509610566,63.68046912362136,
Panther_education_Alecia,snaive168,28,0.2272927719790236,0.3236990725903202,24.74514650378295,
Panther_education_Annetta,snaive168,28,0.2396352279755503,0.3315029913865152,25.962187468384258,
Panther_education_Aurora,snaive168,28,0.2095933165795869,0.3411012465352269,28.87442177479669,
Panther_education_Cleopatra,snaive168,28,0.2300603876388673,0.3105074482950537,31.71828915685891,
Panther_education_Diann,snaive168,28,0.3366587295325565,0.5391480075552983,57.85469668094267,
Panther_education_Edna,snaive168,28,0.121327373083984,0.1690563578164193,12.645291502600177,
Panther_education_Emily,snaive168,28,0.3187724695061886,0.4256712930567905,34.524279757351785,
Panther_education_Enriqueta,snaive168,28,0.3429788029653333,0.4612962364521849,42.161163127726894,
Panther_education_Genevieve,snaive168,28,0.1325533604293565,0.2186571063658036,15.13326860320419,
Panther_education_Gina,snaive168,28,0.025765112656571,0.0371318197891974,2.5925915675357776,
Panther_education_Hugh,snaive168,28,0.0335509185285053,0.046352376999976,3.3781588448409448,
Panther_education_Ivan,snaive168,28,0.1784533781266927,0.2681655128335111,16.05987384998584,
Panther_education_Janis,snaive168,28,0.3465069455732548,0.4745212533077762,38.412864803172056,
Panther_education_Jerome,snaive168,28,0.0269794088120897,0.039094510060914,2.706873281961085,
Panther_education_Jonathan,snaive168,28,5.385791705106296,10.56437025378587,51572.29410533637,
Panther_education_Karri,snaive168,28,0.1202668727686711,0.1746285127566056,12.49535036531126,
Panther_education_Mattie,snaive168,28,0.5421496755731899,0.6834079084064889,74.47613897396566,
Panther_education_Misty,snaive168,28,0.3538519713818152,0.434646824519934,40.47017374578342,
Panther_education_Mohammad,snaive168,28,0.1266346629660937,0.1750141575323496,13.248432725476608,
Panther_education_Neal,snaive168,28,0.1975541278504226,0.2815861695703074,22.023379720820017,
Panther_education_Quintin,snaive168,28,0.2528608133660185,0.3281451617153367,27.281172776588917,
Panther_education_Rosalie,snaive168,28,0.138911533267516,0.1746648881400979,15.007340755821518,
Panther_education_Scarlett,snaive168,28,0.1868831076537673,0.2684505495406806,19.41713971704686,
Panther_education_Shelton,snaive168,28,0.239380860363748,0.2977374464150397,32.089747905734114,
Panther_education_Sophia,snaive168,28,0.0276296355754686,0.0511415117996418,2.9803836632023706,
Panther_education_Teofila,snaive168,28,0.2731335498431531,0.3508780540705797,31.61673393620094,
Panther_education_Tina,snaive168,28,0.6868105040814916,0.9321077204804672,84.30758982952756,
Panther_education_Vincent,snaive168,28,0.2172486415663609,0.3018569748039439,28.727784459580253,
Panther_education_Violet,snaive168,28,0.0861974140919665,0.1149573311801989,8.54672479841885,
Panther_education_Zelda,snaive168,28,0.2548201706146579,0.3772182043588715,30.799317929654137,
Panther_lodging_Alita,snaive168,28,0.2240130518002328,0.280338353352861,25.19937627695204,
Panther_lodging_Anastasia,snaive168,28,0.2243176180760628,0.2748244390895111,24.41887566935184,
Panther_lodging_Awilda,snaive168,28,0.0798584113746055,0.0953055183646627,7.968485289971576,
Panther_lodging_Blaine,snaive168,28,0.3446121233123057,0.4682463915192709,40.57816543813176,
Panther_lodging_Cora,snaive168,28,0.1445389143128362,0.1898847800608632,15.046520986194023,
Panther_lodging_Cornelia,snaive168,28,0.4278642298088027,0.6694272503780244,52.713728045058616,
Panther_lodging_Dianna,snaive168,28,0.1590280421812182,0.200966038621749,15.611386802711442,
Panther_lodging_Edison,snaive168,28,0.3112603959400671,0.3953286390779083,35.40433736096907,
Panther_lodging_Edmond,snaive168,28,0.3018214295661141,0.4158440960725214,32.87979742737246,
Panther_lodging_Else,snaive168,28,0.3255864087731749,0.3941174258910012,34.75296570651494,
Panther_lodging_Fausto,snaive168,28,0.3973794763618219,0.4798537673300347,38.23972609283115,
Panther_lodging_Floyd,snaive168,28,0.2116335584708786,0.2893303951651403,22.39239634258567,
Panther_lodging_Gale,snaive168,28,0.0745561304310452,0.0928806731735531,7.47627037037452,
Panther_lodging_Hattie,snaive168,28,0.1501155157331394,0.2076903118969435,15.673985153713566,
Panther_lodging_Jana,snaive168,28,0.3940068932237465,0.5241271523844285,46.90755400688338,
Panther_lodging_Janice,snaive168,28,0.1926899770546908,0.2271562243736821,20.055447741466526,
Panther_lodging_Jorge,snaive168,28,0.3072289812168953,0.4373008090371348,35.64339408414869,
Panther_lodging_Kaitlin,snaive168,28,0.3968656497825506,0.6246653915100588,49.4836745534537,
Panther_lodging_Kara,snaive168,28,0.1540188999873331,0.207482834736359,16.62613852987355,
Panther_lodging_Kirk,snaive168,28,0.1484781433045337,0.1980385216759981,15.26994906385158,
Panther_lodging_Marisol,snaive168,28,0.1354085225311944,0.1756321485927681,14.133500818799376,
Panther_lodging_Myrtle,snaive168,28,0.2329430547461982,0.3051917598358311,27.323004501219444,
Panther_lodging_Russell,snaive168,28,0.2847665374693294,0.3336325221267501,27.468266178137107,
Panther_lodging_Sonja,snaive168,28,0.2511488983840211,0.3403212476383258,28.1895447647292,
Panther_lodging_Teresita,snaive168,28,0.3717495182179958,0.4901323152164513,44.39666069426639,
Panther_lodging_Tracie,snaive168,28,0.2334961997492757,0.3539252344991666,30.140041930316418,
Panther_lodging_Willa,snaive168,28,0.0929735667237684,0.109405681140771,9.323394513596368,
Panther_office_Antonette,snaive168,28,0.1157147355162649,0.1391960492017092,12.474623397689292,
Panther_office_Brent,snaive168,28,0.5466965942897183,0.7263419104703098,139.20157659127136,
Panther_office_Catherine,snaive168,28,0.2599249740736591,0.3702841383617155,23.91956054301668,
Panther_office_Christian,snaive168,28,0.1981726789489435,0.2606764017211385,22.74798185654088,
Panther_office_Christin,snaive168,28,0.0635082708732572,0.1147047267835562,6.851127959385686,
Panther_office_Clementine,snaive168,28,0.1594082119349633,0.1944800941703333,16.32958157344881,
Panther_office_Danica,snaive168,28,0.4567863211668372,0.6518370246030465,52.59957734989711,
Panther_office_Garth,snaive168,28,0.1270167366643117,0.1769485588145276,12.452559417384764,
Panther_office_Graham,snaive168,28,0.1403802922825728,0.2391953808670535,18.04469171175804,
Panther_office_Hannah,snaive168,28,0.3906919104819431,0.6392455179612204,48.565929318857776,
Panther_office_Jeane,snaive168,28,0.2463200123402599,0.3466393609665565,25.62201953121475,
Panther_office_Jesus,snaive168,28,0.1968352832596867,0.3477106030710337,23.68452234014049,
Panther_office_Karla,snaive168,28,0.3715609348893143,0.603286772102757,40.94136725708304,
Panther_office_Kristen,snaive168,28,0.0851070775933724,0.1089116483222507,8.540324331782715,
Panther_office_Larry,snaive168,28,0.1495101434300639,0.2038560181563495,16.268896385279703,
Panther_office_Lauretta,snaive168,28,0.1159663899088831,0.1351915899572129,11.842237789868152,
Panther_office_Lavinia,snaive168,28,0.2269661119646972,0.2876526429202611,22.03028278772885,
Panther_office_Lois,snaive168,28,0.1161783279477841,0.2801098118762351,11.569022476508453,
Panther_office_Otto,snaive168,28,0.1135150393602088,0.1437563914704219,11.621854268905969,
Panther_office_Patti,snaive168,28,0.0889923211429431,0.1141167926526102,9.127301274926008,
Panther_office_Ruthie,snaive168,28,0.1137193503395091,0.1387755415850985,11.232490126010198,
Panther_office_Shauna,snaive168,28,0.1467719035240716,0.2342454527029097,12.984539917712564,
Panther_office_Taryn,snaive168,28,0.1279280867224706,0.2298576556031496,17.389572374621487,
Panther_office_Valarie,snaive168,28,0.264266520849167,0.3105189827027272,26.64066238130681,
Panther_other_Bethel,snaive168,28,0.1411095805544374,0.1699076811722763,14.055577054175888,
Panther_other_Bettie,snaive168,28,0.0572512183639892,0.0801553611411896,5.657070908287277,
Panther_other_Lucina,snaive168,28,0.6124057563363455,0.9158963605287356,3847.148043685641,
Panther_other_Tyrone,snaive168,28,0.4763325732865433,0.5530031384166753,58.63226230182339,
Panther_parking_Adela,snaive168,28,0.0444455765195873,0.0605678225811632,5.597334639296214,
Panther_parking_Alaina,snaive168,28,0.0341386704972955,0.0487888493813934,4.416750636285024,
Panther_parking_Asia,snaive168,28,0.033240038835784,0.058606749216957,3.728462572487489,
Panther_parking_Charlene,snaive168,28,0.0497352243601111,0.0748668379462339,5.9076167397467065,
Panther_parking_Jody,snaive168,28,0.114064045892238,0.2161003108582634,224.6376888566159,
Panther_parking_Lorriane,snaive168,28,0.0687073652162946,0.1136325916482214,7.117419387470607,
Panther_parking_Mellissa,snaive168,28,0.0594756253899705,0.0738587298904068,6.409693120820831,
Panther_parking_Stanley,snaive168,28,0.0242026509747356,0.0334138779701989,2.5043921197329357,
Panther_retail_Felix,snaive168,28,0.2370411016182661,0.31868195258702,25.43959472283322,
Panther_retail_Kristina,snaive168,28,0.2603224486978276,0.5362197692887243,29.25733278279769,
Panther_retail_Lester,snaive168,28,0.2706242993455802,0.3472478273451728,29.69040832715183,
Panther_retail_Rachel,snaive168,28,0.3235951287477908,0.5789286527405133,34.82113008627291,
Panther_retail_Romeo,snaive168,28,0.0687452465805636,0.0875936440487327,7.077025691893287,
Peacock_assembly_Dena,snaive168,28,0.0585900299758906,0.0987813421196032,6.141149553179471,
Peacock_assembly_Mamie,snaive168,28,0.155553409319029,0.2208198778523689,19.11350305888197,
Peacock_assembly_Russ,snaive168,28,0.0720936534879925,0.1019981165736065,7.430264048066116,
Peacock_assembly_Socorro,snaive168,28,0.2541121494582103,0.312736155393308,28.64914973867283,
Peacock_education_Anita,snaive168,28,0.2148064659861579,0.3069511810436945,23.627025956395816,
Peacock_education_Bianca,snaive168,28,0.0882702336212831,0.1254123370120914,9.44000604877177,
Peacock_education_Dustin,snaive168,28,0.1371283631338155,0.229950887922604,15.003034628377767,
Peacock_education_Forest,snaive168,28,0.1175017671085371,0.155533815697861,11.831495586551268,
Peacock_education_Gilberto,snaive168,28,0.0526922691294192,0.0675050553521895,5.353138251534662,
Peacock_education_Joshua,snaive168,28,0.039108172791544,0.0517567137407615,4.003044956778105,
Peacock_education_Karl,snaive168,28,0.1024988288866641,0.1401148897302616,10.530415012878102,
Peacock_education_Karyn,snaive168,28,0.0327976565105196,0.0420634511780759,3.2997421925164074,
Peacock_education_Lucie,snaive168,28,0.0364181306290475,0.0525505517974274,3.7609391628054953,
Peacock_education_Lyle,snaive168,28,0.1064717390447202,0.1506037888127698,11.601459504888028,
Peacock_education_Ophelia,snaive168,28,0.0327724935754275,0.0431421610648875,3.317844224485108,
Peacock_education_Pasquale,snaive168,28,0.0458288449193318,0.0571772867111339,4.654442059640346,
Peacock_education_Patience,snaive168,28,0.1489176746196175,0.216248887658301,15.756594433265107,
Peacock_education_Robbie,snaive168,28,0.2668481795502522,0.3185318262228389,31.205501473641597,
Peacock_education_Shelly,snaive168,28,0.041946324691812,0.0526729849179819,4.217551674010529,
Peacock_education_Weldon,snaive168,28,0.1318858851622172,0.1711833664389099,14.360011254648748,
Peacock_education_Yolanda,snaive168,28,0.0874307249751153,0.1210434905597862,9.122015345278708,
Peacock_lodging_Chloe,snaive168,28,0.249748969853308,0.3526045539722809,26.766296841804294,
Peacock_lodging_Francesca,snaive168,28,0.1947126401630202,0.2856428432681398,20.2089998838769,
Peacock_lodging_Jamaal,snaive168,28,0.1831249068586517,0.2577517819585759,21.56943989430187,
Peacock_lodging_James,snaive168,28,0.1467992348472948,0.2129691165908827,15.733894436868548,
Peacock_lodging_Lou,snaive168,28,0.0917764657907217,0.1246502879639883,9.42181858609659,
Peacock_lodging_Mathew,snaive168,28,0.1403633957108568,0.2173344311147668,14.65001858342396,
Peacock_lodging_Matthew,snaive168,28,0.0927818669594833,0.1192882374180852,9.527699558661224,
Peacock_lodging_Nova,snaive168,28,0.2912513873810757,0.4280932763730544,32.7924973021104,
Peacock_lodging_Sergio,snaive168,28,0.188826366040216,0.2799886979906897,21.31138528292187,
Peacock_lodging_Terrie,snaive168,28,0.196671809538883,0.2632378486584258,20.32968051581192,
Peacock_lodging_Wes,snaive168,28,0.1466620210028809,0.1923066848476258,15.744505430109133,
Peacock_office_Annie,snaive168,28,0.2188525757271776,0.3045411345840167,22.283714332322223,
Peacock_office_Burl,snaive168,28,0.1287627937656269,0.1641549258901662,12.702231088143472,
Peacock_office_Dara,snaive168,28,0.155590726897032,0.1973619839645387,18.559499956848587,
Peacock_office_Effie,snaive168,28,0.1818835055258567,0.249745595164036,19.99116246392292,
Peacock_office_Elton,snaive168,28,0.1079920603375176,0.1456195480164036,12.103504447508884,
Peacock_office_Glenn,snaive168,28,0.2556788373951735,0.3946817982623404,28.27636674163354,
Peacock_office_Jonathon,snaive168,28,0.0967623653107204,0.1443597609740985,9.754610797475744,
Peacock_office_Julian,snaive168,28,0.227832542079139,0.3242180698968337,25.40559972151749,
Peacock_office_Major,snaive168,28,0.0505609624032772,0.0703373003496687,5.091580112542511,
Peacock_office_Naomi,snaive168,28,0.1748168948074519,0.3189570578017389,31.54388177049651,
Peacock_office_Norman,snaive168,28,0.2014539866623509,0.2669791780454696,22.07050754836998,
Peacock_public_Kelvin,snaive168,28,0.1107794974324462,0.1473834808977273,11.855054919788468,
Rat_assembly_Adolfo,snaive168,28,0.3517214502581723,0.4280338291004641,38.1172725792848,
Rat_assembly_Aisha,snaive168,28,0.2065164678105619,0.2443933314452379,22.01940102817365,
Rat_assembly_Alex,snaive168,28,0.1796658226093785,0.2237559721081679,18.479363188828117,
Rat_assembly_Archie,snaive168,28,0.211291427148401,0.2537912216883676,21.000299979796512,
Rat_assembly_Aubrey,snaive168,28,0.0221541169251732,0.0323808837221826,3.6066442303161055,
Rat_assembly_Cristina,snaive168,28,0.0601615055673062,0.0767755556060276,7.061428820319818,
Rat_assembly_Damaris,snaive168,28,0.0645564056975048,0.0867318454214412,6.435562232546356,
Rat_assembly_Deandre,snaive168,28,0.108311913410654,0.134715480813683,10.97049397982224,
Rat_assembly_Donny,snaive168,28,0.0753717211687881,0.0997693489526408,61.33254160895847,
Rat_assembly_Dovie,snaive168,28,0.1088428284158825,0.147749940300278,11.873158195769047,
Rat_assembly_Erwin,snaive168,28,0.104825759708978,0.1389754680850033,14.565018823299589,
Rat_assembly_Ezequiel,snaive168,28,0.2872010889364193,0.3743179156687615,33.60015369616828,
Rat_assembly_Francine,snaive168,28,0.1016480542374814,0.1297446910019738,10.17714192755074,
Rat_assembly_Frieda,snaive168,28,0.1007901675633864,0.1340508394888942,10.35970998069964,
Rat_assembly_Gwen,snaive168,28,0.1775092193761805,0.2486006508787881,18.63809836303091,
Rat_assembly_Horace,snaive168,28,0.3003588368150974,0.3571853002555749,34.741067637789826,
Rat_assembly_Ida,snaive168,28,0.1732218427101458,0.2265020078865732,17.56329746152587,
Rat_assembly_Jamie,snaive168,28,0.3961653519731002,0.4840831726154769,38.63609877241153,
Rat_assembly_Jannie,snaive168,28,0.0128702085075118,0.041692604905405,1.7815727533580936,
Rat_assembly_Jennie,snaive168,28,0.1894142419601837,0.260448921942431,19.402354719336127,
Rat_assembly_Kaitlyn,snaive168,28,0.0814725595174889,0.1200780451482911,8.361485746986416,
Rat_assembly_Kelley,snaive168,28,0.4307607465242505,0.5093257264745447,593.8158505823653,
Rat_assembly_Kenya,snaive168,28,0.2137541062252531,0.2581844117826705,21.37798482901021,
Rat_assembly_Kimberley,snaive168,28,0.0486944386441533,0.088060877401706,5.074644157218772,
Rat_assembly_Kristine,snaive168,28,0.1278605565236243,0.1658747735174913,12.838736931180868,
Rat_assembly_Kristy,snaive168,28,0.0176211866615311,0.0230027422516999,2.8688716450526788,
Rat_assembly_Lillie,snaive168,28,0.1447731460382876,0.1751210115351112,27.60762326104472,
Rat_assembly_Michel,snaive168,28,0.0311620285702082,0.0450327284756044,3.1603182653515853,
Rat_assembly_Mirta,snaive168,28,0.1930565327775177,0.2644030608746696,22.500539261181267,
Rat_assembly_Monica,snaive168,28,0.1235545539605975,0.1628426719701298,12.652852749396542,
Rat_assembly_Pauline,snaive168,28,0.2679355783308932,0.4163858873444087,769.4675198450504,
Rat_assembly_Rolland,snaive168,28,0.0878853079481592,0.1662618125620575,13.175715210155625,
Rat_assembly_Rosemarie,snaive168,28,0.1200961040242789,0.1498753877286157,12.03013892163884,
Rat_assembly_Ruth,snaive168,28,0.0877172960524975,0.1053949322513819,17.874152428692135,
Rat_assembly_Silvia,snaive168,28,0.1769600901263669,0.2241625702857049,19.32280387455247,
Rat_assembly_Suzanne,snaive168,28,0.1085293161374227,0.1501833525664347,12.39168425113738,
Rat_assembly_Teddy,snaive168,28,0.2540888085827996,0.3116644936053545,26.502393327014342,
Rat_assembly_Teodoro,snaive168,28,0.2923750228647693,0.4384368563750438,35.563160976348065,
Rat_assembly_Trent,snaive168,28,0.2311420412290971,0.328056435633464,24.140556755683257,
Rat_assembly_Trudy,snaive168,28,0.1730130195790175,0.2580075329833788,31.78165487395705,
Rat_assembly_Victorina,snaive168,28,0.2782261490102795,0.4610306105819138,383.57904352406587,
Rat_assembly_Viola,snaive168,28,0.1161740289911481,0.1489894587420503,12.36500449667636,
Rat_education_Adell,snaive168,28,0.1261577492991274,0.2056958675476571,10.308466671915518,
Rat_education_Adrian,snaive168,28,0.1327742891856822,0.266584728535266,13.91860263180971,
Rat_education_Alfonso,snaive168,28,0.1248667975701712,0.1708742084247419,11.693467635439584,
Rat_education_Alfred,snaive168,28,0.1090143463514845,0.1435543867772823,11.256721725831714,
Rat_education_Barbara,snaive168,28,0.0587163468689572,0.1100399555626508,51.37687305087071,
Rat_education_Barney,snaive168,28,0.2816438381212796,0.3654946871209444,25.8438822605128,
Rat_education_Beverly,snaive168,28,0.1527303345281521,0.2087836028536409,101.7929379778635,
Rat_education_Brett,snaive168,28,0.416728134651552,0.6476169292598749,34.1687588407979,
Rat_education_Bryant,snaive168,28,0.1060670423457934,0.1684425504054047,11.02647062336588,
Rat_education_Calvin,snaive168,28,0.0402233643539079,0.0481019630436918,4.014888068279553,
Rat_education_Candida,snaive168,28,0.2679279773404165,0.3312750485910631,26.31282537000373,
Rat_education_Carmela,snaive168,28,0.1283885227505837,0.1707247501521734,13.129913036547178,
Rat_education_Cecil,snaive168,28,0.0722630990036183,0.1021202460195065,7.092476125578997,
Rat_education_Cedric,snaive168,28,0.1437215271000856,0.1925731439841394,14.97105024666151,
Rat_education_Colin,snaive168,28,0.2424988966830809,0.3029793677470231,27.069596449633146,
Rat_education_Conrad,snaive168,28,0.4391393361721327,0.6235328771787272,581.9656047337886,
Rat_education_Dana,snaive168,28,0.1674810453936105,0.2408125657792575,18.90401674770756,
Rat_education_Dann,snaive168,28,0.0977572394913224,0.1281298088707338,9.708702818695883,
Rat_education_Davis,snaive168,28,0.0693810169912144,0.0854070065699444,6.946397775042625,
Rat_education_Deanna,snaive168,28,0.1388888744683807,0.1661869905574801,13.78799857824866,
Rat_education_Debra,snaive168,28,0.0982520252240207,0.137276485102523,10.242906986580437,
Rat_education_Dreama,snaive168,28,0.0526351598777902,0.069397136487272,5.220210540742818,
Rat_education_Earl,snaive168,28,0.1038198232270004,0.1506624934425581,11.617412572420116,
Rat_education_Earnest,snaive168,28,0.136054531453552,0.2465819115575137,14.311901534798965,
Rat_education_Elisa,snaive168,28,0.213200681822485,0.3505381012135898,24.092636034462554,
Rat_education_Elsie,snaive168,28,0.2972192830811965,0.3747587673835831,68.09498220607396,
Rat_education_Esther,snaive168,28,0.2109079541799797,0.2836398407769538,20.22663709592562,
Rat_education_Everett,snaive168,28,0.123239563717368,0.15618572814884,12.582133494897848,
Rat_education_Fernando,snaive168,28,0.1680345725293078,0.2409769392339865,18.533002938041104,
Rat_education_Francisca,snaive168,28,0.2714440680147074,0.3268379439829131,28.788210794311148,
Rat_education_Gricelda,snaive168,28,0.2881587445626791,0.3622919492424069,29.45783251834257,
Rat_education_Guillermo,snaive168,28,0.1464581979695322,0.1879954452449144,14.49621260708008,
Rat_education_Humberto,snaive168,28,0.7392769820199354,1.049728731739026,87.26827259574725,
Rat_education_Irma,snaive168,28,0.1623126097659079,0.2130770680209063,16.61714587011002,
Rat_education_Jacob,snaive168,28,0.2244718145664417,0.2692758767883324,21.73722400334617,
Rat_education_Jame,snaive168,28,0.2418019643560174,0.2935389304265391,24.72184330587469,
Rat_education_Jeanne,snaive168,28,0.1464707491054289,0.19114684050735,14.914002911828405,
Rat_education_Jena,snaive168,28,0.0982734703439342,0.1309381014823687,9.502162571596989,
Rat_education_Jesse,snaive168,28,0.0154546721806607,0.0211187368904279,1.5490379590567522,
Rat_education_Kandice,snaive168,28,0.4920807201817734,0.7352522950387075,54.4085583327216,
Rat_education_Kathryn,snaive168,28,0.0742556515912927,0.1231910236859848,6.784121430560141,
Rat_education_Keith,snaive168,28,0.1496917150580821,0.1993783951841743,15.37750509077713,
Rat_education_Kelsey,snaive168,28,0.1652099770620202,0.2003151864123915,16.43089279098415,
Rat_education_Lee,snaive168,28,0.1221879400522165,0.1686671090736522,12.6565191715648,
Rat_education_Leonardo,snaive168,28,0.2803449193274438,0.3315531851020353,29.115249812339734,
Rat_education_Lincoln,snaive168,28,0.0655717379388098,0.1173937197836338,6.145947115604837,
Rat_education_Liz,snaive168,28,0.2036185375182973,0.2626924025067232,19.605221490877103,
Rat_education_Lonnie,snaive168,28,0.153852920767282,0.2385440741436877,16.217470307202646,
Rat_education_Lynn,snaive168,28,0.2281930112100574,0.2731701160864181,22.513666586120436,
Rat_education_Marcos,snaive168,28,0.155759098943281,0.2027016131849519,14.76020547381503,
Rat_education_Marianna,snaive168,28,0.1626048775674653,0.2621729202027592,17.384948239066077,
Rat_education_Maricela,snaive168,28,0.1661907854600552,0.2164124804684664,18.32991787200334,
Rat_education_Marvin,snaive168,28,0.2065976354293478,0.3659210396709453,25.41510589067504,
Rat_education_Meghan,snaive168,28,0.1438924598763244,0.2681922453070115,15.66058284801951,
Rat_education_Milagros,snaive168,28,0.1057389013189957,0.3216978721124082,12.641167089761112,
Rat_education_Mona,snaive168,28,0.1271633039022412,0.1789957763102814,12.255207571833514,
Rat_education_Morton,snaive168,28,0.1212064956776164,0.1711130145363467,12.497134175864463,
Rat_education_Mose,snaive168,28,0.1684782419021651,0.2425935972672571,17.87044840446807,
Rat_education_Nellie,snaive168,28,0.0569459299323034,0.0907913254884959,5.528122326140824,
Rat_education_Nona,snaive168,28,0.1618678127648384,0.2692151433097207,16.013433438049805,
Rat_education_Nydia,snaive168,28,0.1718991170822705,0.2215804181730102,16.58342992437926,
Rat_education_Pat,snaive168,28,0.0149576663845129,0.0182633607266797,1.495405063540909,
Rat_education_Patty,snaive168,28,0.0967491470863472,0.1316509607436104,9.475357419728216,
Rat_education_Paula,snaive168,28,0.2060926979897121,0.2480744772091859,20.350610524105637,
Rat_education_Renee,snaive168,28,0.2024809490997041,0.2480025849664234,20.72957045501128,
Rat_education_Robyn,snaive168,28,0.0968035696231739,0.1514272798253921,10.148594092492951,
Rat_education_Rogelio,snaive168,28,0.197901492133657,0.2711108491186775,18.08394959891598,
Rat_education_Rosalyn,snaive168,28,0.2477481395890847,0.3027746302370254,24.530532374701565,
Rat_education_Royal,snaive168,28,0.0836569233896554,0.1437802020374874,8.285134900863879,
Rat_education_Salvatore,snaive168,28,0.1263968930499698,0.1635218942477171,12.951073284611446,
Rat_education_Shellie,snaive168,28,0.1152383453097851,0.194830407761285,12.864368201782156,
Rat_education_Sherwood,snaive168,28,0.1299151402752389,0.210852410397414,13.592513601292753,
Rat_education_Sina,snaive168,28,0.1760473083106295,0.2090786185587178,17.24842783110081,
Rat_education_Stuart,snaive168,28,0.3411647893592889,0.4126472112248489,34.10585845707332,
Rat_education_Tania,snaive168,28,0.2085961924418038,0.3177702335006754,39.06758152721647,
Rat_education_Terese,snaive168,28,0.1358026087564782,0.1961313319341024,14.191256239158228,
Rat_education_Theo,snaive168,28,0.1309474446196502,0.1795596149578537,25.16463565566148,
Rat_education_Tim,snaive168,28,0.1175063151666084,0.1981268099652116,12.004933616011682,
Rat_education_Tristan,snaive168,28,0.0,0.0,0.0,
Rat_education_Ulrike,snaive168,28,0.1813205755091989,0.222119530856639,17.540853518397313,
Rat_education_Verna,snaive168,28,0.1500251522624999,0.2072764470709731,16.20494541169426,
Rat_education_Vicky,snaive168,28,0.155981878701231,0.2158556950319667,20.26531918898768,
Rat_education_Willie,snaive168,28,0.1080954312623901,0.1733188495860595,10.751460460035998,
Rat_education_Willy,snaive168,28,0.0,0.0,0.0,
Rat_education_Wilmer,snaive168,28,0.3153738668362748,0.377380935349754,32.52625353416076,
Rat_education_Winnie,snaive168,28,0.2777242543416529,0.3694650478220655,25.467590658119533,
Rat_education_Yu,snaive168,28,0.18370765715171,0.2286027999822061,17.813713980675082,
Rat_education_Zina,snaive168,28,0.1330403184876289,0.2227899499907693,15.20223074362858,
Rat_education_Zoe,snaive168,28,0.2475138890617909,0.2930907337298921,25.807616879204463,
Rat_health_Gaye,snaive168,28,0.1246536712391319,0.1625823948976749,13.267334222940264,
Rat_health_Guy,snaive168,28,0.0698972990610523,0.0988686203826378,20.895680788754227,
Rat_health_Mildred,snaive168,28,0.3999745274820471,0.5094843440675995,38.27524682265612,
Rat_health_Rosaria,snaive168,28,0.2693262309882023,0.3148340192542213,26.813229348922263,
Rat_health_Shane,snaive168,28,0.074870948473571,0.1193429633825748,8.11889820092892,
Rat_health_Tanya,snaive168,28,0.1370394978623152,0.1661158889903498,13.492952835612927,
Rat_lodging_Ardell,snaive168,28,0.1378717112293844,0.1687940902009639,14.13440567140896,
Rat_lodging_Ben,snaive168,28,0.0626294856078798,0.0806829491295582,6.187062875078925,
Rat_lodging_Christine,snaive168,28,0.1293747961018053,0.1823923938145525,12.74290844802379,
Rat_lodging_Dwight,snaive168,28,0.4194044103319565,0.4993836544774803,45.92028045603952,
Rat_lodging_Jeannette,snaive168,28,0.3025480232097163,0.3638151331602982,32.32258986157595,
Rat_lodging_Lorenzo,snaive168,28,0.4751620524625917,0.6554491466765384,203.4512619148116,
Rat_lodging_Marguerite,snaive168,28,0.4401590162296549,0.5111117156611268,47.177141492201216,
Rat_lodging_Marion,snaive168,28,0.2902483348122087,0.3624955929819409,28.16961426391505,
Rat_lodging_Ted,snaive168,28,0.3786318216756341,0.5379090442484565,46.33342726285634,
Rat_office_Adele,snaive168,28,0.2115659736716931,0.2652215973387353,23.86649072939645,
Rat_office_Annis,snaive168,28,0.0809364009911533,0.1094721295107144,7.797001289475425,
Rat_office_Arron,snaive168,28,0.0726679141020884,0.0993425667975847,7.618455643028151,
Rat_office_Avis,snaive168,28,0.5385515495927184,0.7280085468127631,1714.2429664637043,
Rat_office_Chris,snaive168,28,0.0643589124776833,0.0965547780201535,6.330477242992689,
Rat_office_Colby,snaive168,28,0.1062455595128609,0.1801753800395088,71.9546093846373,
Rat_office_Craig,snaive168,28,0.0438398883607563,0.0545529588697693,4.424187138910099,
Rat_office_Jacinta,snaive168,28,0.0563496562223326,0.0927796533956216,5.44718844572952,
Rat_office_Jamal,snaive168,28,0.0828753859855031,0.1174819227408332,7.732643558350782,
Rat_office_Jeannie,snaive168,28,0.2025453925153339,0.2841284692330278,20.012894424383948,
Rat_office_Jessica,snaive168,28,0.1122339805694079,0.1488237870789112,12.231986270015186,
Rat_office_Jill,snaive168,28,0.7344577821181388,1.0186899833804262,222.92240442062425,
Rat_office_Kasey,snaive168,28,0.2650836064351363,0.3160537199902385,27.39411543967081,
Rat_office_Lora,snaive168,28,0.1643189776041844,0.2301110772988106,15.044438898958562,
Rat_office_Loyd,snaive168,28,0.1303493432540693,0.1651023518023751,13.400314913502347,
Rat_office_Mei,snaive168,28,0.1951411883777556,0.2578099427109196,19.863722519693862,
Rat_office_Olivia,snaive168,28,0.1518018106168058,0.2211705642997772,16.71701149599504,
Rat_office_Ramiro,snaive168,28,0.0100855643190287,0.0138214227202256,1.0088274942008444,
Rat_office_Randy,snaive168,28,0.0611240022780435,0.1191411976600584,6.724834510338155,
Rat_office_Ronald,snaive168,28,0.2037089981660118,0.2830062977524228,20.8949267738718,
Rat_office_Rosemary,snaive168,28,0.1638086212508384,0.2123895285858547,17.749141553079856,
Rat_office_Sammy,snaive168,28,0.2470922774905608,0.2876880785828039,24.313407404277765,
Rat_office_Tracy,snaive168,28,0.1090590749637051,0.1392487042763386,11.354582732861394,
Rat_other_Al,snaive168,28,0.1642440805648531,0.2307880679579845,15.111436013059226,
Rat_other_Daphne,snaive168,28,0.453455602474253,0.5799909968152672,46.38675947334689,
Rat_other_Hazel,snaive168,28,0.0650108537998033,0.0753447878613445,6.420910190896397,
Rat_other_Lan,snaive168,28,0.1677220798532193,0.2228597547224696,36.23317572075646,
Rat_parking_Ronnie,snaive168,28,0.4390468280913068,0.5616680583897036,48.561605968765626,
Rat_public_Alanna,snaive168,28,0.2390851257251748,0.3773679573910791,24.816770595241465,
Rat_public_Allie,snaive168,28,0.1319904401871841,0.187474400532655,14.23316896193667,
Rat_public_Allyson,snaive168,28,0.2988997862470335,0.3794311549527981,28.6750974494087,
Rat_public_Amber,snaive168,28,0.4258521582450565,0.5520758344544221,47.87198416079029,
Rat_public_Angelina,snaive168,28,0.0920045421315359,0.1175188018347707,9.090937935570755,
Rat_public_Angle,snaive168,28,0.0935125065828247,0.1173346948474333,9.352333162910051,
Rat_public_Becky,snaive168,28,0.1551186813257035,0.1882513108735479,15.274912744872893,
Rat_public_Berry,snaive168,28,0.0575465727843972,0.0715729944083796,5.7638903295933055,
Rat_public_Bronwyn,snaive168,28,0.1256565495738522,0.155489896686232,12.078912412986943,
Rat_public_Carole,snaive168,28,0.1298411601552115,0.1676514910485268,13.203759739488788,
Rat_public_Caroline,snaive168,28,0.0555022360658477,0.0820590559243648,6.098010712533042,
Rat_public_Chrissy,snaive168,28,0.2434984941103886,0.3066908775217281,23.100092503706573,
Rat_public_Clyde,snaive168,28,0.2518496698212835,0.3150564808166377,24.949402588561643,
Rat_public_Corinne,snaive168,28,0.1068903695694126,0.1300907577592405,10.59693915444157,
Rat_public_Courtney,snaive168,28,0.0586434951297352,0.1243172909609547,6.337612362135308,
Rat_public_Dalia,snaive168,28,0.048347615850847,0.0606254177722824,4.82336406871981,
Rat_public_Damon,snaive168,28,0.1241653492940218,0.1539258697322738,12.3758772692131,
Rat_public_Deidre,snaive168,28,0.1431110100155671,0.1787172411128165,14.284434181257405,
Rat_public_Desiree,snaive168,28,0.1522572108646386,0.1923506448484358,14.83892313854375,
Rat_public_Dexter,snaive168,28,0.1884304464203967,0.2274328177762271,18.57708863133908,
Rat_public_Duane,snaive168,28,0.3989798765664532,0.5333542554558416,53.1147649623964,
Rat_public_Elmira,snaive168,28,0.1250075556600288,0.1552361573160894,12.488014856608851,
Rat_public_Emilee,snaive168,28,0.1860340102777733,0.2848645423366241,17.645994440511174,
Rat_public_Faye,snaive168,28,0.1689279351456075,0.2076076951249198,17.33240482637971,
Rat_public_Fern,snaive168,28,0.0475958588665812,0.059828664818233,4.730183183082498,
Rat_public_Frank,snaive168,28,0.3637620300978482,0.5243585197965626,36.48943181325433,
Rat_public_Frederick,snaive168,28,0.0872633730669683,0.1075372782386144,8.616248019854492,
Rat_public_Fredrick,snaive168,28,0.2313648999884031,0.3119727967616552,23.40606284448284,
Rat_public_Grover,snaive168,28,0.0713758829904206,0.0901424680043757,7.299245970858631,
Rat_public_Helena,snaive168,28,0.3884742994995965,0.4613778515713252,40.655893507331456,
Rat_public_Hortencia,snaive168,28,0.0923270458613296,0.1309221494053478,10.585612947936372,
Rat_public_Isabel,snaive168,28,0.086640370359843,0.1206191788399894,9.36891156272412,
Rat_public_Jason,snaive168,28,0.1425305830419236,0.2031880609895489,13.739043217649655,
Rat_public_Joann,snaive168,28,0.0771689886685524,0.1204204502799723,7.944518512333897,
Rat_public_Johnna,snaive168,28,0.0,0.0,0.0,
Rat_public_Johnny,snaive168,28,0.1529088711303311,0.1850326745243194,15.503446654064955,
Rat_public_Josiah,snaive168,28,0.0816191033975457,0.1048080873927478,8.009756312269579,
Rat_public_Julieann,snaive168,28,0.0432787865202122,0.1291947273696555,5.41874740099111,
Rat_public_Kathleen,snaive168,28,0.3107958549773544,0.3907730735099416,28.36467941178233,
Rat_public_Kelle,snaive168,28,0.214212202696146,0.2728019605793164,21.034000837743086,
Rat_public_Kelly,snaive168,28,0.0937993233913073,0.1207193722050891,9.39640897170866,
Rat_public_Kermit,snaive168,28,0.2450795740035621,0.3269249157195858,25.84040196348835,
Rat_public_Kimber,snaive168,28,0.2304817283886327,0.3191433141705998,36.98529837012276,
Rat_public_Laura,snaive168,28,0.0922692420614371,0.1146647767605044,9.350436151218432,
Rat_public_Laurie,snaive168,28,0.1020373398232655,0.1245074273463158,10.30734339112185,
Rat_public_Laverne,snaive168,28,0.1492707472095907,0.1888784898059331,14.860529483809389,
Rat_public_Lea,snaive168,28,0.0646262611159354,0.1236376591242377,5.682681201493358,
Rat_public_Leo,snaive168,28,0.1516841475413306,0.1898482188914252,14.497454857632531,
Rat_public_Leta,snaive168,28,0.1401151774817141,0.1780661360471773,13.83574580828336,
Rat_public_Lloyd,snaive168,28,0.0636226111522673,0.0792033172316249,6.472046061121619,
Rat_public_Loretta,snaive168,28,0.0540074820804929,0.0708536448720206,5.229728976222749,
Rat_public_Lynda,snaive168,28,0.1415528083411537,0.1824426913194111,14.09220102907749,
Rat_public_Mabel,snaive168,28,0.0896937040465465,0.1117897664088354,8.763996821624868,
Rat_public_Marcellus,snaive168,28,0.1482554612386734,0.2059987249749664,14.718885904307571,
Rat_public_Margart,snaive168,28,0.1066342455479856,0.1649337281749362,10.46912525200097,
Rat_public_Mark,snaive168,28,0.2170967495529175,0.2604429611094167,23.20061404616944,
Rat_public_Michael,snaive168,28,0.1087545685336844,0.1530873588722256,11.809963977962411,
Rat_public_Michelle,snaive168,28,0.0861841743581598,0.2105414698596965,9.321377801219294,
Rat_public_Muriel,snaive168,28,0.2913732619381524,0.3606490233697618,30.19908897053416,
Rat_public_Nancy,snaive168,28,0.208079772309804,0.2496206896189604,20.38705123366799,
Rat_public_Neil,snaive168,28,0.0936930661676887,0.1605564545496463,9.230782242718224,
Rat_public_Nell,snaive168,28,0.0390091068489452,0.0499503603460634,3.9115136542206255,
Rat_public_Nelson,snaive168,28,0.3048887636071888,0.3456109541650524,30.90676177585679,
Rat_public_Norene,snaive168,28,0.307327761729027,0.4905029818305371,31.9238980551922,
Rat_public_Ramon,snaive168,28,0.3428489485278276,0.4281991953526666,32.00425047239727,
Rat_public_Ramona,snaive168,28,0.3634127126332824,0.4362452580422851,36.59850957071717,
Rat_public_Roberta,snaive168,28,0.1339156403615413,0.1661843066060878,13.15875793641866,
Rat_public_Roma,snaive168,28,0.2802000397760716,0.4269021678989002,24.27468923319383,
Rat_public_Sade,snaive168,28,0.1424759393659542,0.1803199247524506,14.569678444182504,
Rat_public_Sana,snaive168,28,,,0.0,
Rat_public_Sean,snaive168,28,0.1903777297519643,0.2277773237047825,19.27044067604403,
Rat_public_Shanta,snaive168,28,0.1034386479412558,0.1346667096941538,10.339656322781297,
Rat_public_Sharonda,snaive168,28,0.1100427339677186,0.1507137560139614,12.387926603367868,
Rat_public_Sharron,snaive168,28,0.1079578911390786,0.128049712425078,10.829272720207973,
Rat_public_Stacey,snaive168,28,0.1649646605049085,0.2288826866094601,15.38658225712584,
Rat_public_Stella,snaive168,28,0.0763481957588662,0.0955081969432129,7.488943390689736,
Rat_public_Sue,snaive168,28,0.0898083352686768,0.1576471569117378,9.93758493176261,
Rat_public_Tammara,snaive168,28,0.1340061586941652,0.1846049664290765,14.456118403112692,
Rat_public_Tamra,snaive168,28,0.1656826997197988,0.2057067001961364,15.802458184042091,
Rat_public_Tommy,snaive168,28,0.0748239890077889,0.0952503867784681,7.592983774098842,
Rat_public_Toya,snaive168,28,0.4303892914175814,0.5395346042339758,49.81147072240687,
Rat_public_Tricia,snaive168,28,0.3791275024932758,0.444166447646576,39.24625572522222,
Rat_public_Vickie,snaive168,28,0.0859437997641575,0.1527545983536627,8.993502758546759,
Rat_public_Wilbur,snaive168,28,0.0629632277076828,0.077028865866024,6.261508520138071,
Rat_public_Wilma,snaive168,28,0.0891223109464226,0.117104352124319,9.287784283913936,
Rat_public_Yessenia,snaive168,28,0.2379453024549386,0.2823884563611374,24.81467209956611,
Rat_religion_Kathy,snaive168,28,0.433580110787325,0.5783336347229578,48.285485135794055,
Rat_retail_Jeffrey,snaive168,28,0.2536161446264443,0.3780505253798661,27.018548661709872,
Rat_warehouse_Breanna,snaive168,28,0.1260485629162722,0.2055788653053849,17.766858532037503,
Rat_warehouse_Doretta,snaive168,28,0.0958153430990689,0.1224769366336835,9.490117314083095,
Rat_warehouse_Eloisa,snaive168,28,0.3697673166544618,0.448600703026583,38.1821588115734,
Rat_warehouse_Maegan,snaive168,28,0.2608554591916014,0.3243232075324821,27.717386508895316,
Rat_warehouse_Shari,snaive168,28,0.1557075531302504,0.1929400752726861,16.01425505825577,
Robin_assembly_Colleen,snaive168,28,0.2967478525729332,0.4035039963978282,40.10877086656544,
Robin_education_Audrea,snaive168,28,0.1187335905824065,0.1666894993959627,13.549743230572297,
Robin_education_Billi,snaive168,28,0.2343570502130813,0.3385964660915996,29.91375124173884,
Robin_education_Cecilia,snaive168,28,0.3395092224691653,0.467621181952479,39.29322878799947,
Robin_education_Della,snaive168,28,0.4520422009884136,0.5930255850792577,152.9508145992369,
Robin_education_Derick,snaive168,28,0.0827763352969771,0.1170412522863586,8.690017452481781,
Robin_education_Derrick,snaive168,28,0.1139198793469677,0.1536248332301535,12.216469045414849,
Robin_education_Jasper,snaive168,28,0.0871160464965257,0.1316023892760877,9.417283900790826,
Robin_education_Julius,snaive168,28,0.1158940344106769,0.164007176556511,12.294911895987092,
Robin_education_Karyl,snaive168,28,0.1701751670879146,0.2257310625488163,19.43308443080032,
Robin_education_Kiera,snaive168,28,0.2357615840099366,0.3220562936679381,26.861173513046328,
Robin_education_Kristopher,snaive168,28,0.0683941317031712,0.1011151552342205,6.915029698964236,
Robin_education_Lashandra,snaive168,28,0.1585278267438029,0.2156292069975789,18.02956913861284,
Robin_education_Leslie,snaive168,28,0.1402446891931393,0.1769494608722545,15.017929704767871,
Robin_education_Lizbeth,snaive168,28,0.0835978322991508,0.1247426290204468,8.943659326526134,
Robin_education_Madeline,snaive168,28,0.0758554455237072,0.1018727870875157,7.857044320231488,
Robin_education_Margarito,snaive168,28,0.0575639745853064,0.0911493435361013,6.123751991009008,
Robin_education_Megan,snaive168,28,0.10087940309683,0.1298383316993757,10.447734140241929,
Robin_education_Mercedes,snaive168,28,0.1697033210454613,0.2339530334104969,20.39419028233027,
Robin_education_So,snaive168,28,0.0874265166487965,0.1234786219900541,9.462280827857358,
Robin_education_Takako,snaive168,28,0.1144664070425761,0.1785321124268737,11.530760551978611,
Robin_education_Terrance,snaive168,28,0.0740958725706271,0.1071894351403265,7.786285019976727,
Robin_education_Zenia,snaive168,28,0.0677753046899133,0.1052588290317014,6.976848142562941,
Robin_lodging_Armand,snaive168,28,0.14949302616861,0.2218116586346583,16.7323298627871,
Robin_lodging_Celia,snaive168,28,0.1775712544811349,0.2795563099050719,20.308109542893217,
Robin_lodging_Donna,snaive168,28,0.2014938260767184,0.2635334653622877,22.66457613705974,
Robin_lodging_Dorthy,snaive168,28,0.1017086652427789,0.137112455246091,10.209577154666391,
Robin_lodging_Elmer,snaive168,28,0.1812119044316779,0.2576588349319726,20.76654486305661,
Robin_lodging_Janie,snaive168,28,0.2376373109723055,0.2830242291875766,26.29539445240776,
Robin_lodging_Oliva,snaive168,28,0.2584098393083627,0.3534676942520633,30.05975389406882,
Robin_lodging_Phillip,snaive168,28,0.2402034550385738,0.3094493386677656,29.889015056491115,
Robin_lodging_Pricilla,snaive168,28,0.1888819127159014,0.2626904794674404,20.7152459353273,
Robin_lodging_Renea,snaive168,28,0.1642432775417174,0.2255162709947486,18.884732641303117,
Robin_office_Addie,snaive168,28,0.2398252519216107,0.3108299541034873,30.1213787553492,
Robin_office_Adolph,snaive168,28,0.1984438735360282,0.2584244733848578,20.840452371413036,
Robin_office_Antonina,snaive168,28,0.0743177051906137,0.1240051112329476,8.031735322030425,
Robin_office_Dina,snaive168,28,0.213313803580233,0.2799457527374503,23.81689690196548,
Robin_office_Donald,snaive168,28,0.1728062002940212,0.2300465538628842,19.23969423292974,
Robin_office_Gayle,snaive168,28,0.3068305209881244,0.4103706972596164,39.868941809580086,
Robin_office_Lindsay,snaive168,28,0.1426826859012941,0.1905819106173686,14.9082601238289,
Robin_office_Maryann,snaive168,28,0.1105621121349611,0.1454100256000248,11.741956850257122,
Robin_office_Sammie,snaive168,28,0.1447370541541844,0.192552846900522,15.24508203105516,
Robin_office_Saul,snaive168,28,0.279097456249893,0.3312078598873595,31.76396912401528,
Robin_office_Serena,snaive168,28,0.2383306770039109,0.3568684425352604,38.04867633143616,
Robin_office_Shirlene,snaive168,28,0.2647651645537309,0.3590161042935029,34.83806415621086,
Robin_office_Soledad,snaive168,28,0.2881627482673139,0.4009210826778802,30.778233000018773,
Robin_office_Victor,snaive168,28,0.2224115843043559,0.2954236472068074,24.73070240586076,
Robin_office_Wai,snaive168,28,0.0294692980519193,0.1446362818213136,3.883094566879387,
Robin_office_Zelma,snaive168,28,0.1543113094048032,0.2501873024130699,18.97815564046801,
Robin_public_Cami,snaive168,28,0.2555498052490149,0.3458871090663042,33.921389004974884,
Robin_public_Carolina,snaive168,28,0.2135469130263403,0.2851446465347826,26.04023005958512,
Swan_unknown_Allison,snaive168,28,0.207272260655315,0.4583214601871768,33.491108954257,
Swan_unknown_Andres,snaive168,28,0.1740375578746948,0.3693876333893774,586.0030728918472,
Swan_unknown_Bette,snaive168,28,0.1319489268025317,0.2356955858900284,15.198451364428124,
Swan_unknown_Christoper,snaive168,28,0.2508540229572254,0.2871195781533829,28.047274491931244,
Swan_unknown_Douglas,snaive168,28,0.0821224179590517,0.1138111827797792,8.690432476548942,
Swan_unknown_Esteban,snaive168,28,0.0473572218138473,0.0855433244213334,4.924074790721514,
Swan_unknown_Fabian,snaive168,28,0.2039028991576467,0.263007242442862,24.52850525998316,
Swan_unknown_Ike,snaive168,28,0.2192842282685844,0.3711569173890076,31.57404457332689,
Swan_unknown_Isaiah,snaive168,28,0.1589830932753036,0.269772777659592,20.464283510386444,
Swan_unknown_Jan,snaive168,28,0.0556616071032135,0.0817704622166754,5.824691530104064,
Swan_unknown_Jerold,snaive168,28,0.0422303171810655,0.0548990652680983,4.349523479467191,
Swan_unknown_Noelia,snaive168,28,0.1944371667576392,0.2784735202821412,20.67893502994335,
Swan_unknown_Raquel,snaive168,28,0.082720446789012,0.1285023978836276,8.748315213045041,
Swan_unknown_Reyna,snaive168,28,0.2076957966477002,0.3866468762968765,33.26315225897452,
Swan_unknown_Rocco,snaive168,28,0.0201671823363558,0.0332094709918128,2.0721057957478317,
Swan_unknown_Rudy,snaive168,28,0.0567819835725323,0.0787135240832802,5.920380018453142,
Swan_unknown_Tom,snaive168,28,0.171476239500361,0.3634172112814083,23.22064540292571,
Swan_unknown_Valeria,snaive168,28,0.0467778317259236,0.0647014912858703,4.6824728896105725,
Swan_unknown_Wendy,snaive168,28,0.0727187658890824,0.1086565531330308,7.963324414453704,
Wolf_assembly_Elaine,snaive168,28,0.6406054813419503,1.109446597807284,77.9734340250167,
Wolf_assembly_Sallie,snaive168,28,0.1683154876209458,0.2708049530778743,20.825716519690747,
Wolf_education_Anisa,snaive168,28,0.634173978491004,0.9139340921879572,67.82839311229077,
Wolf_education_Arnulfo,snaive168,28,0.4628161439960765,0.652118283842339,55.58624195582298,
Wolf_education_Bobby,snaive168,28,0.4987579383765623,0.6687638011004129,54.47272365631566,
Wolf_education_Cheryl,snaive168,28,0.4158502002831921,0.6014027751646713,42.24206331116173,
Wolf_education_Clarissa,snaive168,28,0.2792696739400146,0.3720501555870817,29.579867115147383,
Wolf_education_Cody,snaive168,28,1.1125541296615642,1.630986509830778,180.52192538771425,
Wolf_education_Dolores,snaive168,28,0.4233755240948635,0.6521201000935756,43.46691548781641,
Wolf_education_Dorris,snaive168,28,0.1813511976755884,0.2324612959222133,19.318831302255703,
Wolf_education_Eulalia,snaive168,28,0.4409222068797716,0.671670199873879,52.54455689669888,
Wolf_education_Joaquin,snaive168,28,0.1237428731857379,0.1575524039382822,12.586708130212925,
Wolf_education_Josefa,snaive168,28,0.4557164438235691,0.7266192498759341,52.16982199322312,
Wolf_education_Katie,snaive168,28,0.3142909776224661,0.4653016763277905,32.43823723152378,
Wolf_education_Laurinda,snaive168,28,0.3239490552899527,0.5177089861180749,35.55057996654683,
Wolf_education_Loren,snaive168,28,0.26304205209186,0.3868006441546285,26.063049226393865,
Wolf_education_Miguel,snaive168,28,0.4703723856207495,0.696063519481613,53.9090008848224,
Wolf_education_Roderick,snaive168,28,0.5147160164709125,0.7115416254221579,111.71192794923878,
Wolf_education_Tammie,snaive168,28,0.2021032921361993,0.288252707558417,21.128984773542392,
Wolf_education_Tori,snaive168,28,0.2415271373709228,0.3448476083009452,24.970806919057665,
Wolf_education_Ursula,snaive168,28,0.3481413338559146,0.4844246614303557,38.49131320359232,
Wolf_education_Vivian,snaive168,28,0.4282967870941051,0.6205683459091693,48.779600585021946,
Wolf_office_Bobbie,snaive168,28,0.3117542099231449,0.4786099275933195,33.15156880279185,
Wolf_office_Cary,snaive168,28,0.1788315900579551,0.2708308203227662,17.653202579640613,
Wolf_office_Darleen,snaive168,28,0.3236998777747112,0.4945716763513927,35.921941218729195,
Wolf_office_Elisabeth,snaive168,28,0.0830374089937804,0.1037164464131155,8.342037300074878,
Wolf_office_Emanuel,snaive168,28,0.4668603935560054,0.6865609924394409,61.86124891556697,
Wolf_office_Haydee,snaive168,28,0.748400575834916,1.0549162751221537,103.20758329070505,
Wolf_office_Joana,snaive168,28,0.28015542688966,0.4171855734330352,35.351855387247355,
Wolf_office_Nadia,snaive168,28,0.2191302103394898,0.3222341003723645,22.183664625959583,
Wolf_office_Rochelle,snaive168,28,0.5183438605018261,0.7171649743436913,247.8250396567876,
Wolf_public_Norma,snaive168,28,0.5797268595373344,0.7466085248582025,74.90780936233283,
Wolf_retail_Harriett,snaive168,28,0.5743044944672214,0.7370427276909625,1122.8343223792197,
Wolf_retail_Marcella,snaive168,28,0.3511593681030223,0.5093723325840105,36.64935358194924,
Wolf_retail_Toshia,snaive168,28,0.5684324420037226,0.9032948210426236,93.70362242986646,
Wolf_science_Alfreda,snaive168,28,0.1541122432681085,0.2011430236226522,15.264373970299356,
Bear_assembly_Angel,chronos_t5_small,28,0.1333678962613538,0.1997295283300258,12.67893529430619,0.1004726186073116
Bear_assembly_Beatrice,chronos_t5_small,28,0.2599466282706351,0.4938968831384429,38.83672749934371,0.2928187139685249
Bear_assembly_Danial,chronos_t5_small,28,0.0508116510082494,0.0682380628189776,5.077997552131369,0.0374051935691012
Bear_assembly_Genia,chronos_t5_small,28,0.118684476558748,0.2394874509172891,9.819086022405957,0.0866822572915509
Bear_assembly_Harry,chronos_t5_small,28,0.1798559455699105,0.2924372927665975,17.248753576175634,0.1285897594723752
Bear_assembly_Jose,chronos_t5_small,28,0.0532681903328243,0.0705789691679415,5.295492332163504,0.0378041784128038
Bear_assembly_Roxy,chronos_t5_small,28,0.0551617751750018,0.1204296575295071,26.050530206710548,0.0497218514146537
Bear_assembly_Ruby,chronos_t5_small,28,0.0334982217874078,0.0476546341080218,3.2850178716487486,0.0238838696689345
Bear_education_Alvaro,chronos_t5_small,28,0.0462052940547094,0.0666980423877412,4.47596881257663,0.0332463821411368
Bear_education_Augusta,chronos_t5_small,28,0.0362698277140068,0.0759791667025644,3.4579829141976868,0.032755088464685
Bear_education_Austin,chronos_t5_small,28,0.0928591664978966,0.2114607368046096,10.32748383330805,0.0819239894982337
Bear_education_Babara,chronos_t5_small,28,0.0242507315299974,0.0347171794865822,2.393508757602297,0.0171749577878498
Bear_education_Benita,chronos_t5_small,28,0.0141589155855637,0.0211412480310701,1.3973672293516008,0.010695089089629
Bear_education_Bob,chronos_t5_small,28,0.0452266556864102,0.0725832095006443,4.577080919303655,0.0363663728814194
Bear_education_Bulah,chronos_t5_small,28,0.0252310936478167,0.0339435772685305,2.4864751652281,0.0181944383779006
Bear_education_Carlo,chronos_t5_small,28,0.1367458796269491,0.2719211686904452,14.52275039039635,0.1136918836452025
Bear_education_Chad,chronos_t5_small,28,0.0255115559035631,0.0380785176672111,2.5944156564286973,0.0193125017517237
Bear_education_Chana,chronos_t5_small,28,0.0531077618881757,0.0854156274936999,4.965523768474976,0.0379952490424735
Bear_education_Chun,chronos_t5_small,28,0.0993520431962836,0.1643922151014312,9.72736483317935,0.0669559030699542
Bear_education_Clint,chronos_t5_small,28,0.0426606316199196,0.0636688949722587,4.000515297094784,0.0322327171185467
Bear_education_Curtis,chronos_t5_small,28,0.0332877071666744,0.053142516236434,3.221390044939075,0.0235620575929763
Bear_education_Danna,chronos_t5_small,28,0.094312133533542,0.1700711740258641,9.05173766410696,0.068165784318593
Bear_education_Darrell,chronos_t5_small,28,0.107768559295467,0.2498537640231993,9.432963944341168,0.0820211459217173
Bear_education_Deena,chronos_t5_small,28,0.113380064842475,0.177015747384285,11.27979359817605,0.0839274729593114
Bear_education_Derek,chronos_t5_small,28,0.0747638937831251,0.2174295625839729,234.11234125941172,0.2300904684317023
Bear_education_Destiny,chronos_t5_small,28,0.103059475963438,0.1480401533543724,10.055588349330872,0.0776269484027422
Bear_education_Elise,chronos_t5_small,28,0.1539861769883004,0.2284744679185209,15.009518958147169,0.1134325235850083
Bear_education_Fannie,chronos_t5_small,28,0.0216498113769358,0.0367378191803651,2.0391053900585594,0.0158153353430521
Bear_education_Gavin,chronos_t5_small,28,0.0321460204562105,0.0415452893754021,3.2070501035581067,0.023529386501451
Bear_education_Herb,chronos_t5_small,28,0.0794341045084509,0.1431524715488454,8.048449336769387,0.0546135810273662
Bear_education_Irene,chronos_t5_small,28,0.0665484552588242,0.2459813305978554,3.996962845865694,0.0491957451567051
Bear_education_Iris,chronos_t5_small,28,0.0965659260162592,0.1837829312338424,12.04422727518049,0.0862095750909114
Bear_education_Katy,chronos_t5_small,28,0.0688952719162047,0.1012088360415799,6.648139453185147,0.0515522681868772
Bear_education_Lashanda,chronos_t5_small,28,0.0992288312847578,0.1693838730925689,11.168836875994687,0.0824908924478073
Bear_education_Laurette,chronos_t5_small,28,0.0239896326914271,0.0338822619309215,2.3408610660292823,0.0175266123436329
Bear_education_Leonel,chronos_t5_small,28,0.0769595476634344,0.1374543129767645,7.844660216709591,0.0622686516146987
Bear_education_Lewis,chronos_t5_small,28,0.0527966205785543,0.0897825256376716,5.38774159528839,0.0391504749913086
Bear_education_Lidia,chronos_t5_small,28,0.0981089815806603,0.1558121643835773,9.021391784353352,0.0689775010653071
Bear_education_Lila,chronos_t5_small,28,0.0204448029090965,0.0305088428520675,2.0442990077915595,0.0150069691949153
Bear_education_Liliana,chronos_t5_small,28,0.0226809548398394,0.0338376695218151,2.21343860644859,0.0167150230149698
Bear_education_Lorie,chronos_t5_small,28,0.0339364196695588,0.0486563979189629,3.239216650871753,0.0244129835825036
Bear_education_Mara,chronos_t5_small,28,0.0115513654982778,0.0163811593965904,1.1462390785164431,0.0085952355349314
Bear_education_Marie,chronos_t5_small,28,0.0544901259097745,0.1040347167741565,5.448108789336873,0.0413173903639563
Bear_education_Marsha,chronos_t5_small,28,0.0478362545409089,0.1078197389498196,4.98404095545135,0.0409168717512322
Bear_education_Marta,chronos_t5_small,28,0.122328915859966,0.2204331036052846,14.12840940910201,0.0963155524158692
Bear_education_Maryjane,chronos_t5_small,28,0.0537202446689617,0.1063148100065142,4.718325893154131,0.037900260334081
Bear_education_Merrill,chronos_t5_small,28,0.0973350455797518,0.1281577474322317,9.907156384620803,0.0727007151486703
Bear_education_Nanette,chronos_t5_small,28,0.0775946831040026,0.1036923775663622,7.839943555207637,0.0562715660045977
Bear_education_Oscar,chronos_t5_small,28,0.0581652871389501,0.0907956832686674,5.802162583361669,0.0461311345126263
Bear_education_Owen,chronos_t5_small,28,0.0607173553718886,0.111233757480735,6.169184973313626,0.0464460260607819
Bear_education_Paola,chronos_t5_small,28,0.083128942437215,0.1474472825842479,7.296732029700386,0.0648053387421761
Bear_education_Patricia,chronos_t5_small,28,0.0192161005750887,0.026385026161201,1.918509172187789,0.0143007149551196
Bear_education_Pattie,chronos_t5_small,28,0.0297727613760205,0.0391378675078316,2.954498686729245,0.0215050451052334
Bear_education_Rebecca,chronos_t5_small,28,0.0252893342391908,0.0390294372392498,2.530175257537404,0.0194783418776806
Bear_education_Sandy,chronos_t5_small,28,0.0862746444555511,0.1318735038413208,7.966835436619195,0.0658773974282396
Bear_education_Santos,chronos_t5_small,28,0.1087124970957223,0.3272298950122998,9.02089914204895,0.0875187261237902
Bear_education_Sharon,chronos_t5_small,28,0.0329865259033909,0.0510996754486236,3.311316241501419,0.0240784098107014
Bear_education_Shelley,chronos_t5_small,28,0.0693766031719509,0.155981313933337,8.368737937971662,0.0527936904626524
Bear_education_Tara,chronos_t5_small,28,0.180215152790682,0.2572229294794217,17.176512366766797,0.130567722631062
Bear_education_Thuy,chronos_t5_small,28,0.0899311721120455,0.1732218617758177,10.26351798243978,0.0773710661633
Bear_education_Val,chronos_t5_small,28,0.0263205574172078,0.0434095599823538,2.580102869827811,0.0188887898391063
Bear_education_Wade,chronos_t5_small,28,0.0974942515642141,0.1983292327291058,9.724268808266286,0.0824272043269319
Bear_education_Wilton,chronos_t5_small,28,0.0186800023652975,0.0238275869874183,1.8607879134716256,0.0139867716677715
Bear_education_Wm,chronos_t5_small,28,0.0549747406126247,0.0916346397299617,5.625400508709576,0.0428777699269731
Bear_education_Yuri,chronos_t5_small,28,0.0668994282259824,0.1336521947082228,7.532064665454055,0.0661484573597916
Bear_education_Yvette,chronos_t5_small,28,0.1371365606446691,0.2618173613325816,13.466197841058586,0.097676985138711
Bear_education_Zandra,chronos_t5_small,28,0.0067245486208929,0.0090197202034042,0.6684224439658336,0.0049369956749134
Bear_lodging_Dannie,chronos_t5_small,28,0.1102980627657904,0.2078403074661624,9.331519264165332,0.0731255166436121
Bear_lodging_Erick,chronos_t5_small,28,0.0652070752393688,0.0856109165450226,6.71573099256564,0.0487111580235341
Bear_lodging_Esperanza,chronos_t5_small,28,0.0838089638526523,0.1648930505663009,7.393106065663171,0.0595988126634473
Bear_lodging_Evan,chronos_t5_small,28,0.0463080593299318,0.0794833051925896,4.3911398811121884,0.0347635751724268
Bear_parking_Bridget,chronos_t5_small,28,0.1004292758798617,0.1614030255216741,9.625934690693942,0.072167007932436
Bear_parking_Bruce,chronos_t5_small,28,0.0266682303612806,0.0390378747032666,2.6836476316831583,0.0197030950530864
Bear_public_Arlean,chronos_t5_small,28,0.0613474945165626,0.0926647439070777,6.129778412640301,0.0454399404640601
Bear_public_Jocelyn,chronos_t5_small,28,0.049811598055978,0.0951397899619327,5.126224297652797,0.0380760412640505
Bear_public_Lowell,chronos_t5_small,28,0.0371064892494557,0.0624319225884397,3.680332213766416,0.0278261137383687
Bear_public_Orville,chronos_t5_small,28,0.0667697958031056,0.171182013553522,6.669562347567344,0.0580500832762106
Bear_public_Rayna,chronos_t5_small,28,0.0741039778267998,0.1450038464846112,9.412613319768798,0.067050625348391
Bear_public_Valorie,chronos_t5_small,28,0.1066084102956541,0.1885217983744518,14.317416234716196,0.0915105145695858
Bear_science_Alison,chronos_t5_small,28,0.0168398520664928,0.023180504634437,1.671872053294818,0.0125045642161603
Bear_science_Eleanor,chronos_t5_small,28,0.0617507819847093,0.0940888279130379,6.191004593292621,0.048172500938332
Bear_utility_Sidney,chronos_t5_small,28,0.0146745921633993,0.0250583523354966,1.4304906902205925,0.0114565425226182
Bobcat_assembly_Adam,chronos_t5_small,28,0.0857212055984425,0.1617277092484049,21.775783661072115,0.0644136483492648
Bobcat_assembly_Billy,chronos_t5_small,28,0.0947372478242428,0.16030794029136,22.832379366690763,0.0744011027639384
Bobcat_assembly_Camilla,chronos_t5_small,28,0.070115558525052,0.1551897426390724,34.964353690996134,0.0522024850765156
Bobcat_assembly_Franklin,chronos_t5_small,28,0.4060403546146416,0.6649059672584106,263.7748062807586,0.370795088105821
Bobcat_education_Alissa,chronos_t5_small,28,0.087438802186972,0.1545103136562989,8.288513646395405,0.0653308127161034
Bobcat_education_Angela,chronos_t5_small,28,0.0678455516728552,0.1209173705291419,6.43514456073275,0.052325266987433
Bobcat_education_Coleman,chronos_t5_small,28,0.0711514846554233,0.1571683540125071,72.58765877308441,0.0548346032066266
Bobcat_education_Dylan,chronos_t5_small,28,0.0298827689907101,0.0901728845427203,2.8969913887937864,0.0241581313793125
Bobcat_education_Hollis,chronos_t5_small,28,0.0564573131096037,0.1224699091191025,32.77143744387264,0.0457237521327159
Bobcat_education_Jayne,chronos_t5_small,28,0.1086854280728786,0.2158037152108759,20.18078718933645,0.0962389928794953
Bobcat_education_Marisha,chronos_t5_small,28,0.114305658595162,0.1773254568541573,23.78443484715113,0.0830871508160096
Bobcat_education_Monte,chronos_t5_small,28,0.0738808735577144,0.1460278145105722,15.151669908962642,0.0570691289450347
Bobcat_education_Rosalva,chronos_t5_small,28,0.0864776720619049,0.1707574203109783,19.759404028456625,0.0727948612831961
Bobcat_education_Toni,chronos_t5_small,28,0.0839520423085946,0.1530159883650672,21.57927132325609,0.0634809256728407
Bobcat_education_Whitney,chronos_t5_small,28,0.1076599869130649,0.199090048915828,19.2011203990842,0.0971736214387176
Bobcat_lodging_Darin,chronos_t5_small,28,0.0690910377064912,0.1185858947872293,6.967327524879312,0.0528574741844041
Bobcat_lodging_Melaine,chronos_t5_small,28,0.0687642833946512,0.0982654344938373,7.044678517578359,0.0514836429667702
Bobcat_lodging_Nickolas,chronos_t5_small,28,0.0783825627503034,0.108130917584272,7.787709191608198,0.0572340889378866
Bobcat_office_Alma,chronos_t5_small,28,0.2727103509893964,0.4336802742534072,290.08580140099417,0.2242849911510365
Bobcat_office_Justine,chronos_t5_small,28,0.152673168489521,0.2200734168272976,19.46676947820889,0.117387288795581
Bobcat_office_Kassandra,chronos_t5_small,28,0.0277813851832473,0.0730244443743003,2.775962055893361,0.021928631809733
Bobcat_office_Melody,chronos_t5_small,28,0.0650083811279614,0.1192387068711039,6.382276196472282,0.0468941852488866
Bobcat_office_Nikita,chronos_t5_small,28,0.0608602535365128,0.1267318131209402,5.451982046455445,0.0452589014670681
Bobcat_other_Howard,chronos_t5_small,28,0.483668652896234,0.7803322337557723,102.82788335666076,0.3622234976631199
Bobcat_other_Jovita,chronos_t5_small,28,0.1072588954742816,0.1845442010127926,12.022423718162804,0.0825979158171648
Bobcat_other_Timothy,chronos_t5_small,28,0.1683940892565872,0.2983963091346643,198.0745828194692,0.1510732659144182
Bull_assembly_Amalia,chronos_t5_small,28,0.0893369072988608,0.1856971541944712,40.18970831714566,0.0783545549792282
Bull_assembly_Beau,chronos_t5_small,28,0.3485656651529878,0.5353686315257961,55.64815174798395,0.2763725710065939
Bull_assembly_Brandon,chronos_t5_small,28,0.1023566362942687,0.1939695395664156,41.6458309451167,0.0789223190287063
Bull_assembly_Daryl,chronos_t5_small,28,0.1012470722808323,0.4349539067719364,39.29470523363563,0.0821663264685882
Bull_assembly_Dorethea,chronos_t5_small,28,0.0843277449910911,0.2314920024490488,37.64365761969008,0.0796140407519735
Bull_assembly_Freddie,chronos_t5_small,28,0.157375224019358,0.2903546414323807,43.26588920658048,0.1187834593494429
Bull_assembly_Gerri,chronos_t5_small,28,0.1257640842360367,0.293359199204049,65.43594507282914,0.1244918984141224
Bull_assembly_Gigi,chronos_t5_small,28,0.1536623563218817,0.26749237697576,45.80627692791086,0.1164263805552748
Bull_assembly_Goldie,chronos_t5_small,28,0.1204407445854581,0.2260039847154661,45.400419221624986,0.0945780062891707
Bull_assembly_Katia,chronos_t5_small,28,0.09755998740801,0.8540699886187791,39.34636936199433,0.0740760546232113
Bull_assembly_Lance,chronos_t5_small,28,0.1147365634743821,0.8502324121496246,39.060495384828265,0.077682626028601
Bull_assembly_Lesa,chronos_t5_small,28,0.1532492867366265,0.2183480737191093,71.8731018823483,0.1225168746210743
Bull_assembly_Maren,chronos_t5_small,28,0.1390469681857828,0.9004536450897989,40.40520720610552,0.1315352129983328
Bull_assembly_Nathanial,chronos_t5_small,28,0.1308726501852708,0.6739572276771576,294.3923690601611,148481435.88506034
Bull_assembly_Newton,chronos_t5_small,28,0.2529652169994903,0.4536757125974017,296.5639810515873,0.1983164524895424
Bull_assembly_Nick,chronos_t5_small,28,0.0858760254214218,0.1839263270849889,41.91783337994833,0.0708149397108212
Bull_assembly_Vanessa,chronos_t5_small,28,0.0853389067372084,0.2027756469150171,38.15966066327891,0.0837470488069588
Bull_education_Annette,chronos_t5_small,28,0.0687156308037976,0.8559593539404596,31.14274018569264,0.053956583898095
Bull_education_Antonia,chronos_t5_small,28,0.1103196604023394,0.2611808633842196,41.14025232631794,0.0819366138364221
Bull_education_Arthur,chronos_t5_small,28,0.0582834437840839,0.1753396281641252,54.90675665491271,0.0617957421567255
Bull_education_Barry,chronos_t5_small,28,0.0315528462759908,0.1451983836869116,33.33206393336516,0.0460846094920228
Bull_education_Bernice,chronos_t5_small,28,0.0754555098688241,0.8661376022239873,34.11291145202341,0.0502917328090383
Bull_education_Brady,chronos_t5_small,28,0.1155660371321291,0.2397894863361915,39.9580387918127,0.099833028934185
Bull_education_Brain,chronos_t5_small,28,0.0710332251950611,0.2247591789638325,71.90323456920409,0.0810828069588223
Bull_education_Brandi,chronos_t5_small,28,0.0995083427766183,0.2289678494458884,36.82599614372143,0.0853949713052786
Bull_education_Brenda,chronos_t5_small,28,0.0733203461625628,0.1847734302386338,42.29844864744115,0.0621600636357492
Bull_education_Bryon,chronos_t5_small,28,0.0939213074071325,0.208836227566542,38.54536935443551,0.076646733303435
Bull_education_Carl,chronos_t5_small,28,0.0358933540617033,0.1505671328365507,34.77466356797584,0.0486125402508568
Bull_education_Clarice,chronos_t5_small,28,0.0522055168591944,0.1628234641256323,37.71934079918285,0.0493476002409723
Bull_education_Clarita,chronos_t5_small,28,0.0474560512307732,0.1586566216462668,35.91885757067134,0.049011748476306
Bull_education_Dakota,chronos_t5_small,28,0.1308354542624035,0.2370156362767451,122.18255448543871,0.1017168266038022
Bull_education_Dan,chronos_t5_small,28,0.0527181561770096,0.168315428764203,36.97032673946722,0.0509609270884042
Bull_education_Dania,chronos_t5_small,28,0.0822831019736003,0.1884321557005811,41.4317188635763,0.0690295685241983
Bull_education_Delia,chronos_t5_small,28,0.0680156058672902,0.8106369420458397,32.30440716516672,0.0507472021295098
Bull_education_Dora,chronos_t5_small,28,0.1290692871441737,0.2198652703202052,183.70365649716257,0.1024517016100464
Bull_education_Dottie,chronos_t5_small,28,0.0817843959968901,0.866832078152596,92.8529791730651,0.068873515014315
Bull_education_Elva,chronos_t5_small,28,0.0518763850136466,0.1607934277868971,36.15552389769023,0.0500945379687375
Bull_education_Fabiola,chronos_t5_small,28,0.0696232233081376,0.2182345510308754,46.22243950877833,0.0658178445224653
Bull_education_Geneva,chronos_t5_small,28,0.2358064025549182,0.4521038552635393,51.85544219425567,0.1743511761653778
Bull_education_Genie,chronos_t5_small,28,0.0706120033758023,0.184625095101873,40.113063836873096,0.0535282863733179
Bull_education_Gregory,chronos_t5_small,28,0.0812333944640669,0.1994065545828869,39.55869906152975,0.0773754063036604
Bull_education_Hayley,chronos_t5_small,28,0.0552564867179858,0.1698935445388433,37.5529904962226,0.0526746313727635
Bull_education_Jae,chronos_t5_small,28,0.0468196043562001,0.1493491124342821,34.06751303963346,0.0598548408404191
Bull_education_Jeffery,chronos_t5_small,28,0.0679770303337737,0.811277986484263,34.22461454267277,0.0527357119424167
Bull_education_Joseph,chronos_t5_small,28,0.0794670443414448,0.1916432801301958,38.240931939931,0.0700436700187569
Bull_education_Juan,chronos_t5_small,28,0.1282158759932545,0.2659179932518206,43.66183989325155,0.0981338609675857
Bull_education_Kendra,chronos_t5_small,28,0.0692027440035133,0.1770911556807534,40.08306707578557,0.0649228321810218
Bull_education_Krista,chronos_t5_small,28,0.0591200070703961,0.1409533174041906,45.93269641490161,0.0514180504748793
Bull_education_Kristal,chronos_t5_small,28,0.0387932339075927,0.1523538393693943,34.90353368017519,0.0417269752328525
Bull_education_Lenny,chronos_t5_small,28,0.0803729723028582,0.1731706690931906,42.3180442303366,0.0758711827718521
Bull_education_Linnie,chronos_t5_small,28,0.0994510674640577,0.2455170167665568,47.17008088278839,0.0919010960928306
Bull_education_Luke,chronos_t5_small,28,0.0736132049695859,0.2062196833445717,40.99103220604065,0.0630698566136883
Bull_education_Lydia,chronos_t5_small,28,0.0488449068848047,0.1612580943978403,34.902404583840124,0.0446828624827261
Bull_education_Lyn,chronos_t5_small,28,0.1064455456794312,0.220513684374875,61.97784922537786,0.0820091879137448
Bull_education_Magaret,chronos_t5_small,28,0.146556263530147,0.2845000223305335,64.94539317174089,0.1151221145636373
Bull_education_Mario,chronos_t5_small,28,0.0912656443118505,0.2384525608652008,45.80620760581993,0.0825837997154673
Bull_education_Matilda,chronos_t5_small,28,0.1558091866464798,1.1197916436065318,99.16146516856833,0.1005128640202067
Bull_education_Mervin,chronos_t5_small,28,0.0829829946676018,0.1930494142968404,38.45908720501732,0.0775057359867063
Bull_education_Miquel,chronos_t5_small,28,0.1006295887860326,0.2422127295714381,47.37043745992581,0.078916229306734
Bull_education_Miranda,chronos_t5_small,28,0.0748510252465678,0.1845848722097396,38.1937902241374,0.0703021475343027
Bull_education_Myra,chronos_t5_small,28,0.1391508756737176,0.2740902977615732,65.2701888552406,0.1085483725490245
Bull_education_Nichole,chronos_t5_small,28,0.0498018743231409,0.1647554843332983,35.53801532746987,0.0551434989873094
Bull_education_Nina,chronos_t5_small,28,0.0542941082917139,0.1599133194053836,36.0414447487236,0.0571342220076934
Bull_education_Nolan,chronos_t5_small,28,0.0723283234550748,0.1760783894377313,34.76355701220652,0.0727769339199937
Bull_education_Olive,chronos_t5_small,28,0.1577897893687254,0.2667423689694563,46.05882467078576,0.125637335482895
Bull_education_Pablo,chronos_t5_small,28,0.1024618225912318,0.1819730826336281,107.93936596832812,0.0848644156999886
Bull_education_Pamela,chronos_t5_small,28,0.0641748300020481,0.1768454933452667,36.90336743982057,0.0649091063859843
Bull_education_Patrina,chronos_t5_small,28,0.1286962766080171,0.2128598547172553,56.06890488431012,0.093794470737948
Bull_education_Racheal,chronos_t5_small,28,0.0491813369427136,0.1680258479074018,36.81904307629696,0.0495154429872251
Bull_education_Reina,chronos_t5_small,28,0.0887530606498677,0.2068063976868794,42.76827579439275,0.0765575760017715
Bull_education_Reynaldo,chronos_t5_small,28,0.1002962151307096,0.1890739803310924,38.33317555452076,0.0851563970788532
Bull_education_Roland,chronos_t5_small,28,0.0782804919089781,0.20119801136487,43.94166365940209,0.0690662173191609
Bull_education_Roseann,chronos_t5_small,28,0.0497029254715557,0.1588551695503136,35.454133196925135,0.0456213993539887
Bull_education_Sebastian,chronos_t5_small,28,0.1003423524927834,0.2134280144708812,38.35671673498061,0.074065988462519
Bull_education_Shona,chronos_t5_small,28,0.0320693908522212,0.1450951744664045,33.70095039969837,0.0462185289736042
Bull_education_Stewart,chronos_t5_small,28,0.0473664710417247,0.1655505464654088,37.882345236667234,0.0540756375795729
Bull_education_Summer,chronos_t5_small,28,0.1100010658409234,0.2112650411184721,40.29114010621814,0.0915664484128582
Bull_education_Tracey,chronos_t5_small,28,0.0891965734922082,0.1757846262722786,125.34527725350762,0.0771929365138416
Bull_education_Venita,chronos_t5_small,28,0.0714981822640378,0.1600003194801241,39.98884812189046,0.0568764184566009
Bull_education_Violeta,chronos_t5_small,28,0.1425175671148817,0.2378314756437969,53.879797944139455,0.1179179253807717
Bull_lodging_Abby,chronos_t5_small,28,0.1069689296021197,0.238618153445752,39.04511387297943,0.085579270668018
Bull_lodging_Allen,chronos_t5_small,28,0.251977824237491,0.4374035663150513,56.154124340247854,0.1891289114988223
Bull_lodging_Anibal,chronos_t5_small,28,0.1303752095244251,0.2498057437226475,45.13603086748055,0.106836239564468
Bull_lodging_Caren,chronos_t5_small,28,0.0800851028301545,0.2120273223111446,51.05245698242031,0.0775825458803113
Bull_lodging_Carie,chronos_t5_small,28,0.0692937925193104,0.1724852002506429,40.19846746853568,0.0708105791879008
Bull_lodging_Charlotte,chronos_t5_small,28,0.2049076426230432,0.374120566009536,40.75149579565543,0.1490542749507712
Bull_lodging_Danielle,chronos_t5_small,28,0.143782756293885,0.9662334780065204,50.98188274054182,0.0947576991119678
Bull_lodging_Dave,chronos_t5_small,28,0.0704591751743098,0.1896537003599362,41.5517287374466,0.065687382410782
Bull_lodging_Elena,chronos_t5_small,28,0.1591116848847878,0.3007362473897756,47.982612828973295,0.1194347329554273
Bull_lodging_Graciela,chronos_t5_small,28,0.108878677416822,0.2165996260484331,45.43682922457714,0.085756469910846
Bull_lodging_Hugo,chronos_t5_small,28,0.0828740679799503,0.1976966097636666,46.943786289302814,0.0662957553866794
Bull_lodging_Jeremiah,chronos_t5_small,28,0.0814632098709246,0.2027764135092606,37.21266175706281,0.0665742017138665
Bull_lodging_Leonard,chronos_t5_small,28,0.0800100077901161,0.1914519778270628,41.36662369897544,0.0762179339186874
Bull_lodging_Lettie,chronos_t5_small,28,0.0991847176817648,0.2119612812120283,51.38020043531106,0.0853756228187019
Bull_lodging_Melissa,chronos_t5_small,28,0.064693293232046,0.1879940527337277,45.72679223577947,0.0532189280209921
Bull_lodging_Perry,chronos_t5_small,28,0.0969406373908999,0.2298042531343051,53.04079112372144,0.0759955673753127
Bull_lodging_Terence,chronos_t5_small,28,0.1176003695123249,0.8586502023996277,44.25731303070461,0.0840121982751277
Bull_lodging_Travis,chronos_t5_small,28,0.0521211286531444,0.1824769454703332,44.40622659194069,0.0529853865641112
Bull_lodging_Xavier,chronos_t5_small,28,0.2355555902136716,0.4138999630189047,56.11694143131448,0.1651045586416037
Bull_office_Anne,chronos_t5_small,28,0.0982304872502259,0.1927543514874177,38.16641051422708,0.0756940135337326
Bull_office_Chantel,chronos_t5_small,28,0.1042194763846763,0.1919449670905343,40.58180380581787,0.0936641250100747
Bull_office_Claudia,chronos_t5_small,28,0.0633324613510307,0.1603717979003203,37.89503410862571,0.0596049490377656
Bull_office_Debbie,chronos_t5_small,28,0.1000790649431302,0.2125846061523108,38.29323646404883,0.0821184260607767
Bull_office_Efren,chronos_t5_small,28,0.147717225812035,1.0753781470735204,39.67961389954519,0.1042217680564313
Bull_office_Ella,chronos_t5_small,28,0.1601969225107936,1.0258986784021449,260.8899145232156,0.1697861518062204
Bull_office_Hilton,chronos_t5_small,28,0.0764753148869264,0.1774799832534365,35.47617032691018,0.0692204926779438
Bull_office_Ivette,chronos_t5_small,28,0.1157986544929405,0.2226760304931759,42.08266689412992,0.0886068582678685
Bull_office_Lilla,chronos_t5_small,28,0.0643175570970083,0.1729288982949337,36.059566044962935,0.0608306586268128
Bull_office_Marco,chronos_t5_small,28,0.2337112514810904,0.7794638606615764,44.22992792170029,0.1713846198039621
Bull_office_Myron,chronos_t5_small,28,0.0953409434320962,0.1956177933973065,37.00907488056573,0.0816522134093036
Bull_office_Nicolas,chronos_t5_small,28,0.0907781211464139,0.1984081536758211,45.40103573159022,0.0800864038404811
Bull_office_Rob,chronos_t5_small,28,0.0804647381291058,0.2015222871575968,37.20233925597345,0.0698473067402882
Bull_office_Sally,chronos_t5_small,28,0.2105035097954964,1.0104469211667944,45.75860217921859,0.149939760593077
Bull_office_Trevor,chronos_t5_small,28,0.106167555988063,0.9992974702286505,34.428559526360324,0.0752532121831981
Bull_office_Yvonne,chronos_t5_small,28,0.0641458377807785,0.1999195060737102,37.00192818259422,0.0578179892501339
Bull_public_Hyun,chronos_t5_small,28,0.0389815138005695,0.1520156912812783,36.11530810690457,0.0499281639301188
Bull_public_Jefferson,chronos_t5_small,28,0.0760713419263552,0.1903141295752583,33.67659777482565,0.0648786791148645
Bull_services_Jeanmarie,chronos_t5_small,28,0.0957181714748277,0.193122928853873,40.53652991247913,0.0830356495864761
Bull_services_Juanita,chronos_t5_small,28,0.0394241145916629,0.1497036411383764,37.10546268006449,0.0454613919120547
Bull_services_Nadine,chronos_t5_small,28,0.0478578195479971,0.1570181217658642,37.57453276239242,0.0455599429423578
Bull_services_Rachelle,chronos_t5_small,28,0.0732749192063089,0.1629972880398115,37.528317590337934,0.0692151471000972
Bull_services_Winford,chronos_t5_small,28,0.0391217286808166,0.1495922306655742,39.50593824048919,0.0464550965735493
Cockatoo_assembly_Doyle,chronos_t5_small,28,0.0595106395924081,0.088885780905458,5.670495340062308,0.0442778007281046
Cockatoo_assembly_Ed,chronos_t5_small,28,0.0985304310657942,0.1294452008487644,10.72632883994968,0.0823875310783433
Cockatoo_assembly_Emilio,chronos_t5_small,28,0.1055774523391702,0.1440616795454762,12.173274874805456,0.0806030721181557
Cockatoo_assembly_Evelyn,chronos_t5_small,28,0.0532059100193281,0.1781543594507738,5.746366516875004,0.0415741257496192
Cockatoo_assembly_Fernanda,chronos_t5_small,28,0.0694456168083208,0.1023469047215011,7.53921807892705,0.0560070359832304
Cockatoo_assembly_Genoveva,chronos_t5_small,28,0.2229852593226803,0.3082133012913042,21.73655425506892,0.1692734975698138
Cockatoo_assembly_Griselda,chronos_t5_small,28,0.0942032255183463,0.1326954580159705,10.4360126271587,0.0750950380209906
Cockatoo_assembly_Heath,chronos_t5_small,28,0.090810351859814,0.1389374571238754,8.404190018668919,0.0628845580940753
Cockatoo_assembly_Meredith,chronos_t5_small,28,0.0772282251422896,0.1021487080491119,8.051939220598976,0.0584867318075104
Cockatoo_assembly_Pierre,chronos_t5_small,28,0.0698555561281764,0.0960906336117594,6.8060413172000125,0.050083468457251
Cockatoo_assembly_Ralph,chronos_t5_small,28,0.0658690145576229,0.0847546897311258,6.768210314520544,0.0477548479569415
Cockatoo_assembly_Rodger,chronos_t5_small,28,0.0575670752300995,0.1045942264307656,5.303618001434965,0.0436786420707097
Cockatoo_assembly_Tabitha,chronos_t5_small,28,0.0933700306157639,0.122547866925826,9.37648531349467,0.0682078688458172
Cockatoo_assembly_Valencia,chronos_t5_small,28,0.1781404012753649,0.2625075832463537,24.90130596162714,0.1419319865111888
Cockatoo_education_Amira,chronos_t5_small,28,0.0680393173454133,0.2206296568644554,4.745434163264734,0.055109850832348
Cockatoo_education_Arlen,chronos_t5_small,28,0.1128205338853029,0.1797651269551123,10.771748312645446,0.0896745315854499
Cockatoo_education_Brendan,chronos_t5_small,28,0.0474283696259522,0.06141672694453,4.778258355227508,0.034954352138804
Cockatoo_education_Brigitte,chronos_t5_small,28,0.0194926486452578,0.026320648939049,1.9480169799281035,0.0146740941129595
Cockatoo_education_Charity,chronos_t5_small,28,0.0251529166954482,0.0368413522676265,2.535496058173277,0.0184732367965446
Cockatoo_education_Christi,chronos_t5_small,28,0.0057115661892958,0.0077147821630361,0.5711566189295894,0.008472702617015
Cockatoo_education_Claudine,chronos_t5_small,28,0.0373601516074449,0.0565114285467477,3.793876078959794,0.0267786270514856
Cockatoo_education_Collin,chronos_t5_small,28,0.0335867916067894,0.046673415252485,3.3667333274471964,0.0236907291294877
Cockatoo_education_Deloris,chronos_t5_small,28,0.0388763097967684,0.0538367957390098,3.829152605949645,0.0280412959789787
Cockatoo_education_Doreen,chronos_t5_small,28,0.0544387689425381,0.0903559413507212,5.5851529930057096,0.0445763941036968
Cockatoo_education_Erik,chronos_t5_small,28,0.029051052609771,0.0380084143828748,2.905687634860888,0.0210383483138023
Cockatoo_education_Eunice,chronos_t5_small,28,0.0395697768892846,0.062308704154603,3.8070639079246704,0.029782767699938
Cockatoo_education_Evangeline,chronos_t5_small,28,0.0029327082038476,0.0029327082038476,0.2932708203847657,0.0031158011779664
Cockatoo_education_Flora,chronos_t5_small,28,0.0182491227506858,0.0240310052700393,1.8289915997260973,0.0135145759464926
Cockatoo_education_Gussie,chronos_t5_small,28,0.0288567142208422,0.0405547045888037,2.862410963676352,0.0211743857122839
Cockatoo_education_Helene,chronos_t5_small,28,0.0311542408111039,0.0436524715272141,3.05088862412576,0.0226167600935755
Cockatoo_education_Jack,chronos_t5_small,28,0.163740664665229,0.2335466559405311,17.732044213088134,0.1256090068759361
Cockatoo_education_Janet,chronos_t5_small,28,0.0154271068373159,0.0251368066014663,1.5610307369109204,0.01142316970537
Cockatoo_education_Joeann,chronos_t5_small,28,0.0479205476085956,0.1443526681402572,5.239893300799329,0.039331004777663
Cockatoo_education_Joel,chronos_t5_small,28,0.0423128255057684,0.0550088917642211,4.235575500118348,0.0303810810698672
Cockatoo_education_Jon,chronos_t5_small,28,0.066515159828968,0.1283001347795176,6.834592864513994,0.058056477488599
Cockatoo_education_Julia,chronos_t5_small,28,0.0848067137386929,0.1171291631304874,8.232162860012773,0.0606502892601865
Cockatoo_education_Julio,chronos_t5_small,28,0.037315047773063,0.0490230348528388,3.684250995501393,0.0267925354743715
Cockatoo_education_June,chronos_t5_small,28,0.0355124681724522,0.0473629144387744,3.4804312422460923,0.0257751353997741
Cockatoo_education_Laurence,chronos_t5_small,28,0.191413151903303,0.3397606306229799,17.354933857398905,0.1417843178421721
Cockatoo_education_Lionel,chronos_t5_small,28,0.0168806342102525,0.0226564429740898,1.6735901098713142,0.0125794337910851
Cockatoo_education_Magdalena,chronos_t5_small,28,0.0612206088020564,0.125455244605505,10.549450694149964,0.0484760346713969
Cockatoo_education_Marva,chronos_t5_small,28,0.0635229560731007,0.095083926701674,6.4570202828419925,0.0471800395542953
Cockatoo_education_Maynard,chronos_t5_small,28,0.2078880022867291,0.3346510350891896,17.931576997664603,0.1617987933127259
Cockatoo_education_Mayra,chronos_t5_small,28,0.0843923336300489,0.1250811975653877,8.976668363974559,0.0643855390303943
Cockatoo_education_Melanie,chronos_t5_small,28,0.1054230837517984,0.1563250454727254,11.16934699333097,0.0811586296688005
Cockatoo_education_Minh,chronos_t5_small,28,0.0658042306580883,0.0860556930858402,6.521630276270697,0.0478889383091526
Cockatoo_education_Nelda,chronos_t5_small,28,0.0379176018664823,0.0507825189208742,3.8478641373180937,0.0277811121360249
Cockatoo_education_Oliver,chronos_t5_small,28,0.0600347553861974,0.1179615468386067,6.360633223914065,0.0501393365959547
Cockatoo_education_Orlando,chronos_t5_small,28,0.0447787165674768,0.0778035679625289,4.120575041629189,0.0312876250721831
Cockatoo_education_Rita,chronos_t5_small,28,0.1012968972234983,0.1835335338921316,10.290135643556551,0.0797776789939813
Cockatoo_education_Shawn,chronos_t5_small,28,0.0552954923230421,0.0771104433999503,5.534206662096422,0.0419490682558972
Cockatoo_education_Sheryl,chronos_t5_small,28,0.0183986018779135,0.0293652689426165,1.828674893432999,0.0136343361314629
Cockatoo_education_Terrence,chronos_t5_small,28,0.0300545062996551,0.0485405345747253,2.994576849606044,0.021651394377529
Cockatoo_education_Tyler,chronos_t5_small,28,0.0126489339644074,0.0159633392248035,1.257544571144008,0.0089997046483043
Cockatoo_education_Victoria,chronos_t5_small,28,0.0694577301450385,0.0958431128821259,6.989068233925647,0.0524663624205825
Cockatoo_industrial_Nathaniel,chronos_t5_small,28,0.0890503936856002,0.2331548004604054,16.355273882578278,0.0709721269836642
Cockatoo_industrial_Sarita,chronos_t5_small,28,0.0440753452810555,0.0607180698206387,4.329426113862033,0.0320046408288349
Cockatoo_lodging_Aimee,chronos_t5_small,28,0.0748736922772264,0.1066722933344742,7.170628186747583,0.0532864889799253
Cockatoo_lodging_Albert,chronos_t5_small,28,0.0395394619493713,0.0624097906045267,3.6684805506898712,0.0270937744082673
Cockatoo_lodging_Alicia,chronos_t5_small,28,0.095447015940456,0.1354261169428425,9.25782095613789,0.0702974176197888
Cockatoo_lodging_Ana,chronos_t5_small,28,0.0716448742781666,0.1054698865240727,7.253363300173171,0.0527187417413168
Cockatoo_lodging_Carmen,chronos_t5_small,28,0.0882621257210782,0.1358595783727182,8.082075875726252,0.0623769837822526
Cockatoo_lodging_Cletus,chronos_t5_small,28,0.0624803863066262,0.0973287986409666,6.170070519490232,0.0472910127026278
Cockatoo_lodging_Elvia,chronos_t5_small,28,0.0542095997103645,0.0859290846732229,5.486460456629433,0.0409868122136946
Cockatoo_lodging_Emory,chronos_t5_small,28,0.0478150722967734,0.0685491505420083,4.746076028344431,0.0350690149524215
Cockatoo_lodging_Eric,chronos_t5_small,28,0.0847206178560964,0.1419835976351973,7.357246350368476,0.0557165809539326
Cockatoo_lodging_Homer,chronos_t5_small,28,0.0238829586532536,0.0317323100227919,2.4035127375643235,0.0174481689436136
Cockatoo_lodging_Jarrod,chronos_t5_small,28,0.4167558311579212,0.8282875947369501,61.42115478189538,0.3220471728108204
Cockatoo_lodging_Javier,chronos_t5_small,28,0.0651094825144927,0.0978501311734175,6.088950538954483,0.0452065916812503
Cockatoo_lodging_Jim,chronos_t5_small,28,0.030841081934368,0.0439553291460425,3.008604518359801,0.0218538654781993
Cockatoo_lodging_Jimmie,chronos_t5_small,28,0.0317949711702411,0.048187363540107,3.1823338522401685,0.0254548417172125
Cockatoo_lodging_Johnathan,chronos_t5_small,28,0.0627536560457729,0.0936428028253671,5.929792043475766,0.0446882177207428
Cockatoo_lodging_Josephine,chronos_t5_small,28,0.0791355525568653,0.1370204912600739,7.132848420046536,0.054317828760586
Cockatoo_lodging_Judi,chronos_t5_small,28,0.1061642250727403,0.1721960720887382,9.528943721696818,0.0752682118601048
Cockatoo_lodging_Katharine,chronos_t5_small,28,0.0476654657720967,0.0793340519792839,4.602477352038916,0.0345618864366993
Cockatoo_lodging_Kerri,chronos_t5_small,28,0.0651469614940634,0.1077973166446411,6.202512052366379,0.0452787541226912
Cockatoo_lodging_Kyle,chronos_t5_small,28,0.0475848819486309,0.0842474485096518,4.77869640978782,0.0361213866213251
Cockatoo_lodging_Lana,chronos_t5_small,28,0.1128554183387386,0.1526280794551095,11.482164071678886,0.0844635531083454
Cockatoo_lodging_Linwood,chronos_t5_small,28,0.1125613468138652,0.1834930195838081,9.860358577911391,0.0748009126800808
Cockatoo_lodging_Lynne,chronos_t5_small,28,0.0683736966758365,0.107236468993338,6.6034683575499145,0.051048638887625
Cockatoo_lodging_Mandy,chronos_t5_small,28,0.0690433766526275,0.121370449022367,6.347497210620133,0.0514328077663922
Cockatoo_lodging_Olga,chronos_t5_small,28,0.0983265740480933,0.1466256803886358,12.178071047809178,0.080885444439749
Cockatoo_lodging_Raphael,chronos_t5_small,28,0.0654277382483051,0.1230804312027125,6.0618068774040585,0.0469532758940347
Cockatoo_lodging_Tesha,chronos_t5_small,28,0.0856217014693939,0.1209289671122895,8.215866443442556,0.0603811380767063
Cockatoo_lodging_Tessie,chronos_t5_small,28,0.0587074833170095,0.10113100411079,6.033644532847228,0.0447020328638215
Cockatoo_office_Ada,chronos_t5_small,28,0.0270420323255984,0.0447181371675493,2.8273648643227465,0.021097940262685
Cockatoo_office_Alton,chronos_t5_small,28,0.0583449379078874,0.0783863160839959,5.876109050510352,0.0423507927023836
Cockatoo_office_Christy,chronos_t5_small,28,0.0370625618541807,0.059147386188829,3.6020050320601182,0.0296998591860731
Cockatoo_office_Delores,chronos_t5_small,28,0.0488512445164937,0.0687949468153146,4.761035479302536,0.0360052188474371
Cockatoo_office_Elbert,chronos_t5_small,28,0.06238258932663,0.1073997921077948,7.236987213993237,0.0529680858377654
Cockatoo_office_Gail,chronos_t5_small,28,0.0999596891037529,0.1646114353787617,9.877646065494895,0.0792817469131065
Cockatoo_office_Georgia,chronos_t5_small,28,0.0428414188617961,0.0607532454812857,4.488386400770949,0.034327956296843
Cockatoo_office_Giovanni,chronos_t5_small,28,0.0362453880083727,0.0486175985410264,3.551036697223711,0.0259612534750065
Cockatoo_office_Jimmy,chronos_t5_small,28,0.1027717934103549,0.1952567454037192,12.384862276061252,0.0872046489411617
Cockatoo_office_Jodie,chronos_t5_small,28,0.0717886220289749,0.0984581922762615,7.363685063881907,0.0523066882512374
Cockatoo_office_Kristin,chronos_t5_small,28,0.0324233864723906,0.0427761967630086,3.253017778494277,0.0236551449232683
Cockatoo_office_Laila,chronos_t5_small,28,0.0316541340024943,0.0439346313798065,3.0944100788805486,0.0231406682853417
Cockatoo_office_Lorraine,chronos_t5_small,28,0.1168568072234935,0.208543829240525,10.530065322466294,0.0866164475755743
Cockatoo_office_Paige,chronos_t5_small,28,0.0405592900481418,0.0606679205414558,3.975898156547904,0.0306646906401345
Cockatoo_office_Pansy,chronos_t5_small,28,0.0617173651244979,0.1127039418895631,6.7111254158685325,0.0484904526792778
Cockatoo_office_Rodney,chronos_t5_small,28,0.0681513038602929,0.1099060037856096,7.553764973560716,0.0559473718172532
Cockatoo_office_Roxanna,chronos_t5_small,28,0.0787396639798463,0.1135459699730924,7.64184318367532,0.0559513624294594
Cockatoo_public_Caleb,chronos_t5_small,28,0.055814585790688,0.0975316876841232,6.026949005793674,0.0432974670650421
Cockatoo_public_Chiquita,chronos_t5_small,28,0.0614437008906907,0.0994331614481608,6.10269143121615,0.0465766191466197
Cockatoo_public_Harland,chronos_t5_small,28,0.0476239661730054,0.0717935802312687,5.077266480240656,0.037103444352774
Cockatoo_public_Leah,chronos_t5_small,28,0.0558091813326196,0.0873059703851288,6.131541851377144,0.04630398789998
Cockatoo_public_Shad,chronos_t5_small,28,0.0631840303601326,0.0939169763127857,6.915744005792583,0.0478011327144783
Cockatoo_public_Valerie,chronos_t5_small,28,0.020322925309226,0.0357708493377319,2.0066066599453354,0.0166168803356254
Cockatoo_religion_Diedre,chronos_t5_small,28,0.3329480393466755,0.5282229334296074,36.98956019941988,0.2167103105089537
Cockatoo_science_Rex,chronos_t5_small,28,0.0406839591693416,0.0700549006653416,3.889345614605608,0.0291722982949194
Cockatoo_utility_Kimiko,chronos_t5_small,28,0.1904626440788241,0.3088298556900309,25.11860327377877,0.1448967312069648
Cockatoo_utility_Sherri,chronos_t5_small,28,0.0812515498452868,0.1986551698607824,9.44781387514666,0.0718913977182498
Crow_education_Kate,chronos_t5_small,28,0.0025256573683562,0.0026494833938161,0.2525657368356286,0.0027016042320704
Crow_education_Keisha,chronos_t5_small,28,0.0029325571456826,0.0029325571456826,0.293255714568264,0.0030518829529983
Crow_education_Marlin,chronos_t5_small,28,0.0026849613232752,0.0027807487800314,0.2684961323275254,0.0030100310513835
Crow_education_Omer,chronos_t5_small,28,0.002932401253464,0.002932401253464,0.2932401253464013,0.0029318558083304
Crow_education_Winston,chronos_t5_small,28,0.002447823237555,0.0025940055852367,0.244782323755502,0.0026449842802452
Eagle_assembly_Benny,chronos_t5_small,28,0.0752279865856078,0.1173491205106788,7.261009137562148,0.0569523049712423
Eagle_assembly_Candice,chronos_t5_small,28,0.6250093544562981,1.2786863969499953,99.11455779342388,0.5064045746308056
Eagle_assembly_Estelle,chronos_t5_small,28,0.1933649283983567,0.3096327687194679,17.753017419627614,0.1427256941646844
Eagle_assembly_Herbert,chronos_t5_small,28,0.1503070964998297,0.2651782921590981,111.53872263291473,0.1243997169812526
Eagle_assembly_Ian,chronos_t5_small,28,0.1701494728947548,0.2835007110654072,15.525030890010846,0.1253882670774668
Eagle_assembly_Josie,chronos_t5_small,28,0.0558201807490532,0.0758666511160861,6.001524107245661,0.0436169962325456
Eagle_assembly_Lacy,chronos_t5_small,28,0.072023801434042,0.097990973752009,20.81545128422061,0.0529508650140621
Eagle_assembly_Latrina,chronos_t5_small,28,0.1036881079920233,0.2445136840534987,241.97801658316016,198246729.2317552
Eagle_assembly_Margret,chronos_t5_small,28,0.0640615491402626,0.0966222938965968,6.812797812002828,0.0507040883207432
Eagle_assembly_Portia,chronos_t5_small,28,0.0996852096196299,0.1535633251760053,9.480110837478923,0.0727835098295262
Eagle_education_Alberto,chronos_t5_small,28,0.1096074632934727,0.5602378224706926,638.5756352267309,115331693.40255372
Eagle_education_April,chronos_t5_small,28,0.1043023293239672,0.169475916194679,21.536253924105768,0.0769055358590768
Eagle_education_Brianne,chronos_t5_small,28,0.0492813424847421,0.0658742357998042,5.049019916694386,0.0373342789122937
Eagle_education_Brooke,chronos_t5_small,28,0.027464303601863,0.0949551230270952,87.33871808509177,0.0263345305840474
Eagle_education_Edith,chronos_t5_small,28,0.083742527032744,0.1433233593065971,9.82992317254692,0.0710134715296217
Eagle_education_Eileen,chronos_t5_small,28,0.1414016367601359,0.550564928465171,641.4798293104153,30149212.21178857
Eagle_education_Jewell,chronos_t5_small,28,0.0383140762007353,0.0861142080527576,39.338141514572406,0.0296474070855586
Eagle_education_Lino,chronos_t5_small,28,0.1494288111019693,0.2088727953560396,32.70848819897209,0.1193265116053876
Eagle_education_Luther,chronos_t5_small,28,0.0372525841406833,0.055661546910254,4.056355679644113,0.0269099320180723
Eagle_education_Maragret,chronos_t5_small,28,0.1077846084994141,0.149848885150735,27.841211412498843,0.0796635449026409
Eagle_education_Norah,chronos_t5_small,28,0.0303258178664989,0.039870174239922,3.0606971978730577,0.0226382262916645
Eagle_education_Paul,chronos_t5_small,28,0.1866967636717989,0.6468797720794572,643.023349923561,49057973.46067847
Eagle_education_Peter,chronos_t5_small,28,0.0157430446201504,0.020708792102989,1.5750743974477683,0.0113945589493515
Eagle_education_Petra,chronos_t5_small,28,0.064983410350305,0.108869971526739,5.951133361081686,0.0513218530937564
Eagle_education_Raul,chronos_t5_small,28,0.0303715171464348,0.0511511226736054,3.4538756661618653,0.0221849889144353
Eagle_education_Roman,chronos_t5_small,28,0.0235088394540844,0.0432944121239018,2.708964685643496,0.018110987963852
Eagle_education_Samantha,chronos_t5_small,28,0.0436797504380962,0.0577877009528997,4.485998905300844,0.0317335955113968
Eagle_education_Shana,chronos_t5_small,28,0.1141870261122243,0.5631945480484254,644.6390210999309,23374004.122005243
Eagle_education_Shanna,chronos_t5_small,28,0.0880349238050087,0.1216934100580034,8.538159167780018,0.0662148741031359
Eagle_education_Shante,chronos_t5_small,28,0.0190875693009758,0.0247258598103284,1.889348244026984,0.0139141410566909
Eagle_education_Sheena,chronos_t5_small,28,0.1901799082193317,0.652427403111531,647.023500261488,2321928.3703434444
Eagle_education_Sherrill,chronos_t5_small,28,0.0195684366865896,0.0253775026229873,1.9432789351972524,0.0140817672591882
Eagle_education_Teresa,chronos_t5_small,28,0.0755296009501293,0.1006099719451843,7.93333560244987,0.0569965592489506
Eagle_education_Wesley,chronos_t5_small,28,0.0989926539800908,0.1650354236409006,11.927157729067254,0.0813740618469314
Eagle_education_Will,chronos_t5_small,28,0.0487981486019291,0.0624654596822486,4.881896224247641,0.0359749546838885
Eagle_food_Jennifer,chronos_t5_small,28,0.0469037606967007,0.199558325287159,4.269132555563854,1.060715708360084
Eagle_food_Kay,chronos_t5_small,28,0.09195243119202,0.1690571599163858,11.031564585973284,0.0788634417330296
Eagle_health_Amy,chronos_t5_small,28,0.1708435905411718,0.307590906221231,39.41135707717229,0.1535650237080306
Eagle_health_Athena,chronos_t5_small,28,0.0773724533231387,0.1203482196508792,7.397018410262553,0.0556077234404257
Eagle_health_Gregoria,chronos_t5_small,28,0.1001273597674321,0.2761687996411641,6.935350954049101,506545.5844767728
Eagle_health_Jodi,chronos_t5_small,28,0.0624396249863738,0.1015077500994935,6.230957796950073,0.0474402460149049
Eagle_health_Lucinda,chronos_t5_small,28,0.0832959811148129,0.1686908475976611,227.6984785802694,0.0782715599373122
Eagle_health_Margo,chronos_t5_small,28,0.1246754164419459,0.577661528363921,677.3552949490282,31709053.22241616
Eagle_health_Reba,chronos_t5_small,28,0.0320219802095898,0.0496713615403797,3.152599056223114,0.0239381088535409
Eagle_health_Reuben,chronos_t5_small,28,0.0912814615681451,0.2485488455918524,215.51708095428503,215030535.8093021
Eagle_health_Trisha,chronos_t5_small,28,0.0614086229108532,0.079840393076386,6.079349280226707,0.0443030861357053
Eagle_health_Vincenza,chronos_t5_small,28,0.113925513802384,0.2412847463500171,74.95130487555247,0.1334756335047147
Eagle_lodging_Andy,chronos_t5_small,28,0.1112395386431942,0.2078787321476531,12.474594758626898,0.095963128437363
Eagle_lodging_Casey,chronos_t5_small,28,0.1008559195245492,0.2197450240031073,12.322231735702465,0.0896549849486723
Eagle_lodging_Dawn,chronos_t5_small,28,0.0923312843959215,0.2149612222442325,11.86203421779344,0.0883101255281067
Eagle_lodging_Edgardo,chronos_t5_small,28,0.1032160411824193,0.1982638292582312,12.08391666816835,0.0930038532922686
Eagle_lodging_Stephanie,chronos_t5_small,28,0.0502186449313803,0.0816481400242671,4.802236228192599,0.0359927531471516
Eagle_lodging_Terri,chronos_t5_small,28,0.1232414528903494,0.1573986360138453,12.41120576500582,0.0917533809970651
Eagle_lodging_Tressa,chronos_t5_small,28,0.0613299082701085,0.1142451333889203,5.293664213114514,0.0426296218906769
Eagle_lodging_Trina,chronos_t5_small,28,0.1872911506275273,0.3325365576200971,18.333223131830454,0.1386757778859187
Eagle_office_Amanda,chronos_t5_small,28,0.5647810489225992,0.8839761286875963,3302.712450688894,0.7288366629691196
Eagle_office_Amie,chronos_t5_small,28,0.0071832261586835,0.0329557661037969,0.7922503013678344,0.0082019352230366
Eagle_office_Bridgett,chronos_t5_small,28,0.0965742675941087,0.1230271593185757,10.236298344770118,0.06689080048254
Eagle_office_Chantelle,chronos_t5_small,28,0.0543873144645598,0.0902911159806623,5.749545743803947,0.0427209761972969
Eagle_office_Chauncey,chronos_t5_small,28,0.1268488185390354,0.5803990536456928,681.3872502292324,357726586.381457
Eagle_office_Dallas,chronos_t5_small,28,0.0820900280437022,0.1241741243023892,7.873388669873423,0.0613961329787788
Eagle_office_Damian,chronos_t5_small,28,0.0914773582268701,0.1444680952647168,8.694334800181302,0.0666794137624483
Eagle_office_Demetra,chronos_t5_small,28,0.113852369441144,0.2422600895126659,17.575733402120512,0.1197991120207009
Eagle_office_Donovan,chronos_t5_small,28,0.1176103969881164,0.1614732698580806,24.928924526169613,0.0890270154021122
Eagle_office_Efrain,chronos_t5_small,28,0.0797575010756677,0.1275985538385477,7.352930397660227,0.0604247698863311
Eagle_office_Elia,chronos_t5_small,28,0.1285166415602918,0.1926373416619039,11.983285766272298,0.0968124631274738
Eagle_office_Elias,chronos_t5_small,28,0.0920812541023555,0.1462206444364591,8.716151413306902,0.067185262973861
Eagle_office_Elvis,chronos_t5_small,28,0.1405614736506514,0.2272149379443881,24.495411848810416,0.1195112365658237
Eagle_office_Flossie,chronos_t5_small,28,0.1397553076895842,0.1823493590008582,28.80263590049684,0.1054493067841284
Eagle_office_Francis,chronos_t5_small,28,0.0501993714708016,0.0714397607866738,17.857138915408854,0.0373365525526359
Eagle_office_Freida,chronos_t5_small,28,0.065380887787954,0.1305469804904346,102.71237292911732,0.0546278790825253
Eagle_office_Henriette,chronos_t5_small,28,0.1347545089064409,0.2378008605805888,32.38357945264469,0.095022311099816
Eagle_office_Isidro,chronos_t5_small,28,0.1108370212351078,0.1960178953947568,12.549214577588163,0.0885962919612543
Eagle_office_Jackie,chronos_t5_small,28,0.0823762579524664,0.1192628244201512,8.335501275349745,0.0637355504824653
Eagle_office_Jeff,chronos_t5_small,28,0.0965266490117059,0.1505311676591674,9.632504552425658,0.0736753065037017
Eagle_office_Joette,chronos_t5_small,28,0.0529107922776779,0.0794871199020793,5.420716114086886,0.0398915833584785
Eagle_office_Katheleen,chronos_t5_small,28,0.2221806687276736,0.3106602369413976,25.442499001787507,0.1625437389121417
Eagle_office_Lamont,chronos_t5_small,28,0.1872759003407226,0.6338656959340772,688.3389399712165,14115204.078796456
Eagle_office_Lane,chronos_t5_small,28,0.1000038741716917,0.1654726462087548,192.14773407398255,0.1095221431510322
Eagle_office_Lillian,chronos_t5_small,28,0.2023108638992383,0.3064656451335554,226.9028096973777,0.1932769842066116
Eagle_office_Mable,chronos_t5_small,28,0.1167898302884376,0.1927693567918584,42.54225825247696,0.097307413123252
Eagle_office_Mandi,chronos_t5_small,28,0.1131946963898965,0.5612109433408778,641.6918712529896,16752526.430919616
Eagle_office_Marisela,chronos_t5_small,28,0.1633069508349262,0.6306783610068942,693.093369625323,19617609.290389467
Eagle_office_Michele,chronos_t5_small,28,0.087531566155759,0.1097863011670337,8.757108866815663,0.0633741382383817
Eagle_office_Nereida,chronos_t5_small,28,0.1292853843232965,0.5948333651077738,690.8213492298025,101726005.4260777
Eagle_office_Norbert,chronos_t5_small,28,0.1831053128392607,0.6856647639242495,741.6716104936112,40826896.693495885
Eagle_office_Patrice,chronos_t5_small,28,0.0645854111129802,0.0976486948493384,6.296778824237443,0.0485110079888573
Eagle_office_Phyllis,chronos_t5_small,28,0.1123432586706361,0.5642441384020661,646.641495898978,21129588.03321192
Eagle_office_Randolph,chronos_t5_small,28,0.0975461320707897,0.1682502102795813,10.408490048439146,0.0814299362200699
Eagle_office_Remedios,chronos_t5_small,28,0.1363559797211114,0.5889856087806837,669.4226165017326,22759879.082948517
Eagle_office_Ryan,chronos_t5_small,28,0.1076721231944824,0.158948372244278,10.587165557272396,0.08027191196145
Eagle_office_Sheree,chronos_t5_small,28,0.1081516603601237,0.1829176242842864,12.219226138189338,0.095514116586534
Eagle_office_Sonya,chronos_t5_small,28,0.0567501284205306,0.0740278590248785,5.720228635040817,0.0407646532243382
Eagle_office_Tia,chronos_t5_small,28,0.1394192529377331,0.5395122906090183,625.0024278271143,16307932.18968342
Eagle_office_Yadira,chronos_t5_small,28,0.1282660335558878,0.2411295290759094,187.83727589496695,0.142188076576949
Eagle_public_Alvin,chronos_t5_small,28,0.0458625279548405,0.0735563797450119,18.87657067213582,0.0350629449094149
Eagle_public_Henry,chronos_t5_small,28,0.148990485379113,0.2165034383634262,28.767683739142203,0.1260208595025546
Eagle_public_Minnie,chronos_t5_small,28,0.0524140358565825,0.0736159885820803,5.235163138664299,0.0384825203420314
Eagle_public_Missy,chronos_t5_small,28,0.1108008825436138,0.1881857059800016,11.297386198538428,0.0928511345624279
Eagle_public_Ola,chronos_t5_small,28,0.1137276974633457,0.1819826746105625,15.571572502946118,0.1065398166548148
Eagle_public_Pearle,chronos_t5_small,28,0.0790163706246574,0.159697208142971,11.650897047764085,0.0842467782006874
Eagle_public_Preston,chronos_t5_small,28,0.0490946026356048,0.1001541379437484,15.59613587912586,0.0407969552182614
Fox_assembly_Adrianne,chronos_t5_small,28,0.2033078496958289,0.3736266685388735,30.469522090985745,0.1481205745804377
Fox_assembly_Audrey,chronos_t5_small,28,0.0593767826255427,0.1372488220406248,6.320893675658969,0.0559889759248012
Fox_assembly_Boyce,chronos_t5_small,28,0.0576779283107448,0.0984554645041204,6.789321796160307,0.0458374357509998
Fox_assembly_Bradley,chronos_t5_small,28,0.0131018210603913,0.0761684664231798,46.00793154223905,0.0130578805357927
Fox_assembly_Carlos,chronos_t5_small,28,0.0853617644441342,0.1749930009661273,21.297570545524295,0.0635591678381339
Fox_assembly_Cathy,chronos_t5_small,28,0.0800883290368144,0.2613097590267997,313.70833306724893,101980437.05882354
Fox_assembly_Cecelia,chronos_t5_small,28,0.1265747612236323,0.2034934811643255,26.110356510252853,0.0895163239373506
Fox_assembly_Christie,chronos_t5_small,28,0.4203339272534092,0.6637908415722383,40.29177682867956,0.3133357519722781
Fox_assembly_Cindy,chronos_t5_small,28,0.1073231695170321,0.1539538039461371,11.598403139338563,0.0814565200701342
Fox_assembly_Dixie,chronos_t5_small,28,0.3342739395985051,0.6895735330393133,27.89714137116011,0.2626750176396479
Fox_assembly_Emma,chronos_t5_small,28,0.0924029743905065,0.1426853554775556,52.09409920952383,0.0717860359629387
Fox_assembly_Gary,chronos_t5_small,28,0.066091589012194,0.0976618271742876,7.614178159448053,0.0508433079114188
Fox_assembly_Jerrod,chronos_t5_small,28,0.1455501112756135,1.461663117420126,39.46744511288197,0.1028020802556336
Fox_assembly_Johnnie,chronos_t5_small,28,0.1250958501983569,0.1776851572182687,17.493887645581502,0.1175211833811275
Fox_assembly_Kathie,chronos_t5_small,28,0.267471101989908,0.48331175802415,50.14006448973611,0.2014587441714033
Fox_assembly_Lakeisha,chronos_t5_small,28,0.2427913807313599,0.324983265354989,85.3993224091449,0.1840736983128678
Fox_assembly_Leeanne,chronos_t5_small,28,0.1382524483697649,0.2208946198871806,12.980568216467848,0.1065310864485301
Fox_assembly_Renna,chronos_t5_small,28,0.0253945075642894,0.0575102946529763,3.3573355356514107,0.0200712703227974
Fox_assembly_Sheldon,chronos_t5_small,28,0.0855677874790643,0.1286812730921929,36.91090835730196,0.0652267360234634
Fox_assembly_Terrell,chronos_t5_small,28,0.1212629284671158,0.2324010150146486,69.10361429370853,0.0915148489306322
Fox_assembly_Tony,chronos_t5_small,28,0.1193316232017395,0.1633683326251666,23.50934966793213,0.0933460878597261
Fox_education_Andre,chronos_t5_small,28,0.0382707185456271,0.0834834110782203,8.11667911821798,0.030135870645442
Fox_education_Ashli,chronos_t5_small,28,0.1139431713930057,0.1643418955608194,11.752811257174226,0.0868550723483427
Fox_education_Burton,chronos_t5_small,28,0.0734713992183458,0.1284484440601965,60.00151501241826,0.0573605763152066
Fox_education_Carleen,chronos_t5_small,28,0.0707815142867455,0.1277503478173744,7.47432639472381,0.0577763049602556
Fox_education_Charles,chronos_t5_small,28,0.0838871784155945,0.1801928005530876,39.48115237693011,0.0617971821329163
Fox_education_Claire,chronos_t5_small,28,0.0730482978798227,0.1492502162246682,7.949257628668207,0.0620712645583017
Fox_education_Claude,chronos_t5_small,28,0.0138909271987877,0.047453853144823,1.9457540546363157,0.0117304411615627
Fox_education_Cynthia,chronos_t5_small,28,0.1113850964811695,0.156522732111602,11.202244118268192,0.082724834358719
Fox_education_Delma,chronos_t5_small,28,0.249003267571538,0.6323185036194062,371.6847152456892,0.3716659233158119
Fox_education_Dewayne,chronos_t5_small,28,0.0837636939399375,0.160742736026181,9.124519093813216,0.069441935007131
Fox_education_Dominique,chronos_t5_small,28,0.0311197685141827,0.0845260671376326,49.512398755685474,0.0247324196541798
Fox_education_Eddy,chronos_t5_small,28,0.1080876090881196,0.2082229750240152,15.059767941974023,0.1110179952364105
Fox_education_Eldon,chronos_t5_small,28,0.0251377026703685,0.0793918946365568,33.312947980480324,0.0211125601824357
Fox_education_Elizabeth,chronos_t5_small,28,0.0546655983450292,0.0934355513115409,18.81187056227824,0.0414919893312835
Fox_education_Elois,chronos_t5_small,28,0.1302033833416619,0.199752696646682,37.1992625659267,0.1000101765296718
Fox_education_Elvira,chronos_t5_small,28,0.090130741940036,0.1318001876006324,9.723404178620669,0.0662383635042607
Fox_education_Etta,chronos_t5_small,28,0.0871881569882432,0.1257058690975051,9.034634915937197,0.0644731992721669
Fox_education_Gayla,chronos_t5_small,28,0.1353071561229148,0.2582024879208344,39.60204934408165,0.1060103529034511
Fox_education_Geoffrey,chronos_t5_small,28,0.0322412733638166,0.0858292853303407,48.46582844367111,0.0269992759529674
Fox_education_Gloria,chronos_t5_small,28,0.0232607420922894,0.0827391303879783,48.74729564251072,0.0199020045764658
Fox_education_Henrietta,chronos_t5_small,28,0.097094069800292,0.1930516257363454,10.954733061306833,0.0772330536176768
Fox_education_Heriberto,chronos_t5_small,28,0.0341470353007284,0.0659581194153205,4.199871112550585,0.0270182859168435
Fox_education_Jaclyn,chronos_t5_small,28,0.0439303417573928,0.0791677447695671,5.021960696220602,0.0352478454388742
Fox_education_Jacqueline,chronos_t5_small,28,0.0673035488845811,0.2173935501398037,34.96696123224442,184835000.28396875
Fox_education_Janina,chronos_t5_small,28,0.1017754045503755,0.2016648708486467,12.161527714497542,0.0994921041935195
Fox_education_John,chronos_t5_small,28,0.3964267831920759,0.8316953504611777,1730.602296142859,144914980.9928318
Fox_education_Kendrick,chronos_t5_small,28,0.2446429642715018,0.4339969029221124,71.40490819250435,0.2180566197748537
Fox_education_Kim,chronos_t5_small,28,0.1264357833307622,0.2050692993007259,46.260729925862194,0.1100513327732828
Fox_education_Kris,chronos_t5_small,28,0.1262599566991126,0.1842541023257576,26.00987579622197,0.09593904085094
Fox_education_Leona,chronos_t5_small,28,0.0379932804435363,0.0780509160615978,4.5438216299014265,0.0296656079038995
Fox_education_Leota,chronos_t5_small,28,0.0534213524400827,0.0873745756123613,5.715263627206933,0.0410120324501632
Fox_education_Lesley,chronos_t5_small,28,0.2867873331753272,0.5572115335642698,26.031636399289965,0.2079915863310409
Fox_education_Lilly,chronos_t5_small,28,0.0865621489719916,0.2265450436373202,350.29096132696355,9734899.047789076
Fox_education_Long,chronos_t5_small,28,0.0647591401895063,0.1491357911395327,24.82278139570224,0.0595890075199597
Fox_education_Louie,chronos_t5_small,28,0.0783817494555804,0.12918739823147,37.414523599329065,0.0667746213823444
Fox_education_Marcelina,chronos_t5_small,28,0.2040862519938968,0.3210731096506111,40.60098305347855,0.1688274617067426
Fox_education_Maris,chronos_t5_small,28,0.0498727006413137,0.0937269785193066,18.297793720032963,0.0386168831695589
Fox_education_Marlana,chronos_t5_small,28,0.0807094322091102,0.2101132590186986,334.5157233963246,13255472.448903466
Fox_education_Maureen,chronos_t5_small,28,0.0285044099893863,0.0550437202970709,3.3031222268418383,0.0223953701638909
Fox_education_Melinda,chronos_t5_small,28,0.0583474009832985,0.1247544724683531,14.05488663811018,0.0511090009202381
Fox_education_Melvin,chronos_t5_small,28,0.1753849515872516,0.3526840823826714,336.8473448579934,9518837.717195734
Fox_education_Miguelina,chronos_t5_small,28,0.1064131180581131,0.2111602637372575,8.40980221674671,0.0697685936381963
Fox_education_Nilda,chronos_t5_small,28,0.0652077816794996,0.1020443117253023,6.578179577203004,0.0487890132670393
Fox_education_Ollie,chronos_t5_small,28,0.0692577062164868,0.1050199270409899,8.006322822922197,0.0543942890662044
Fox_education_Otilia,chronos_t5_small,28,0.0153403806253562,0.0687708711750887,30.44680422504649,0.0136631078847247
Fox_education_Ray,chronos_t5_small,28,0.0707192826699523,0.1100387246113792,8.698096189362285,0.0540774012882615
Fox_education_Rosie,chronos_t5_small,28,0.0437500564250763,0.080564263565296,21.796888361066653,0.0331231694915873
Fox_education_Rudolph,chronos_t5_small,28,0.1998430944871318,0.3479005374785546,540.0339907631727,1221007.5433959984
Fox_education_Shaun,chronos_t5_small,28,0.1585174752201767,0.2940632993302611,56.86393692130228,0.1095383698277785
Fox_education_Shawanda,chronos_t5_small,28,0.2371614525695907,0.4533389237697997,22.71529518913881,0.1919052994675075
Fox_education_Shirley,chronos_t5_small,28,0.2477489758779463,0.4011168227502553,23.11622936529128,0.1889990021275303
Fox_education_Stacia,chronos_t5_small,28,0.0166710884389933,0.0583751363688343,2.74247187678433,0.0145169183110997
Fox_education_Sterling,chronos_t5_small,28,0.2005685013537811,0.3433920860815211,39.124519286968265,0.1666426137072716
Fox_education_Suzan,chronos_t5_small,28,0.0795249375856027,0.1406863869001717,9.725806965477917,0.0697386313278701
Fox_education_Tamika,chronos_t5_small,28,0.0571606006214311,0.0785961424663129,6.068824758658848,0.0426268754904705
Fox_education_Theodore,chronos_t5_small,28,0.0127198323412188,0.0370277846383662,1.6306095322646048,0.0101756626631518
Fox_education_Tonya,chronos_t5_small,28,0.0240054366808234,0.0682681724935104,3.790989176118093,0.019301731643683
Fox_education_Virgil,chronos_t5_small,28,0.0422589907538025,0.0988668206475998,51.75102747698388,0.034634949970809
Fox_education_Virginia,chronos_t5_small,28,0.386211178785796,0.7610251750956407,160.1072652011278,0.3039866627615537
Fox_education_Wendell,chronos_t5_small,28,0.0177121919460028,0.0738996525308052,44.041143664271154,0.016533119974139
Fox_education_Willis,chronos_t5_small,28,0.0131288521266256,0.035930601261163,1.668046804465494,0.0103892043388095
Fox_education_Yolande,chronos_t5_small,28,0.0197719560418242,0.0419758545332484,2.323962821123492,0.0153728886842603
Fox_food_Francesco,chronos_t5_small,28,0.1214864813516723,0.2536449932623218,25.76775573957072,0.0865183891595379
Fox_food_Scott,chronos_t5_small,28,0.0796253978373014,0.1438517162849403,25.869643936273807,0.0615614365865706
Fox_health_Lorena,chronos_t5_small,28,0.1039085083411831,0.1714341161755302,10.946564403454971,0.0806061509269112
Fox_lodging_Alana,chronos_t5_small,28,0.0473283638535146,0.0805382104267481,5.167802694530902,0.0358540774642869
Fox_lodging_Angla,chronos_t5_small,28,0.0823318212469592,0.1737014698388566,8.868471682794867,0.062382407474655
Fox_lodging_Frances,chronos_t5_small,28,0.0449360311539007,0.0790161896104182,5.098086880149219,0.0342396676392652
Fox_lodging_Helen,chronos_t5_small,28,0.0477102781688123,0.0880890190149104,5.938702551519349,0.0373937312420513
Fox_lodging_Isabell,chronos_t5_small,28,0.0381449327261635,0.0814787505350789,4.785407927229764,0.0345230479968794
Fox_lodging_Jina,chronos_t5_small,28,0.0351143823877944,0.0546977885575794,3.800877195231696,0.0250412052702804
Fox_lodging_Morris,chronos_t5_small,28,0.0442102051096768,0.085091956274918,19.42050706558993,0.0346156285437022
Fox_lodging_Stephan,chronos_t5_small,28,0.0660258709808515,0.1112105507696255,49.45840046143052,0.0506525635224716
Fox_lodging_Stephen,chronos_t5_small,28,0.0574694427261552,0.0864344753437514,5.998939027516365,0.0423835602923606
Fox_lodging_Wallace,chronos_t5_small,28,0.0380003498645614,0.0751817977958514,4.388567123672795,0.0290356419733645
Fox_lodging_Warren,chronos_t5_small,28,0.0741069604449189,0.1206668354859549,45.93609175397071,0.056603865214646
Fox_lodging_Winifred,chronos_t5_small,28,0.0331702326418099,0.0618989677664612,4.133040874591178,0.0260307747727131
Fox_office_Alice,chronos_t5_small,28,0.0205075128954647,0.0561282490931158,16.330800653041884,0.016682309510994
Fox_office_Bernard,chronos_t5_small,28,0.0658384365787612,0.1335359776270049,23.473618662515022,0.0545733504565108
Fox_office_Berniece,chronos_t5_small,28,0.1582965966027917,0.2826039131099903,18.70666712618586,0.1281338939966438
Fox_office_Brandy,chronos_t5_small,28,0.1055640214968238,0.1804919556011595,35.71612982083398,0.0794949137258141
Fox_office_Carson,chronos_t5_small,28,0.1035734190171647,0.2154968349752749,28.624608885726115,0.1279693986329532
Fox_office_Clayton,chronos_t5_small,28,0.0832013949604948,0.1334325228898197,8.227089820587938,0.0632339070809806
Fox_office_Demetrius,chronos_t5_small,28,0.1699238586678679,0.242870608432732,91.2800773409946,0.1353431555527978
Fox_office_Easter,chronos_t5_small,28,0.1127473525333239,0.2432344527233224,9.607362499904712,0.0797281458689671
Fox_office_Edythe,chronos_t5_small,28,0.061219647114023,0.101784060352808,21.6330826952562,0.0471034571099543
Fox_office_Essie,chronos_t5_small,28,0.138879829075399,0.3126711167663755,25.022157346831506,0.1274929844583839
Fox_office_Gaylord,chronos_t5_small,28,0.0835113384953901,0.1832862946010351,9.075839496646145,0.0678008629463983
Fox_office_Israel,chronos_t5_small,28,0.0487069830299522,0.0912568008330076,21.50625912957989,0.0387641629195625
Fox_office_Joy,chronos_t5_small,28,0.0540981525182861,0.0861284419728716,5.998529858750785,0.0410509276023683
Fox_office_Juana,chronos_t5_small,28,0.1857285179345489,0.3499321173865627,13.37534683113399,0.1309336970470982
Fox_office_Karima,chronos_t5_small,28,0.0932208799550232,0.1786795322394022,9.929185209880604,0.0663684860292605
Fox_office_Margarita,chronos_t5_small,28,0.0840900443511006,0.1330901739951261,8.612620147133503,0.0634506931837372
Fox_office_Molly,chronos_t5_small,28,0.1551645536026349,0.3823054294555127,45.41800970740217,0.1274248820795878
Fox_office_Rowena,chronos_t5_small,28,0.0995939646347358,0.1610857068722531,10.292800142163715,0.0721432922211213
Fox_office_Sheila,chronos_t5_small,28,0.0878953230112281,0.1599603605044226,8.116237139986495,0.0645288809466435
Fox_office_Susanne,chronos_t5_small,28,0.2617472043313182,0.3454569644359624,35.75793829852733,0.2040357033485338
Fox_office_Thelma,chronos_t5_small,28,0.0875539599569332,0.1888861316657172,10.596051206857735,0.0726736245811545
Fox_office_Vicki,chronos_t5_small,28,0.0743936128275258,0.1122609001783964,7.648393455230437,0.0558059808674973
Fox_office_Yong,chronos_t5_small,28,0.1205398622969655,0.1846291084589142,14.251045154653788,0.0944844601086307
Fox_office_Zachary,chronos_t5_small,28,0.1125899660703063,0.1721566386558115,74.76276991041715,0.0865760546142431
Fox_parking_Felipa,chronos_t5_small,28,0.0210583679897978,0.0667098326478002,3.261150282926944,0.0175606355914868
Fox_parking_Lynelle,chronos_t5_small,28,0.0512160923034031,0.092911172285447,7.013284609067886,0.0394353467596837
Fox_parking_Tommie,chronos_t5_small,28,0.0134719715732702,0.046823435739515,1.8529404342125235,0.0113165512593749
Fox_public_Bart,chronos_t5_small,28,0.1687104699880729,0.3118512982431939,22.847419700624556,0.1676560816339127
Fox_public_Belle,chronos_t5_small,28,0.1048109561554233,0.247598307933013,25.965746787465665,0.1224108004712178
Fox_public_Denny,chronos_t5_small,28,0.0657109117974797,0.0892902937903594,7.004999509264668,0.0483356976112933
Fox_public_Lauren,chronos_t5_small,28,0.0594689699897136,0.1045447401495833,7.056997936788383,0.0516331622803769
Fox_public_Martin,chronos_t5_small,28,0.0374597968900546,0.0790660118745791,5.055896079789803,0.0307082929201293
Fox_public_Rhonda,chronos_t5_small,28,0.1394809135391746,0.2083194155547081,61.7812730502616,0.1087473929084217
Fox_religion_Maurice,chronos_t5_small,28,0.4362339372102083,0.6214638515591399,358.7424351830049,0.4669633760979576
Fox_retail_Manie,chronos_t5_small,28,0.1139423639097299,0.2231662461957639,13.286390149591393,0.0986060154892076
Fox_utility_Marian,chronos_t5_small,28,0.243490652668206,0.5509532033174506,34.71281824920202,0.200666549697056
Fox_warehouse_Lorretta,chronos_t5_small,28,0.1958414130304238,1.0646842229895546,10.749883497351874,0.1327954197934168
Fox_warehouse_Pearl,chronos_t5_small,28,0.1356684646213435,0.2085360526415667,69.28701891722808,0.1044960421777558
Gator_assembly_Blanca,chronos_t5_small,28,0.2149043224455543,0.3151723464389678,30.219098089193107,0.2823655963661349
Gator_assembly_Daisy,chronos_t5_small,28,0.0941725098252816,0.1922453072691257,18.499974391758563,0.1755235113075298
Gator_assembly_Enid,chronos_t5_small,28,0.2821622188342059,0.451202335709417,225.28700300495893,2.1134120784894828
Gator_assembly_Gene,chronos_t5_small,28,0.1743584129174183,0.272953929328618,28.70002467440717,0.2506476394177457
Gator_assembly_Joni,chronos_t5_small,28,0.3889833654576065,1.1141570258124411,105.99168912945316,1.0252751427127231
Gator_assembly_Kayleigh,chronos_t5_small,28,0.8757864421897464,2.4528256989498733,472.82795215347545,116078408.864212
Gator_assembly_Kimberly,chronos_t5_small,28,0.1663704882493016,0.2249132933768096,21.16524335460137,0.1901662612724044
Gator_assembly_Lelia,chronos_t5_small,28,0.169419879166822,0.2531665143974691,28.214266977678488,0.2485760527112473
Gator_assembly_Loyce,chronos_t5_small,28,0.1024534270304707,0.2197726664658237,26.42049478721712,0.2519825791413468
Gator_assembly_Lucia,chronos_t5_small,28,0.2595117689478259,0.3921845347808918,405.7652375192988,198641835.30215096
Gator_assembly_Marjorie,chronos_t5_small,28,0.161618521085379,0.2836404415906326,30.040321881555275,0.2758486392436631
Gator_assembly_Maurine,chronos_t5_small,28,1.0226511740485145,1.3658627257917986,720.6057925033922,6.6278322721321015
Gator_assembly_Regina,chronos_t5_small,28,0.1430609566468401,0.2637875619660954,28.992726270351405,0.2631866702997366
Gator_office_August,chronos_t5_small,28,0.2309048472434907,0.4685111594398597,450.10723706796847,1645975572.577587
Gator_office_Betty,chronos_t5_small,28,0.2382888070177767,0.3695283334584083,401.2126114975509,4.065860797893194
Gator_office_Hunter,chronos_t5_small,28,0.2760393096292997,0.4578038534124329,886.7105770087597,2619274571.315984
Gator_office_Julie,chronos_t5_small,28,0.3856092391897285,0.566741256582091,908.1343114016936,431646763.6694684
Gator_office_Lisa,chronos_t5_small,28,0.0894594422329152,0.2110719614391884,23.00611150411685,0.2198213828218677
Gator_office_Lucy,chronos_t5_small,28,0.3212658376597418,0.5155972310125345,877.3266233742263,68356761.00442603
Gator_other_Cassandra,chronos_t5_small,28,0.3255891828347294,0.3923980274395939,38.742923972042966,0.2961773926098442
Gator_other_Elfriede,chronos_t5_small,28,0.1648345815476862,0.2783487758558263,33.69041463572209,0.3144019102304891
Gator_other_Gertrude,chronos_t5_small,28,0.4283020713139451,0.6787576843730456,69.82632832229824,0.6452423672000769
Gator_other_Minda,chronos_t5_small,28,0.683066235547329,1.0360854332854217,356.6115353861419,101776832.22589491
Gator_other_Reginald,chronos_t5_small,28,0.2225049425989423,0.3199178532967259,36.45727149716242,0.3131828614100201
Gator_other_Russel,chronos_t5_small,28,0.2689266098878045,0.4479032310433499,438.0494050240032,279080157.59369123
Gator_public_Alexandra,chronos_t5_small,28,0.3721488478712098,0.5426801992751941,57.53128664182354,0.4831209400440843
Gator_public_Beulah,chronos_t5_small,28,0.1802497478492563,0.2986038258629226,43.23725454960138,0.4089020468764833
Gator_public_Cheri,chronos_t5_small,28,0.1939686553875744,0.2924504375211256,17.012125498944226,0.1517638324069465
Gator_public_Clara,chronos_t5_small,28,0.2614997701580273,0.3523769664290589,39.03914688687807,0.34787423287304
Gator_public_Dale,chronos_t5_small,28,0.2648497340298132,0.3586846285875543,43.624065615096185,0.3781977784106262
Gator_public_Dewey,chronos_t5_small,28,0.125389973521092,0.2421075971833862,31.443743317193316,0.3004703776607741
Gator_public_Dionna,chronos_t5_small,28,0.1396492711957141,0.1757955308419152,14.080673935067605,0.1092997061745558
Gator_public_Erika,chronos_t5_small,28,0.1674923717737767,0.2454001297859279,36.9304914155365,0.3373690020616239
Gator_public_Everette,chronos_t5_small,28,0.3432954907294659,0.4936978699287385,59.18686645856146,0.5548732182550189
Gator_public_Geraldine,chronos_t5_small,28,0.1644558642757026,0.2173499737294848,22.598350233931303,0.2024869776274556
Gator_public_Janna,chronos_t5_small,28,0.1814089152735376,0.3022664821850164,34.81679341172147,0.3361580825627269
Gator_public_Jayme,chronos_t5_small,28,0.1348222201091599,0.2324689946839341,40.11987902398692,0.361400868062507
Gator_public_Kendall,chronos_t5_small,28,0.2192226015759136,0.3222054292486123,53.48199884401224,0.5129942770879071
Gator_public_Kenny,chronos_t5_small,28,0.2566218830136164,0.402222889607092,24.95225122173565,0.2271458468431717
Gator_public_Latasha,chronos_t5_small,28,0.1593194588877142,0.2460533182669678,22.602557042701125,0.1984917294263941
Gator_public_Leroy,chronos_t5_small,28,0.2890827988635117,0.3901500758452551,33.27729499988703,0.3178449261172865
Gator_public_Lindsey,chronos_t5_small,28,0.2030980513106168,0.3000592643555918,320.03673207756844,594782233.2056278
Gator_public_Marcie,chronos_t5_small,28,0.1911191263475281,0.2823208541164637,76.474314217189,0.7155304980525289
Gator_public_Marissa,chronos_t5_small,28,0.1271337743549217,0.1704704993319053,12.931582265886782,0.112745581552556
Gator_public_Maude,chronos_t5_small,28,0.1234872556350841,0.2341075176354215,34.28506474432728,0.3289767680970662
Gator_public_Natasha,chronos_t5_small,28,0.2865603871331577,0.4302148856074956,49.68990627966754,0.4687894310419743
Gator_public_Nettie,chronos_t5_small,28,0.2209987568652265,0.3975310045021191,37.92198371820665,0.3585918235114304
Gator_public_Noe,chronos_t5_small,28,0.3114157100018366,0.3854237602612615,57.98384809404359,0.5441412056500953
Gator_public_Philip,chronos_t5_small,28,0.3156366454939337,0.4427867639471217,45.36029244340778,0.4277763999167194
Gator_public_Randall,chronos_t5_small,28,0.1802113853172696,0.2856732686262573,36.02540873842882,0.3408345573186507
Gator_public_Ross,chronos_t5_small,28,0.2161859915519169,0.4241759609258325,29.26660133836345,0.2690297105311721
Gator_public_Tiffany,chronos_t5_small,28,0.1327836861009389,0.2223967252691774,21.098152448247863,0.1841706172006041
Gator_warehouse_Constance,chronos_t5_small,28,0.4327748290178327,0.6125917053473751,441.8451132737538,351382448.6767861
Gator_warehouse_Stacie,chronos_t5_small,28,0.2530607071254176,0.3792769472898683,56.64328372906829,0.525838923794124
Hog_assembly_Colette,chronos_t5_small,28,0.1871765788382035,0.2703209559657367,19.17112159826335,0.1385955561080961
Hog_assembly_Dona,chronos_t5_small,28,0.1347219274948145,0.2003768191680807,14.494579702445144,0.1062999311087454
Hog_assembly_Edward,chronos_t5_small,28,0.1483908276840432,0.2340945215652562,14.630905154466692,0.1139872382259812
Hog_assembly_Jasmine,chronos_t5_small,28,0.0998237934634895,0.1592301629901409,11.082444906720136,0.0785446936861592
Hog_assembly_Letha,chronos_t5_small,28,0.0574606470999401,0.1092466022301628,5.309006473841327,0.04159990426754
Hog_assembly_Maribel,chronos_t5_small,28,0.0514968578167627,0.0872023814988536,5.373738592292624,0.0389105901510279
Hog_assembly_Pedro,chronos_t5_small,28,0.1833834265784405,0.2637901875152832,17.179167590090913,0.1281934841886585
Hog_education_Beth,chronos_t5_small,28,0.0738931635111674,0.1117388220536277,7.37226347237078,0.0566424671687125
Hog_education_Bruno,chronos_t5_small,28,0.0235243306115558,0.0442916560877471,2.353123351146052,0.017820282713033
Hog_education_Caridad,chronos_t5_small,28,0.0144134241285153,0.0225257027049664,1.4258127073808644,0.0104305909179233
Hog_education_Casandra,chronos_t5_small,28,0.0146147779968313,0.0250448463265319,1.4635069660856672,0.0103899738602222
Hog_education_Cathleen,chronos_t5_small,28,0.0324796320426558,0.0645813399383517,3.410979036839218,0.0275202015871693
Hog_education_Darryl,chronos_t5_small,28,0.1296862880791033,0.1723490515893593,12.702108693640016,0.0971567528512317
Hog_education_Donnie,chronos_t5_small,28,0.1136000278612622,0.1969499484651311,12.37416649005889,0.0840858616386374
Hog_education_George,chronos_t5_small,28,0.0228132876726843,0.0358042631535399,2.27110708190215,0.0174065967609537
Hog_education_Hallie,chronos_t5_small,28,0.0229109580528597,0.0347826288983912,2.24855874511201,0.0169248632308952
Hog_education_Haywood,chronos_t5_small,28,0.0169202198838797,0.030383545625444,1.709032574293708,0.0129393266111348
Hog_education_Janell,chronos_t5_small,28,0.0216417486057034,0.0358021702155382,2.136624267133695,0.0165136573126283
Hog_education_Jared,chronos_t5_small,28,0.1041964909247244,0.1685530475988914,9.599432754663765,0.0768160628228995
Hog_education_Jewel,chronos_t5_small,28,0.0795420033708555,0.1331326866962715,7.991844425935179,0.059078788288098
Hog_education_Jordan,chronos_t5_small,28,0.0647577632639846,0.0984273238512496,6.527444029858468,0.0528801723313734
Hog_education_Josh,chronos_t5_small,28,0.11470604694128,0.1567421962326265,12.665151222284711,0.0932834637055588
Hog_education_Leandro,chronos_t5_small,28,0.0181701020799579,0.0291796170187369,1.7631451673616745,0.014475746513517
Hog_education_Luvenia,chronos_t5_small,28,0.0430998855527072,0.0738438855374439,4.045971651879937,0.0317628700716353
Hog_education_Madge,chronos_t5_small,28,0.0779819275426743,0.1057172170348626,7.942078671847231,0.0571067686195497
Hog_education_Odell,chronos_t5_small,28,0.0119282859496538,0.0193964182221204,1.1996992996413056,0.0088927835758377
Hog_education_Rachael,chronos_t5_small,28,0.0970885546920542,0.1535844424790775,9.257276568108963,0.0715754946343002
Hog_education_Robert,chronos_t5_small,28,0.0608624593347882,0.1021278980504857,6.311433086169768,0.0495329607789113
Hog_education_Roberto,chronos_t5_small,28,0.0610130632141704,0.1139289342596084,6.470181987124065,0.0541808185634569
Hog_education_Sonia,chronos_t5_small,28,0.0207350146082253,0.0367682596842863,2.0239278081892764,0.0155027351785802
Hog_education_Wayne,chronos_t5_small,28,0.0437989798322445,0.0724453479522309,4.082532220909783,0.0320675466432945
Hog_food_Morgan,chronos_t5_small,28,0.0634549776913106,0.1254461710407643,6.301206217358328,0.049228001366357
Hog_health_Hisako,chronos_t5_small,28,0.0315686241105591,0.0572344884692036,3.1694456279328223,0.0223896993484622
Hog_health_Jenny,chronos_t5_small,28,0.0281778570543514,0.0574620694916264,2.806246755445952,0.021335956537534
Hog_health_Kesha,chronos_t5_small,28,0.0191489629350983,0.0353265691441067,1.8885361227612256,0.0150135697848598
Hog_industrial_Jay,chronos_t5_small,28,0.0225038262131132,0.0386160091801616,2.133198078640666,0.0170714307765807
Hog_industrial_Jeremy,chronos_t5_small,28,0.0951743721544585,0.2119531754964601,10.661554658676062,0.0737318936466392
Hog_industrial_Joanne,chronos_t5_small,28,0.077928721368971,0.1380089815260493,8.466213608731188,0.0585086551447142
Hog_industrial_Mariah,chronos_t5_small,28,0.0397282851969138,0.0634634544916862,3.7535801401902456,0.0297910696027048
Hog_industrial_Quentin,chronos_t5_small,28,0.1424494639022391,0.2836118383860042,14.989052311992785,0.1250519192531731
Hog_lodging_Brian,chronos_t5_small,28,0.0564386342999534,0.0852476549766099,5.699835620275068,0.045003964313658
Hog_lodging_Celeste,chronos_t5_small,28,0.0564789476389802,0.086684692312168,5.454659352156347,0.0420704567550062
Hog_lodging_Edgar,chronos_t5_small,28,,,139698.38619232175,1200227.1475198292
Hog_lodging_Francisco,chronos_t5_small,28,0.044284190409133,0.0776681660228658,4.646120304319826,0.0349612969452184
Hog_lodging_Hal,chronos_t5_small,28,0.0352600512470796,0.0555519284294815,3.4722717063672235,0.0268193731979237
Hog_lodging_Mauricio,chronos_t5_small,28,0.0337488247645481,0.0580584559470475,3.653839066240833,0.0278250522670705
Hog_lodging_Nikki,chronos_t5_small,28,0.0569824230555396,0.0921420873112501,5.469336094265724,0.041735615926595
Hog_lodging_Ora,chronos_t5_small,28,0.0349806580255565,0.0543468060597662,3.729438092102132,0.0283028132990901
Hog_lodging_Retha,chronos_t5_small,28,0.0311752677310022,0.047438941475907,3.0753302070186552,0.0232298403088407
Hog_lodging_Shanti,chronos_t5_small,28,0.0820612161493791,0.1284389819981473,8.07342173256343,0.0593188080224718
Hog_lodging_Shonda,chronos_t5_small,28,0.048967817046106,0.0774434046678442,4.601425801935695,0.0354491513453029
Hog_office_Alexis,chronos_t5_small,28,0.091411410348717,0.1928098167543284,8.408036512514155,0.0639278492148452
Hog_office_Alisha,chronos_t5_small,28,0.0487497618279724,0.0657939788257792,4.953424666055872,0.0354039038384461
Hog_office_Almeda,chronos_t5_small,28,0.0880982388595988,0.1440737982789891,9.09087095951494,0.0696299277163214
Hog_office_Bessie,chronos_t5_small,28,0.0529324263258858,0.0792301712695258,5.168717545029539,0.0411177757570542
Hog_office_Betsy,chronos_t5_small,28,0.0842317640488174,0.1332476709183697,7.93733021747033,0.0593898546095651
Hog_office_Bill,chronos_t5_small,28,0.0528333281699775,0.1379484352777193,5.069662515582688,0.0424587066873875
Hog_office_Bryan,chronos_t5_small,28,0.0498559755178519,0.1253004041273634,5.157263351958187,0.0358381067388581
Hog_office_Byron,chronos_t5_small,28,0.025337372935216,0.0485630204747494,2.432746131360384,0.0201873885252964
Hog_office_Candi,chronos_t5_small,28,0.0398938220522975,0.0808344765376554,4.083594525920399,0.0335132505308063
Hog_office_Carri,chronos_t5_small,28,0.0447816385052338,0.0726787207513476,4.288336794879863,0.034225071537258
Hog_office_Catalina,chronos_t5_small,28,0.2069819153154487,0.3679955501188452,28.525014791875563,0.2153440346230293
Hog_office_Catharine,chronos_t5_small,28,0.021023953912372,0.0333368950076049,2.0635754560040054,0.0155958075803943
Hog_office_Charla,chronos_t5_small,28,0.0308859556628225,0.0473834330235357,2.993525527781338,0.0226477861956617
Hog_office_Clemencia,chronos_t5_small,28,0.0286522923755646,0.0450338203453172,2.7943202523600417,0.0213752097758586
Hog_office_Concetta,chronos_t5_small,28,0.1233435466123258,0.2362220479890119,13.067283528890156,0.0932553762823513
Hog_office_Cordelia,chronos_t5_small,28,0.1051231331529613,0.1988404579179704,12.224116896236415,0.0933924898953795
Hog_office_Corey,chronos_t5_small,28,0.0870392404142889,0.1456339057730137,9.740111805356609,0.0730711387255607
Hog_office_Corie,chronos_t5_small,28,0.0805160510381829,0.152334773697093,7.751570034790876,0.061935101410356
Hog_office_Cornell,chronos_t5_small,28,0.0446525012351848,0.0754514615358568,4.368694395610887,0.0324241630711787
Hog_office_Cortney,chronos_t5_small,28,,,139698.38619232175,1347400.1907438615
Hog_office_Darline,chronos_t5_small,28,0.0119284436956246,0.0187105273904667,1.1908193675398764,0.0089982684858835
Hog_office_Denita,chronos_t5_small,28,0.0866805430087441,0.1496453787437378,9.453070170858108,0.0639890086519029
Hog_office_Elizbeth,chronos_t5_small,28,0.0281172404703751,0.0570380945628721,2.766229043188226,0.0222863967421875
Hog_office_Elke,chronos_t5_small,28,0.0674241169318615,0.1034322806038852,6.828952995557287,0.0534466116086922
Hog_office_Elnora,chronos_t5_small,28,0.0324694785640086,0.0504241516934859,3.200145248013709,0.0244750309343614
Hog_office_Eloise,chronos_t5_small,28,0.0235469392559615,0.0372638788532046,2.277147793215337,0.0158920590374742
Hog_office_Elsy,chronos_t5_small,28,0.0532683611007141,0.0815595523551367,5.29420680016705,0.0387366910291373
Hog_office_Emmanuel,chronos_t5_small,28,0.0448868674786443,0.0648546375339113,4.161143960601319,0.0326866896964569
Hog_office_Garrett,chronos_t5_small,28,0.1142788889380293,0.2500995976521093,162.3233351983065,7057149.800220515
Hog_office_Guadalupe,chronos_t5_small,28,0.0974118706977388,0.141384494037396,9.677888291707314,0.0755761904602557
Hog_office_Gustavo,chronos_t5_small,28,0.0247383915313734,0.0465966550952892,2.5009797153981954,0.0194369561760245
Hog_office_Joey,chronos_t5_small,28,0.0319285224913724,0.0550846619011135,3.094913951505298,0.0239031716849106
Hog_office_Josefina,chronos_t5_small,28,0.0413625339855849,0.0647187909490832,4.056045144798402,0.0311465399121815
Hog_office_Lanell,chronos_t5_small,28,0.0771078560027595,0.1338767514382235,8.270014208621683,0.0688954270411021
Hog_office_Lavon,chronos_t5_small,28,0.101214012185843,0.1658965691931367,12.12950877768685,0.0842570943019276
Hog_office_Leanne,chronos_t5_small,28,0.030885422754016,0.052485406758498,3.0271740514273224,0.0234699294082493
Hog_office_Leon,chronos_t5_small,28,0.1353117488761247,0.2193670289737231,12.837214292732584,0.096340831672043
Hog_office_Lizzie,chronos_t5_small,28,0.0474532098142922,0.0631415615624606,5.5074402427705085,0.0344928555463149
Hog_office_Mack,chronos_t5_small,28,0.0413044411493486,0.063497829990057,4.059893943061798,0.0305459660356781
Hog_office_Man,chronos_t5_small,28,0.0585252879866881,0.0853821972543868,5.930063672980281,0.0467064582905133
Hog_office_Mari,chronos_t5_small,28,0.0716910309307763,0.1097100278398315,7.292669633351416,0.0539712690841343
Hog_office_Marilyn,chronos_t5_small,28,0.0423909206575884,0.0679940201895153,4.11633926737242,0.0312377534102724
Hog_office_Marlena,chronos_t5_small,28,0.0913529971251653,0.24389243537431,9.707787092355044,0.0776802760357109
Hog_office_Marlene,chronos_t5_small,28,0.1089584669693357,0.2671775000299575,14.37606437108356,0.1107193837695014
Hog_office_Mary,chronos_t5_small,28,0.0616991174465821,0.0945072352822595,6.011888962012697,0.0502436890409042
Hog_office_Merilyn,chronos_t5_small,28,0.0516221584151817,0.0731532240652613,5.159597685600067,0.0382225975781324
Hog_office_Migdalia,chronos_t5_small,28,0.096458473786081,0.1590885896029988,10.703903934911647,0.0733936781476217
Hog_office_Mike,chronos_t5_small,28,0.0426951054282713,0.063017847714771,4.2621075806835,0.0314318796092154
Hog_office_Miriam,chronos_t5_small,28,0.0618856509747596,0.1204750139604599,6.256081498247533,0.0513769322062928
Hog_office_Myles,chronos_t5_small,28,0.0575200035666856,0.1278504026348967,5.219241425384389,0.0463141248588941
Hog_office_Nancie,chronos_t5_small,28,0.0684967329285425,0.1212809115513609,6.301204625907541,0.0505039408114885
Hog_office_Napoleon,chronos_t5_small,28,0.0612124024705945,0.0981497394825249,6.475766180138519,0.0497085274652495
Hog_office_Nia,chronos_t5_small,28,0.0143442259524473,0.0226094933103573,1.3865119487543542,0.0111211074067423
Hog_office_Patrick,chronos_t5_small,28,0.0852938411296007,0.1552189093210991,8.03382501419667,0.0652514017742163
Hog_office_Randi,chronos_t5_small,28,0.0538918129527603,0.1083043590948347,5.52124948678989,0.0395984838694628
Hog_office_Richelle,chronos_t5_small,28,0.0418709537900552,0.0881028794294866,3.9316038214711706,0.0301777411730769
Hog_office_Roger,chronos_t5_small,28,0.0876147350039814,0.179602465245463,9.549142423746886,0.0833706610827953
Hog_office_Rolando,chronos_t5_small,28,0.0121225848523089,0.0184540690564646,1.2125776980571106,0.0094720276209902
Hog_office_Sarah,chronos_t5_small,28,0.0172605509711113,0.0324416664520039,1.7496305142214352,0.013117607416328
Hog_office_Shawna,chronos_t5_small,28,0.0497002110121105,0.0855834609628951,5.008724507070518,0.039659788727231
Hog_office_Shawnna,chronos_t5_small,28,0.079689063713547,0.1376183992500956,7.843643230706061,0.0578263772234996
Hog_office_Sherrie,chronos_t5_small,28,0.0865001874145153,0.1794614054106751,9.337417021030634,0.0781043584413382
Hog_office_Shon,chronos_t5_small,28,0.0575881213577068,0.0939951972341317,5.823834539859174,0.0468278717130793
Hog_office_Simon,chronos_t5_small,28,0.0978119605653461,0.1443684133822068,9.606494441277198,0.0695507547451859
Hog_office_Sonny,chronos_t5_small,28,0.0303595641171657,0.0448689909070277,3.07739567712257,0.0230474209838841
Hog_office_Sung,chronos_t5_small,28,0.0352974154305202,0.0595252715357837,3.451591666852215,0.0269401985362874
Hog_office_Sydney,chronos_t5_small,28,0.0300052161082679,0.0423424293179617,2.9088970611554994,0.0232205808382455
Hog_office_Terry,chronos_t5_small,28,0.0479450957035286,0.0945937139838845,4.508903273838582,0.0373003749792646
Hog_office_Thomas,chronos_t5_small,28,,,496418.4492044816,1362794.9691569763
Hog_office_Valda,chronos_t5_small,28,0.0762287067484096,0.1316727663424519,8.09260158399744,0.0675235182743131
Hog_office_Vera,chronos_t5_small,28,0.0699046803058558,0.1300193424168962,7.242735928089465,0.052892715743925
Hog_other_Noma,chronos_t5_small,28,0.0135671934703068,0.0189540788240198,1.352196087720299,0.0101989558141196
Hog_other_Tobias,chronos_t5_small,28,0.0658490755476941,0.0971577940209877,6.787078437603548,0.0502416827309868
Hog_parking_Antoinette,chronos_t5_small,28,0.0975085782018201,0.1360551898487631,10.351116614479754,0.0746392781475689
Hog_parking_Bernardo,chronos_t5_small,28,0.066555583464028,0.0958002881072511,6.818463700864719,0.0483708738814575
Hog_parking_Cliff,chronos_t5_small,28,0.0690368068984841,0.1364878971270146,6.560166630639129,0.0520171404962864
Hog_parking_Jean,chronos_t5_small,28,0.0808882078316174,0.1108380234913714,8.444685035205898,0.0621136980423275
Hog_parking_Jeana,chronos_t5_small,28,0.1075525757214694,0.1764856793724195,9.57236191869033,0.0812058224309097
Hog_parking_Marcus,chronos_t5_small,28,0.0418568224756289,0.0585924522250986,4.141721170116227,0.0312844844326036
Hog_parking_Shannon,chronos_t5_small,28,0.0269932594717492,0.0386007616747038,2.664359392429095,0.0198753911817901
Hog_public_Brad,chronos_t5_small,28,0.037812570591447,0.0558050579445174,3.8912406134973017,0.0294371371227597
Hog_public_Crystal,chronos_t5_small,28,0.0545650122388326,0.0978460450611748,5.579696868053447,0.0470495529304994
Hog_public_Gerard,chronos_t5_small,28,0.0362443366218834,0.0660018515464719,3.9623616034084335,0.0286058316393524
Hog_public_Kevin,chronos_t5_small,28,0.0678886800210504,0.1260961705574547,7.956832002046103,0.055896278457605
Hog_public_Octavia,chronos_t5_small,28,0.0368311222033117,0.0694167944409945,3.770199950444357,0.0289186041084287
Hog_science_Max,chronos_t5_small,28,0.0203762669488275,0.0314657376945205,2.0072164912733457,0.0143913684372208
Hog_services_Adrianna,chronos_t5_small,28,0.0309765626492497,0.0797553817046426,3.339245941741721,0.0294125979857725
Hog_services_Joe,chronos_t5_small,28,0.1142833372619462,0.217652073828422,12.452553008612432,0.100318433364385
Hog_services_Kerrie,chronos_t5_small,28,0.0901806606738547,0.1480998328894236,9.017973963690384,0.0702824497177753
Hog_services_Marshall,chronos_t5_small,28,0.0448934946824311,0.089294962890427,4.623513698582482,0.0354177941656336
Hog_warehouse_Louise,chronos_t5_small,28,0.223898182855944,0.3679487006512162,25.51068645528985,0.1851246014665711
Hog_warehouse_Porsha,chronos_t5_small,28,0.0384741303336942,0.0822741222031808,12.708123938483448,0.0337069000127369
Hog_warehouse_Rosanna,chronos_t5_small,28,0.0841789133336885,0.1222660940345858,8.004945460392527,0.0623266431312691
Lamb_assembly_Bertie,chronos_t5_small,28,0.3344090743161304,0.5138564036723933,44.07349147839626,0.2928731025409708
Lamb_assembly_Cesar,chronos_t5_small,28,0.181149383116117,0.4433721501699667,21.414099771755257,0.1737237475391291
Lamb_assembly_Cherie,chronos_t5_small,28,0.077884655196584,0.1337496461229234,7.7035199609535425,0.0654285922604202
Lamb_assembly_Corliss,chronos_t5_small,28,0.1722900793481616,0.2809040528056754,25.28794712020633,0.1829948754643142
Lamb_assembly_Dillon,chronos_t5_small,28,0.2091507482329238,0.4352817571517822,102.8198728706036,0.217495250251039
Lamb_assembly_Dorathy,chronos_t5_small,28,0.0029325514721372,0.0029325514721372,0.2932551472137285,0.0030925435210778
Lamb_assembly_Dorothy,chronos_t5_small,28,0.0867524828380115,0.128322606319165,8.390987064077175,0.0641736174533538
Lamb_assembly_Elinor,chronos_t5_small,28,0.1629058266489048,0.3144019469242336,12.725158123063617,0.1229604310712887
Lamb_assembly_Isa,chronos_t5_small,28,0.0029329637764022,0.0029329637764022,0.2932963776402223,0.0030364972673256
Lamb_assembly_Jerry,chronos_t5_small,28,0.0029329637764022,0.0029329637764022,0.2932963776402223,0.0032755842795777
Lamb_assembly_Katelyn,chronos_t5_small,28,0.2249145114544196,0.4296282770587323,24.76733961107324,0.1739311994170515
Lamb_assembly_Kurt,chronos_t5_small,28,0.0029329637764022,0.0029329637764022,0.2932963776402223,0.0033454324584909
Lamb_assembly_Librada,chronos_t5_small,28,0.1689457726974703,0.3894164390631908,16.164154705300515,0.1300097169206185
Lamb_assembly_Louis,chronos_t5_small,28,0.3750996275020105,0.6745667739801876,317.8175127941939,0.3875326839569259
Lamb_assembly_Nicole,chronos_t5_small,28,0.0029329637764022,0.0029329637764022,0.2932963776402223,0.0029305087060753
Lamb_assembly_Ossie,chronos_t5_small,28,0.1374657225309689,0.2303244743405126,16.68558355307454,0.1082321894873923
Lamb_assembly_Rosa,chronos_t5_small,28,0.6974622676079331,1.875505857085172,26.398757410349244,0.4638536354296649
Lamb_assembly_Steven,chronos_t5_small,28,0.0029324544593692,0.0029324544593692,0.2932454459369203,0.0031499140114777
Lamb_assembly_Tasha,chronos_t5_small,28,0.2512099945181201,0.379077512307839,24.17618113698849,0.1725600163175271
Lamb_assembly_Tawana,chronos_t5_small,28,0.0029324544593692,0.0029324544593692,0.2932454459369203,0.0029324544593692
Lamb_assembly_Theresa,chronos_t5_small,28,0.0029329637764022,0.0029329637764022,0.2932963776402223,0.0036476883628265
Lamb_assembly_Walter,chronos_t5_small,28,0.2167316040971094,0.520903352038607,36.52610613798199,0.1806363364140748
Lamb_education_Aldo,chronos_t5_small,28,0.0029329637764022,0.0029329637764022,0.2932963776402223,0.0029439280466184
Lamb_education_Antonio,chronos_t5_small,28,0.1493430469999761,0.367111174551195,17.74418800496471,0.1351489644935815
Lamb_education_Armando,chronos_t5_small,28,0.1341077127838321,0.3903315295496096,13.782103341369762,0.1150926885389581
Lamb_education_Augustine,chronos_t5_small,28,0.193487229090604,0.5401806017365172,26.66374248275945,0.2048138212353194
Lamb_education_Bert,chronos_t5_small,28,0.1336267332373395,0.3041168710296035,396.4987516522741,3.221809649544343
Lamb_education_Bettye,chronos_t5_small,28,0.0029329637764022,0.0029329637764022,0.2932963776402223,0.0030497792571948
Lamb_education_Carlton,chronos_t5_small,28,0.1995932469544167,0.6306242600087102,861.01663288288,11.217120311741583
Lamb_education_Chet,chronos_t5_small,28,0.0029329637764022,0.0029329637764022,0.2932963776402223,0.0031954517924229
Lamb_education_Daniel,chronos_t5_small,28,0.1291269226883669,0.2392811364965313,11.883683894000852,0.1150208780083001
Lamb_education_Darrel,chronos_t5_small,28,0.1296039562229995,0.3041914681142206,13.9545644474776,0.1128675590524548
Lamb_education_Debby,chronos_t5_small,28,0.0029329637764022,0.0029329637764022,0.2932963776402223,0.0029329637764022
Lamb_education_Dolly,chronos_t5_small,28,0.0029324544593692,0.0029324544593692,0.2932454459369203,0.0036086710558309
Lamb_education_Domitila,chronos_t5_small,28,0.1323820939254749,0.3618176641598182,15.923263656823195,0.109539343915502
Lamb_education_Dwayne,chronos_t5_small,28,0.1400013418008155,0.3693556722134114,20.08837482127122,0.1573457947087715
Lamb_education_Ellen,chronos_t5_small,28,0.0029325514721372,0.0029325514721372,0.2932551472137285,0.0029354152846366
Lamb_education_Emery,chronos_t5_small,28,0.0910621267087819,0.268510524070249,7.601699721291602,0.0702351769089194
Lamb_education_Emilie,chronos_t5_small,28,0.1708128151227324,0.4398306090938819,450.1843283800292,3.316111813960576
Lamb_education_Eula,chronos_t5_small,28,0.1700406981010913,0.7027249926521286,1127.6159546248716,23.12687135405244
Lamb_education_Faith,chronos_t5_small,28,0.1299630089628727,0.3375057610040596,170.251509049592,2.292095374592203
Lamb_education_Felicia,chronos_t5_small,28,0.0029329637764022,0.0029329637764022,0.2932963776402223,0.0029360996596541
Lamb_education_Felipe,chronos_t5_small,28,0.1526631712734319,0.316874702852383,13.032474960573389,0.1228065271991217
Lamb_education_Fred,chronos_t5_small,28,0.207491000524926,0.4353383529097781,131.45126060929744,1.7854782872364103
Lamb_education_Freddy,chronos_t5_small,28,0.0029329637764022,0.0029329637764022,0.2932963776402223,0.003212308137864
Lamb_education_Gabriel,chronos_t5_small,28,0.176538185470267,0.3921700796581304,18.587413929357243,0.1690741414137224
Lamb_education_Gabrielle,chronos_t5_small,28,0.3261283139810793,0.5615025196884446,579.257981623415,8.634622835488704
Lamb_education_Garry,chronos_t5_small,28,0.0029325514721372,0.0029325514721372,0.2932551472137285,0.002937024472631
Lamb_education_Harold,chronos_t5_small,28,0.0029325514721372,0.0029325514721372,0.2932551472137285,0.0029328514911909
Lamb_education_Heidi,chronos_t5_small,28,0.0029325514721372,0.0029325514721372,0.2932551472137285,0.0029667536599057
Lamb_education_Hellen,chronos_t5_small,28,0.1929874361481951,0.4195824129095067,377.841021850011,2.69948406372163
Lamb_education_Hilary,chronos_t5_small,28,0.2093319376132508,0.5364143714908932,13.715868542385232,0.1235533789116692
Lamb_education_Hillary,chronos_t5_small,28,0.0029329637764022,0.0029329637764022,0.2932963776402223,0.0029308904251225
Lamb_education_Hubert,chronos_t5_small,28,0.0029325303824051,0.0029325303824051,0.2932530382405139,0.0031949927252988
Lamb_education_Hui,chronos_t5_small,28,0.1603447619105007,0.4155225241994212,19.952150696652563,0.1609453241819703
Lamb_education_Ira,chronos_t5_small,28,0.0029325514721372,0.0029325514721372,0.2932551472137285,0.0032937472988527
Lamb_education_Isabelle,chronos_t5_small,28,0.1200500130933793,0.3097138088277443,10.373625798430243,0.0883834353498937
Lamb_education_Jane,chronos_t5_small,28,0.0029323251090115,0.0029323251090115,0.293232510901157,0.0032316639382618
Lamb_education_Junior,chronos_t5_small,28,0.1438635920366549,0.3593661524519789,11.993454708397596,0.1001265833070133
Lamb_education_Kasha,chronos_t5_small,28,0.0029329637764022,0.0029329637764022,0.2932963776402223,0.0032023252002524
Lamb_education_Kayla,chronos_t5_small,28,0.0029324544593692,0.0029324544593692,0.2932454459369203,0.0031781433925408
Lamb_education_Larissa,chronos_t5_small,28,0.0029325514721372,0.0029325514721372,0.2932551472137285,0.0029108682598233
Lamb_education_Lawrence,chronos_t5_small,28,0.2344694373767927,0.6158185795840365,21.05501823843307,0.1861214542337033
Lamb_education_Lazaro,chronos_t5_small,28,0.0029325426527948,0.0029325426527948,0.2932542652794804,0.0029770545928549
Lamb_education_Lemuel,chronos_t5_small,28,0.0029329637764022,0.0029329637764022,0.2932963776402223,0.0032647571819109
Lamb_education_Leopoldo,chronos_t5_small,28,0.0029325514721372,0.0029325514721372,0.2932551472137285,0.0029662081609265
Lamb_education_Logan,chronos_t5_small,28,0.0029329637764022,0.0029329637764022,0.2932963776402223,0.003055535023495
Lamb_education_Lucas,chronos_t5_small,28,0.1686312763130239,0.4453016800049117,20.794710680408684,0.1813519160313947
Lamb_education_Luz,chronos_t5_small,28,0.0956803170291043,0.2603311463152846,10.150305965685432,0.0841010966078303
Lamb_education_Mae,chronos_t5_small,28,0.1225410183580597,0.3027420430984322,13.870384028736218,0.0988293799644388
Lamb_education_Manuel,chronos_t5_small,28,0.168851225993722,0.3025487308470402,16.14367337052697,0.1346248885934285
Lamb_education_Marc,chronos_t5_small,28,0.4639341256248308,1.5056449796995706,1807.0423324636915,876166346.980092
Lamb_education_Maritza,chronos_t5_small,28,0.0837636870153175,0.1637173044678801,167.66541225782018,1.6822356694915126
Lamb_education_Marty,chronos_t5_small,28,0.0029329637764022,0.0029329637764022,0.2932963776402223,0.0029613819824503
Lamb_education_Maxwell,chronos_t5_small,28,0.14397758466978,0.3879088082531748,14.663950793043789,0.1432603960175706
Lamb_education_Mckenzie,chronos_t5_small,28,0.1218410954980595,0.2995889198198617,12.298139491666662,0.1100275803317956
Lamb_education_Moses,chronos_t5_small,28,0.183511482025662,0.4301274999546965,192.1149122267234,2.185548893456652
Lamb_education_Nathan,chronos_t5_small,28,0.0029325514721372,0.0029325514721372,0.2932551472137285,0.003177148920928
Lamb_education_Nichol,chronos_t5_small,28,0.0029329637764022,0.0029329637764022,0.2932963776402223,0.0029337533773612
Lamb_education_Norris,chronos_t5_small,28,0.1210030376592146,0.1961019853738588,136.06798670914168,2.166900836499166
Lamb_education_Patsy,chronos_t5_small,28,0.0029325514721372,0.0029325514721372,0.2932551472137285,0.0030905524903702
Lamb_education_Phil,chronos_t5_small,28,0.0029329637764022,0.0029329637764022,0.2932963776402223,0.0029780721092634
Lamb_education_Philomena,chronos_t5_small,28,0.0965146185551101,0.2730669436528273,8.444307423452905,0.0740087302542705
Lamb_education_Princess,chronos_t5_small,28,0.1267064972286062,0.3198447707968048,10.503013296276864,0.1002062288642729
Lamb_education_Randal,chronos_t5_small,28,0.1043415036197413,0.1889354702149408,181.73809896509977,3.2246277750794543
Lamb_education_Rick,chronos_t5_small,28,0.1757143110242831,0.4524830500342422,16.50654295440451,0.1387466631525178
Lamb_education_Robin,chronos_t5_small,28,0.1453464623195356,0.3564016830972866,11.402452160433096,0.1007228043297523
Lamb_education_Rodrigo,chronos_t5_small,28,0.1031766695048998,0.2654525707804346,10.689130840767977,0.0907517324785745
Lamb_education_Ruben,chronos_t5_small,28,0.0029325514721372,0.0029325514721372,0.2932551472137285,0.0029262783412824
Lamb_education_Sabrina,chronos_t5_small,28,0.1884430574064203,0.4221250728977087,379.456240316693,6.543227014178142
Lamb_education_Salvador,chronos_t5_small,28,0.0029324544593692,0.0029324544593692,0.2932454459369203,0.0034515433256144
Lamb_education_Sara,chronos_t5_small,28,0.1267274699412004,0.3426003767791826,10.888549332101851,0.1021514314194553
Lamb_education_Stefan,chronos_t5_small,28,0.2203951784767328,0.4937671571644807,32.76796753956345,0.218016130236983
Lamb_education_Sunny,chronos_t5_small,28,0.2537973313005086,0.5321407081130011,38.0289032625282,0.2223896624110354
Lamb_education_Sylvester,chronos_t5_small,28,0.1512408979203915,0.3821945373159887,221.4670982124599,2.9187146711335026
Lamb_education_Terina,chronos_t5_small,28,0.0736112690347706,0.1932982154368143,6.758858371945273,0.0526122997787182
Lamb_education_Traci,chronos_t5_small,28,0.2665937501956175,0.7193074585857075,744.7750647425866,7.976450525199545
Lamb_education_Vaughn,chronos_t5_small,28,0.2369319048750571,0.4621763162176708,333.0415211112481,1.7015645396185384
Lamb_education_Wanda,chronos_t5_small,28,0.0029325514721372,0.0029325514721372,0.2932551472137285,0.0032572540554119
Lamb_education_Wilbert,chronos_t5_small,28,0.0029325514721372,0.0029325514721372,0.2932551472137285,0.0033407684839373
Lamb_education_Williams,chronos_t5_small,28,0.1513749166743902,0.3712410405675464,14.571920830659549,0.1458173484551809
Lamb_food_Sylvia,chronos_t5_small,28,0.0029325426527948,0.0029325426527948,0.2932542652794804,0.002935461026232
Lamb_health_Ken,chronos_t5_small,28,0.1357414655394936,0.1985134599506121,14.136652949301771,0.1104498377545805
Lamb_industrial_Carla,chronos_t5_small,28,0.1851501534142939,0.4152029967768637,22.26792388444061,0.1598090594084703
Lamb_industrial_Enrique,chronos_t5_small,28,0.212852841256662,0.4527846491343011,15.832971443975127,0.1678806730143917
Lamb_industrial_Venessa,chronos_t5_small,28,0.0029325514721372,0.0029325514721372,0.2932551472137285,0.0037549586141908
Lamb_industrial_Willard,chronos_t5_small,28,0.0029329637764022,0.0029329637764022,0.2932963776402223,0.0035055895155936
Lamb_lodging_Burt,chronos_t5_small,28,0.1952034493684855,0.4160622901224911,19.917592427762784,0.156702097795009
Lamb_lodging_Harley,chronos_t5_small,28,0.0029329637764022,0.0029329637764022,0.2932963776402223,0.0035033537494731
Lamb_office_Bertha,chronos_t5_small,28,0.0651957560393406,0.1484290277076856,6.307121286834805,0.0542971692017085
Lamb_office_Caitlin,chronos_t5_small,28,0.1416787925957402,0.3042839498890015,25.526641363051496,0.1432417627216246
Lamb_office_Callie,chronos_t5_small,28,0.0029328702283756,0.0029328702283756,0.2932870228375696,0.0037995971825489
Lamb_office_Gerardo,chronos_t5_small,28,0.1951124545899156,0.4435194455768499,19.76741575369228,0.1512689566677319
Lamb_office_Jo,chronos_t5_small,28,0.0029329637764022,0.0029329637764022,0.2932963776402223,0.0029329637764022
Lamb_office_Maggie,chronos_t5_small,28,0.3372555085433248,0.6644321566986932,53.74621584579472,0.3127223710984986
Lamb_office_Raymond,chronos_t5_small,28,0.2003002160154911,0.4980569899379746,13.367885792177375,0.1118241886408948
Lamb_office_Stefani,chronos_t5_small,28,0.0029326640069484,0.0029326640069484,0.2932664006948492,0.0029957769759459
Lamb_office_Vasiliki,chronos_t5_small,28,0.0806096552261166,0.1810443054247432,8.377068115378725,0.069479678434751
Lamb_office_Velma,chronos_t5_small,28,0.1092785696483657,0.2073362022582786,11.95783334681238,0.0906369057479185
Lamb_office_William,chronos_t5_small,28,0.0029325514721372,0.0029325514721372,0.2932551472137285,0.0030948073033752
Lamb_other_Katharina,chronos_t5_small,28,0.220828104679689,0.3292240779560014,26.50513341531322,0.1879555096613946
Lamb_other_Minerva,chronos_t5_small,28,0.0029325514721372,0.0029325514721372,0.2932551472137285,0.0040179390733706
Lamb_public_Angeline,chronos_t5_small,28,0.1629128775744659,0.2807856820700906,16.950986489751045,0.1341562486557336
Lamb_public_Grace,chronos_t5_small,28,0.1931734666943322,0.4503206074266666,19.07694967396657,0.1807327193967446
Lamb_public_Gracie,chronos_t5_small,28,0.1130516713178454,0.2204531501666768,11.1709704813982,0.0930246503229303
Lamb_public_Nyla,chronos_t5_small,28,0.2180102046752504,0.4467633262777488,26.384218955651388,0.2089988917214519
Lamb_public_Vania,chronos_t5_small,28,0.0681710417814042,0.1172374596711596,6.949732852205097,0.0520224679615052
Lamb_warehouse_Allan,chronos_t5_small,28,0.0029325073754246,0.0029325073754246,0.2932507375424619,0.0033534889191547
Moose_education_Abbie,chronos_t5_small,28,0.0292990039688887,0.0839015209263913,3.199166058116477,0.026671308899189
Moose_education_Clark,chronos_t5_small,28,0.0662757954524666,0.1507227171722445,7.334088304319381,0.0527962948744618
Moose_education_Florence,chronos_t5_small,28,0.0709276225202976,0.2033081325261348,8.08544663243989,0.0575091672807767
Moose_education_Gladys,chronos_t5_small,28,0.0564718584962903,0.1191423954871535,5.75474719647901,0.0496311159983145
Moose_education_Leland,chronos_t5_small,28,0.0299486423841499,0.0662969400899428,2.900053656404073,0.0223272686588143
Moose_education_Lori,chronos_t5_small,28,0.0278319751685207,0.0367338291891139,2.814615401784081,0.0207911840316776
Moose_education_Maria,chronos_t5_small,28,0.0122135674059002,0.0182002611015708,1.212898726813025,0.0093721851850348
Moose_education_Marina,chronos_t5_small,28,0.0413268068331536,0.063689078268559,3.9211827713439535,0.0305838755306786
Moose_education_Marlon,chronos_t5_small,28,0.0512562280481284,0.077237009036678,4.986733079681687,0.0380855336263442
Moose_education_Rene,chronos_t5_small,28,0.0510169341622665,0.1667225963056875,4.873129482231088,0.0460053840285291
Moose_education_Ricardo,chronos_t5_small,28,0.0279888073737183,0.0508578054346633,2.754685735737692,0.0224132743961095
Mouse_health_Estela,chronos_t5_small,28,,,139698.38619232175,311843.0172461167
Mouse_health_Ileana,chronos_t5_small,28,,,139698.38619232175,702686.210585982
Mouse_health_Justin,chronos_t5_small,28,,,139698.38619232175,994659.4426808208
Mouse_health_Modesto,chronos_t5_small,28,,,139698.38619232175,506746.398509893
Mouse_lodging_Vicente,chronos_t5_small,28,,,139698.38619232175,568850.3739466317
Panther_assembly_Carrol,chronos_t5_small,28,0.2940290429429278,0.4809872592149637,29.867581818877557,0.2563859715672303
Panther_assembly_David,chronos_t5_small,28,0.1213142227623963,0.1664864950631795,12.5548324871593,0.0905617597983595
Panther_assembly_Denice,chronos_t5_small,28,0.0906657893476315,0.1216197384870738,9.24956958198488,0.0660803227323666
Panther_assembly_Gwyneth,chronos_t5_small,28,0.0587543139810185,0.0907466244900999,5.600618971447847,0.0441756739976372
Panther_assembly_Pamella,chronos_t5_small,28,0.2258696448617189,0.4254644836167658,21.6943963189331,0.1558567763375239
Panther_education_Alecia,chronos_t5_small,28,0.1148512528461425,0.1985255957064645,11.93956660651212,0.0863917611866451
Panther_education_Annetta,chronos_t5_small,28,0.1175426450172686,0.1840027195593603,11.63305865137107,0.0902521400111876
Panther_education_Aurora,chronos_t5_small,28,0.095093871916058,0.1941697213910143,12.13691310572772,0.1016633420621939
Panther_education_Cleopatra,chronos_t5_small,28,0.1968394767917297,0.334251747675816,23.14015570657257,0.1579067304901264
Panther_education_Diann,chronos_t5_small,28,0.1585857825959103,0.2790414614185443,21.62029999154841,0.1680748132077666
Panther_education_Edna,chronos_t5_small,28,0.0697805035879949,0.1117974982383964,7.041418804052238,0.0521233201149233
Panther_education_Emily,chronos_t5_small,28,0.1306339022421904,0.2072731765947973,13.16282133402534,0.1000847025929395
Panther_education_Enriqueta,chronos_t5_small,28,0.1172403967896412,0.2084451667151273,12.215849988937777,0.1036094827148824
Panther_education_Genevieve,chronos_t5_small,28,0.0233033822130562,0.0573770574748786,2.1585204154255075,0.0175890180138118
Panther_education_Gina,chronos_t5_small,28,0.0144891179283235,0.0208021700074155,1.449745139342986,0.0105973395083954
Panther_education_Hugh,chronos_t5_small,28,0.0219338972802151,0.0337763501463257,2.2286918873682757,0.0172052860142033
Panther_education_Ivan,chronos_t5_small,28,0.0925046456823085,0.1577543944936793,8.23144823688412,0.0687655767645482
Panther_education_Janis,chronos_t5_small,28,0.2203504667150572,0.3183988468210362,21.413461957399704,0.1652547446874069
Panther_education_Jerome,chronos_t5_small,28,0.0133394769121369,0.0198283362034583,1.334528123501597,0.0101745784660449
Panther_education_Jonathan,chronos_t5_small,28,0.4484398673582133,2.768325203182348,3333.2480193869665,7065102.068251684
Panther_education_Karri,chronos_t5_small,28,0.0373214432785254,0.0901749979923706,3.392311215956544,0.0263107253839211
Panther_education_Mattie,chronos_t5_small,28,0.3031552395769569,0.4418395074057187,41.64875834821594,0.2579246359969258
Panther_education_Misty,chronos_t5_small,28,0.1694114494093768,0.2562626543958025,19.867243759490933,0.1359382734464221
Panther_education_Mohammad,chronos_t5_small,28,0.0688911961657944,0.0988954701992576,7.034737484571791,0.0498948519284033
Panther_education_Neal,chronos_t5_small,28,0.1499087390352254,0.2233738523146138,16.080527547610068,0.1192680703319559
Panther_education_Quintin,chronos_t5_small,28,0.0966221667317508,0.1525646629175121,10.239687888403076,0.0843183244175752
Panther_education_Rosalie,chronos_t5_small,28,0.0871015046659711,0.1249701410266614,9.655585434043672,0.0682182404468367
Panther_education_Scarlett,chronos_t5_small,28,0.0884059142100849,0.1524089093739033,8.133057496585145,0.0591870314862081
Panther_education_Shelton,chronos_t5_small,28,0.0629373796177598,0.1045598443346144,6.789594273720106,0.0474859083523049
Panther_education_Sophia,chronos_t5_small,28,0.0216587195197939,0.0525158635593586,2.352799611634707,0.0165394545613857
Panther_education_Teofila,chronos_t5_small,28,0.0871185157437895,0.1531610416198733,8.948773294137904,0.0726868925099998
Panther_education_Tina,chronos_t5_small,28,0.3114228911302242,0.4789808703549922,32.69529170702059,0.2184137682740694
Panther_education_Vincent,chronos_t5_small,28,0.0927249709661596,0.1648626022055499,11.10335310965129,0.0884808659519355
Panther_education_Violet,chronos_t5_small,28,0.0510098975022777,0.0693527425297356,5.048779527300941,0.0375132866862584
Panther_education_Zelda,chronos_t5_small,28,0.0854494428538556,0.1821842110036055,8.142794558246148,0.0705958198647334
Panther_lodging_Alita,chronos_t5_small,28,0.0650134867672284,0.0961112277401831,7.260217438893813,0.0527033435647235
Panther_lodging_Anastasia,chronos_t5_small,28,0.1364450161507322,0.1815424418543098,14.577774551110062,0.1032904831907466
Panther_lodging_Awilda,chronos_t5_small,28,0.029760161532847,0.0432497042543669,2.9055373607719885,0.0226749655389664
Panther_lodging_Blaine,chronos_t5_small,28,0.1431431803680616,0.2129358151075595,15.777152432075594,0.1055711919172626
Panther_lodging_Cora,chronos_t5_small,28,0.0765304900540955,0.1079940781603064,7.694207115874987,0.0554083893710073
Panther_lodging_Cornelia,chronos_t5_small,28,0.1086237067271871,0.2130560122804702,11.465887537645372,0.0828589483139405
Panther_lodging_Dianna,chronos_t5_small,28,0.0860201480281055,0.1146885895085889,8.593572124936907,0.062505491874121
Panther_lodging_Edison,chronos_t5_small,28,0.0692836823330254,0.1222005671926286,6.937664688487123,0.0541443216908108
Panther_lodging_Edmond,chronos_t5_small,28,0.1241881274953659,0.1801886324586913,12.60962826189242,0.0920756484238872
Panther_lodging_Else,chronos_t5_small,28,0.0784749219332215,0.1126087538829693,7.508181969092255,0.0583254874780199
Panther_lodging_Fausto,chronos_t5_small,28,0.0753014354703701,0.1182849027728512,6.9131483342083175,0.0526526288665799
Panther_lodging_Floyd,chronos_t5_small,28,0.0950675688650866,0.1423458439466194,9.394258728694544,0.0712005598043623
Panther_lodging_Gale,chronos_t5_small,28,0.0341126100437544,0.0490332342420574,3.446121058150219,0.0257867969217473
Panther_lodging_Hattie,chronos_t5_small,28,0.07708667007561,0.1090250113822261,7.669899356377631,0.0546884972474304
Panther_lodging_Jana,chronos_t5_small,28,0.1163871081585958,0.1967729017567928,11.841136704095993,0.0909309020944858
Panther_lodging_Janice,chronos_t5_small,28,0.1018766302747385,0.1409845107758586,10.763272067891732,0.0801220404026578
Panther_lodging_Jorge,chronos_t5_small,28,0.0967837723692391,0.1681446622438416,9.88886653111462,0.0748398146582677
Panther_lodging_Kaitlin,chronos_t5_small,28,0.1143018763194558,0.2164558906660254,12.229566326412094,0.0856019328178798
Panther_lodging_Kara,chronos_t5_small,28,0.0649385524081675,0.0960027609293835,6.748778109678462,0.04958003581918
Panther_lodging_Kirk,chronos_t5_small,28,0.0766973497375288,0.1052613085773067,7.53319650788655,0.0544052815389975
Panther_lodging_Marisol,chronos_t5_small,28,0.0772330323201656,0.1065167938664522,7.928985053226103,0.0569508854944928
Panther_lodging_Myrtle,chronos_t5_small,28,0.1046648590553321,0.1677895009458914,13.035936771896967,0.0911986137356107
Panther_lodging_Russell,chronos_t5_small,28,0.0504293704579374,0.0746389430232202,4.918338005890402,0.0370591407017092
Panther_lodging_Sonja,chronos_t5_small,28,0.0806869798135311,0.1250245436738933,8.545302050768495,0.063758445627504
Panther_lodging_Teresita,chronos_t5_small,28,0.1102555000438492,0.1959693363332947,12.092067325837014,0.087064075270717
Panther_lodging_Tracie,chronos_t5_small,28,0.0818548827272264,0.1260090232384427,10.05297042606974,0.0599078971645537
Panther_lodging_Willa,chronos_t5_small,28,0.0342669936393097,0.0487469339161866,3.460099864366822,0.0254501767267067
Panther_office_Antonette,chronos_t5_small,28,0.0574654492732776,0.0780432227212606,6.1896431478037375,0.0413357330823767
Panther_office_Brent,chronos_t5_small,28,0.2623931181984792,0.4394596088990541,64.37769121504896,0.3920143285987286
Panther_office_Catherine,chronos_t5_small,28,0.1595154290678023,0.2300053195394978,15.122040653301372,0.1185544377494276
Panther_office_Christian,chronos_t5_small,28,0.145922175816747,0.2416091939330212,17.290090232893963,0.1376133868029254
Panther_office_Christin,chronos_t5_small,28,0.0378140928267302,0.0865213991367078,4.503135203721154,0.0314243723620699
Panther_office_Clementine,chronos_t5_small,28,0.067531706305635,0.0919172968252362,6.681763079397922,0.0495109097325867
Panther_office_Danica,chronos_t5_small,28,0.2512896906864985,0.4412248068000541,22.72814307193574,0.1865266998073014
Panther_office_Garth,chronos_t5_small,28,0.0915334700405572,0.1352229083502052,9.368905959440273,0.0713691897865715
Panther_office_Graham,chronos_t5_small,28,0.0472953588172245,0.1053239670621927,5.396835927708984,0.0435983435829986
Panther_office_Hannah,chronos_t5_small,28,0.2106646508377324,0.372356362527212,19.27362202603281,0.1443274569053482
Panther_office_Jeane,chronos_t5_small,28,0.1511535317740881,0.2365454246857809,15.140357596512684,0.1093957441804105
Panther_office_Jesus,chronos_t5_small,28,0.0875337839699618,0.1797732286506196,9.778538936374291,0.0775938994316063
Panther_office_Karla,chronos_t5_small,28,0.1619671291722275,0.3513501123472539,18.29505554076466,0.1302172028499119
Panther_office_Kristen,chronos_t5_small,28,0.0457272369098745,0.065951383240756,4.59044216239461,0.0339287638332476
Panther_office_Larry,chronos_t5_small,28,0.117217984179008,0.2301760017002593,14.08847303154335,0.0930621917814414
Panther_office_Lauretta,chronos_t5_small,28,0.0315813347995434,0.0532004012783762,3.230222235915163,0.0255841425455978
Panther_office_Lavinia,chronos_t5_small,28,0.0830963427410919,0.1374081166007304,7.579440541672562,0.0612449283616946
Panther_office_Lois,chronos_t5_small,28,0.0406352532098079,0.183100733441673,3.628881344482647,0.0326906219738188
Panther_office_Otto,chronos_t5_small,28,0.064530657140544,0.0929345506480533,6.954594242778852,0.04763018272161
Panther_office_Patti,chronos_t5_small,28,0.0472357967730456,0.0628964308566676,4.691980724095676,0.0349601310485902
Panther_office_Ruthie,chronos_t5_small,28,0.0505024244127288,0.0688244183968407,5.14404187386796,0.037454440724586
Panther_office_Shauna,chronos_t5_small,28,0.1017407114151575,0.172695880940826,9.107372872448142,0.0802906124444268
Panther_office_Taryn,chronos_t5_small,28,0.0593107460018532,0.1302782469784882,7.1206353171397785,0.0542545036615516
Panther_office_Valarie,chronos_t5_small,28,0.0896852820899663,0.1226445024817344,9.233068130574305,0.0656452218713182
Panther_other_Bethel,chronos_t5_small,28,0.075787443208054,0.1039430519373111,7.787171734449673,0.0562582076244499
Panther_other_Bettie,chronos_t5_small,28,0.0306635221549242,0.0489066147721733,2.9596483287370394,0.0222450668847951
Panther_other_Lucina,chronos_t5_small,28,0.0891024453550299,0.3025522779339558,377.5353510059003,250601393.55346596
Panther_other_Tyrone,chronos_t5_small,28,0.1660081135118292,0.2735285229948783,20.046874130060484,0.1455960708212412
Panther_parking_Adela,chronos_t5_small,28,0.029006817409911,0.0436806603540151,3.5941681162650454,0.0215417090607441
Panther_parking_Alaina,chronos_t5_small,28,0.0221083547567876,0.0330838432349321,2.786638795455921,0.0160964248159937
Panther_parking_Asia,chronos_t5_small,28,0.018285645659018,0.0480433770679462,2.0782545479005843,0.014032922162242
Panther_parking_Charlene,chronos_t5_small,28,0.0341722214770297,0.0572558255639402,4.082714472024424,0.0247695512057094
Panther_parking_Jody,chronos_t5_small,28,0.0860354896180636,0.1789322358835116,104.7270099380277,0.0612394124416431
Panther_parking_Lorriane,chronos_t5_small,28,0.0465822993626444,0.087794521718221,4.666677135274005,0.0352404612995017
Panther_parking_Mellissa,chronos_t5_small,28,0.0404494033455855,0.0511818256697665,4.264645985232561,0.0286798321471378
Panther_parking_Stanley,chronos_t5_small,28,0.0116663747355545,0.0190635093842348,1.2687056371540248,0.0090292239976506
Panther_retail_Felix,chronos_t5_small,28,0.1350078250175563,0.1887972643510825,14.50336452502104,0.1102837840034392
Panther_retail_Kristina,chronos_t5_small,28,0.1293582787456223,0.3325219410091358,14.019765123878296,0.1153770622991688
Panther_retail_Lester,chronos_t5_small,28,0.1525199270910871,0.2380475085851182,15.126536789645144,0.124009731393052
Panther_retail_Rachel,chronos_t5_small,28,0.1491052871113172,0.2652052790862,14.271560626718363,0.1083950184556783
Panther_retail_Romeo,chronos_t5_small,28,0.0325930361172937,0.0459835634537883,3.288336500311376,0.0236962266845332
Peacock_assembly_Dena,chronos_t5_small,28,0.0606777194117704,0.109400402563066,6.181634247315588,0.0478122617992926
Peacock_assembly_Mamie,chronos_t5_small,28,0.1028369358808146,0.154443650895134,12.274390526256155,0.0988775531231941
Peacock_assembly_Russ,chronos_t5_small,28,0.0477317224603912,0.0690103831554512,4.837309246651197,0.0345922958740487
Peacock_assembly_Socorro,chronos_t5_small,28,0.0925073064491567,0.1391728223700397,9.456461143516687,0.0705778849723888
Peacock_education_Anita,chronos_t5_small,28,0.1211900476973996,0.1901025593715125,13.990092977605151,0.1057095510899118
Peacock_education_Bianca,chronos_t5_small,28,0.0603296370462447,0.0902874846446695,6.540463255808255,0.047115126872331
Peacock_education_Dustin,chronos_t5_small,28,0.0950141785315168,0.1582664340493579,11.09708673360474,0.0878862339562128
Peacock_education_Forest,chronos_t5_small,28,0.0586757826151096,0.0827172866680611,5.984674062903033,0.0445554706009277
Peacock_education_Gilberto,chronos_t5_small,28,0.0306877048499121,0.0414862742485457,3.065843621867617,0.0229854467118993
Peacock_education_Joshua,chronos_t5_small,28,0.0221054085920053,0.0386703543536656,2.3128039627281543,0.0168397664307807
Peacock_education_Karl,chronos_t5_small,28,0.0644670169521419,0.0907357775845221,6.511017306536273,0.0495560138206531
Peacock_education_Karyn,chronos_t5_small,28,0.0207893019813536,0.0282869152043992,2.087550533874631,0.0153897218084945
Peacock_education_Lucie,chronos_t5_small,28,0.0166947529582225,0.0251799059613965,1.688156658961745,0.0124625712885706
Peacock_education_Lyle,chronos_t5_small,28,0.0434517001378704,0.0666648562488581,4.530823349157496,0.0352515493340253
Peacock_education_Ophelia,chronos_t5_small,28,0.0171812993540625,0.0235667594293504,1.7191605691877825,0.0127704789889856
Peacock_education_Pasquale,chronos_t5_small,28,0.0323373972122825,0.04159753731183,3.2584383267054187,0.0237185401322348
Peacock_education_Patience,chronos_t5_small,28,0.0855354654289884,0.1439550232727316,9.081459490835028,0.0732915943030508
Peacock_education_Robbie,chronos_t5_small,28,0.1216758576590948,0.1792871964730991,12.373287740400432,0.095852200095891
Peacock_education_Shelly,chronos_t5_small,28,0.0273106695552816,0.0368802627141914,2.726544289802001,0.0197138937393835
Peacock_education_Weldon,chronos_t5_small,28,0.0768498486109502,0.1149891544631663,8.600600228853807,0.0590110009540354
Peacock_education_Yolanda,chronos_t5_small,28,0.0471209894546602,0.0680912670192809,4.6861848810126085,0.0346660853622083
Peacock_lodging_Chloe,chronos_t5_small,28,0.113143942330393,0.1778457790419014,9.980163250887603,0.0809288091954262
Peacock_lodging_Francesca,chronos_t5_small,28,0.0922199462333849,0.1488273178031272,8.23325657143894,0.0634692538445898
Peacock_lodging_Jamaal,chronos_t5_small,28,0.0781209357291022,0.1119454567796143,8.007478813260283,0.058737995417127
Peacock_lodging_James,chronos_t5_small,28,0.0556997547023673,0.0899289040530907,5.163910783976822,0.0391129687700367
Peacock_lodging_Lou,chronos_t5_small,28,0.049880645690917,0.0719766953731971,5.0203145753129785,0.0375846453444727
Peacock_lodging_Mathew,chronos_t5_small,28,0.0601953128705013,0.1021100189596048,5.41571349517026,0.0413271911800213
Peacock_lodging_Matthew,chronos_t5_small,28,0.0456916601681565,0.0615587431666216,4.498773811561688,0.033053872582057
Peacock_lodging_Nova,chronos_t5_small,28,0.1366366519659423,0.2225197197536609,11.801054735863852,0.0959191177158309
Peacock_lodging_Sergio,chronos_t5_small,28,0.0930524242952288,0.1453577258712839,9.342746063818923,0.0722347840923916
Peacock_lodging_Terrie,chronos_t5_small,28,0.1148895759294651,0.1611808707933433,10.59833209378414,0.0810513799579938
Peacock_lodging_Wes,chronos_t5_small,28,0.054407140940356,0.0791842952843096,5.496745619839968,0.0419651167632265
Peacock_office_Annie,chronos_t5_small,28,0.1294387473961754,0.204486181853817,12.952292141116525,0.0994421955998827
Peacock_office_Burl,chronos_t5_small,28,0.0647637551079492,0.0933534777237305,6.385833270607408,0.0482705633791189
Peacock_office_Dara,chronos_t5_small,28,0.1292176972688806,0.1700784630089102,14.796508643662614,0.0989415871804118
Peacock_office_Effie,chronos_t5_small,28,0.0902102409195362,0.1227565568532397,9.54669659518529,0.0677951835242134
Peacock_office_Elton,chronos_t5_small,28,0.061509097938521,0.094275933708344,6.542237704171516,0.0527578727396765
Peacock_office_Glenn,chronos_t5_small,28,0.1481332675029755,0.2229213609743355,15.18080262017835,0.125656553034841
Peacock_office_Jonathon,chronos_t5_small,28,0.0672561259829446,0.11868883656404,7.008315056871512,0.05424272985566
Peacock_office_Julian,chronos_t5_small,28,0.1295464939348612,0.2057942549417831,13.401447657748095,0.1109982288634773
Peacock_office_Major,chronos_t5_small,28,0.0356861104307312,0.0542642176750291,3.562250286065314,0.0274176973166889
Peacock_office_Naomi,chronos_t5_small,28,0.0529383510225876,0.1573274450860801,10.24918754046151,0.1009704123400254
Peacock_office_Norman,chronos_t5_small,28,0.1172482786176228,0.1573534984194973,12.098915428072846,0.0913950584843857
Peacock_public_Kelvin,chronos_t5_small,28,0.064119257185356,0.092205867395685,6.718845327892656,0.0488340868461195
Rat_assembly_Adolfo,chronos_t5_small,28,0.1431196743917508,0.2095351104353308,15.06306416013546,0.1126208553791673
Rat_assembly_Aisha,chronos_t5_small,28,0.0487960785687009,0.067363882640033,5.071409260161668,0.0369120141545718
Rat_assembly_Alex,chronos_t5_small,28,0.0942268512853143,0.1324921347083556,9.51466325483447,0.0707312150575446
Rat_assembly_Archie,chronos_t5_small,28,0.0971667900235267,0.1264847063865455,9.76583368496358,0.0714549672437187
Rat_assembly_Aubrey,chronos_t5_small,28,0.0190772425628565,0.0325655595688099,3.011687109283013,0.0154466659650595
Rat_assembly_Cristina,chronos_t5_small,28,0.0562194079137985,0.1130042246324913,6.831677677639807,0.0406388820035632
Rat_assembly_Damaris,chronos_t5_small,28,0.0202310404632828,0.0325221637145501,2.077003346135784,0.0156890853268171
Rat_assembly_Deandre,chronos_t5_small,28,0.0544859309786704,0.0761198266509002,5.7358450751408645,0.0414677287573533
Rat_assembly_Donny,chronos_t5_small,28,0.03976023883167,0.0824544406837115,65.64437177323515,0.0349177091530466
Rat_assembly_Dovie,chronos_t5_small,28,0.0704848208480584,0.1312935198460061,7.336923179993865,0.0510659987009614
Rat_assembly_Erwin,chronos_t5_small,28,0.0914557851855352,0.2033534453220515,10.946033627208772,0.0782301366384973
Rat_assembly_Ezequiel,chronos_t5_small,28,0.1368710625437546,0.2039563929400563,17.17530589732904,0.1192610731859606
Rat_assembly_Francine,chronos_t5_small,28,0.0697288459667465,0.0926332557909274,7.097882516873376,0.0510323328970915
Rat_assembly_Frieda,chronos_t5_small,28,0.0541541920541481,0.0866118483058487,5.546821682826128,0.0428136668622178
Rat_assembly_Gwen,chronos_t5_small,28,0.0712357361097755,0.1162538021402031,8.82529003229614,0.0532886015962193
Rat_assembly_Horace,chronos_t5_small,28,0.135422301664743,0.182022427354733,15.270206270397528,0.0996563606590095
Rat_assembly_Ida,chronos_t5_small,28,0.0828206360766496,0.1247176133027958,7.951087640126716,0.0619869371491365
Rat_assembly_Jamie,chronos_t5_small,28,0.1666971932158091,0.2235280663089073,15.799998816312067,0.1213157169839333
Rat_assembly_Jannie,chronos_t5_small,28,0.0068614233435914,0.0135385607131871,7.436982084366034,0.0097479997906007
Rat_assembly_Jennie,chronos_t5_small,28,0.0681340479866742,0.1139116619580641,7.305512459501215,0.056742376544319
Rat_assembly_Kaitlyn,chronos_t5_small,28,0.0674754703424941,0.1023628838620244,6.95991529535319,0.0529407446613541
Rat_assembly_Kelley,chronos_t5_small,28,0.121186697363076,0.215001034994285,93.77405273536894,0.1763561968522969
Rat_assembly_Kenya,chronos_t5_small,28,0.1019072348032956,0.126482121309724,10.231896186803151,0.0734124648249166
Rat_assembly_Kimberley,chronos_t5_small,28,0.0322998977794608,0.0633269256725291,3.3130598167929195,0.0247908973970848
Rat_assembly_Kristine,chronos_t5_small,28,0.0731737005387968,0.1126492497933833,7.018238094693453,0.054934360278221
Rat_assembly_Kristy,chronos_t5_small,28,0.013066447222371,0.017701901539743,2.194319430259628,0.0096882723708665
Rat_assembly_Lillie,chronos_t5_small,28,0.0746606884134255,0.1138096934624072,18.726304901471806,0.0558558501594322
Rat_assembly_Michel,chronos_t5_small,28,0.0119685163743841,0.0197688307027086,1.199740911850557,0.0095984991027924
Rat_assembly_Mirta,chronos_t5_small,28,0.0943860973156887,0.1603835150356265,9.776925390596764,0.0766210269546298
Rat_assembly_Monica,chronos_t5_small,28,0.0716870920073742,0.094570250039114,7.507058446624237,0.0547282602622332
Rat_assembly_Pauline,chronos_t5_small,28,0.1716280186743152,0.3445688433187714,757.8361503793727,0.1448009302729474
Rat_assembly_Rolland,chronos_t5_small,28,0.0433073725661913,0.0709740810092909,5.936628770823704,0.0349947655895653
Rat_assembly_Rosemarie,chronos_t5_small,28,0.0752447188149085,0.0986298123486226,7.549554930279012,0.0536769376620047
Rat_assembly_Ruth,chronos_t5_small,28,0.041498920158511,0.0609199398258667,9.717759331776756,0.031353225729777
Rat_assembly_Silvia,chronos_t5_small,28,0.0771272417913504,0.1363152585136461,7.637512668847774,0.0581412465548735
Rat_assembly_Suzanne,chronos_t5_small,28,0.0688211705323687,0.1145439912861003,7.230342473345222,0.05184459163669
Rat_assembly_Teddy,chronos_t5_small,28,0.1575002422257512,0.2003373536382167,16.10207714325115,0.1144905260737123
Rat_assembly_Teodoro,chronos_t5_small,28,0.0702606916690894,0.1299355701629185,7.298129542968243,0.0535966121614492
Rat_assembly_Trent,chronos_t5_small,28,0.1651162228213623,0.2428660686846984,15.593223666684558,0.1161882991057361
Rat_assembly_Trudy,chronos_t5_small,28,0.1475170204075104,0.3260327411134621,25.80307893269157,0.1130637367999747
Rat_assembly_Victorina,chronos_t5_small,28,0.2193456143769829,0.3793733254165733,420.427741153169,0.1676638661410196
Rat_assembly_Viola,chronos_t5_small,28,0.0752850584806218,0.1071454095167938,7.983878139142614,0.0601286523221126
Rat_education_Adell,chronos_t5_small,28,0.0734857487262104,0.1256534139606241,5.877505073553993,0.052283570397197
Rat_education_Adrian,chronos_t5_small,28,0.0800053632876479,0.1815923156253502,8.50254173379289,0.0627748638341334
Rat_education_Alfonso,chronos_t5_small,28,0.0729466358935142,0.1039534371211231,6.740965567030447,0.05383005780193
Rat_education_Alfred,chronos_t5_small,28,0.0463631598430192,0.0727504351072234,4.526279340641424,0.0350597407184017
Rat_education_Barbara,chronos_t5_small,28,0.0420462463729135,0.0981826752325064,49.01006860820826,0.0311744686362482
Rat_education_Barney,chronos_t5_small,28,0.1153508673455332,0.1618855754282204,11.501082695336615,0.0833849707008117
Rat_education_Beverly,chronos_t5_small,28,0.1098003337981039,0.2044835433483239,88.97167366104449,0.1017435361804597
Rat_education_Brett,chronos_t5_small,28,0.1303476849765982,0.2474879819423365,11.034696255349816,0.0960745211017868
Rat_education_Bryant,chronos_t5_small,28,0.0521531370781536,0.0988025449520334,5.115851942314259,0.0396807585747407
Rat_education_Calvin,chronos_t5_small,28,0.017241416799774,0.027658129438009,1.7325681434083993,0.0129704462678253
Rat_education_Candida,chronos_t5_small,28,0.0985667928030465,0.134628394245048,9.977286798894696,0.0726657933058511
Rat_education_Carmela,chronos_t5_small,28,0.0779541945467547,0.1167206186984351,7.351310390057093,0.0595117896352647
Rat_education_Cecil,chronos_t5_small,28,0.0439737436513823,0.076792872056991,4.086281891474175,0.0333693951793115
Rat_education_Cedric,chronos_t5_small,28,0.0650733956799631,0.1070098452185317,6.540479715930207,0.050224932145949
Rat_education_Colin,chronos_t5_small,28,0.1245083583823967,0.1712271633557641,12.44376382455776,0.0907872376993266
Rat_education_Conrad,chronos_t5_small,28,0.1785294830104914,0.3594615832123305,174.70700763658525,434421.02427601337
Rat_education_Dana,chronos_t5_small,28,0.0762594338807804,0.121516372644434,7.681155665854324,0.0602586414452707
Rat_education_Dann,chronos_t5_small,28,0.038642555754984,0.0722180284617982,3.743401311645912,0.0290601156797532
Rat_education_Davis,chronos_t5_small,28,0.0352869532875621,0.0469021851250719,3.491307363123503,0.0257451802175337
Rat_education_Deanna,chronos_t5_small,28,0.0535541783695786,0.0799687998703269,5.299215955756172,0.0391961477986706
Rat_education_Debra,chronos_t5_small,28,0.0476194649774488,0.0873430274810326,4.530332898063877,0.0389494859435624
Rat_education_Dreama,chronos_t5_small,28,0.0336592936658897,0.0481546131686895,3.336086328082234,0.0244748577974651
Rat_education_Earl,chronos_t5_small,28,0.0581695446779895,0.1014404946989344,6.09468687717113,0.047611143065201
Rat_education_Earnest,chronos_t5_small,28,0.0829460868874779,0.1664690085185029,8.746903743148913,0.0597599366290302
Rat_education_Elisa,chronos_t5_small,28,0.1087904878073357,0.225426820659081,11.153688762852571,0.0902218444401361
Rat_education_Elsie,chronos_t5_small,28,0.2036919461598641,0.2710574822696689,35.68222828631979,0.1620439997778217
Rat_education_Esther,chronos_t5_small,28,0.0967622119963543,0.1390180760043237,9.796773822141027,0.0754538263051491
Rat_education_Everett,chronos_t5_small,28,0.0646125393294574,0.0875603243962208,6.543970857819635,0.0509580800017767
Rat_education_Fernando,chronos_t5_small,28,0.0980736866020884,0.1537654691761291,9.953522741663091,0.072697496187662
Rat_education_Francisca,chronos_t5_small,28,0.0861187031728044,0.1441144499608618,8.371486172980589,0.0624978452098515
Rat_education_Gricelda,chronos_t5_small,28,0.1806724447210174,0.2534029934360461,18.199617238001125,0.1395434647570131
Rat_education_Guillermo,chronos_t5_small,28,0.0713372595102425,0.0980078573221672,7.023742644089677,0.0515393999595711
Rat_education_Humberto,chronos_t5_small,28,0.2124478371001623,0.4741753865380368,25.24250942905469,0.1869045984836706
Rat_education_Irma,chronos_t5_small,28,0.0710591588676502,0.1140258324892355,7.037050849559934,0.0520576813147655
Rat_education_Jacob,chronos_t5_small,28,0.0768789274748716,0.1036922793565325,8.015805636174358,0.0590682744109811
Rat_education_Jame,chronos_t5_small,28,0.0982661343133466,0.1440865269271073,9.666240929608716,0.0735003682096847
Rat_education_Jeanne,chronos_t5_small,28,0.0883137949542669,0.1242609379692324,8.973919480040394,0.0644376151826221
Rat_education_Jena,chronos_t5_small,28,0.0479064145288261,0.0658759656396796,4.539147530720127,0.0348846488671983
Rat_education_Jesse,chronos_t5_small,28,0.0057652889820873,0.0087036569647848,0.5767532510761632,0.0043752990201305
Rat_education_Kandice,chronos_t5_small,28,0.3714370935025345,0.6365639337243817,40.51802286936287,0.3220239999937023
Rat_education_Kathryn,chronos_t5_small,28,0.0505239758844833,0.0884241736473517,4.686330396907732,0.0387620744316082
Rat_education_Keith,chronos_t5_small,28,0.0678426127909993,0.095332244481371,6.716172267826168,0.051369821178428
Rat_education_Kelsey,chronos_t5_small,28,0.0759655113970371,0.1075116192950999,7.515156015934623,0.056325310579615
Rat_education_Lee,chronos_t5_small,28,0.0950898439134863,0.1355059516404139,9.753726834659382,0.0728789713495755
Rat_education_Leonardo,chronos_t5_small,28,0.1073637872322901,0.1409246953104236,10.763299310469202,0.0781781812939278
Rat_education_Lincoln,chronos_t5_small,28,0.0360865863773323,0.071120269882562,3.2737096858960166,0.0276868802598569
Rat_education_Liz,chronos_t5_small,28,0.1023444618189874,0.1425604864102543,9.676348778470054,0.0751100984837497
Rat_education_Lonnie,chronos_t5_small,28,0.0730617800862295,0.1282359007920843,7.46442556946069,0.0560218475329007
Rat_education_Lynn,chronos_t5_small,28,0.0852543045189391,0.1218457327439285,8.470470436741257,0.063655455735856
Rat_education_Marcos,chronos_t5_small,28,0.0654955052568309,0.0880775295823447,6.235547167753514,0.0465559036232758
Rat_education_Marianna,chronos_t5_small,28,0.0992013001121628,0.1941661030085949,9.727276060522884,0.0744275858070176
Rat_education_Maricela,chronos_t5_small,28,0.0654193681753554,0.1045497862760563,6.668255152688484,0.0515279192750206
Rat_education_Marvin,chronos_t5_small,28,0.1148918548409171,0.2241313474634853,13.311130325272316,0.0998801410984844
Rat_education_Meghan,chronos_t5_small,28,0.0656095996971308,0.1435459996745892,7.144288807133885,0.0506550130680191
Rat_education_Milagros,chronos_t5_small,28,0.049805944423377,0.212500035692464,5.7237646470529855,0.0610984729410743
Rat_education_Mona,chronos_t5_small,28,0.1056761134959313,0.1621863087656429,10.13387517178272,0.0759339204199252
Rat_education_Morton,chronos_t5_small,28,0.0715588159986716,0.1250545701848567,7.032390396016148,0.0490461832172566
Rat_education_Mose,chronos_t5_small,28,0.0805305512562804,0.1489457548189735,7.687279923551597,0.0619226439308864
Rat_education_Nellie,chronos_t5_small,28,0.040067755727608,0.073837030287986,4.04833368887198,0.0302484126971534
Rat_education_Nona,chronos_t5_small,28,0.0873013294553146,0.1880547736324921,7.875998033440131,0.066007515866881
Rat_education_Nydia,chronos_t5_small,28,0.0898492963664191,0.1387781497364612,8.612512106420613,0.0657931777645832
Rat_education_Pat,chronos_t5_small,28,0.0072663541568899,0.0091264115849326,0.7271253639818169,0.0053443365254992
Rat_education_Patty,chronos_t5_small,28,0.0431202437623206,0.0799195023503885,4.149557217860536,0.0290200325315616
Rat_education_Paula,chronos_t5_small,28,0.0765005248486187,0.1045140897069022,7.913729152583899,0.059167073694625
Rat_education_Renee,chronos_t5_small,28,0.1236020779949442,0.1623267960405988,12.570114855801096,0.0920311968056278
Rat_education_Robyn,chronos_t5_small,28,0.0484831399870479,0.0875642236664956,4.779167045015945,0.0349153343987714
Rat_education_Rogelio,chronos_t5_small,28,0.0992128586407581,0.1420121807438674,9.340575235282657,0.0744005356371678
Rat_education_Rosalyn,chronos_t5_small,28,0.0826176718980067,0.1129178539968696,8.425777407478774,0.0627970084689235
Rat_education_Royal,chronos_t5_small,28,0.0499820778079694,0.1045640033669259,4.762875129924219,0.0350862754956638
Rat_education_Salvatore,chronos_t5_small,28,0.0770537123345179,0.1000375710080512,7.614927581607674,0.0559744570910173
Rat_education_Shellie,chronos_t5_small,28,0.0524615678271836,0.110018367091996,5.409899406194826,0.0386652277047743
Rat_education_Sherwood,chronos_t5_small,28,0.0797423182682834,0.1409313049321396,8.071567038131123,0.0650467080296431
Rat_education_Sina,chronos_t5_small,28,0.0638287415903461,0.0835550953836345,6.356613939467751,0.0465451585064601
Rat_education_Stuart,chronos_t5_small,28,0.1132986861343884,0.1473908245154464,11.623413157028088,0.0859639451023
Rat_education_Tania,chronos_t5_small,28,0.1457951667494706,0.2518977095293641,34.340089573321066,0.1116398515253884
Rat_education_Terese,chronos_t5_small,28,0.0647187432075018,0.1123794666671776,6.43220029071122,0.0461410929528033
Rat_education_Theo,chronos_t5_small,28,0.0906503476197591,0.1836088102256304,17.435639806172016,0.0808273136869594
Rat_education_Tim,chronos_t5_small,28,0.0552873572694193,0.115307810312864,5.208363613743423,0.0419603588190465
Rat_education_Tristan,chronos_t5_small,28,0.002932501839591,0.002932501839591,0.2932501839591081,0.0029608948029911
Rat_education_Ulrike,chronos_t5_small,28,0.0703395170403978,0.0928848233965152,7.0623106438325385,0.0521539784782281
Rat_education_Verna,chronos_t5_small,28,0.064796122166287,0.1071146071368504,6.393050846254485,0.0479653177108
Rat_education_Vicky,chronos_t5_small,28,0.106329015150447,0.1843308377314931,18.101456675343865,0.0793625532038889
Rat_education_Willie,chronos_t5_small,28,0.0664749445253967,0.1106546305711959,6.63412973872946,0.0497799405998351
Rat_education_Willy,chronos_t5_small,28,0.002932556300324,0.002932556300324,0.2932556300324015,0.0029877598322684
Rat_education_Wilmer,chronos_t5_small,28,0.0949245920458369,0.1362547686949039,9.6213910027232,0.0736653031256715
Rat_education_Winnie,chronos_t5_small,28,0.1010992143195489,0.1476513171827638,9.559632138619662,0.0747995878084682
Rat_education_Yu,chronos_t5_small,28,0.0898144608516125,0.1130331495100053,9.003794910097955,0.0656301204834102
Rat_education_Zina,chronos_t5_small,28,0.0892888275983398,0.1808843482327424,9.281612404178636,0.0621248147110686
Rat_education_Zoe,chronos_t5_small,28,0.0957082182197932,0.1471352431369087,9.695756275574158,0.073514244984765
Rat_health_Gaye,chronos_t5_small,28,0.0933194518228323,0.1390711511553182,9.606655012066756,0.0731363137135542
Rat_health_Guy,chronos_t5_small,28,0.0304067777482586,0.0529622654603211,16.9306834681434,0.0224664960424267
Rat_health_Mildred,chronos_t5_small,28,0.1482113646798757,0.211827350478174,15.130124529084602,0.1173043464422262
Rat_health_Rosaria,chronos_t5_small,28,0.088696978455916,0.1357203604788991,9.010268746002694,0.0690375614791429
Rat_health_Shane,chronos_t5_small,28,0.0635406419045754,0.113349371432198,7.1092071113297335,0.0491180833760068
Rat_health_Tanya,chronos_t5_small,28,0.0763638534069078,0.0977392890757829,7.504642530708161,0.0557392533136237
Rat_lodging_Ardell,chronos_t5_small,28,0.087276849896303,0.1142081424612312,8.5835777758622,0.0630635492402107
Rat_lodging_Ben,chronos_t5_small,28,0.0375294685021051,0.0525096013294771,3.619350330344513,0.0277752511042371
Rat_lodging_Christine,chronos_t5_small,28,0.0954324804897603,0.1370532344190208,9.29516467875979,0.0692281496944416
Rat_lodging_Dwight,chronos_t5_small,28,0.1951732758328495,0.2495169826646018,20.68595502030818,0.1443267732851946
Rat_lodging_Jeannette,chronos_t5_small,28,0.1471372917535632,0.1938565400261262,15.536065330637202,0.1106500905918347
Rat_lodging_Lorenzo,chronos_t5_small,28,0.3285651502339449,0.4858723714227246,115.83413938057603,0.2419865225020954
Rat_lodging_Marguerite,chronos_t5_small,28,0.1420965972305543,0.1976326447043438,15.377671736331008,0.1126158595969055
Rat_lodging_Marion,chronos_t5_small,28,0.1329948762938146,0.1682830678362589,13.559660882139898,0.098080752955159
Rat_lodging_Ted,chronos_t5_small,28,0.2728365192811785,0.4234631737347558,44.64928490212873,0.216809228782236
Rat_office_Adele,chronos_t5_small,28,0.1063097031538524,0.2268960455296274,12.544277933574415,0.1050382213685451
Rat_office_Annis,chronos_t5_small,28,0.0576294393240153,0.0797888718368276,5.577708580169135,0.041025171650501
Rat_office_Arron,chronos_t5_small,28,0.0460241913577631,0.0717734660362426,4.62484372214936,0.0360005939767857
Rat_office_Avis,chronos_t5_small,28,0.1584850213201414,0.337666301882835,345.1671010676249,203133900.55722836
Rat_office_Chris,chronos_t5_small,28,0.0331461460090933,0.0656134431092213,3.209435214643846,0.0255735330205273
Rat_office_Colby,chronos_t5_small,28,0.0763915729334136,0.2005408716365831,61.05163221952903,0.0709101114284395
Rat_office_Craig,chronos_t5_small,28,0.0293452282654103,0.0405690835894714,2.963976314623745,0.0215527718622122
Rat_office_Jacinta,chronos_t5_small,28,0.0467249149482855,0.0878546001885322,4.463978870339923,0.0356867777146684
Rat_office_Jamal,chronos_t5_small,28,0.0506686507759256,0.0843139786759899,4.489442744924338,0.0413046867552234
Rat_office_Jeannie,chronos_t5_small,28,0.1457789136795914,0.2530466396160998,14.463227619364632,0.1132861112783166
Rat_office_Jessica,chronos_t5_small,28,0.0490020611720175,0.088542178702736,5.632404775119403,0.0374680752353195
Rat_office_Jill,chronos_t5_small,28,0.3983243045574172,0.712488390797982,65.72080395926636,0.5325349750002887
Rat_office_Kasey,chronos_t5_small,28,0.1315633417289849,0.1798822361608671,13.260180477426612,0.095747080241879
Rat_office_Lora,chronos_t5_small,28,0.0854498710315175,0.1277790108434872,7.653601154643343,0.063495639419567
Rat_office_Loyd,chronos_t5_small,28,0.0821254772853801,0.1648936651251707,7.9335704315355,0.0673818526830322
Rat_office_Mei,chronos_t5_small,28,0.1028787313079872,0.1389702601589186,10.358683751444987,0.075415476013132
Rat_office_Olivia,chronos_t5_small,28,0.1003046928339338,0.1796079357283925,11.087895807593751,0.0846338678155556
Rat_office_Ramiro,chronos_t5_small,28,0.0075938177430699,0.0114392318033419,0.7604532238449676,0.0056444877301655
Rat_office_Randy,chronos_t5_small,28,0.0438821072735309,0.0981688092924835,4.863776234749789,0.0396450358015811
Rat_office_Ronald,chronos_t5_small,28,0.0849464170654819,0.1128720361461113,8.668743788694478,0.0640084555423037
Rat_office_Rosemary,chronos_t5_small,28,0.0863550587152811,0.1383417794541085,9.720078895718231,0.07213036373009
Rat_office_Sammy,chronos_t5_small,28,0.0915758259869889,0.1241193069188777,8.825735423573862,0.0705149323230172
Rat_office_Tracy,chronos_t5_small,28,0.0627190159679746,0.0882778156386445,6.143495439916389,0.0469836249588213
Rat_other_Al,chronos_t5_small,28,0.0826281137574853,0.126257466811933,8.195717826869844,0.0600314448295882
Rat_other_Daphne,chronos_t5_small,28,0.2193770405413344,0.3152901090216333,22.474812902213973,0.1846310815897035
Rat_other_Hazel,chronos_t5_small,28,0.0217288075085739,0.0294693470573341,2.154216846367943,0.0152536136176664
Rat_other_Lan,chronos_t5_small,28,0.0524393741954501,0.0895258843489004,21.03655009883003,0.039793262954778
Rat_parking_Ronnie,chronos_t5_small,28,0.2494976247607712,0.3413997438832209,27.474510502479355,0.2010840561413656
Rat_public_Alanna,chronos_t5_small,28,0.1033020476487735,0.2525732919216041,10.95526549166636,0.0996575574229029
Rat_public_Allie,chronos_t5_small,28,0.0763520966913632,0.1478618233476495,8.421454961240729,0.0637589496323456
Rat_public_Allyson,chronos_t5_small,28,0.1251846672806986,0.1793642249426265,11.456791301374714,0.093675437424654
Rat_public_Amber,chronos_t5_small,28,0.1357985489274337,0.2557424492253151,13.051951177253748,0.1027882595066073
Rat_public_Angelina,chronos_t5_small,28,0.0687699304215832,0.0915500788229908,6.730522624801045,0.0506675272557856
Rat_public_Angle,chronos_t5_small,28,0.0466836570140533,0.0734188559989392,4.535214285079608,0.0344802384868409
Rat_public_Becky,chronos_t5_small,28,0.0770025013022417,0.0971130533063227,7.830382039538641,0.0556770208020726
Rat_public_Berry,chronos_t5_small,28,0.0320640172282251,0.0429425959968829,3.173147639625792,0.0229866123696577
Rat_public_Bronwyn,chronos_t5_small,28,0.043849886912513,0.065765172814257,4.318185753286649,0.0325301876773612
Rat_public_Carole,chronos_t5_small,28,0.084517787816277,0.1085664708722608,8.563496832836453,0.0614385392754474
Rat_public_Caroline,chronos_t5_small,28,0.0242546619352349,0.0475420250895626,3.087971320815177,0.0187540414365458
Rat_public_Chrissy,chronos_t5_small,28,0.1004236808024122,0.1527112268979732,9.93594698688416,0.0758524839415762
Rat_public_Clyde,chronos_t5_small,28,0.1464436543587721,0.1920936191358487,14.49846563095464,0.1093538273006554
Rat_public_Corinne,chronos_t5_small,28,0.0631365708563286,0.0794850457906218,6.298731502712267,0.044101339497659
Rat_public_Courtney,chronos_t5_small,28,0.0614604602392273,0.1448219267922015,6.61691939756375,0.0503188665123953
Rat_public_Dalia,chronos_t5_small,28,0.0269866016189365,0.0369315862372721,2.678142361527312,0.0197342192727598
Rat_public_Damon,chronos_t5_small,28,0.0833521507603162,0.1053815180954568,8.414136032567294,0.0604695679017876
Rat_public_Deidre,chronos_t5_small,28,0.1096614902477302,0.1372433969696363,11.049934340878837,0.0791369634904586
Rat_public_Desiree,chronos_t5_small,28,0.0938579380050932,0.1261986597785558,9.37435014975692,0.0708251865021474
Rat_public_Dexter,chronos_t5_small,28,0.0982492301699023,0.1289657356992799,9.693478197826453,0.0717517901044874
Rat_public_Duane,chronos_t5_small,28,0.1968280076719448,0.351849095672437,36.52217020720784,0.1796084505079475
Rat_public_Elmira,chronos_t5_small,28,0.0820411398194708,0.1044401984124365,8.196025933158078,0.0600576218258121
Rat_public_Emilee,chronos_t5_small,28,0.1317889171962691,0.2114868582000908,12.479578749144297,0.09563117157201
Rat_public_Faye,chronos_t5_small,28,0.1102254968889234,0.142986919268169,10.930259478486336,0.0804722133785164
Rat_public_Fern,chronos_t5_small,28,0.0379929135197262,0.0478846733785897,3.774591273571647,0.0273138481492265
Rat_public_Frank,chronos_t5_small,28,0.1203933872648714,0.2469973317024097,15.03777794409186,0.1112632401044399
Rat_public_Frederick,chronos_t5_small,28,0.0440961354151005,0.0556212340233912,4.4107727007709485,0.0315522426835176
Rat_public_Fredrick,chronos_t5_small,28,0.1503771028923991,0.2456204877081576,14.194703742623387,0.110867366957552
Rat_public_Grover,chronos_t5_small,28,0.048259795886554,0.0607102501944588,4.889068507838249,0.0350353354734838
Rat_public_Helena,chronos_t5_small,28,0.1570942585893158,0.2065420134240076,16.67591791226944,0.1279868296491119
Rat_public_Hortencia,chronos_t5_small,28,0.073743455409412,0.1357085608116677,7.90045367514317,0.0551802958845479
Rat_public_Isabel,chronos_t5_small,28,0.0564024221175993,0.1042106717121336,5.98319486590605,0.0449842813332088
Rat_public_Jason,chronos_t5_small,28,0.0790838578095491,0.1394967427441932,7.2168767375474525,0.0571803948136859
Rat_public_Joann,chronos_t5_small,28,0.0659428270782025,0.1344634015287255,6.6156300941156685,0.0492624700980813
Rat_public_Johnna,chronos_t5_small,28,0.0029324306530898,0.0029324306530898,0.2932430653089861,0.002941759480629
Rat_public_Johnny,chronos_t5_small,28,0.07446877980716,0.0974121332094431,7.4626489286180275,0.0552181739369131
Rat_public_Josiah,chronos_t5_small,28,0.0549297921862414,0.0780677353676394,5.317032294257044,0.0399145852677949
Rat_public_Julieann,chronos_t5_small,28,0.0313721926982098,0.0987968748688367,3.5906694487870503,0.0262867001155459
Rat_public_Kathleen,chronos_t5_small,28,0.0835057401476619,0.1149182805496282,8.93594445262881,0.0634511560076515
Rat_public_Kelle,chronos_t5_small,28,0.1083246174323959,0.1367169797999721,10.768878106420258,0.0782508804920918
Rat_public_Kelly,chronos_t5_small,28,0.0675714732281609,0.0879372196106027,6.861955802888066,0.0494128404688985
Rat_public_Kermit,chronos_t5_small,28,0.1294132589455184,0.2059680347225627,13.06126980566261,0.1031414042644346
Rat_public_Kimber,chronos_t5_small,28,0.1842153429289197,0.2824417991115677,32.51451617055938,0.1499788553683657
Rat_public_Laura,chronos_t5_small,28,0.0479529188097593,0.0637601099920982,4.805732003532757,0.0356018329978521
Rat_public_Laurie,chronos_t5_small,28,0.0478881230237467,0.0650382684554034,4.783921623450231,0.0343832541636356
Rat_public_Laverne,chronos_t5_small,28,0.0961955115938295,0.1216843080936954,9.95686434290011,0.0699300639973571
Rat_public_Lea,chronos_t5_small,28,0.0174673766729703,0.0585412626395141,1.6666658683406044,0.0139934551837934
Rat_public_Leo,chronos_t5_small,28,0.0958813767724346,0.1268907520298058,9.41994559748361,0.070042920328065
Rat_public_Leta,chronos_t5_small,28,0.0870916035269191,0.1128902247434961,8.625074833557015,0.0635744952701425
Rat_public_Lloyd,chronos_t5_small,28,0.0438557816209429,0.0693610276018194,4.234927907784615,0.0302807182396484
Rat_public_Loretta,chronos_t5_small,28,0.0320581750558368,0.0469958354854093,3.1242164466055606,0.0232352029546151
Rat_public_Lynda,chronos_t5_small,28,0.0993144601706144,0.1276740624477559,9.757198321820855,0.0718887076303199
Rat_public_Mabel,chronos_t5_small,28,0.0439200310945871,0.0571806617008139,4.3321557482123945,0.0312969202295545
Rat_public_Marcellus,chronos_t5_small,28,0.1047497453089394,0.1702057843024502,10.037024605508003,0.0779511961275602
Rat_public_Margart,chronos_t5_small,28,0.0840473638186444,0.1393601137777282,7.97720216537167,0.060272731762192
Rat_public_Mark,chronos_t5_small,28,0.1014667448641874,0.1409773999039292,11.515238725907158,0.0741809466458425
Rat_public_Michael,chronos_t5_small,28,0.0828383177960908,0.1545101207746396,8.891836772480891,0.0648478514075998
Rat_public_Michelle,chronos_t5_small,28,0.1115128525890956,0.3308230174742642,12.07316368982693,0.1026593508073437
Rat_public_Muriel,chronos_t5_small,28,0.0985090326918576,0.1810595898682441,10.548997112683546,0.083352647832726
Rat_public_Nancy,chronos_t5_small,28,0.1014146644285975,0.1281747589728759,10.44423739763406,0.0747724535075095
Rat_public_Neil,chronos_t5_small,28,0.0481015458750262,0.1005337088915945,4.228435097046566,0.0374477228809192
Rat_public_Nell,chronos_t5_small,28,0.0256818455950298,0.037004573933663,2.5573305051663544,0.0191338284899278
Rat_public_Nelson,chronos_t5_small,28,0.0844484705577657,0.1115232198820858,8.771691167003985,0.0639361864991945
Rat_public_Norene,chronos_t5_small,28,0.0762806814802315,0.1553972504683721,7.823509105081203,0.0559826501896658
Rat_public_Ramon,chronos_t5_small,28,0.1209245138508964,0.1714290095427746,11.534944750655958,0.0835264113232931
Rat_public_Ramona,chronos_t5_small,28,0.1371346408003173,0.198354681300388,13.06876258247113,0.1013518096637674
Rat_public_Roberta,chronos_t5_small,28,0.0743659650178658,0.0939412954752919,7.384918272643996,0.0535141063545173
Rat_public_Roma,chronos_t5_small,28,0.2184902818543619,0.339892896745491,18.7087782137744,0.1671622454932041
Rat_public_Sade,chronos_t5_small,28,0.0627816660066988,0.0795896419282061,6.37081909392024,0.0460545505973013
Rat_public_Sana,chronos_t5_small,28,,,139698.38619232175,329680.51054229384
Rat_public_Sean,chronos_t5_small,28,0.0869071362778152,0.1138699451494239,8.951901494338957,0.0642928084743234
Rat_public_Shanta,chronos_t5_small,28,0.0798883208805808,0.1070690859970765,7.937921265941752,0.0592977568432374
Rat_public_Sharonda,chronos_t5_small,28,0.0683430229807751,0.1183761466921132,7.328455340562773,0.0493701470375778
Rat_public_Sharron,chronos_t5_small,28,0.0353612821346328,0.0501024854146695,3.59496915068128,0.0263603252762089
Rat_public_Stacey,chronos_t5_small,28,0.1125914922276171,0.1590454345185115,10.7981018419742,0.0795827749162816
Rat_public_Stella,chronos_t5_small,28,0.0397729861850435,0.0582002006880223,3.9374626769803793,0.0307135858103392
Rat_public_Sue,chronos_t5_small,28,0.0712888412327318,0.1567645922918182,7.932716341306432,0.0613178129502948
Rat_public_Tammara,chronos_t5_small,28,0.085687073207147,0.1511274900145178,8.662880761878533,0.0689239145958668
Rat_public_Tamra,chronos_t5_small,28,0.0761739892841854,0.1002092852404244,7.499090931799414,0.056203744250938
Rat_public_Tommy,chronos_t5_small,28,0.0609555238094448,0.0761819781410712,6.177971101658824,0.0435235376450609
Rat_public_Toya,chronos_t5_small,28,0.1624968410702491,0.2576558332689962,17.56586104904162,0.1421494857089215
Rat_public_Tricia,chronos_t5_small,28,0.1599494732580531,0.2206692283156501,17.523660387610963,0.1256082709604368
Rat_public_Vickie,chronos_t5_small,28,0.0844080449826824,0.1313096821958346,8.567173712306571,0.0646226275076564
Rat_public_Wilbur,chronos_t5_small,28,0.0430335087051002,0.0564644426195903,4.30438970551333,0.0309489518052185
Rat_public_Wilma,chronos_t5_small,28,0.0621305819191105,0.1012862744448307,6.345535787867669,0.0463990184905981
Rat_public_Yessenia,chronos_t5_small,28,0.1009312199812376,0.1632220469687191,9.583817578786864,0.0778572964844147
Rat_religion_Kathy,chronos_t5_small,28,0.3281160102962198,0.454129011635446,34.4244515884603,0.2624801263218071
Rat_retail_Jeffrey,chronos_t5_small,28,0.0690965518724996,0.1017626905308674,6.678342296278314,0.0526488864000506
Rat_warehouse_Breanna,chronos_t5_small,28,0.0465144548987197,0.0905578156380815,5.450455190303377,0.0402671738012738
Rat_warehouse_Doretta,chronos_t5_small,28,0.0488393464121415,0.0716934009410336,4.769808667925567,0.0355938751622198
Rat_warehouse_Eloisa,chronos_t5_small,28,0.1673761409398562,0.2342574953560233,18.49691014411608,0.1348599697197243
Rat_warehouse_Maegan,chronos_t5_small,28,0.1168414712190169,0.1829585845840743,12.118174727726585,0.0927907486674478
Rat_warehouse_Shari,chronos_t5_small,28,0.0981784877974017,0.1431759812288237,10.948904458824885,0.0703914109576823
Robin_assembly_Colleen,chronos_t5_small,28,0.0875966155164335,0.172135853847978,9.614444968654595,0.0754490723913472
Robin_education_Audrea,chronos_t5_small,28,0.0391410892374375,0.0676626057902896,4.185795014444634,0.0311049525945529
Robin_education_Billi,chronos_t5_small,28,0.1038363086044159,0.1389705132051782,12.7097084041281,0.0909954637645535
Robin_education_Cecilia,chronos_t5_small,28,0.1127606457638312,0.2375831402782713,11.285999090645122,0.0897188684108487
Robin_education_Della,chronos_t5_small,28,0.1709108371743755,0.2931777486756864,58.04530844361132,0.1627081858979197
Robin_education_Derick,chronos_t5_small,28,0.050213563698862,0.0751617924444395,5.008406534481527,0.0372142603215937
Robin_education_Derrick,chronos_t5_small,28,0.0469303622791342,0.0876477086643436,4.759851309342129,0.0380463073036269
Robin_education_Jasper,chronos_t5_small,28,0.0291213509477261,0.0433810495457479,2.873726834555951,0.0215842584510682
Robin_education_Julius,chronos_t5_small,28,0.0439093238277285,0.0584432908971051,4.563322819968597,0.0348705438365445
Robin_education_Karyl,chronos_t5_small,28,0.0836535727376854,0.1383590947711685,9.49662086798656,0.0762070451938737
Robin_education_Kiera,chronos_t5_small,28,0.1172532431937061,0.2165828004865536,12.386126668302811,0.1008144401445809
Robin_education_Kristopher,chronos_t5_small,28,0.0423287861034524,0.0654640527585217,4.1872371348818085,0.0330052335089875
Robin_education_Lashandra,chronos_t5_small,28,0.0822806656676925,0.1371833432762274,8.847824571644919,0.0637447477499225
Robin_education_Leslie,chronos_t5_small,28,0.0516993089613935,0.0906901006115752,5.328239454165998,0.0398763764542716
Robin_education_Lizbeth,chronos_t5_small,28,0.0555056096300979,0.1020294172245056,5.920115284566853,0.0461828645306377
Robin_education_Madeline,chronos_t5_small,28,0.0317517861842888,0.0561042258891556,3.1828617486062525,0.0252322622364442
Robin_education_Margarito,chronos_t5_small,28,0.0217385691956004,0.0331353436122052,2.2133935177184223,0.0172978369127938
Robin_education_Megan,chronos_t5_small,28,0.0476760176303941,0.077193462390282,4.920483081690859,0.0382119756545199
Robin_education_Mercedes,chronos_t5_small,28,0.0592219615673497,0.0966303516830974,6.321591484032261,0.0474661080927524
Robin_education_So,chronos_t5_small,28,0.0231244795861413,0.0335622767221355,2.3518260992355176,0.0171568428603947
Robin_education_Takako,chronos_t5_small,28,0.0781409787028451,0.1188757495224793,7.4663814926770415,0.059618634874881
Robin_education_Terrance,chronos_t5_small,28,0.0517409555460093,0.0730951524066272,5.287921796681825,0.0394044625564937
Robin_education_Zenia,chronos_t5_small,28,0.0324439020375082,0.0485182774033604,3.212929533999296,0.0239377105732542
Robin_lodging_Armand,chronos_t5_small,28,0.043374121132371,0.0659945968066485,4.166072962607139,0.0311647765366979
Robin_lodging_Celia,chronos_t5_small,28,0.0672903750039562,0.1084756436635763,6.677817652087708,0.0503848128093503
Robin_lodging_Donna,chronos_t5_small,28,0.0784622550105586,0.1380778359615455,8.23670066313457,0.0646512428518375
Robin_lodging_Dorthy,chronos_t5_small,28,0.0681246205633146,0.0984868103436144,6.365111885294772,0.0492073415961205
Robin_lodging_Elmer,chronos_t5_small,28,0.0653043278503273,0.0979125561426365,6.55891777246731,0.0490145037235785
Robin_lodging_Janie,chronos_t5_small,28,0.0759675358625952,0.0948088465496818,7.704874139547869,0.0556917505874191
Robin_lodging_Oliva,chronos_t5_small,28,0.0752190772725375,0.1041460208037235,7.544471297219521,0.0558903926759816
Robin_lodging_Phillip,chronos_t5_small,28,0.068773229205645,0.1252164608164887,7.093086833571877,0.0553633625581409
Robin_lodging_Pricilla,chronos_t5_small,28,0.0724162295596061,0.0995831696171875,7.221474915862562,0.0528526802517397
Robin_lodging_Renea,chronos_t5_small,28,0.0636544070056306,0.0882347533832533,6.881436377537449,0.0494598275973453
Robin_office_Addie,chronos_t5_small,28,0.1381235439478116,0.2147330655028114,16.769642012097584,0.1097209003179795
Robin_office_Adolph,chronos_t5_small,28,0.1021325101548837,0.1684156888765887,10.474865087940383,0.0806183667330611
Robin_office_Antonina,chronos_t5_small,28,0.030286916066801,0.0511267007601484,3.091047652228519,0.022232107886624
Robin_office_Dina,chronos_t5_small,28,0.0754634005769843,0.1440713933381348,7.478649124888928,0.0598529141226111
Robin_office_Donald,chronos_t5_small,28,0.0940637216733367,0.1536827410840421,10.281385815046292,0.0783061954295597
Robin_office_Gayle,chronos_t5_small,28,0.1337021260612964,0.2548939786991686,13.841686022438898,0.1038301431459817
Robin_office_Lindsay,chronos_t5_small,28,0.0719119210601917,0.1263479801812892,7.213283667226325,0.0557382409009208
Robin_office_Maryann,chronos_t5_small,28,0.0500701443288221,0.0759105354691848,5.169971136220056,0.0382705123048503
Robin_office_Sammie,chronos_t5_small,28,0.0845502413333909,0.1101653387406382,8.721356820722677,0.061849935123273
Robin_office_Saul,chronos_t5_small,28,0.0677675519148707,0.1082299140039925,6.554962643391432,0.0499982862348404
Robin_office_Serena,chronos_t5_small,28,0.0835292613747114,0.1325005046792804,9.82541826461842,0.0781781876933959
Robin_office_Shirlene,chronos_t5_small,28,0.0883883105730756,0.1680160843632803,8.907648216153685,0.0713213581080719
Robin_office_Soledad,chronos_t5_small,28,0.1386367186599269,0.2712226526291905,12.758009997942896,0.1072122954090295
Robin_office_Victor,chronos_t5_small,28,0.1137482337823491,0.2200348516137201,11.213409714645431,0.0845396167805919
Robin_office_Wai,chronos_t5_small,28,0.0495082840336829,0.1754872626383756,5.380003327900548,0.0468152051319071
Robin_office_Zelma,chronos_t5_small,28,0.0516934593750638,0.0743919187321981,5.731693110848862,0.0419464762720122
Robin_public_Cami,chronos_t5_small,28,0.0954455089480153,0.1647861453054678,11.008741394409032,0.0796525295150388
Robin_public_Carolina,chronos_t5_small,28,0.0679118759283287,0.1158302323578504,7.520767177012925,0.0554783483636505
Swan_unknown_Allison,chronos_t5_small,28,0.0561119069536334,0.0989840778883913,5.095592949973286,0.0403954820474988
Swan_unknown_Andres,chronos_t5_small,28,0.0925560074114072,0.2306739298145488,169.7801657303172,649743226.6516619
Swan_unknown_Bette,chronos_t5_small,28,0.0556833516629368,0.0854801910317769,5.698497343694566,0.0447503442938261
Swan_unknown_Christoper,chronos_t5_small,28,0.0616959468675708,0.0929738720201074,6.078923481800256,0.0469732524172445
Swan_unknown_Douglas,chronos_t5_small,28,0.0253326510784499,0.039651335389175,2.552787465066764,0.0200028098483641
Swan_unknown_Esteban,chronos_t5_small,28,0.0312197754140528,0.0634733154994269,3.2403527990953807,0.0247656070311209
Swan_unknown_Fabian,chronos_t5_small,28,0.0879647855429774,0.129857857797929,8.574871390106658,0.0628456430376555
Swan_unknown_Ike,chronos_t5_small,28,0.1225195899783527,0.2598578545818104,14.306943489107365,0.10389741385457
Swan_unknown_Isaiah,chronos_t5_small,28,0.0940916435550457,0.1597734775309589,12.07444667136323,0.0867139949637428
Swan_unknown_Jan,chronos_t5_small,28,0.0204488561709419,0.0381036381026008,2.077039529051693,0.016208946207042
Swan_unknown_Jerold,chronos_t5_small,28,0.0192982746695138,0.0292570224654291,1.9470713065501029,0.0148096787393096
Swan_unknown_Noelia,chronos_t5_small,28,0.101445879484921,0.1521191778075633,10.393961842541048,0.0765194715235656
Swan_unknown_Raquel,chronos_t5_small,28,0.0362304853292957,0.0613024856183807,3.645172675550327,0.0263328846771766
Swan_unknown_Reyna,chronos_t5_small,28,0.0853905784315351,0.1932211812249895,10.652442145282778,0.0832933728288115
Swan_unknown_Rocco,chronos_t5_small,28,0.0088658652181563,0.0200502972581544,0.9324684535215542,0.0068019864734827
Swan_unknown_Rudy,chronos_t5_small,28,0.0118509573362942,0.0180427223905708,1.19930882207973,0.0088357689530435
Swan_unknown_Tom,chronos_t5_small,28,0.1074797929782451,0.2607887841551823,13.952819455350618,0.0919511964903853
Swan_unknown_Valeria,chronos_t5_small,28,0.031608793874749,0.0472168521169438,3.139536680860554,0.0236883739298967
Swan_unknown_Wendy,chronos_t5_small,28,0.0503436648467374,0.076049088017685,5.564823646940095,0.0389840002282124
Wolf_assembly_Elaine,chronos_t5_small,28,0.2780385914734084,0.6362602761947097,22.16584856457314,0.1995351812455101
Wolf_assembly_Sallie,chronos_t5_small,28,0.1053769957555227,0.1970288612342506,12.476258083389324,0.0971515961127718
Wolf_education_Anisa,chronos_t5_small,28,0.3319844746464122,0.5894656253643686,30.199978831091517,0.2689540826865725
Wolf_education_Arnulfo,chronos_t5_small,28,0.2162200347245875,0.3916332639253981,23.38711356947764,0.1865104415980401
Wolf_education_Bobby,chronos_t5_small,28,0.2115584309692736,0.3760736696035268,20.031642119212474,0.1628161250089085
Wolf_education_Cheryl,chronos_t5_small,28,0.1960597932828227,0.3618810790257458,20.67454364754297,0.1642923622784067
Wolf_education_Clarissa,chronos_t5_small,28,0.1040881458427214,0.1853524610021509,10.26207480256724,0.0865184726857645
Wolf_education_Cody,chronos_t5_small,28,0.586960802077542,1.1436110631390686,60.70049658408263,0.4421956881875248
Wolf_education_Dolores,chronos_t5_small,28,0.2515584574875564,0.4642408227232257,24.71952406582561,0.2053507005604645
Wolf_education_Dorris,chronos_t5_small,28,0.0682790198616512,0.1247605606110654,6.462017092186015,0.0550510167062769
Wolf_education_Eulalia,chronos_t5_small,28,0.2723744994766184,0.5016963334219348,29.88128985596462,0.2424662871703522
Wolf_education_Joaquin,chronos_t5_small,28,0.0532305592314768,0.0765050938242474,5.1325983915579,0.0385088532346784
Wolf_education_Josefa,chronos_t5_small,28,0.2491585977219746,0.4783937148416113,28.275980569487707,0.2325840068590189
Wolf_education_Katie,chronos_t5_small,28,0.1705805485792164,0.3007027360292415,18.36831870949016,0.1518073043509271
Wolf_education_Laurinda,chronos_t5_small,28,0.1870797745743696,0.3515279800758316,19.407757344058098,0.169531187022454
Wolf_education_Loren,chronos_t5_small,28,0.1320763272641184,0.2466947249031851,13.522881236549944,0.1058969188166549
Wolf_education_Miguel,chronos_t5_small,28,0.2067407125839699,0.4381081805828868,19.19384477921068,0.167845831778978
Wolf_education_Roderick,chronos_t5_small,28,0.3090088022510745,0.5343773480049012,127.63915709751812,0.2161827474974053
Wolf_education_Tammie,chronos_t5_small,28,0.088765245820365,0.1658074061128804,7.987536349750735,0.0677944282654051
Wolf_education_Tori,chronos_t5_small,28,0.1162785695379481,0.2044264159586488,11.844457738754006,0.0983586097092771
Wolf_education_Ursula,chronos_t5_small,28,0.1712926470027764,0.2826293688739493,16.73110952187437,0.1446161642877181
Wolf_education_Vivian,chronos_t5_small,28,0.2537572726061414,0.4181932996306937,29.96668646531334,0.2320254204000723
Wolf_office_Bobbie,chronos_t5_small,28,0.1751897386236843,0.3315798622804486,19.51476512399493,0.1536937122301109
Wolf_office_Cary,chronos_t5_small,28,0.0999730882626742,0.1893554037131382,9.786224573700036,0.0810306389808726
Wolf_office_Darleen,chronos_t5_small,28,0.1459640547975692,0.2954543127931519,14.89785698401158,0.1302087905597903
Wolf_office_Elisabeth,chronos_t5_small,28,0.0488979376265842,0.0718737850343329,4.771380071655453,0.0360162369785667
Wolf_office_Emanuel,chronos_t5_small,28,0.2400274385918916,0.4524498494045671,24.717123061572423,0.1790590964109003
Wolf_office_Haydee,chronos_t5_small,28,0.3220606947835336,0.5700179650374552,34.74499648417498,0.2726139397436064
Wolf_office_Joana,chronos_t5_small,28,0.1516442653482695,0.2575158974850948,18.831387999296787,0.1183614588202885
Wolf_office_Nadia,chronos_t5_small,28,0.114520605104042,0.2028659797959537,10.928674211128362,0.0989128187981245
Wolf_office_Rochelle,chronos_t5_small,28,0.2840042358384337,0.493916456151729,363.93471918195735,0.3067978642755299
Wolf_public_Norma,chronos_t5_small,28,0.2235567697441047,0.4134128307331854,22.62808002866381,0.1855736046989267
Wolf_retail_Harriett,chronos_t5_small,28,0.2905402004404727,0.4509775748933368,470.495386329637,0.2103863395076126
Wolf_retail_Marcella,chronos_t5_small,28,0.1832729261898703,0.3180020437929989,18.911842575781726,0.1509295952161342
Wolf_retail_Toshia,chronos_t5_small,28,0.2656476665425638,0.546617348158538,28.65806169155764,0.2501731220358543
Wolf_science_Alfreda,chronos_t5_small,28,0.064580892701186,0.1053226070338181,6.373305315461233,0.0505332509100342
