building_id,model,n_origins,nmae,nrmse,mape,ncrps
Bear_assembly_Angel,chronos_bolt_small,28,0.1394163024969093,0.2149177773145262,13.953132542471105,0.1156910280764158
Bear_assembly_Beatrice,chronos_bolt_small,28,0.1716546616926249,0.2445108648517637,33.92132534371479,0.157841476438573
Bear_assembly_Danial,chronos_bolt_small,28,0.0624633391385704,0.0821354698579944,6.335322538963191,0.0486446308913659
Bear_assembly_Genia,chronos_bolt_small,28,0.1353073712662281,0.2220648306732338,13.090473281462948,0.10250683827299
Bear_assembly_Harry,chronos_bolt_small,28,0.248133010023456,0.4172158493803865,21.605646797751422,0.1812542886405747
Bear_assembly_Jose,chronos_bolt_small,28,0.0844732161328691,0.1225722777824818,8.38583263044568,0.0672018135519797
Bear_assembly_Roxy,chronos_bolt_small,28,0.3010360810370633,0.5453424356606723,28.789888795378666,0.2287861627962409
Bear_assembly_Ruby,chronos_bolt_small,28,0.0455039450337521,0.0623857603242841,4.431599275694053,0.0348289862915252
Bear_education_Alvaro,chronos_bolt_small,28,0.0428355621989737,0.0639991436950757,4.240105034959702,0.0328864751512958
Bear_education_Augusta,chronos_bolt_small,28,0.0567064179716542,0.1208902188427717,5.963979501760275,0.049774712454647
Bear_education_Austin,chronos_bolt_small,28,0.11002939156877,0.2370256620418625,10.352296048333692,0.0813179776414275
Bear_education_Babara,chronos_bolt_small,28,0.0540077043330561,0.0812127309348332,5.103283072942602,0.041358177866666
Bear_education_Benita,chronos_bolt_small,28,0.0292047671223282,0.0408580951404149,2.877617640990032,0.0231664026350889
Bear_education_Bob,chronos_bolt_small,28,0.0399549416200725,0.0515388338836343,4.2374547426688896,0.0327005766953874
Bear_education_Bulah,chronos_bolt_small,28,0.0465383203730481,0.0643504925290509,4.516124412670424,0.0353925319555047
Bear_education_Carlo,chronos_bolt_small,28,0.1661091735773142,0.2755316734668147,15.774239792231455,0.1236758310456953
Bear_education_Chad,chronos_bolt_small,28,0.0381792255212796,0.053366756936682,3.86765200865694,0.0303590788599031
Bear_education_Chana,chronos_bolt_small,28,0.0678802330097351,0.0994867861356048,6.477304177818432,0.0536121767064312
Bear_education_Chun,chronos_bolt_small,28,0.120013791334563,0.155060209682776,13.251129418736616,0.0966518648691558
Bear_education_Clint,chronos_bolt_small,28,0.0501406703795265,0.0764349938210859,4.785219070023621,0.0393699950125568
Bear_education_Curtis,chronos_bolt_small,28,0.0435526647148965,0.0720815495443834,4.028833058314596,0.0327810592903767
Bear_education_Danna,chronos_bolt_small,28,0.0671729696385374,0.0935411196422647,6.995657343652323,0.0544880561374065
Bear_education_Darrell,chronos_bolt_small,28,0.1242451651121786,0.2510965844184142,12.932801121818658,0.1226587275954459
Bear_education_Deena,chronos_bolt_small,28,0.1366309418526917,0.2043901283099154,13.748995931955374,0.112843734137663
Bear_education_Derek,chronos_bolt_small,28,0.0338885995003477,0.0445395598972101,3.322394392201818,0.0261900084258113
Bear_education_Destiny,chronos_bolt_small,28,0.1075354767051728,0.1500409693080752,10.862638062304956,0.0843774691898523
Bear_education_Elise,chronos_bolt_small,28,0.122235101625537,0.1666120977686216,13.187346982855846,0.1028467569602066
Bear_education_Fannie,chronos_bolt_small,28,0.0663215845796476,0.0938112104754783,6.635860830396154,0.0527866428529317
Bear_education_Gavin,chronos_bolt_small,28,0.029227154200299,0.0380064180354903,2.9209671542067137,0.0229128256433908
Bear_education_Herb,chronos_bolt_small,28,0.0967791201877834,0.1605660181330173,9.202134982996911,0.0742534050073865
Bear_education_Irene,chronos_bolt_small,28,0.1227624982154814,0.3211665507079594,9.24744428516084,0.0756900912320206
Bear_education_Iris,chronos_bolt_small,28,0.0560034175293443,0.0768657568785163,6.212914245018145,0.0476582381673916
Bear_education_Katy,chronos_bolt_small,28,0.0894983399445746,0.1339612315232717,8.426238160275581,0.0689632979056317
Bear_education_Lashanda,chronos_bolt_small,28,0.0873726609177537,0.1326827604504439,8.875114580474163,0.0669403361732674
Bear_education_Laurette,chronos_bolt_small,28,0.0271724863008662,0.0400176758532585,2.6112045360405767,0.021599047827533
Bear_education_Leonel,chronos_bolt_small,28,0.1591302534786423,0.2567054133947424,18.81563745501928,0.1229838907578834
Bear_education_Lewis,chronos_bolt_small,28,0.0662815137402587,0.1090798700270317,6.9129841151847895,0.0538013181750753
Bear_education_Lidia,chronos_bolt_small,28,0.1019609419337374,0.1574209557274031,10.139831394215909,0.0781960349099933
Bear_education_Lila,chronos_bolt_small,28,0.0327646701021371,0.0454736788650508,3.284545702485836,0.0258841114331204
Bear_education_Liliana,chronos_bolt_small,28,0.0466691135736,0.0818276096333778,4.577402403985302,0.0399360018030398
Bear_education_Lorie,chronos_bolt_small,28,0.0547023154437705,0.0801617822721717,5.1832477977555005,0.0416947041852771
Bear_education_Mara,chronos_bolt_small,28,0.0188875518198809,0.030620565753988,1.816305585046855,0.015150375141715
Bear_education_Marie,chronos_bolt_small,28,0.0550032904201558,0.076878122544973,5.497405203706837,0.0441973960592143
Bear_education_Marsha,chronos_bolt_small,28,0.0317643889501475,0.0446511959087024,3.057578198736669,0.0247638860862583
Bear_education_Marta,chronos_bolt_small,28,0.1145137762449419,0.1606781462984911,13.0068588367191,0.0961115686067168
Bear_education_Maryjane,chronos_bolt_small,28,0.0906362934101685,0.1257393782673487,9.642131166201851,0.0731923376674266
Bear_education_Merrill,chronos_bolt_small,28,0.138527012442695,0.239717545504347,12.42672578381588,0.106729059162755
Bear_education_Nanette,chronos_bolt_small,28,0.1410521472209222,0.2254308337345399,13.172521696028957,0.1071021201708386
Bear_education_Oscar,chronos_bolt_small,28,0.1260146053444197,0.1768919845012904,11.616754449398234,0.0951219532049805
Bear_education_Owen,chronos_bolt_small,28,0.0330145075351876,0.0495180083551455,3.178287546634434,0.0277219927330871
Bear_education_Paola,chronos_bolt_small,28,0.0902432421580065,0.1312775869155093,8.378457053915058,0.0694241290704102
Bear_education_Patricia,chronos_bolt_small,28,0.0234578360310876,0.0343555866910457,2.312332810940371,0.0184723151049192
Bear_education_Pattie,chronos_bolt_small,28,0.0470853795045956,0.0635895479210198,4.621816691212835,0.0365534038063218
Bear_education_Rebecca,chronos_bolt_small,28,0.0375786372805963,0.0535252227050909,3.635226203433465,0.0292426930408063
Bear_education_Sandy,chronos_bolt_small,28,0.078655142100411,0.1103425073255556,7.462160082259392,0.0616410416177218
Bear_education_Santos,chronos_bolt_small,28,0.2132219090388974,0.4367654053992131,23.394588813730294,0.1983531291858971
Bear_education_Sharon,chronos_bolt_small,28,0.0260163856936836,0.035244474299379,2.505208613864901,0.0202473518685752
Bear_education_Shelley,chronos_bolt_small,28,0.0456733298303688,0.0704969108067645,4.659393269967774,0.0370675780759397
Bear_education_Tara,chronos_bolt_small,28,0.136167964464712,0.2259207291855932,13.974651154066592,0.1158219172707513
Bear_education_Thuy,chronos_bolt_small,28,0.0783797347410052,0.1247230106579966,7.222822269709403,0.0626998710821483
Bear_education_Val,chronos_bolt_small,28,0.0190244065870507,0.024419369645548,1.890922813651697,0.014765757128515
Bear_education_Wade,chronos_bolt_small,28,0.1031453184174779,0.1816466725328353,9.92523417096511,0.0865145407910511
Bear_education_Wilton,chronos_bolt_small,28,0.0482181165046988,0.0641516276424742,4.741582910256716,0.0376470385167603
Bear_education_Wm,chronos_bolt_small,28,0.0351717241991047,0.0459883001965465,3.486267917656395,0.0275768248543098
Bear_education_Yuri,chronos_bolt_small,28,0.0974957388247446,0.172029808654773,11.49376525882936,0.0820615131574119
Bear_education_Yvette,chronos_bolt_small,28,0.1305109520610362,0.1984703942850793,12.490206345659972,0.1028316406534619
Bear_education_Zandra,chronos_bolt_small,28,0.0102762898187305,0.0157778159942641,1.008362297511308,0.008273824278128
Bear_lodging_Dannie,chronos_bolt_small,28,0.1214040678382639,0.1805377598000484,11.405634841611386,0.0953528230678031
Bear_lodging_Erick,chronos_bolt_small,28,0.0792577868551495,0.1106563840003934,8.020243690274526,0.0617604643818731
Bear_lodging_Esperanza,chronos_bolt_small,28,0.0846673981083677,0.1179339809809379,8.072641777696973,0.0665830977183895
Bear_lodging_Evan,chronos_bolt_small,28,0.0485886503880764,0.0817729515642082,4.618397197465148,0.0371320615692761
Bear_parking_Bridget,chronos_bolt_small,28,0.1847128475158833,0.2672844577933932,17.691166410690666,0.1422735925877082
Bear_parking_Bruce,chronos_bolt_small,28,0.0416358130198662,0.0609534774864877,4.107609772871812,0.0332807439869876
Bear_public_Arlean,chronos_bolt_small,28,0.1585098723926035,0.2176336121039751,16.34928364685157,0.1245827375673258
Bear_public_Jocelyn,chronos_bolt_small,28,0.0388439870950328,0.0536166063455673,3.7981273847968366,0.0306142149243331
Bear_public_Lowell,chronos_bolt_small,28,0.0396814303411309,0.0595527910973929,3.886359747968125,0.0318467080122692
Bear_public_Orville,chronos_bolt_small,28,0.1053367771924588,0.1710136812787099,9.72803376975788,0.0847332676004362
Bear_public_Rayna,chronos_bolt_small,28,0.0561093187285562,0.0761701144257096,7.67867154854064,0.0493340956481718
Bear_public_Valorie,chronos_bolt_small,28,0.0769726875698701,0.096526106139928,8.84873170703721,0.060717874730108
Bear_science_Alison,chronos_bolt_small,28,0.0236099395391271,0.0316996594454579,2.3234563723149004,0.0184495238413549
Bear_science_Eleanor,chronos_bolt_small,28,0.098159622452631,0.1300449458855498,10.088605159476614,0.0778405457406885
Bear_utility_Sidney,chronos_bolt_small,28,0.0213065290561955,0.0341159182502591,2.0824106689356223,0.0174745213371069
Bobcat_assembly_Adam,chronos_bolt_small,28,0.1283630520191497,0.2133203933332696,11.879017313413245,0.1018711168801139
Bobcat_assembly_Billy,chronos_bolt_small,28,0.0909297161867798,0.1216795661572815,9.790858439194157,0.0754099354422741
Bobcat_assembly_Camilla,chronos_bolt_small,28,0.2720855552157889,0.4404836106745839,44.71749053208649,0.2844952378260286
Bobcat_assembly_Franklin,chronos_bolt_small,28,0.1735986325357233,0.2713637106870648,17.81321593826303,0.1394198069737162
Bobcat_education_Alissa,chronos_bolt_small,28,0.0803172487271817,0.1177126669931997,7.844737366733399,0.0657401330592828
Bobcat_education_Angela,chronos_bolt_small,28,0.0683574011292375,0.0977243386734185,6.781240817837995,0.0558658350421134
Bobcat_education_Coleman,chronos_bolt_small,28,0.0747019211234278,0.10747890360877,7.425261327754333,0.0610907260439516
Bobcat_education_Dylan,chronos_bolt_small,28,0.0624760218649772,0.0866450324244345,6.362216931696987,0.0507668484744982
Bobcat_education_Hollis,chronos_bolt_small,28,0.0451592996449703,0.0637835442125051,4.411649945377405,0.0358091044292814
Bobcat_education_Jayne,chronos_bolt_small,28,0.0830465729771873,0.1522497924147683,8.119188067342474,0.06950926930497
Bobcat_education_Marisha,chronos_bolt_small,28,0.1261964599548515,0.1964674479774175,12.72531252642597,0.1052840187304094
Bobcat_education_Monte,chronos_bolt_small,28,0.1535534117886853,0.2778984273674109,26.269265272544228,0.1616387852899874
Bobcat_education_Rosalva,chronos_bolt_small,28,0.0619824420210526,0.0948562265713418,6.165930447987556,0.0523339709501083
Bobcat_education_Toni,chronos_bolt_small,28,0.0846568807410159,0.120504855852999,8.210553961469731,0.0670216642003108
Bobcat_education_Whitney,chronos_bolt_small,28,0.1959579538008054,0.3567454738408959,38.609041046992765,0.2220048273420331
Bobcat_lodging_Darin,chronos_bolt_small,28,0.0629139072847682,0.0899036612907146,6.14261429683426,0.0501274065636172
Bobcat_lodging_Melaine,chronos_bolt_small,28,0.0569769041651462,0.0774650627120751,5.777824946043829,0.0455521867798504
Bobcat_lodging_Nickolas,chronos_bolt_small,28,0.0645869270126918,0.0820827027315387,6.514087591462949,0.0496993892702626
Bobcat_office_Alma,chronos_bolt_small,28,0.2292717343701925,0.2973032498390188,205.90762177926615,0.1840238602104973
Bobcat_office_Justine,chronos_bolt_small,28,0.1825342552816528,0.2825323101486746,21.47953818926579,0.1468632564355841
Bobcat_office_Kassandra,chronos_bolt_small,28,0.0761970162552026,0.1029150552628002,7.885512378345534,0.0606569491755258
Bobcat_office_Melody,chronos_bolt_small,28,0.0614022290169849,0.0851148472541256,5.970829643608791,0.0478137343200011
Bobcat_office_Nikita,chronos_bolt_small,28,0.0725464324953613,0.1282334087471217,6.438812365515409,0.057336951595785
Bobcat_other_Howard,chronos_bolt_small,28,0.819160755260583,3.374180618620927,98.82838620514768,0.6419428558470148
Bobcat_other_Jovita,chronos_bolt_small,28,0.3874285683694084,0.6392861481537103,389.74917237133207,0.4552036661161014
Bobcat_other_Timothy,chronos_bolt_small,28,0.1332109527777075,0.1836649134102489,19.431318365355565,0.1071861063577928
Bull_assembly_Amalia,chronos_bolt_small,28,0.0985549847174351,0.2283695690008186,8.967141160394291,0.0801952920478213
Bull_assembly_Beau,chronos_bolt_small,28,0.1478692364902096,0.2438765256810789,14.065835337762897,0.119251355465158
Bull_assembly_Brandon,chronos_bolt_small,28,0.063429705563399,0.0841633509518269,6.479365089461312,0.0508000202956927
Bull_assembly_Daryl,chronos_bolt_small,28,0.3772888604010409,0.9776991380491376,30.54967245124861,0.3292449505508545
Bull_assembly_Dorethea,chronos_bolt_small,28,0.0620426575752536,0.136221945398515,7.402641178253885,0.0592318236540123
Bull_assembly_Freddie,chronos_bolt_small,28,0.1568504869702553,0.2142188288881409,16.050161528152184,0.1228828575369413
Bull_assembly_Gerri,chronos_bolt_small,28,0.0507157732980164,0.079281331912663,6.082524585341384,0.043029018720979
Bull_assembly_Gigi,chronos_bolt_small,28,0.136268689533861,0.2885231621534295,11.177398208255116,0.1011834550041042
Bull_assembly_Goldie,chronos_bolt_small,28,0.0693481276005547,0.0932424478482153,6.810955149000901,0.05561853451119
Bull_assembly_Katia,chronos_bolt_small,28,0.2168803418803419,0.5666729360899656,14.922824383938725,0.1765468214386003
Bull_assembly_Lance,chronos_bolt_small,28,0.030228400936238,0.0424632767832688,2.9515513251407604,0.0237849280103854
Bull_assembly_Lesa,chronos_bolt_small,28,0.1190908817876021,0.1580278404029136,12.150474485985685,0.0940417800462244
Bull_assembly_Maren,chronos_bolt_small,28,0.4458859313097462,1.558984063627055,1669.3338039263856,3839084944.568627
Bull_assembly_Nathanial,chronos_bolt_small,28,0.0267145792231767,0.0348339255855505,2.756116772476032,0.0217670022769717
Bull_assembly_Newton,chronos_bolt_small,28,0.3030070515422078,0.4042411360959087,275.3219493141717,0.2691533164434271
Bull_assembly_Nick,chronos_bolt_small,28,0.0591594188398236,0.0883283314672705,6.130009309397553,0.0494185259397253
Bull_assembly_Vanessa,chronos_bolt_small,28,0.044934535308006,0.0849057380205596,4.55502621194398,0.0389894463164787
Bull_education_Annette,chronos_bolt_small,28,0.0155760521470518,0.0205374471327584,1.5272261273199166,0.0119116068800891
Bull_education_Antonia,chronos_bolt_small,28,0.1243837941030898,0.2883707487321519,9.496032049270402,0.0918687706013736
Bull_education_Arthur,chronos_bolt_small,28,0.02115784815358,0.0287920370172856,2.107254926151198,0.0173734583426196
Bull_education_Barry,chronos_bolt_small,28,0.0079063501375209,0.01131428552905,0.7821288486547222,0.0063128972163839
Bull_education_Bernice,chronos_bolt_small,28,0.1263146507171804,0.5695822278176281,8.329402284071415,57115990.28398294
Bull_education_Brady,chronos_bolt_small,28,0.0645022152168356,0.0830734003116939,6.999462754295216,0.0511732297507983
Bull_education_Brain,chronos_bolt_small,28,0.0186855831420822,0.0244430903930991,1.845546912230936,0.0148217410280012
Bull_education_Brandi,chronos_bolt_small,28,0.0674472452974314,0.1021144800434288,6.297006692540714,0.0518016096809429
Bull_education_Brenda,chronos_bolt_small,28,0.0414391499081545,0.0555147896106996,4.129669667045778,0.0329665574040063
Bull_education_Bryon,chronos_bolt_small,28,0.0420721266288005,0.0530593250271508,4.503947540773407,0.0340530705814624
Bull_education_Carl,chronos_bolt_small,28,0.0140245874384516,0.0214507139641868,1.3935726999171825,0.0109601961397266
Bull_education_Clarice,chronos_bolt_small,28,0.0367974660045481,0.0508961030909951,3.630152933172087,0.0291725879988124
Bull_education_Clarita,chronos_bolt_small,28,0.01689493319488,0.0215156846561027,1.6875831951372804,0.0131487031575097
Bull_education_Dakota,chronos_bolt_small,28,0.0589384048040266,0.0758005580214138,6.814924238912716,0.0490587430926057
Bull_education_Dan,chronos_bolt_small,28,0.0300241753099898,0.0423523764960008,2.892919931307264,0.0232065352620385
Bull_education_Dania,chronos_bolt_small,28,0.033573858750514,0.0423102979585759,3.436993959096466,0.0263162355063047
Bull_education_Delia,chronos_bolt_small,28,0.0156746734150949,0.0217475021530512,1.5596898615765928,0.0126962695253922
Bull_education_Dora,chronos_bolt_small,28,0.0611779789948959,0.0924094381018857,6.06889514032703,0.0508711008510357
Bull_education_Dottie,chronos_bolt_small,28,0.018844815843084,0.0754320999769385,16.80590508769991,0.0166296473022924
Bull_education_Elva,chronos_bolt_small,28,0.0343836652382152,0.0509121284023172,3.237204347870404,0.0265978763709882
Bull_education_Fabiola,chronos_bolt_small,28,0.0532418292969668,0.0700368844066006,5.984489334978871,0.0442424809363691
Bull_education_Geneva,chronos_bolt_small,28,0.1427947019867549,0.2659822000927777,12.115196693613482,0.1112506905608746
Bull_education_Genie,chronos_bolt_small,28,0.0367803719650228,0.0507532164970308,3.8276133636377807,0.0303073403758671
Bull_education_Gregory,chronos_bolt_small,28,0.0450264801038597,0.0584316930385154,4.518035509443975,0.0349076157609252
Bull_education_Hayley,chronos_bolt_small,28,0.023522508173359,0.0300925927979825,2.358138426298785,0.018240188297198
Bull_education_Jae,chronos_bolt_small,28,0.0165317649799103,0.0226412693226298,1.6711696487638623,0.0132766700419083
Bull_education_Jeffery,chronos_bolt_small,28,0.0154382319416564,0.0215648888665271,1.557133252334053,0.0124177640623818
Bull_education_Joseph,chronos_bolt_small,28,0.0347095473668912,0.043335198363845,3.768154530837496,0.0280872747564661
Bull_education_Juan,chronos_bolt_small,28,0.0461752906779084,0.0735252341453371,4.365159537941563,0.0368722591185366
Bull_education_Kendra,chronos_bolt_small,28,0.0274423897581792,0.0348213426946106,2.874408267288242,0.0221985055753378
Bull_education_Krista,chronos_bolt_small,28,0.0309595054983018,0.0413440029834435,3.054317445055417,0.0249239030636547
Bull_education_Kristal,chronos_bolt_small,28,0.0115574641499512,0.0147127879876899,1.15189693675038,0.0092673937018327
Bull_education_Lenny,chronos_bolt_small,28,0.0652115076182838,0.1004169859123312,6.231963026501066,0.0494832479555382
Bull_education_Linnie,chronos_bolt_small,28,0.0374211607965417,0.0497050969217075,4.070074141919646,0.0314179882109255
Bull_education_Luke,chronos_bolt_small,28,0.0397887223139391,0.0548550071695247,3.971188188897333,0.0317987460712548
Bull_education_Lydia,chronos_bolt_small,28,0.031345237957287,0.043219983912953,3.028220828926376,0.0245369767640253
Bull_education_Lyn,chronos_bolt_small,28,0.0660979709802996,0.0865005209762959,6.918639704673654,0.0526028665168403
Bull_education_Magaret,chronos_bolt_small,28,0.1060356347438752,0.148441719314402,12.031040950835624,0.0934165988800098
Bull_education_Mario,chronos_bolt_small,28,0.0571728334615653,0.0833334908560333,6.510666183595708,0.049169974273886
Bull_education_Matilda,chronos_bolt_small,28,0.0710973609661547,0.0915046512427362,7.081194516001387,0.0553063899329518
Bull_education_Mervin,chronos_bolt_small,28,0.0499034548545668,0.0650794863795402,4.908461557275171,0.0386599926942391
Bull_education_Miquel,chronos_bolt_small,28,0.0244263970922308,0.0322901242738214,2.467971194536249,0.0203561529615654
Bull_education_Miranda,chronos_bolt_small,28,0.0398109842082162,0.0598387015599096,3.7561498724856346,0.0319669104445837
Bull_education_Myra,chronos_bolt_small,28,0.0742822453935152,0.0953892480335527,8.252551980230347,0.0588182494842759
Bull_education_Nichole,chronos_bolt_small,28,0.0245016910124487,0.0317764077943725,2.5179014429900723,0.01971190620072
Bull_education_Nina,chronos_bolt_small,28,0.0244036571114319,0.033278849666231,2.4033200216681005,0.0191488005275033
Bull_education_Nolan,chronos_bolt_small,28,0.0306283952130049,0.0400422861878977,3.0845865751105843,0.0242083356890715
Bull_education_Olive,chronos_bolt_small,28,0.0530975842625785,0.0704660533557316,5.500369944348725,0.0434636927208873
Bull_education_Pablo,chronos_bolt_small,28,0.0499407359054523,0.0651535778220384,5.321219200000393,0.0405878749502555
Bull_education_Pamela,chronos_bolt_small,28,0.0238745974283362,0.0309476911468752,2.536453941321108,0.01936196739257
Bull_education_Patrina,chronos_bolt_small,28,0.1469801088185415,0.194649471054744,14.23773134550516,0.1101521715583439
Bull_education_Racheal,chronos_bolt_small,28,0.0210257799679986,0.0317809384047158,1.9976761373415897,0.0166727860160404
Bull_education_Reina,chronos_bolt_small,28,0.0442848326376821,0.0598411924445263,4.35845954749688,0.035046032327866
Bull_education_Reynaldo,chronos_bolt_small,28,0.0564217706124735,0.0756038500594046,5.625755963130554,0.0444774418187273
Bull_education_Roland,chronos_bolt_small,28,0.0451977927164609,0.0606406419252554,5.028848953958411,0.0361750228801171
Bull_education_Roseann,chronos_bolt_small,28,0.013955324651546,0.0179300901264018,1.387059010815079,0.011015323605384
Bull_education_Sebastian,chronos_bolt_small,28,0.0444440421449002,0.0584315707112276,4.591264637673333,0.03530507008286
Bull_education_Shona,chronos_bolt_small,28,0.0116203649435392,0.0184524475931823,1.1477432881202252,0.0095222053970057
Bull_education_Stewart,chronos_bolt_small,28,0.0338105754511004,0.0509444314138447,3.251136853898461,0.0265128881801454
Bull_education_Summer,chronos_bolt_small,28,0.0538710949480786,0.068212845043939,5.533016214971468,0.0423656464611895
Bull_education_Tracey,chronos_bolt_small,28,0.0358190054478544,0.0469994090510351,3.645558786194684,0.0284543502740369
Bull_education_Venita,chronos_bolt_small,28,0.0407644115544716,0.0520200815049214,4.088562328386569,0.0319187791980689
Bull_education_Violeta,chronos_bolt_small,28,0.0665826153953911,0.0895068298147292,6.647644372758729,0.0517086237599077
Bull_lodging_Abby,chronos_bolt_small,28,0.0959408587484314,0.1576567727066183,8.511570741599993,0.0755444401186153
Bull_lodging_Allen,chronos_bolt_small,28,0.2617669753086419,0.3852445217352525,36.0784641157566,0.2483997313743138
Bull_lodging_Anibal,chronos_bolt_small,28,0.100439263389086,0.1351208275269977,9.594500685715188,0.0778355197027611
Bull_lodging_Caren,chronos_bolt_small,28,0.0442109709096668,0.057565573197951,4.301845601302282,0.0340784377987905
Bull_lodging_Carie,chronos_bolt_small,28,0.0540179593498003,0.0698337466922801,5.305923713838374,0.0420839417623142
Bull_lodging_Charlotte,chronos_bolt_small,28,0.2271272578896724,0.3149681040300941,27.429881271910133,0.2102066500224857
Bull_lodging_Danielle,chronos_bolt_small,28,0.2609648353283327,1.0656409800588424,502.3648906636133,0.3005567594481411
Bull_lodging_Dave,chronos_bolt_small,28,0.0234620373141773,0.0307672337410193,2.351746656677637,0.0186372190137014
Bull_lodging_Elena,chronos_bolt_small,28,0.1621793881334981,0.236465360601512,14.564531994082849,0.1253962402667235
Bull_lodging_Graciela,chronos_bolt_small,28,0.0929873609412312,0.1463727540958642,8.619735199180592,0.0740518642145132
Bull_lodging_Hugo,chronos_bolt_small,28,0.0579602613270635,0.0762722395012095,5.713587815841732,0.0454468694465167
Bull_lodging_Jeremiah,chronos_bolt_small,28,0.0420387785405323,0.0540169562856294,4.349034190823492,0.033375623525266
Bull_lodging_Leonard,chronos_bolt_small,28,0.0779445249430759,0.102760975803907,7.650706067927087,0.0612867807842247
Bull_lodging_Lettie,chronos_bolt_small,28,0.0636627123213804,0.0830849768155196,6.348973984758087,0.0496730054760797
Bull_lodging_Melissa,chronos_bolt_small,28,0.0368298543324823,0.0478194366895569,3.63513430145894,0.0287504918236966
Bull_lodging_Perry,chronos_bolt_small,28,0.0644759649422621,0.0876606912780773,6.20107305075034,0.050052229446761
Bull_lodging_Terence,chronos_bolt_small,28,0.0839458945894589,0.109711267388873,8.429117016456072,0.0662068286716131
Bull_lodging_Travis,chronos_bolt_small,28,0.0271033508971312,0.0356190718612366,2.681936887749953,0.021087104266557
Bull_lodging_Xavier,chronos_bolt_small,28,0.2382724481748535,0.3413650875399076,34.09408957603339,0.2254745732375299
Bull_office_Anne,chronos_bolt_small,28,0.0299992588200415,0.0397203311813757,2.9676698537515462,0.0234616992724351
Bull_office_Chantel,chronos_bolt_small,28,0.0877195650520873,0.1275746690317062,8.497494436658563,0.069114169980006
Bull_office_Claudia,chronos_bolt_small,28,0.028143927839993,0.0428027919893322,2.7928660006019426,0.0223068910025563
Bull_office_Debbie,chronos_bolt_small,28,0.0440563328083016,0.0571733078155239,4.715254660218851,0.0365932491181825
Bull_office_Efren,chronos_bolt_small,28,0.060471554028255,0.0854036793296559,7.062395044116599,0.0539904752972704
Bull_office_Ella,chronos_bolt_small,28,0.0320399613939257,0.0444594682372967,3.18237653258458,0.0258204703582845
Bull_office_Hilton,chronos_bolt_small,28,0.0681484102787456,0.0918325385807661,6.665717314782604,0.053877722112078
Bull_office_Ivette,chronos_bolt_small,28,0.0681247718145308,0.0911881135465294,7.148005018315408,0.056343050384495
Bull_office_Lilla,chronos_bolt_small,28,0.0238876062545912,0.0343479343625951,2.418496124619782,0.0192835340438508
Bull_office_Marco,chronos_bolt_small,28,0.1289244021307945,0.1857009003427676,14.129770492307731,0.1107159181105061
Bull_office_Myron,chronos_bolt_small,28,0.0506498345278015,0.0719130207805018,4.9680451302206095,0.0410775456006558
Bull_office_Nicolas,chronos_bolt_small,28,0.0456884173580089,0.0612288073988195,4.837438863599765,0.0363797012178188
Bull_office_Rob,chronos_bolt_small,28,0.0365305838690011,0.0490375777861063,3.804392310217073,0.0294798806406662
Bull_office_Sally,chronos_bolt_small,28,0.1257425993940727,0.2044520416715267,12.939455147958531,0.1063252735369649
Bull_office_Trevor,chronos_bolt_small,28,0.0220486258526506,0.0295588794729178,2.156570778482421,0.0175665603223138
Bull_office_Yvonne,chronos_bolt_small,28,0.0235878142286485,0.0300669516548425,2.4342957994608487,0.0194023712955992
Bull_public_Hyun,chronos_bolt_small,28,0.0108432738282348,0.0150339173165507,1.0854422567959052,0.0087402341726315
Bull_public_Jefferson,chronos_bolt_small,28,0.0617829231792484,0.1105406409470826,5.298386820684396,0.0495747403472891
Bull_services_Jeanmarie,chronos_bolt_small,28,0.0517947168867963,0.075244321172309,5.145485990933716,0.0417623327879023
Bull_services_Juanita,chronos_bolt_small,28,0.0159797009374757,0.0227050463855269,1.647235607207438,0.0127755778329431
Bull_services_Nadine,chronos_bolt_small,28,0.0242926739104603,0.0346052455071073,2.560213402339895,0.01961913960196
Bull_services_Rachelle,chronos_bolt_small,28,0.0439441389607079,0.060163751218903,4.464352725668051,0.0361542045127782
Bull_services_Winford,chronos_bolt_small,28,0.0289942603281665,0.057272466120138,3.343372186277903,0.0262247447821697
Cockatoo_assembly_Doyle,chronos_bolt_small,28,0.0778262273409425,0.1389532304640361,8.120951839984805,0.0662938770992376
Cockatoo_assembly_Ed,chronos_bolt_small,28,0.086533081174479,0.1290913191211143,8.804265372469839,0.0711896580189442
Cockatoo_assembly_Emilio,chronos_bolt_small,28,0.0560011128924911,0.0763901386101959,5.689916361714499,0.0445776269298148
Cockatoo_assembly_Evelyn,chronos_bolt_small,28,0.2577338370485599,0.4546777856384237,24.477725738785484,0.1979292603402239
Cockatoo_assembly_Fernanda,chronos_bolt_small,28,0.068623187311854,0.0931632910290306,7.141951180333109,0.0556008343520096
Cockatoo_assembly_Genoveva,chronos_bolt_small,28,0.1924411627326533,0.2665414639659596,19.85046168579822,0.1514837420176396
Cockatoo_assembly_Griselda,chronos_bolt_small,28,0.078008358040841,0.1224290659452456,8.749840274929278,0.0674826283478257
Cockatoo_assembly_Heath,chronos_bolt_small,28,0.1318991644919106,0.1916958712474394,12.90645903634594,0.1052193551597428
Cockatoo_assembly_Meredith,chronos_bolt_small,28,0.0660877860789216,0.0916899105366514,6.7912738304441,0.0543859440435861
Cockatoo_assembly_Pierre,chronos_bolt_small,28,0.0979683813930989,0.1348633408321939,9.897162778727395,0.0777010140268948
Cockatoo_assembly_Ralph,chronos_bolt_small,28,0.0866076840561475,0.1148151005176335,8.863046895996941,0.0684550207645049
Cockatoo_assembly_Rodger,chronos_bolt_small,28,0.0817440642211491,0.1200723683927721,8.33404138616871,0.0669949772395885
Cockatoo_assembly_Tabitha,chronos_bolt_small,28,0.1260715006460728,0.166492130503458,12.587839549782768,0.0982453765963405
Cockatoo_assembly_Valencia,chronos_bolt_small,28,0.085279053499622,0.1186424949797561,9.066199344957356,0.0682848247372838
Cockatoo_education_Amira,chronos_bolt_small,28,0.0644309263109829,0.1788521959953201,5.045297085024894,0.0559724907933228
Cockatoo_education_Arlen,chronos_bolt_small,28,0.0882570399306806,0.1206897651297518,8.961280131540866,0.0700470967371005
Cockatoo_education_Brendan,chronos_bolt_small,28,0.041611601975514,0.0589815831773439,4.25233619952608,0.0331112843680548
Cockatoo_education_Brigitte,chronos_bolt_small,28,0.0258409190529193,0.0433837250741463,2.620506460018367,0.0213945801176557
Cockatoo_education_Charity,chronos_bolt_small,28,0.0295122711622873,0.0455336829854136,2.865748704811629,0.0230152402022879
Cockatoo_education_Christi,chronos_bolt_small,28,0.1341980878524441,0.1890497524973712,13.15585532622269,0.1073091705993235
Cockatoo_education_Claudine,chronos_bolt_small,28,0.0598212964477363,0.0865292114009026,5.853221634726339,0.0470111660982529
Cockatoo_education_Collin,chronos_bolt_small,28,0.038049403287634,0.0579771700164491,3.825091395717274,0.0307679648459466
Cockatoo_education_Deloris,chronos_bolt_small,28,0.0601090426605586,0.0782035306750328,5.923555618891271,0.0462188700916569
Cockatoo_education_Doreen,chronos_bolt_small,28,0.0595731790929494,0.0821232324443046,6.040217438715442,0.047377678336045
Cockatoo_education_Erik,chronos_bolt_small,28,0.03912547845209,0.0536193466147107,3.912799688902015,0.0311742835402697
Cockatoo_education_Eunice,chronos_bolt_small,28,0.0504506796601408,0.0867767066619137,5.113289480680999,0.0426159987445673
Cockatoo_education_Evangeline,chronos_bolt_small,28,0.0019712787982907,0.0027784183303947,0.1971278798290793,0.0021586481750681
Cockatoo_education_Flora,chronos_bolt_small,28,0.0207701096215223,0.0264285433101713,2.086253842455926,0.0162547732632413
Cockatoo_education_Gussie,chronos_bolt_small,28,0.0328993931943934,0.0465165289248029,3.243282535095847,0.0259349208953371
Cockatoo_education_Helene,chronos_bolt_small,28,0.0315867392717988,0.046999814003532,3.066212021563075,0.0252669131198045
Cockatoo_education_Jack,chronos_bolt_small,28,0.1082109397773846,0.1501142138132662,11.022501309584658,0.0863716843866119
Cockatoo_education_Janet,chronos_bolt_small,28,0.0333336785963355,0.0474528609828161,3.3205093312122687,0.0267692135456231
Cockatoo_education_Joeann,chronos_bolt_small,28,0.1260628621631597,0.2160794167962006,12.09314434695323,0.1042372034280992
Cockatoo_education_Joel,chronos_bolt_small,28,0.0866026730670471,0.1210075536011469,8.476731658032735,0.0690861097322447
Cockatoo_education_Jon,chronos_bolt_small,28,0.0795065760187892,0.1346512641458366,8.398362677023034,0.070075270406868
Cockatoo_education_Julia,chronos_bolt_small,28,0.1037032958605435,0.1415721345058644,10.128711713167446,0.0819478312623923
Cockatoo_education_Julio,chronos_bolt_small,28,0.0527998627069727,0.0695946334123734,5.165560771617049,0.0407869920655763
Cockatoo_education_June,chronos_bolt_small,28,0.0382083841063373,0.0541831951861985,3.755196529790045,0.0301937974042225
Cockatoo_education_Laurence,chronos_bolt_small,28,0.2452326692670349,0.4198369368578592,20.976191536663404,0.1892883920202612
Cockatoo_education_Lionel,chronos_bolt_small,28,0.0236464815357908,0.0384671148855096,2.387592573249319,0.0192641968890203
Cockatoo_education_Magdalena,chronos_bolt_small,28,0.1739397818933705,0.4103733594791405,17.409398183814513,0.1295945498927444
Cockatoo_education_Marva,chronos_bolt_small,28,0.0752342258302657,0.1426996988008177,7.973255925461091,0.0654701751387772
Cockatoo_education_Maynard,chronos_bolt_small,28,0.1875685919294156,0.2601314920403559,18.30980928519858,0.1509925702318591
Cockatoo_education_Mayra,chronos_bolt_small,28,0.1039723410466208,0.1723492483836813,10.877872517771443,0.0857195490202291
Cockatoo_education_Melanie,chronos_bolt_small,28,0.0997899227330429,0.1492847603876298,10.97553918583296,0.0832075881869618
Cockatoo_education_Minh,chronos_bolt_small,28,0.1151683972595811,0.1541367854407116,11.72978438742944,0.0901889551316398
Cockatoo_education_Nelda,chronos_bolt_small,28,0.0358218954927412,0.0491356298559541,3.5617261984863284,0.028182726452841
Cockatoo_education_Oliver,chronos_bolt_small,28,0.0430474175849224,0.0657555102285809,4.262138695047405,0.0344757025353431
Cockatoo_education_Orlando,chronos_bolt_small,28,0.0572854555883436,0.0957826393281332,5.27756059477465,0.0467095197110022
Cockatoo_education_Rita,chronos_bolt_small,28,0.0651393379166006,0.1077149779451459,6.2660066806250745,0.052855810204005
Cockatoo_education_Shawn,chronos_bolt_small,28,0.0591752350448741,0.0834471396610763,5.998723455329133,0.0474689865049708
Cockatoo_education_Sheryl,chronos_bolt_small,28,0.0176342124021695,0.0303479139046643,1.7488326519428865,0.0141720049542565
Cockatoo_education_Terrence,chronos_bolt_small,28,0.0282308602012652,0.0471282246927753,2.77084188520895,0.0227394334840522
Cockatoo_education_Tyler,chronos_bolt_small,28,0.013125177516189,0.0216047907424934,1.312239646480004,0.0105933930569924
Cockatoo_education_Victoria,chronos_bolt_small,28,0.1432133810382723,0.2168136280515236,12.813859243277658,0.1104164541140546
Cockatoo_industrial_Nathaniel,chronos_bolt_small,28,0.2205715091013927,0.3724911413321338,31.748755165815503,0.1842190660739582
Cockatoo_industrial_Sarita,chronos_bolt_small,28,0.0961582775587119,0.1278093951426617,9.9007169246443,0.0753726228725985
Cockatoo_lodging_Aimee,chronos_bolt_small,28,0.0712999998234689,0.0971197215717144,6.966433689730771,0.0558918215861898
Cockatoo_lodging_Albert,chronos_bolt_small,28,0.0620616867587862,0.0806145963878453,6.096375824279471,0.0479545841418315
Cockatoo_lodging_Alicia,chronos_bolt_small,28,0.1077568214938142,0.1488283151208954,10.40530643433224,0.0845326641436931
Cockatoo_lodging_Ana,chronos_bolt_small,28,0.0826128389279302,0.1053410517911092,8.675763542875636,0.0643356886094851
Cockatoo_lodging_Carmen,chronos_bolt_small,28,0.1576758087967122,0.200225375088022,15.84152120341636,0.1213861768116171
Cockatoo_lodging_Cletus,chronos_bolt_small,28,0.0767808799169493,0.1011930117029294,7.772836040779721,0.061130456727181
Cockatoo_lodging_Elvia,chronos_bolt_small,28,0.0552361707958493,0.087337543150287,5.718751912217948,0.0457802336344036
Cockatoo_lodging_Emory,chronos_bolt_small,28,0.0592431808179842,0.0767036420659396,5.922869799125582,0.045366181940516
Cockatoo_lodging_Eric,chronos_bolt_small,28,0.1529847003192766,0.1954676628883564,15.733699979725683,0.119253296590174
Cockatoo_lodging_Homer,chronos_bolt_small,28,0.0297131568245998,0.0440009021951782,2.964438318451064,0.0238852916231167
Cockatoo_lodging_Jarrod,chronos_bolt_small,28,0.4934507538532712,1.937261143991652,3368.2462016991003,161816610.177776
Cockatoo_lodging_Javier,chronos_bolt_small,28,0.0682099857388272,0.0904124656133451,6.779905084907233,0.0534360332930978
Cockatoo_lodging_Jim,chronos_bolt_small,28,0.0520700410098175,0.0667921726903108,5.256667049775282,0.0407466287439448
Cockatoo_lodging_Jimmie,chronos_bolt_small,28,0.0379352764223134,0.0485513383723466,3.799511434933704,0.0296016590860492
Cockatoo_lodging_Johnathan,chronos_bolt_small,28,0.09614751786043,0.1236667850164785,9.369441126092688,0.0734557647076889
Cockatoo_lodging_Josephine,chronos_bolt_small,28,0.1055122270224542,0.1674614956055948,10.454256114987595,0.0873668395582519
Cockatoo_lodging_Judi,chronos_bolt_small,28,0.1176966803845421,0.160005216502066,11.520707752981314,0.0914266730249387
Cockatoo_lodging_Katharine,chronos_bolt_small,28,0.0753027138897212,0.0996577418515163,7.403387391733109,0.0587277525180473
Cockatoo_lodging_Kerri,chronos_bolt_small,28,0.0661588234966561,0.1024494437700752,6.902182374385671,0.0544180024477767
Cockatoo_lodging_Kyle,chronos_bolt_small,28,0.0578545942435161,0.091711004042727,6.0884108859106165,0.0499941098423013
Cockatoo_lodging_Lana,chronos_bolt_small,28,0.1157616858692121,0.1552509063764901,11.274947217531231,0.0896572837689116
Cockatoo_lodging_Linwood,chronos_bolt_small,28,0.1606127874211355,0.205191406297451,16.728474764371114,0.1237836901752998
Cockatoo_lodging_Lynne,chronos_bolt_small,28,0.0846552176243553,0.1252323537425456,8.33097535522082,0.0683116871051234
Cockatoo_lodging_Mandy,chronos_bolt_small,28,0.0976313914392336,0.1371531965941952,9.429124741352483,0.0778946138737543
Cockatoo_lodging_Olga,chronos_bolt_small,28,0.162544450718155,0.259684993142205,14.545512113967648,0.1186506348795718
Cockatoo_lodging_Raphael,chronos_bolt_small,28,0.0957346035153629,0.1574427882576247,10.119489444820536,0.0845317961920014
Cockatoo_lodging_Tesha,chronos_bolt_small,28,0.0976792534187507,0.1258555941986627,9.637420039003798,0.0755771799735585
Cockatoo_lodging_Tessie,chronos_bolt_small,28,0.0552115862527392,0.0813977801069929,5.503727230045047,0.0443885541910877
Cockatoo_office_Ada,chronos_bolt_small,28,0.0298028566695808,0.0411894010731648,2.9618884457036745,0.0234959308937498
Cockatoo_office_Alton,chronos_bolt_small,28,0.0750011232489115,0.1113180706786339,7.43253087978014,0.0603192577632559
Cockatoo_office_Christy,chronos_bolt_small,28,0.0531102099398521,0.0870612565275645,5.296692533324954,0.0433174076596747
Cockatoo_office_Delores,chronos_bolt_small,28,0.0537277085879314,0.0807388325437398,5.30497673069124,0.0436223470896107
Cockatoo_office_Elbert,chronos_bolt_small,28,0.0638320945635943,0.0937444868712195,6.28538165248423,0.0505495949362016
Cockatoo_office_Gail,chronos_bolt_small,28,0.0831484100926995,0.1393867264486407,7.810074293428657,0.0684129685993594
Cockatoo_office_Georgia,chronos_bolt_small,28,0.041634197569316,0.0655606428761115,4.137252629090535,0.0334850192831081
Cockatoo_office_Giovanni,chronos_bolt_small,28,0.0492762140071744,0.0731671255697199,4.891110769475962,0.0392615231229306
Cockatoo_office_Jimmy,chronos_bolt_small,28,0.1129750185141386,0.1987731029285865,10.079914312240094,0.0917236506246503
Cockatoo_office_Jodie,chronos_bolt_small,28,0.0467570312899892,0.070205971231427,4.493654230247915,0.0365664974806512
Cockatoo_office_Kristin,chronos_bolt_small,28,0.0357540919385632,0.0523232289479756,3.510317994453132,0.0284636959015283
Cockatoo_office_Laila,chronos_bolt_small,28,0.0373562320857281,0.0568874443562236,3.7972103220883344,0.0307282240276652
Cockatoo_office_Lorraine,chronos_bolt_small,28,0.1595806915564976,0.2428278456042659,14.52715502744947,0.1237872126569371
Cockatoo_office_Paige,chronos_bolt_small,28,0.053977025278497,0.0981661357449664,5.3117116754056335,0.0453694203949244
Cockatoo_office_Pansy,chronos_bolt_small,28,0.045906131061457,0.1020646704006453,4.939506408161922,0.0405631498429545
Cockatoo_office_Rodney,chronos_bolt_small,28,0.057472009369057,0.112070904922693,6.231819961039486,0.0494775059348656
Cockatoo_office_Roxanna,chronos_bolt_small,28,0.1103401893620301,0.1433658426554714,11.101197684132371,0.0864596597010394
Cockatoo_public_Caleb,chronos_bolt_small,28,0.0537855271638676,0.08707461264151,5.924903737236539,0.0481233236111428
Cockatoo_public_Chiquita,chronos_bolt_small,28,0.0636098090400452,0.0965396562613192,6.711484397625885,0.0522076834689425
Cockatoo_public_Harland,chronos_bolt_small,28,0.0429376527898703,0.0599851012762281,4.325365734956484,0.0344029099003421
Cockatoo_public_Leah,chronos_bolt_small,28,0.0484778440384938,0.0842393513063473,5.387428317404411,0.0423112840358575
Cockatoo_public_Shad,chronos_bolt_small,28,0.0556471893934629,0.0873481435313068,5.955901546001966,0.0485429045880244
Cockatoo_public_Valerie,chronos_bolt_small,28,0.0262431658979532,0.0429795696293621,2.5258053176796715,0.0208076906686662
Cockatoo_religion_Diedre,chronos_bolt_small,28,0.3009820860883156,0.3936749343701043,32.603126304578936,0.2277147568755327
Cockatoo_science_Rex,chronos_bolt_small,28,0.0224150504804956,0.0436243586061163,2.2509816317376785,0.0186359932792601
Cockatoo_utility_Kimiko,chronos_bolt_small,28,0.2155107073448423,0.3738792576400818,55.93747568025569,0.197429308336581
Cockatoo_utility_Sherri,chronos_bolt_small,28,0.0449520774245925,0.0965174720781243,4.752149454636023,0.038758287846547
Crow_education_Kate,chronos_bolt_small,28,0.0561914027841517,0.080534737683195,5.427535990862869,0.0439447319505983
Crow_education_Keisha,chronos_bolt_small,28,0.0334445274496606,0.0556926874528717,3.548146565477704,0.0268530648290608
Crow_education_Marlin,chronos_bolt_small,28,0.0848136882795859,0.1333773675355023,9.16321259165405,0.072961356695978
Crow_education_Omer,chronos_bolt_small,28,0.063343727660054,0.1173465736029073,6.024757089710688,0.0521762201373343
Crow_education_Winston,chronos_bolt_small,28,0.0896075720860641,0.1490377623778085,8.63659678832301,0.07008084468749
Eagle_assembly_Benny,chronos_bolt_small,28,0.1664982940157455,0.2203849676265511,19.27309931247702,0.1314612838582718
Eagle_assembly_Candice,chronos_bolt_small,28,0.6126953540000007,1.1771065995636618,80.68309204080045,0.5199913380140804
Eagle_assembly_Estelle,chronos_bolt_small,28,0.1936270695879497,0.2965906041199712,17.504112789925998,0.1477207243519899
Eagle_assembly_Herbert,chronos_bolt_small,28,0.1174657797023509,0.1605019374310443,14.170510500567795,0.0962400570822107
Eagle_assembly_Ian,chronos_bolt_small,28,0.118653035089987,0.1954236977404262,11.05708154621804,0.0938996129320935
Eagle_assembly_Josie,chronos_bolt_small,28,0.098780536669145,0.1721795086278952,9.300350796846748,0.0752981742183599
Eagle_assembly_Lacy,chronos_bolt_small,28,0.0751030051295767,0.0964689512646938,7.599196866848648,0.0590255601272075
Eagle_assembly_Latrina,chronos_bolt_small,28,0.0899931693190761,0.2541268680979523,7.008022195789573,0.0641994707588814
Eagle_assembly_Margret,chronos_bolt_small,28,0.0646932875978659,0.0870586552337742,6.66870533843759,0.0510579379359991
Eagle_assembly_Portia,chronos_bolt_small,28,0.1362524002165084,0.1821012382773745,14.047198185145657,0.1064326973569929
Eagle_education_Alberto,chronos_bolt_small,28,0.0201692812167599,0.0269277534640975,1.9917039595192327,0.0160180167373211
Eagle_education_April,chronos_bolt_small,28,0.0586511692161385,0.3689779258261854,62.95901517269687,95125314.45156
Eagle_education_Brianne,chronos_bolt_small,28,0.05436028486067,0.0742554273860877,5.832213567665593,0.0441316489446735
Eagle_education_Brooke,chronos_bolt_small,28,0.0213780758114013,0.03416433892445,2.165672037437979,0.0173618048709776
Eagle_education_Edith,chronos_bolt_small,28,0.0771478193410613,0.1031993157550134,8.23851718155848,0.0609292183031288
Eagle_education_Eileen,chronos_bolt_small,28,0.0652791870271536,0.0898846572990834,6.359492090740374,0.0518859700895754
Eagle_education_Jewell,chronos_bolt_small,28,0.035015211864055,0.0621455593821824,18.495147732337863,0.0297607211975258
Eagle_education_Lino,chronos_bolt_small,28,0.0540811098699935,0.07339182975659,5.419639965441347,0.0431349059033664
Eagle_education_Luther,chronos_bolt_small,28,0.0373371126885058,0.049197824272978,3.670748021630558,0.0288359257878104
Eagle_education_Maragret,chronos_bolt_small,28,0.07719383420318,0.0992296649202011,7.5718855160513,0.0592760529314667
Eagle_education_Norah,chronos_bolt_small,28,0.0271872092622583,0.0464146695059351,2.889304667500908,0.0222027978453243
Eagle_education_Paul,chronos_bolt_small,28,0.0998463570712061,0.1948425330921284,8.024298037726448,0.0820001710315593
Eagle_education_Peter,chronos_bolt_small,28,0.0179904265531763,0.0580709192198439,18.915677743048136,0.0152915906342935
Eagle_education_Petra,chronos_bolt_small,28,0.06525142751888,0.1144858459704449,5.899566956726705,0.0553783709012783
Eagle_education_Raul,chronos_bolt_small,28,0.0234314127207209,0.0445235543659221,2.704555287458969,0.0192614733753754
Eagle_education_Roman,chronos_bolt_small,28,0.0223434003882311,0.0439438214682559,2.567180256225208,0.0176155017075697
Eagle_education_Samantha,chronos_bolt_small,28,0.0416824852518202,0.0578215841235228,4.186453836132196,0.0326905546477301
Eagle_education_Shana,chronos_bolt_small,28,0.0221281014194763,0.0285799597369495,2.1930713409664104,0.017573408851583
Eagle_education_Shanna,chronos_bolt_small,28,0.0445313994179645,0.076115712936101,4.351668718969092,0.0347058182223698
Eagle_education_Shante,chronos_bolt_small,28,0.0179851380491599,0.0231104483724509,1.7750484488582734,0.0139637973320694
Eagle_education_Sheena,chronos_bolt_small,28,0.0999553932870066,0.1949222270452826,8.033244443246417,0.0820090585345411
Eagle_education_Sherrill,chronos_bolt_small,28,0.0167643475337096,0.0211017871344155,1.6770947134116327,0.0133064084358854
Eagle_education_Teresa,chronos_bolt_small,28,0.0707304839402724,0.0929514493028976,7.307160104932365,0.0568394176106194
Eagle_education_Wesley,chronos_bolt_small,28,0.0594774950018911,0.0808099008868082,6.186369570250827,0.0461567754380643
Eagle_education_Will,chronos_bolt_small,28,0.046931054615652,0.0622235958048898,4.601764140953157,0.0368179848378554
Eagle_food_Jennifer,chronos_bolt_small,28,0.1813168179255531,0.3830289442061352,467.48982789630907,332745958.98680145
Eagle_food_Kay,chronos_bolt_small,28,0.0619878219082249,0.0930711636127974,25.165354268850432,0.0492573641909591
Eagle_health_Amy,chronos_bolt_small,28,0.0913383865290546,0.1290916169352776,10.96144415281491,0.0731654895844976
Eagle_health_Athena,chronos_bolt_small,28,0.0749956554023097,0.104775378437994,7.165145022811063,0.0591986380041473
Eagle_health_Gregoria,chronos_bolt_small,28,,,690730.90950648,51.40208048504536
Eagle_health_Jodi,chronos_bolt_small,28,0.0491165115198224,0.075663935051466,4.653893889106568,0.040142080216767
Eagle_health_Lucinda,chronos_bolt_small,28,0.0306026458589139,0.0471012456263659,3.113598992345988,0.0249486239498015
Eagle_health_Margo,chronos_bolt_small,28,0.0297726085632303,0.050545885447155,16.003984880697125,0.023558801538519
Eagle_health_Reba,chronos_bolt_small,28,0.0283671686113251,0.0390554419833926,2.763688755986325,0.0225300282650517
Eagle_health_Reuben,chronos_bolt_small,28,0.0437524312828128,0.0768311218183085,23.36511443827521,0.0350062076664547
Eagle_health_Trisha,chronos_bolt_small,28,0.0765259433933151,0.0994153994715285,7.8235887443588545,0.0592693810309849
Eagle_health_Vincenza,chronos_bolt_small,28,0.0644343564399497,0.0953734150181489,26.34025343022853,0.0512168890846054
Eagle_lodging_Andy,chronos_bolt_small,28,0.0684127457484342,0.093787416704099,6.494593597572679,0.0534082593552664
Eagle_lodging_Casey,chronos_bolt_small,28,0.0532963367496853,0.0700901015472807,5.116984361539758,0.0410060613227632
Eagle_lodging_Dawn,chronos_bolt_small,28,0.0647916711852319,0.0956202903012814,6.992410061608421,0.0541904933545752
Eagle_lodging_Edgardo,chronos_bolt_small,28,0.0748142295603289,0.104491714684385,7.077028192350082,0.0593606349477144
Eagle_lodging_Stephanie,chronos_bolt_small,28,0.0632868893738459,0.0867988534703401,5.95434679679722,0.0487972249810008
Eagle_lodging_Terri,chronos_bolt_small,28,0.1033616923731236,0.1385277924730479,10.140696131403102,0.0806457535924246
Eagle_lodging_Tressa,chronos_bolt_small,28,0.1272647206844489,0.1846130355816008,11.767161867468674,0.1010499674646106
Eagle_lodging_Trina,chronos_bolt_small,28,0.0717561342553407,0.0999749434643801,6.748510885403085,0.056085072880569
Eagle_office_Amanda,chronos_bolt_small,28,0.4533626645291763,2.7170225441429925,4185.959828542198,1658452980.741079
Eagle_office_Amie,chronos_bolt_small,28,0.0026096480055052,0.0067128643105928,0.2611775204250719,0.0026211832252023
Eagle_office_Bridgett,chronos_bolt_small,28,0.0523694266746145,0.0716225360607219,5.372042552767187,0.0421720127202231
Eagle_office_Chantelle,chronos_bolt_small,28,0.0521675647173683,0.0693866903586594,5.261530614775001,0.0414066564319553
Eagle_office_Chauncey,chronos_bolt_small,28,0.0275648501888581,0.03580705194677,2.7111517287951763,0.021543862844554
Eagle_office_Dallas,chronos_bolt_small,28,0.1375204706127312,0.175870368332898,25.9264083542093,0.1056768804906182
Eagle_office_Damian,chronos_bolt_small,28,0.0813267378944543,0.1095303816333082,8.125296405060602,0.0649570571291381
Eagle_office_Demetra,chronos_bolt_small,28,0.0504084502971861,0.0689373426541826,5.40859576496822,0.040444838308509
Eagle_office_Donovan,chronos_bolt_small,28,0.0685884418194176,0.1039109791374734,6.633614989510848,0.0566917047306807
Eagle_office_Efrain,chronos_bolt_small,28,0.08099277069036,0.1170526017824406,7.728982407983207,0.0647908010957214
Eagle_office_Elia,chronos_bolt_small,28,0.0770416486921046,0.1030994094738063,8.230141216347056,0.0609063618396941
Eagle_office_Elias,chronos_bolt_small,28,0.081363614443305,0.1096174952475883,8.128600104124589,0.0649420796771173
Eagle_office_Elvis,chronos_bolt_small,28,0.1012641373476612,0.1539026457264662,10.06823817998796,0.0824525551859027
Eagle_office_Flossie,chronos_bolt_small,28,0.0897728697518522,0.1166635897560086,9.018630952133194,0.0687913174967822
Eagle_office_Francis,chronos_bolt_small,28,0.0300794385283143,0.0393260160103557,2.9758528355760023,0.0238138499107294
Eagle_office_Freida,chronos_bolt_small,28,0.0825772256973779,0.152745211358394,30.64641073192149,0.0785368166235906
Eagle_office_Henriette,chronos_bolt_small,28,0.1659468710986731,0.1967622996391716,17.331173686613795,0.1243813565387064
Eagle_office_Isidro,chronos_bolt_small,28,0.0654397219627452,0.1147366953860985,6.342142152512547,0.0543708074882604
Eagle_office_Jackie,chronos_bolt_small,28,0.0704589932641543,0.0977079974423806,6.826842656269978,0.0554095868509453
Eagle_office_Jeff,chronos_bolt_small,28,0.108847238398823,0.1763466929267196,10.317637036480608,0.0867155081036566
Eagle_office_Joette,chronos_bolt_small,28,0.0663372073399862,0.1142894008140764,9.646998084224952,0.0729342114402047
Eagle_office_Katheleen,chronos_bolt_small,28,0.0771560360830603,0.103144849433518,8.23820322348469,0.060957913802442
Eagle_office_Lamont,chronos_bolt_small,28,0.0806106491942012,0.1085385335512029,7.99493893387553,0.0625028806631252
Eagle_office_Lane,chronos_bolt_small,28,0.0636200716845878,0.0812209085802839,6.720040364203991,0.0499120766043448
Eagle_office_Lillian,chronos_bolt_small,28,0.1668506544689904,0.293642312597129,15.680125377165815,0.126978003470677
Eagle_office_Mable,chronos_bolt_small,28,0.0753775619446868,0.1017944811770778,7.283149517872073,0.0589975266935265
Eagle_office_Mandi,chronos_bolt_small,28,0.0221599757528484,0.028623594938723,2.196624876751786,0.0175899100366267
Eagle_office_Marisela,chronos_bolt_small,28,0.0670602618838674,0.0866353834002825,6.812625772478147,0.0535799178203861
Eagle_office_Michele,chronos_bolt_small,28,0.0887563299287614,0.114082112163174,9.38707058989379,0.0710707540809223
Eagle_office_Nereida,chronos_bolt_small,28,0.0282292832923566,0.0375456715248724,2.786706128340108,0.0222351998452312
Eagle_office_Norbert,chronos_bolt_small,28,0.0674785422330988,0.1017439044708307,6.093502872528296,0.0517124545313544
Eagle_office_Patrice,chronos_bolt_small,28,0.0596134586806228,0.0861770866050216,5.659411004197266,0.0472828263530166
Eagle_office_Phyllis,chronos_bolt_small,28,0.022293188366318,0.0287179835536311,2.210704540680831,0.01761942566236
Eagle_office_Randolph,chronos_bolt_small,28,0.0672140781284395,0.0999707268877359,6.651248287224252,0.0562807326420757
Eagle_office_Remedios,chronos_bolt_small,28,0.0432236374130079,0.0600500731648119,4.239534982108388,0.0342769011791551
Eagle_office_Ryan,chronos_bolt_small,28,0.0955215744778517,0.1349457663316503,8.945463405124993,0.0743531779414248
Eagle_office_Sheree,chronos_bolt_small,28,0.0856521294021294,0.1310960095336534,9.215548990939617,0.0722623396118084
Eagle_office_Sonya,chronos_bolt_small,28,0.0474084903810152,0.0611009697492753,4.891563066608928,0.0372119898642309
Eagle_office_Tia,chronos_bolt_small,28,0.0652255510754229,0.089826194319909,6.356614094474152,0.0518912726368859
Eagle_office_Yadira,chronos_bolt_small,28,0.0619539179124559,0.0998278286351583,25.80156356126751,0.0500997334464239
Eagle_public_Alvin,chronos_bolt_small,28,0.038355586867363,0.0562973275214069,3.83902317716213,0.0316440900533478
Eagle_public_Henry,chronos_bolt_small,28,0.2922963261468198,0.4636377615182269,44.573419897679,0.22756568834081
Eagle_public_Minnie,chronos_bolt_small,28,0.0352461731374358,0.0473368430552256,3.524925482222918,0.0275913531310177
Eagle_public_Missy,chronos_bolt_small,28,0.0940521032236506,0.1407988613994396,9.036478097767294,0.0752919620832893
Eagle_public_Ola,chronos_bolt_small,28,0.0529224150719477,0.0861404985619784,5.943409326657033,0.0457439231357676
Eagle_public_Pearle,chronos_bolt_small,28,0.0339905731041268,0.0513621747045267,3.783118090531639,0.0281542273587219
Eagle_public_Preston,chronos_bolt_small,28,0.0389012467021882,0.0721630235771601,22.012273845357196,0.0330054458060111
Fox_assembly_Adrianne,chronos_bolt_small,28,0.0982489919651556,0.1829484051635735,8.835890269193406,0.0755270633104884
Fox_assembly_Audrey,chronos_bolt_small,28,0.1245208282662813,0.1851562436625958,12.179714827709056,0.0990879582279714
Fox_assembly_Boyce,chronos_bolt_small,28,0.0836568614567524,0.2181890229137098,6.867819559765803,0.0646267659896963
Fox_assembly_Bradley,chronos_bolt_small,28,0.1048670725057387,0.3425367558828693,6.582659947680184,0.0786866588023685
Fox_assembly_Carlos,chronos_bolt_small,28,0.0857291796309678,0.1575646181761777,8.664644037465276,0.074550889770615
Fox_assembly_Cathy,chronos_bolt_small,28,0.0353736580429995,0.048756219661422,3.45901344771859,0.0280292393876924
Fox_assembly_Cecelia,chronos_bolt_small,28,0.1148715017355548,0.1591904252110427,11.04881928117496,0.0890169897361864
Fox_assembly_Christie,chronos_bolt_small,28,0.2207897517606103,0.338421951439954,26.014035099921447,0.1867503985200607
Fox_assembly_Cindy,chronos_bolt_small,28,0.1116915062020459,0.1540695599041741,11.4187594769291,0.090318517872473
Fox_assembly_Dixie,chronos_bolt_small,28,0.2327279717368462,0.3666834588461776,32.27276579804991,0.2118509863150032
Fox_assembly_Emma,chronos_bolt_small,28,0.0617429614792853,0.0895416939006816,6.25145053280731,0.0506791810045752
Fox_assembly_Gary,chronos_bolt_small,28,0.0407987751283986,0.0554275837950171,4.010156254717737,0.031604638073586
Fox_assembly_Jerrod,chronos_bolt_small,28,0.9393695812326986,2.04367471461752,150.4526802771401,1.1645602065336802
Fox_assembly_Johnnie,chronos_bolt_small,28,0.0572797610759511,0.0912441713768513,6.548872021333049,0.0496193849516301
Fox_assembly_Kathie,chronos_bolt_small,28,0.0998344351508452,0.1654683800873084,9.587073317381355,0.0817058943380516
Fox_assembly_Lakeisha,chronos_bolt_small,28,0.1893273805094244,0.2542935522248706,26.199302359343097,0.157056398151836
Fox_assembly_Leeanne,chronos_bolt_small,28,0.1959968345794902,0.283183465352979,22.51560012281563,0.1690153654833623
Fox_assembly_Renna,chronos_bolt_small,28,0.0167781106441868,0.0242950519392124,1.6723832739266162,0.0131607974425506
Fox_assembly_Sheldon,chronos_bolt_small,28,0.0446385563355459,0.0582725781688965,4.509180370541922,0.0350228723311237
Fox_assembly_Terrell,chronos_bolt_small,28,0.1025694804100022,0.1600604506008605,9.6871628569847,0.0783865498174283
Fox_assembly_Tony,chronos_bolt_small,28,0.0689376571385035,0.1039867920186239,7.284807586994571,0.0576772946126108
Fox_education_Andre,chronos_bolt_small,28,0.0269144260624367,0.0353256324263867,2.6606730563883687,0.0208628760147763
Fox_education_Ashli,chronos_bolt_small,28,0.1413843891417108,0.22744926116089,17.30827692365696,0.1226406885173957
Fox_education_Burton,chronos_bolt_small,28,0.1131242560572197,0.1649145536664857,10.923953368874791,0.0900607705457729
Fox_education_Carleen,chronos_bolt_small,28,0.0440583592723992,0.0653879768750885,4.776780724171024,0.0379000608567666
Fox_education_Charles,chronos_bolt_small,28,0.1175547635956198,0.2072509370278216,12.151788446389189,0.0949038744366552
Fox_education_Claire,chronos_bolt_small,28,0.0560847689233272,0.0861720672213733,5.676708349764529,0.0471997605102232
Fox_education_Claude,chronos_bolt_small,28,0.0113147497091663,0.018217344942319,1.136113498946541,0.0091171578017762
Fox_education_Cynthia,chronos_bolt_small,28,0.0476478906177731,0.0599009859454169,4.733998420551233,0.0368513209476543
Fox_education_Delma,chronos_bolt_small,28,0.0774900510061095,0.1898878944323608,13.490225914662815,0.078419860458613
Fox_education_Dewayne,chronos_bolt_small,28,0.0580552811507925,0.0920442057430598,5.540297980965236,0.0454223623654061
Fox_education_Dominique,chronos_bolt_small,28,0.0185808410088828,0.0261650611886269,1.8223120675340163,0.0145196286642241
Fox_education_Eddy,chronos_bolt_small,28,0.0490186838016252,0.0670609376908889,5.505651625367592,0.0392318028356911
Fox_education_Eldon,chronos_bolt_small,28,0.0173874187827676,0.0246218590887381,1.746514693146221,0.013939764724233
Fox_education_Elizabeth,chronos_bolt_small,28,0.0318233588929881,0.0509548831345025,3.180891296120304,0.0270240997370828
Fox_education_Elois,chronos_bolt_small,28,0.2281684054103232,0.3155599431374864,25.67407454215417,0.1901218635531666
Fox_education_Elvira,chronos_bolt_small,28,0.0416352306168666,0.0537087819238188,4.18690921866105,0.0325781254287709
Fox_education_Etta,chronos_bolt_small,28,0.0510761235431491,0.0963175109478728,6.611410239844162,0.0438404337970583
Fox_education_Gayla,chronos_bolt_small,28,0.0838992894832261,0.1078847274613399,8.48767486101253,0.0655463517340235
Fox_education_Geoffrey,chronos_bolt_small,28,0.0228197074659022,0.0326255012334529,2.2533866020731064,0.0182049650658433
Fox_education_Gloria,chronos_bolt_small,28,0.0174950625326925,0.0303760595935752,1.820554189988344,0.0143503649585313
Fox_education_Henrietta,chronos_bolt_small,28,0.1721779685956056,0.253413730466757,17.93345387928787,0.143937082366109
Fox_education_Heriberto,chronos_bolt_small,28,0.0444327419667295,0.0592850610014546,4.799995589034324,0.0358144182129055
Fox_education_Jaclyn,chronos_bolt_small,28,0.0401134036681426,0.0699394172274313,3.924174912961519,0.0344426787921001
Fox_education_Jacqueline,chronos_bolt_small,28,0.0653991357003544,0.1920058836107065,62.64108488566128,0.0717583809641979
Fox_education_Janina,chronos_bolt_small,28,0.0541748532499474,0.0897699140321547,5.549027312443671,0.0467383909383759
Fox_education_John,chronos_bolt_small,28,0.0605263759685671,0.082514052738601,6.004194559478765,0.0481571236374
Fox_education_Kendrick,chronos_bolt_small,28,0.1193891908474015,0.1660169480279975,16.129475604911196,0.1064578583946332
Fox_education_Kim,chronos_bolt_small,28,0.065754612273086,0.0823137355000002,7.120886421146411,0.0525779759274687
Fox_education_Kris,chronos_bolt_small,28,0.0796785049634317,0.1195413386774588,7.774370053972268,0.0651058326104163
Fox_education_Leona,chronos_bolt_small,28,0.0306082866941045,0.046139511574107,3.014448511784114,0.0251889677426262
Fox_education_Leota,chronos_bolt_small,28,0.0362181731875117,0.0507605046610946,3.624720372440561,0.0290976494688666
Fox_education_Lesley,chronos_bolt_small,28,0.1270567758442507,0.1987272219409456,13.22034366545149,0.0994311071441121
Fox_education_Lilly,chronos_bolt_small,28,0.0537179053864937,0.0838976762938082,5.246652761583212,0.0427614555421822
Fox_education_Long,chronos_bolt_small,28,0.0549733812257464,0.0838722193644159,5.935357105912527,0.0452533168143381
Fox_education_Louie,chronos_bolt_small,28,0.0663487408291598,0.0890568472907667,6.46173515395054,0.0517404158900052
Fox_education_Marcelina,chronos_bolt_small,28,0.1024518197735464,0.1832949916660404,15.74064426682408,0.0826339035552923
Fox_education_Maris,chronos_bolt_small,28,0.0447733984229672,0.0599156275019207,4.406974407977476,0.0353765222108974
Fox_education_Marlana,chronos_bolt_small,28,0.0274427758779178,0.0361267276413234,2.698734912504538,0.0212577778602965
Fox_education_Maureen,chronos_bolt_small,28,0.0278723769605327,0.0458869729370228,2.628282640528329,0.0221969622001346
Fox_education_Melinda,chronos_bolt_small,28,0.0267545644945652,0.0350564988408749,2.656445635404604,0.0209470866642647
Fox_education_Melvin,chronos_bolt_small,28,0.1245206129045635,0.2147502848083126,11.927047632536828,0.1031492893471005
Fox_education_Miguelina,chronos_bolt_small,28,0.0790717319888663,0.145178160458391,7.004646899576479,0.0594056574529809
Fox_education_Nilda,chronos_bolt_small,28,0.0441684378457553,0.0654900119196752,4.148330503564282,0.0347499296468029
Fox_education_Ollie,chronos_bolt_small,28,0.0671863473910628,0.0837099650025696,6.808210470149518,0.0518271167130756
Fox_education_Otilia,chronos_bolt_small,28,0.0094915682951841,0.0182008421652164,0.9607267013016452,0.0077629559327078
Fox_education_Ray,chronos_bolt_small,28,0.0706958357232662,0.0915134152775501,7.13627828492416,0.0543884747029508
Fox_education_Rosie,chronos_bolt_small,28,0.0280540840080643,0.0398994325446315,2.802606119113767,0.0219501145493327
Fox_education_Rudolph,chronos_bolt_small,28,0.112990502989344,0.1521493833989829,11.991072966144282,0.0913935860189455
Fox_education_Shaun,chronos_bolt_small,28,0.0528829937658066,0.0704441597618687,5.525499854130205,0.0433703318238367
Fox_education_Shawanda,chronos_bolt_small,28,0.1028655270027421,0.1406033408335402,10.980926658484336,0.0792497616149292
Fox_education_Shirley,chronos_bolt_small,28,0.0561564800254347,0.0766085572662654,5.662675816720843,0.0458674415912929
Fox_education_Stacia,chronos_bolt_small,28,0.0152475168124413,0.0234906723154741,1.506266868224872,0.0121339394846651
Fox_education_Sterling,chronos_bolt_small,28,0.0828093185188909,0.1225028368586882,8.7512335685193,0.0689500155506041
Fox_education_Suzan,chronos_bolt_small,28,0.0468595404236263,0.0632329522457565,4.525576318474357,0.036037241646189
Fox_education_Tamika,chronos_bolt_small,28,0.0763353501213235,0.1015813916691256,8.007774813069284,0.0613332075567353
Fox_education_Theodore,chronos_bolt_small,28,0.0114950695807223,0.0147852996446494,1.14371060028678,0.0088278147178333
Fox_education_Tonya,chronos_bolt_small,28,0.0294379978955041,0.0462794644997536,2.912143308232757,0.0236426712453846
Fox_education_Virgil,chronos_bolt_small,28,0.0293168240023373,0.036739307483313,2.920672380563194,0.0224660779353108
Fox_education_Virginia,chronos_bolt_small,28,0.1206557903881259,0.1650596220434316,13.31034437078672,0.097930773244677
Fox_education_Wendell,chronos_bolt_small,28,0.0095578921892931,0.0152630994348825,0.9573985090428468,0.0074862979678005
Fox_education_Willis,chronos_bolt_small,28,0.0109365579031512,0.0167788523846074,1.1003721574396246,0.008452568360964
Fox_education_Yolande,chronos_bolt_small,28,0.0144489797907732,0.0204662573187167,1.425074310884447,0.0111321009423316
Fox_food_Francesco,chronos_bolt_small,28,0.0742824383100441,0.1096344628940824,7.577326321101742,0.0607858313095866
Fox_food_Scott,chronos_bolt_small,28,0.0712526153921853,0.0966635636964598,7.173685691847656,0.0559576229150133
Fox_health_Lorena,chronos_bolt_small,28,0.0464458566333005,0.0684249518799685,4.775750355058881,0.0382350898375849
Fox_lodging_Alana,chronos_bolt_small,28,0.0395378889163717,0.0546742456126006,3.8936294593231566,0.0308397072768673
Fox_lodging_Angla,chronos_bolt_small,28,0.0590299306392926,0.0834554325607607,5.882834517698438,0.0479097151168089
Fox_lodging_Frances,chronos_bolt_small,28,0.0391524741235055,0.0539585098084692,3.870659574392099,0.0310306241593604
Fox_lodging_Helen,chronos_bolt_small,28,0.0433154340597297,0.0595571281723455,4.35358014925733,0.0352068304696812
Fox_lodging_Isabell,chronos_bolt_small,28,0.0129715459008791,0.0250620931867808,1.2966613392614976,0.0107113391422449
Fox_lodging_Jina,chronos_bolt_small,28,0.0281338036647323,0.0396508695642981,2.776951357791764,0.0220267886779788
Fox_lodging_Morris,chronos_bolt_small,28,0.0413875516630476,0.0560916326838818,4.106932924727625,0.0325361966699207
Fox_lodging_Stephan,chronos_bolt_small,28,0.0541315595853949,0.0730407514240168,5.344837338971304,0.0424108493294485
Fox_lodging_Stephen,chronos_bolt_small,28,0.0546124963391341,0.0715416487802927,5.345074974072885,0.042270634824689
Fox_lodging_Wallace,chronos_bolt_small,28,0.026840825784279,0.0403824588171308,2.717781082509386,0.0215535536724338
Fox_lodging_Warren,chronos_bolt_small,28,0.0606403719285557,0.0801797599933283,6.012954342546127,0.0479130103321233
Fox_lodging_Winifred,chronos_bolt_small,28,0.0284863752075262,0.0393402677545186,2.8535350715206014,0.0226651865533835
Fox_office_Alice,chronos_bolt_small,28,0.0177426935734367,0.024812001306069,1.7304530412120718,0.0138536078087861
Fox_office_Bernard,chronos_bolt_small,28,0.0249595871695395,0.035640934040037,2.4569485840044574,0.0197004694691283
Fox_office_Berniece,chronos_bolt_small,28,0.0508439561942164,0.0676254610387407,6.025543788387233,0.0461223515371461
Fox_office_Brandy,chronos_bolt_small,28,0.0783049627371273,0.1089465432929392,8.897891852072977,0.0613209391095637
Fox_office_Carson,chronos_bolt_small,28,0.0407449610412838,0.0555395641710835,4.044825490772552,0.0328369457345063
Fox_office_Clayton,chronos_bolt_small,28,0.0642614174230551,0.0880165244709291,6.753079804867887,0.0520302173409655
Fox_office_Demetrius,chronos_bolt_small,28,0.1624478449355699,0.2747067453487045,13.885024809399075,0.1358855503810828
Fox_office_Easter,chronos_bolt_small,28,0.0490423559883698,0.0687918752671389,4.754285543725686,0.0377104104258411
Fox_office_Edythe,chronos_bolt_small,28,0.0687557573884724,0.0989118221034694,6.653605598062609,0.0540027818305703
Fox_office_Essie,chronos_bolt_small,28,0.0596438795658444,0.1198978671655506,6.937307365367362,0.0545570028937512
Fox_office_Gaylord,chronos_bolt_small,28,0.0384383652576801,0.0543779164903844,3.66026163811592,0.0310992545399163
Fox_office_Israel,chronos_bolt_small,28,0.0377447524259866,0.0581979147550636,3.6709786068900665,0.0311742998317678
Fox_office_Joy,chronos_bolt_small,28,0.0226882004461881,0.0285177851057673,2.2880692857562277,0.0178156523657519
Fox_office_Juana,chronos_bolt_small,28,0.0785435506986904,0.1327199283253497,7.542288644427182,0.0654863820385266
Fox_office_Karima,chronos_bolt_small,28,0.0783826968021737,0.1208062850246251,10.498024315941995,0.0681524291471303
Fox_office_Margarita,chronos_bolt_small,28,0.053089045304526,0.0779176978329996,5.083257084137888,0.0419218102430565
Fox_office_Molly,chronos_bolt_small,28,0.1238167751606484,0.2029630195988396,12.280694605150016,0.097501847378081
Fox_office_Rowena,chronos_bolt_small,28,0.0790268110177262,0.1238608846874898,7.477760851953549,0.0607462735995675
Fox_office_Sheila,chronos_bolt_small,28,0.0933772229942789,0.1200771505253015,9.49094852813454,0.0721421488493149
Fox_office_Susanne,chronos_bolt_small,28,0.0940647936755885,0.1287430385872323,10.82355201604717,0.0791241483253444
Fox_office_Thelma,chronos_bolt_small,28,0.0297442853721177,0.0418926266030244,3.348066507232376,0.0271078807742505
Fox_office_Vicki,chronos_bolt_small,28,0.0285213353711071,0.0371150046910979,2.829274291630224,0.0226410510659751
Fox_office_Yong,chronos_bolt_small,28,0.0400145471977605,0.053451354874594,4.66123862243008,0.0350712729215972
Fox_office_Zachary,chronos_bolt_small,28,0.0977703388881225,0.1338518261330578,10.059924324496164,0.082074899790409
Fox_parking_Felipa,chronos_bolt_small,28,0.0297327100066717,0.0413357959729911,3.079440376306151,0.0240054022232148
Fox_parking_Lynelle,chronos_bolt_small,28,0.0592559570023893,0.0756628088573667,6.326001776052228,0.0463741843558269
Fox_parking_Tommie,chronos_bolt_small,28,0.0131204092093674,0.0222503209997273,1.303633104970603,0.0108256269243857
Fox_public_Bart,chronos_bolt_small,28,0.1053524232589334,0.1796063387003939,16.062518549803684,0.1135068200464725
Fox_public_Belle,chronos_bolt_small,28,0.0202655115372753,0.0295609511158347,2.003471132455874,0.015810697317292
Fox_public_Denny,chronos_bolt_small,28,0.0472005313065126,0.0647098008673058,4.711461510408255,0.0373699641590873
Fox_public_Lauren,chronos_bolt_small,28,0.0366395131089484,0.0535369215591016,3.852188048381281,0.0302421870468271
Fox_public_Martin,chronos_bolt_small,28,0.0266253809777893,0.0408331221610512,2.7742484273499484,0.0221488250836127
Fox_public_Rhonda,chronos_bolt_small,28,0.1090823379075997,0.1804262622813961,13.555668981694897,0.1068991988995824
Fox_religion_Maurice,chronos_bolt_small,28,0.5060823058674153,0.8034719063050384,77.4098189585723,0.5007348966944419
Fox_retail_Manie,chronos_bolt_small,28,0.2258244869123044,0.3125662634248626,24.28220108011941,0.1734694320583596
Fox_utility_Marian,chronos_bolt_small,28,0.1604933582639624,0.2658158531174741,20.834178742012902,0.1358887076015748
Fox_warehouse_Lorretta,chronos_bolt_small,28,0.6592287732054607,1.3930033951930476,350.4662807933203,304298167.2750742
Fox_warehouse_Pearl,chronos_bolt_small,28,0.2069960992030178,0.3024375873064699,20.26837023835476,0.1652964052016254
Gator_assembly_Blanca,chronos_bolt_small,28,0.2057735511008613,0.2892274725256036,30.33315431119505,0.2729840050727605
Gator_assembly_Daisy,chronos_bolt_small,28,0.0851825513757148,0.148979611513217,13.058547210450508,0.1186999617542845
Gator_assembly_Enid,chronos_bolt_small,28,0.1929673473601107,0.2397660570193738,22.389861161962106,0.1933963049843544
Gator_assembly_Gene,chronos_bolt_small,28,0.2205095091113775,0.3559062171897056,466.3981442076533,992219729.3175148
Gator_assembly_Joni,chronos_bolt_small,28,0.6848415241570812,1.5438703798369036,115.01198588851896,1.07935738575519
Gator_assembly_Kayleigh,chronos_bolt_small,28,0.2797926544548483,0.4737574530864054,467.9023539106781,486385995.8081623
Gator_assembly_Kimberly,chronos_bolt_small,28,0.1899829826535115,0.273245666001708,35.29150049246366,0.3292372827493273
Gator_assembly_Lelia,chronos_bolt_small,28,0.1138681645231853,0.1765105614555694,15.86345280558257,0.1449217324299193
Gator_assembly_Loyce,chronos_bolt_small,28,0.1281767895922278,0.2603231242424063,29.51703438100082,0.2764888789422638
Gator_assembly_Lucia,chronos_bolt_small,28,0.3160763597826825,0.3858544990600734,366.4921296188018,166554543.09713817
Gator_assembly_Marjorie,chronos_bolt_small,28,0.1766951666686513,0.2601814226021177,37.38400507983332,0.3439969823707739
Gator_assembly_Maurine,chronos_bolt_small,28,0.6639819941267889,0.9043950418246413,126.988264798753,1.1269128441318337
Gator_assembly_Regina,chronos_bolt_small,28,0.1294842701558185,0.2065097565304067,27.2898396681697,0.2462568176897377
Gator_office_August,chronos_bolt_small,28,0.0128231556802985,0.034298304846645,1.2823155680298557,0.0110974138751916
Gator_office_Betty,chronos_bolt_small,28,0.2268597098533654,0.4128374182459277,45.992119418888485,0.419026507392172
Gator_office_Hunter,chronos_bolt_small,28,0.1490308052872266,0.2989063869583437,403.295461547737,1725983796.3875282
Gator_office_Julie,chronos_bolt_small,28,0.2866745413289821,0.3744241939619782,57.31049967864104,0.5023723080941
Gator_office_Lisa,chronos_bolt_small,28,0.08557120684269,0.1965926869714062,23.705194962436615,0.2275131746919886
Gator_office_Lucy,chronos_bolt_small,28,0.0890833892007052,0.1796122399181014,19.147345539786244,0.1767387791248323
Gator_other_Cassandra,chronos_bolt_small,28,0.2926546428758256,0.4584023288213947,34.63788414867607,0.3011253793656045
Gator_other_Elfriede,chronos_bolt_small,28,0.1585123767326085,0.2427747572986367,41.69320871388853,0.3873776497351978
Gator_other_Gertrude,chronos_bolt_small,28,0.2425460741698284,0.3425886414760905,68.8244251338356,0.6234821448948177
Gator_other_Minda,chronos_bolt_small,28,0.5277217056379758,0.6982873844592116,94.42811404803618,0.8479937763310359
Gator_other_Reginald,chronos_bolt_small,28,0.2065260171167367,0.2812835284923135,37.608748689756254,0.3358770137045955
Gator_other_Russel,chronos_bolt_small,28,0.3723041364075828,0.4749624620669699,362.6667275653768,296302497.0017873
Gator_public_Alexandra,chronos_bolt_small,28,0.3897069863455341,0.5280431503527205,619.1759627713966,1342183366.748481
Gator_public_Beulah,chronos_bolt_small,28,0.1353910343863563,0.2196983499413833,28.998483163193733,0.2660724572993021
Gator_public_Cheri,chronos_bolt_small,28,0.0854472990364964,0.1043361839728694,8.912158368039076,0.0782885973298661
Gator_public_Clara,chronos_bolt_small,28,0.3023026031931908,0.445720011921203,185.7279192113529,1.69094644365647
Gator_public_Dale,chronos_bolt_small,28,0.1633383583696829,0.2245214121434238,28.787064342306667,0.2548378391568154
Gator_public_Dewey,chronos_bolt_small,28,0.1360938058238496,0.2742631917311284,378.9132423374163,242384879.38863915
Gator_public_Dionna,chronos_bolt_small,28,0.0940954946644405,0.124586088813549,9.622576613972484,0.0856290188150778
Gator_public_Erika,chronos_bolt_small,28,0.1031826206087615,0.1357870767650306,11.118773557951387,0.0966382640642303
Gator_public_Everette,chronos_bolt_small,28,0.1859893908133755,0.261563716659661,30.66814122160916,0.2796784920451143
Gator_public_Geraldine,chronos_bolt_small,28,0.1340737023367877,0.24233373562325,26.374204066638807,0.2445668995160943
Gator_public_Janna,chronos_bolt_small,28,0.1263380472523222,0.2406982245458594,26.80373905263835,0.2498057345365313
Gator_public_Jayme,chronos_bolt_small,28,0.0609534594616781,0.0810019327153025,6.733976273736333,0.0611104593039348
Gator_public_Kendall,chronos_bolt_small,28,0.133585670415598,0.1581579899105204,13.887992681737316,0.1171811854785399
Gator_public_Kenny,chronos_bolt_small,28,0.3135395531208623,0.3764248600673178,36.24698164996464,0.3105997201790212
Gator_public_Latasha,chronos_bolt_small,28,0.1206020641068536,0.1647012907957886,13.652299039738017,0.1230289657426426
Gator_public_Leroy,chronos_bolt_small,28,0.1604621121319102,0.1971398184900538,20.57217782137291,0.1731529943780531
Gator_public_Lindsey,chronos_bolt_small,28,0.1224139518237403,0.1583056114173233,14.044248709712978,0.1236725878565617
Gator_public_Marcie,chronos_bolt_small,28,0.1445573090103059,0.2216048443531266,14.974287463098529,0.129555108680853
Gator_public_Marissa,chronos_bolt_small,28,0.0946278879632438,0.1160535183885211,9.387532606278574,0.0809489527891035
Gator_public_Maude,chronos_bolt_small,28,0.1039948686918364,0.2169533857465087,27.21884820939065,0.2572460032220713
Gator_public_Natasha,chronos_bolt_small,28,0.1583473819501562,0.2237656551555548,35.39210997559699,0.3043099028776469
Gator_public_Nettie,chronos_bolt_small,28,0.148560147627848,0.2210370007855195,23.73494130420821,0.2110268389639498
Gator_public_Noe,chronos_bolt_small,28,0.1288385162804397,0.1623790043221241,14.120649566553286,0.1196257183335213
Gator_public_Philip,chronos_bolt_small,28,0.1911442686875475,0.245940089003304,260.57403576830563,45498899.92405103
Gator_public_Randall,chronos_bolt_small,28,0.141147711525818,0.273275138773255,34.6119009611541,0.3234796944599495
Gator_public_Ross,chronos_bolt_small,28,0.2129962234882423,0.293569696929768,35.04642937468449,0.3210249598579847
Gator_public_Tiffany,chronos_bolt_small,28,0.1083167023172519,0.1799041704647159,28.298800661235063,0.2680065084093088
Gator_warehouse_Constance,chronos_bolt_small,28,0.2788276317533018,0.4179810231006112,555.2968741294385,786743551.8835061
Gator_warehouse_Stacie,chronos_bolt_small,28,0.2605569391025641,0.4573227014088107,59.17186349803034,0.5601850138925285
Hog_assembly_Colette,chronos_bolt_small,28,0.1731891693238733,0.2336746637550998,19.68881859779063,0.1409992577779583
Hog_assembly_Dona,chronos_bolt_small,28,0.1035108646196912,0.1359677256749104,11.040348648143526,0.08250865453481
Hog_assembly_Edward,chronos_bolt_small,28,0.1350279736320458,0.2522509641305202,12.36511395570639,0.1133364393027047
Hog_assembly_Jasmine,chronos_bolt_small,28,0.0495166043990258,0.0624735379739714,5.06984406996546,0.0386879643756343
Hog_assembly_Letha,chronos_bolt_small,28,0.1075302849587408,0.1787432389265793,9.326892145824765,0.0786479586636121
Hog_assembly_Maribel,chronos_bolt_small,28,0.0550564934944064,0.0759201834456397,5.524293664673804,0.0428872623251697
Hog_assembly_Pedro,chronos_bolt_small,28,0.2605665946573257,0.3689555976228919,30.055944333100864,0.2212502635449384
Hog_education_Beth,chronos_bolt_small,28,0.0481785515846211,0.0660706295075447,4.614425754196279,0.0383912548600564
Hog_education_Bruno,chronos_bolt_small,28,0.0180525534177874,0.0263221920274501,1.7464306639380185,0.014243317827391
Hog_education_Caridad,chronos_bolt_small,28,0.0399888113986945,0.0666947278185404,3.858832473887767,0.0370912778828926
Hog_education_Casandra,chronos_bolt_small,28,0.1162734536509164,0.1906526779850355,10.880884306053256,0.0912235909652003
Hog_education_Cathleen,chronos_bolt_small,28,0.0345606232504731,0.0534305227477173,3.476876706364134,0.027066594151822
Hog_education_Darryl,chronos_bolt_small,28,0.1065659463326339,0.1473806835184302,10.250798455088264,0.0843695515362813
Hog_education_Donnie,chronos_bolt_small,28,0.2920335921372345,0.4464642839561384,34.33266249474025,0.2571561470266277
Hog_education_George,chronos_bolt_small,28,0.0249228757657996,0.0330376071198804,2.473107653796098,0.0195935665745825
Hog_education_Hallie,chronos_bolt_small,28,0.0201857209624499,0.0273828276512858,2.0118696198551937,0.0160352951171124
Hog_education_Haywood,chronos_bolt_small,28,0.0120142812569779,0.020904400018252,1.207377268044058,0.009673357911555
Hog_education_Janell,chronos_bolt_small,28,0.0708876377073089,0.1084718762393284,6.900353109474356,0.0586958233360279
Hog_education_Jared,chronos_bolt_small,28,0.1029994600243287,0.1537214103041777,10.20495444034939,0.0802512818384864
Hog_education_Jewel,chronos_bolt_small,28,0.1260471341498305,0.1897553145561824,14.097338807810612,0.1101540869259387
Hog_education_Jordan,chronos_bolt_small,28,0.0768726739850576,0.1187407745517998,7.821104051489473,0.061845435869886
Hog_education_Josh,chronos_bolt_small,28,0.103303287010843,0.1427364548877648,10.149661346106209,0.0815429952774453
Hog_education_Leandro,chronos_bolt_small,28,0.0279248180576546,0.0426389850864805,2.7459329218659123,0.0220946039129253
Hog_education_Luvenia,chronos_bolt_small,28,0.0684241592484638,0.1074436144303722,6.773002183041925,0.0541637290203583
Hog_education_Madge,chronos_bolt_small,28,0.0705953088038607,0.0944244485544106,7.3963590012864735,0.0569949163567108
Hog_education_Odell,chronos_bolt_small,28,0.0220230079227218,0.0367466842647829,2.1254379031716235,0.0184908245951223
Hog_education_Rachael,chronos_bolt_small,28,0.0639440093772729,0.0922248690208825,6.531120609264107,0.0521887846548805
Hog_education_Robert,chronos_bolt_small,28,0.0798694903122799,0.1042303046836022,8.3502366561606,0.0638269844084917
Hog_education_Roberto,chronos_bolt_small,28,0.0387266725448331,0.054897611279275,4.2065277526226765,0.0324968436603159
Hog_education_Sonia,chronos_bolt_small,28,0.0169789439635936,0.0254384862375501,1.6722876950424423,0.0134150702522426
Hog_education_Wayne,chronos_bolt_small,28,0.0432400717750743,0.0591388758601988,4.223383625322236,0.0340728302908011
Hog_food_Morgan,chronos_bolt_small,28,0.0641274303840063,0.090860368455508,6.432172714651818,0.052399636549986
Hog_health_Hisako,chronos_bolt_small,28,0.0187832380107895,0.0254784035360192,1.8462407898967792,0.014850947806989
Hog_health_Jenny,chronos_bolt_small,28,0.0336149889635316,0.0457034187538081,3.2955467727696,0.0264767342852892
Hog_health_Kesha,chronos_bolt_small,28,0.0175637312344732,0.0266429068321277,1.7245976061760446,0.0141614395178518
Hog_industrial_Jay,chronos_bolt_small,28,0.0563057266084461,0.0931077923014446,5.479144446589049,0.0471430090045303
Hog_industrial_Jeremy,chronos_bolt_small,28,0.1505078164130633,0.2505422120614824,19.994049259281294,0.1293175125247347
Hog_industrial_Joanne,chronos_bolt_small,28,0.1402121667119683,0.2214569839520598,14.557633057385935,0.1154353075527769
Hog_industrial_Mariah,chronos_bolt_small,28,0.0972278481201397,0.139622962143612,9.21060034390867,0.0758038443099263
Hog_industrial_Quentin,chronos_bolt_small,28,0.1659911156131056,0.2853966778935464,14.547350271195851,0.1243981520661594
Hog_lodging_Brian,chronos_bolt_small,28,0.0502852813750325,0.0675957373948571,4.90218252703978,0.0400263534204976
Hog_lodging_Celeste,chronos_bolt_small,28,0.059129811092186,0.0780419412802622,5.998319034310316,0.047177189698225
Hog_lodging_Edgar,chronos_bolt_small,28,,,131745686189.13846,15280308.245005636
Hog_lodging_Francisco,chronos_bolt_small,28,0.0428762244833564,0.0566085662362917,4.30052874910924,0.0339516325600557
Hog_lodging_Hal,chronos_bolt_small,28,0.0487941289777773,0.0822241094391728,4.779940881526019,0.0391276429106952
Hog_lodging_Mauricio,chronos_bolt_small,28,0.0502689450766584,0.0749086647114155,4.915396369361052,0.0407477445831443
Hog_lodging_Nikki,chronos_bolt_small,28,0.0807083554457795,0.1225296408502314,7.720332863726692,0.0632649331150516
Hog_lodging_Ora,chronos_bolt_small,28,0.0439778437479102,0.0661079010242509,4.879874079339473,0.0372291478605266
Hog_lodging_Retha,chronos_bolt_small,28,0.0566769506477075,0.0943497152641794,5.572280200266843,0.0456597010568423
Hog_lodging_Shanti,chronos_bolt_small,28,0.1084543683621941,0.1782425167834628,9.63307871832569,0.0857725055171035
Hog_lodging_Shonda,chronos_bolt_small,28,0.0463658225363172,0.0634494924754851,4.424464990114228,0.0363199168813995
Hog_office_Alexis,chronos_bolt_small,28,0.2045436934448437,0.3595493923455868,18.393232763821008,0.1672152066120645
Hog_office_Alisha,chronos_bolt_small,28,0.0478276620043471,0.0607731495398762,4.868302543077179,0.0374446447116082
Hog_office_Almeda,chronos_bolt_small,28,0.1061171073367186,0.1688090122115136,10.834623629240594,0.0931733784498408
Hog_office_Bessie,chronos_bolt_small,28,0.0548204253611556,0.0740188907831011,5.3160445451898175,0.0420219336098383
Hog_office_Betsy,chronos_bolt_small,28,0.1925287603511286,0.2945561710275626,18.66469987532518,0.1625050754952257
Hog_office_Bill,chronos_bolt_small,28,0.1633595666792112,0.2462189378678208,18.452956960083014,0.1386942496428061
Hog_office_Bryan,chronos_bolt_small,28,0.0495891834151552,0.0656339014767731,5.298527652178111,0.0398265856502905
Hog_office_Byron,chronos_bolt_small,28,0.013088750977156,0.0164833139120608,1.2860909450423013,0.0102765182161819
Hog_office_Candi,chronos_bolt_small,28,0.0312709061585933,0.0436043395399056,3.1212886520726637,0.0254385509349779
Hog_office_Carri,chronos_bolt_small,28,0.0571994713735655,0.0814316447409753,5.569915115016339,0.0456300539597613
Hog_office_Catalina,chronos_bolt_small,28,0.0646509393799532,0.0873465937116066,7.101757596924239,0.0543173074620575
Hog_office_Catharine,chronos_bolt_small,28,0.136645137582993,0.2341468168257306,12.404179353223745,0.1066479666959155
Hog_office_Charla,chronos_bolt_small,28,0.0149734820365685,0.0204237835056555,1.495064834726559,0.0122445555686957
Hog_office_Clemencia,chronos_bolt_small,28,0.0276338625140927,0.0364195636783363,2.69272688343202,0.0214021496439553
Hog_office_Concetta,chronos_bolt_small,28,0.1643882385730211,0.2972526994155582,14.914987151882311,0.1357739552706778
Hog_office_Cordelia,chronos_bolt_small,28,0.0979434822135867,0.1480882915314727,9.753911253705574,0.079926732310833
Hog_office_Corey,chronos_bolt_small,28,0.0649155194054784,0.0974250629354171,8.200953765460994,0.0612024846451721
Hog_office_Corie,chronos_bolt_small,28,0.070502607184241,0.1017010073010363,6.633585957227621,0.0563107263349653
Hog_office_Cornell,chronos_bolt_small,28,0.0709363758332944,0.0996213233759855,6.841366221933291,0.0555016234268151
Hog_office_Cortney,chronos_bolt_small,28,0.3883029730076403,1.3348013300701278,3211.540186432477,3464925988.0637155
Hog_office_Darline,chronos_bolt_small,28,0.0219826082094807,0.0351270567078738,2.263809196948936,0.0180476706375478
Hog_office_Denita,chronos_bolt_small,28,0.0486322703791709,0.0680893617352038,5.231396181048345,0.0408895984003166
Hog_office_Elizbeth,chronos_bolt_small,28,0.0234980344519782,0.031577676608416,2.291323149198382,0.0182579445511014
Hog_office_Elke,chronos_bolt_small,28,0.0572853582409391,0.0766980682669432,5.977475459270163,0.0459245463202144
Hog_office_Elnora,chronos_bolt_small,28,0.0641550839055937,0.0867793451578972,6.353691500420108,0.0503409427953206
Hog_office_Eloise,chronos_bolt_small,28,0.0224121989578437,0.0554448751869724,3.370198139352861,0.0203921717354607
Hog_office_Elsy,chronos_bolt_small,28,0.0619995154492615,0.0879770111729947,5.918520972631296,0.0476431723075088
Hog_office_Emmanuel,chronos_bolt_small,28,0.0474855906944136,0.0638269622284337,4.5683012555243705,0.036802092095901
Hog_office_Garrett,chronos_bolt_small,28,0.1751674447365157,0.2494194063748965,17.430505628123136,0.1468785004628723
Hog_office_Guadalupe,chronos_bolt_small,28,0.0658691084700053,0.0979323270324401,6.535507976881963,0.0552768873284873
Hog_office_Gustavo,chronos_bolt_small,28,0.0205613753144155,0.0305712969973076,2.1809165783471567,0.0168288680087546
Hog_office_Joey,chronos_bolt_small,28,0.1604540693531688,0.2588027242888833,15.176636627534217,0.1310749851906637
Hog_office_Josefina,chronos_bolt_small,28,0.0283071581136047,0.0416563817444579,2.691365007587531,0.0225247465894609
Hog_office_Lanell,chronos_bolt_small,28,0.0629858134356772,0.0875257675198001,6.533203683610419,0.0508915223673549
Hog_office_Lavon,chronos_bolt_small,28,0.3402736764783476,0.7342238679856827,103.00961100385256,0.4299286465370474
Hog_office_Leanne,chronos_bolt_small,28,0.0223187411557546,0.0293430635828218,2.200679691632709,0.0174751981070842
Hog_office_Leon,chronos_bolt_small,28,0.1625402782395212,0.2266409142680383,17.785826373576814,0.1283001600542572
Hog_office_Lizzie,chronos_bolt_small,28,0.0911538131544687,0.1262482509880491,9.946357082040716,0.0748261373830314
Hog_office_Mack,chronos_bolt_small,28,0.042334973592057,0.055256657429547,4.190033252355693,0.0324877385978495
Hog_office_Man,chronos_bolt_small,28,0.048900380820822,0.0625256815355647,4.942011296969919,0.0383090673797608
Hog_office_Mari,chronos_bolt_small,28,0.1470622553883281,0.2440316780405152,13.472917300742496,0.1207229863186182
Hog_office_Marilyn,chronos_bolt_small,28,0.0585699055821883,0.097685605375074,5.47204654606622,0.0457374794626885
Hog_office_Marlena,chronos_bolt_small,28,0.0518263231113474,0.0704704525346701,7.708975776169182,0.0524460933401786
Hog_office_Marlene,chronos_bolt_small,28,0.063666356670763,0.0856736887439062,6.668780826745724,0.0507545807787651
Hog_office_Mary,chronos_bolt_small,28,0.0407176706618115,0.0524895416534928,4.479524878204589,0.0339929593134545
Hog_office_Merilyn,chronos_bolt_small,28,0.0854702095491033,0.126448092986207,8.760237423499564,0.0705305562728282
Hog_office_Migdalia,chronos_bolt_small,28,0.0867633358150206,0.1204538631320349,8.742453438667873,0.069051105445676
Hog_office_Mike,chronos_bolt_small,28,0.0662724546445343,0.1028155875846341,6.511814946340243,0.0531665452553637
Hog_office_Miriam,chronos_bolt_small,28,0.0728329847704381,0.0978361465615534,7.461588712370528,0.0588004109049147
Hog_office_Myles,chronos_bolt_small,28,0.0457210871813418,0.0748985954974568,4.762290341775795,0.0402968349070718
Hog_office_Nancie,chronos_bolt_small,28,0.0769457083172786,0.1088045468648529,7.665183741746332,0.0607905349522388
Hog_office_Napoleon,chronos_bolt_small,28,0.0419679173950035,0.0563246324408261,4.448654961296325,0.0343895925771105
Hog_office_Nia,chronos_bolt_small,28,0.134044602576175,0.2057693054789884,12.231150205148976,0.1052879870817165
Hog_office_Patrick,chronos_bolt_small,28,0.1043018156324092,0.1520618891792307,10.21636483780994,0.0822762125913534
Hog_office_Randi,chronos_bolt_small,28,0.0908222598732243,0.178497084894757,7.445186149730347,0.0657454954539124
Hog_office_Richelle,chronos_bolt_small,28,0.0282681366285448,0.0368633956481377,2.907745067146348,0.0232370881486307
Hog_office_Roger,chronos_bolt_small,28,0.0527369265023076,0.0996583782850917,7.332746890659394,0.0443169079833545
Hog_office_Rolando,chronos_bolt_small,28,0.0109877741667721,0.014341703422844,1.0949220612420176,0.0087244472853776
Hog_office_Sarah,chronos_bolt_small,28,0.0198591490963903,0.0307250426631275,2.010172850814224,0.016241232527376
Hog_office_Shawna,chronos_bolt_small,28,0.0574421069974059,0.0818434433901042,7.098791904643013,0.0535761920625846
Hog_office_Shawnna,chronos_bolt_small,28,0.081775844327894,0.1164536552525301,8.030054411376781,0.0672191925936672
Hog_office_Sherrie,chronos_bolt_small,28,0.0641638371296184,0.0852326753943343,7.093465332350231,0.0541810139050053
Hog_office_Shon,chronos_bolt_small,28,0.0373516674593448,0.0536842483727132,3.49616717195361,0.0282071830426381
Hog_office_Simon,chronos_bolt_small,28,0.0921851349646821,0.1230829760027838,10.538304020276687,0.0773451590697929
Hog_office_Sonny,chronos_bolt_small,28,0.0884154748117848,0.12217209634502,8.59208058381563,0.0680606450645858
Hog_office_Sung,chronos_bolt_small,28,0.0345023124390417,0.0470878209126836,3.366145142551181,0.0274356518736878
Hog_office_Sydney,chronos_bolt_small,28,0.0236164475300291,0.0315187256261095,2.313662052704995,0.0187396104866801
Hog_office_Terry,chronos_bolt_small,28,0.2128840443849995,0.3079015409146128,22.21906572958741,0.1786356992412638
Hog_office_Thomas,chronos_bolt_small,28,0.3631610230158907,0.7189468047962926,99.30141075542028,0.3234311745321697
Hog_office_Valda,chronos_bolt_small,28,0.0802225716396234,0.1083483464660026,7.712313070275945,0.0601761417421824
Hog_office_Vera,chronos_bolt_small,28,0.0555697659547256,0.0758018496618344,6.231094662827414,0.0454535770420263
Hog_other_Noma,chronos_bolt_small,28,0.0263785176268905,0.0360705843182449,2.6301638030766563,0.0210109484494445
Hog_other_Tobias,chronos_bolt_small,28,0.091909722737039,0.1384885258963664,8.984533162218819,0.0730908988792776
Hog_parking_Antoinette,chronos_bolt_small,28,0.125842245348168,0.1723422175837259,12.300555455641176,0.0990524965922053
Hog_parking_Bernardo,chronos_bolt_small,28,0.0402977209853774,0.0539190745093431,3.976579574359932,0.031237022305926
Hog_parking_Cliff,chronos_bolt_small,28,0.0907905774254562,0.1297773915122792,8.988659413583015,0.0711451918814089
Hog_parking_Jean,chronos_bolt_small,28,0.135523735888868,0.325762610317678,11.903663864945724,0.1041513666697684
Hog_parking_Jeana,chronos_bolt_small,28,0.1761120527019567,0.2989223859045712,14.692685948382843,0.1376452857468911
Hog_parking_Marcus,chronos_bolt_small,28,0.0451537579632684,0.0621071694013139,4.422768773504746,0.0359998816394066
Hog_parking_Shannon,chronos_bolt_small,28,0.0488214411501614,0.0835925227004295,4.543160361740404,0.0392953761699794
Hog_public_Brad,chronos_bolt_small,28,0.0230808082941843,0.0343572913451858,2.338565035927967,0.018886543574017
Hog_public_Crystal,chronos_bolt_small,28,0.088264258568395,0.1321652521411401,8.16722829317606,0.0703864779578435
Hog_public_Gerard,chronos_bolt_small,28,0.0422451979534779,0.0666455126382807,4.956572293136977,0.0358151548106893
Hog_public_Kevin,chronos_bolt_small,28,0.1876388305417771,0.3517850042885462,19.59026282665845,0.1480577870768147
Hog_public_Octavia,chronos_bolt_small,28,0.0273308819139471,0.045012837413434,2.676091340402257,0.0221879130670018
Hog_science_Max,chronos_bolt_small,28,0.0148718529422866,0.0195451921733814,1.4626064076708605,0.0115123854058457
Hog_services_Adrianna,chronos_bolt_small,28,0.0489931939663963,0.0892508168280822,4.50348264762259,0.0408060198848746
Hog_services_Joe,chronos_bolt_small,28,0.1238294983452086,0.1648522377879939,13.301718770342976,0.0982802146270055
Hog_services_Kerrie,chronos_bolt_small,28,0.0875528549183802,0.1319535966653646,8.716258134857915,0.0714269250437711
Hog_services_Marshall,chronos_bolt_small,28,0.0756241601470052,0.106067147028777,7.375503960940148,0.0588567441921091
Hog_warehouse_Louise,chronos_bolt_small,28,0.1512588379260333,0.2364037109812422,15.686752907437873,0.1201864510694567
Hog_warehouse_Porsha,chronos_bolt_small,28,0.0524676444267301,0.1144579868400724,19.2843620625946,0.0473850795742058
Hog_warehouse_Rosanna,chronos_bolt_small,28,0.0770290755539052,0.1478790380444657,7.030160481823248,0.0613522181250049
Lamb_assembly_Bertie,chronos_bolt_small,28,0.3050778476903161,0.4531660550644289,36.441156815176,0.2532878499090072
Lamb_assembly_Cesar,chronos_bolt_small,28,0.0027204241071428,0.0027204241071428,0.2720424107142867,0.001935080876426
Lamb_assembly_Cherie,chronos_bolt_small,28,0.061169291096627,0.0865612332970765,6.679672285458185,0.0489585261231293
Lamb_assembly_Corliss,chronos_bolt_small,28,0.0018208821614582,0.0018208821614582,0.1820882161458246,0.0017989358784239
Lamb_assembly_Dillon,chronos_bolt_small,28,0.323589176707018,0.7711212071757635,28.025091841274907,0.1901165812253026
Lamb_assembly_Dorathy,chronos_bolt_small,28,0.0018208821614582,0.0018208821614582,0.1820882161458246,0.0018208821614582
Lamb_assembly_Dorothy,chronos_bolt_small,28,0.1049065583141542,0.1788649202870986,9.144723090630244,0.0825878401414252
Lamb_assembly_Elinor,chronos_bolt_small,28,0.2801999793780796,0.6131923575914928,46.59196741805789,0.2313374660399036
Lamb_assembly_Isa,chronos_bolt_small,28,0.0013580322265624,0.0013580322265624,0.1358032226562452,0.0012332421761971
Lamb_assembly_Jerry,chronos_bolt_small,28,0.3305227936701338,0.7445281261481477,819.8839420823557,82.50172794282858
Lamb_assembly_Katelyn,chronos_bolt_small,28,0.2308903920135441,0.3662905950015032,21.041259005662244,0.1879831534291381
Lamb_assembly_Kurt,chronos_bolt_small,28,0.0013580322265624,0.0013580322265624,0.1358032226562452,0.0012332421761971
Lamb_assembly_Librada,chronos_bolt_small,28,0.1646930429399084,0.3017570587561897,15.000138551890632,0.1278003555132205
Lamb_assembly_Louis,chronos_bolt_small,28,0.1888163783135921,0.3419419356382495,87.30218174204586,0.2222735284638174
Lamb_assembly_Nicole,chronos_bolt_small,28,0.0013580322265624,0.0013580322265624,0.1358032226562452,0.0013498730129665
Lamb_assembly_Ossie,chronos_bolt_small,28,0.00054931640625,0.00054931640625,0.054931640625002,0.00054931640625
Lamb_assembly_Rosa,chronos_bolt_small,28,0.5968707141205727,1.0648361660183236,290.75958794981653,0.8664223776806145
Lamb_assembly_Steven,chronos_bolt_small,28,0.00054931640625,0.00054931640625,0.054931640625002,0.00054931640625
Lamb_assembly_Tasha,chronos_bolt_small,28,0.0018208821614582,0.0018208821614582,0.1820882161458246,0.0018208821614582
Lamb_assembly_Tawana,chronos_bolt_small,28,0.00054931640625,0.00054931640625,0.054931640625002,0.00054931640625
Lamb_assembly_Theresa,chronos_bolt_small,28,0.0013580322265624,0.0013580322265624,0.1358032226562452,0.0013498730129665
Lamb_assembly_Walter,chronos_bolt_small,28,0.0013580322265624,0.0013580322265624,0.1358032226562452,0.0012332421761971
Lamb_education_Aldo,chronos_bolt_small,28,0.0013580322265624,0.0013580322265624,0.1358032226562452,0.0012332421761971
Lamb_education_Antonio,chronos_bolt_small,28,0.1295489242128314,0.2510456436976153,14.927763366922765,0.1258494639661933
Lamb_education_Armando,chronos_bolt_small,28,0.0976522401387029,0.2130898306411997,10.980637808548568,0.0944826544137904
Lamb_education_Augustine,chronos_bolt_small,28,0.0018208821614582,0.0018208821614582,0.1820882161458246,0.0017989358784239
Lamb_education_Bert,chronos_bolt_small,28,0.1444987124054174,0.3447043358206331,20.5037057886179,0.1763260256509547
Lamb_education_Bettye,chronos_bolt_small,28,0.0013580322265624,0.0013580322265624,0.1358032226562452,0.0013498730129665
Lamb_education_Carlton,chronos_bolt_small,28,0.1341867733625588,0.3016724291113737,17.656262971166452,0.1504866204463313
Lamb_education_Chet,chronos_bolt_small,28,0.0013580322265624,0.0013580322265624,0.1358032226562452,0.0012332421761971
Lamb_education_Daniel,chronos_bolt_small,28,0.1261516540612054,0.2864011170744795,16.11076217306628,0.1368863903230315
Lamb_education_Darrel,chronos_bolt_small,28,0.0895262810534026,0.2047618064027629,11.347592932455033,0.0969539254679096
Lamb_education_Debby,chronos_bolt_small,28,0.0013580322265624,0.0013580322265624,0.1358032226562452,0.0013580322265624
Lamb_education_Dolly,chronos_bolt_small,28,0.2473461791500485,0.6821089999670479,1474.4678872345005,716.3182011953041
Lamb_education_Domitila,chronos_bolt_small,28,0.0886043999906083,0.1922941417016574,9.671846606243903,0.0859408186131871
Lamb_education_Dwayne,chronos_bolt_small,28,0.130615720587724,0.3334960633789518,19.39064411217397,0.165409108727512
Lamb_education_Ellen,chronos_bolt_small,28,0.0018208821614582,0.0018208821614582,0.1820882161458246,0.0017989358784239
Lamb_education_Emery,chronos_bolt_small,28,0.1393012785828523,0.3464470380886477,774.6112696497479,70.88835812007898
Lamb_education_Emilie,chronos_bolt_small,28,0.1474941801885825,0.2668071353465729,21.8084751173324,0.1657876532081685
Lamb_education_Eula,chronos_bolt_small,28,0.0013580322265624,0.0013580322265624,0.1358032226562452,0.0013498730129665
Lamb_education_Faith,chronos_bolt_small,28,0.124760331311822,0.2654707114292385,15.937109891647902,0.1296948004244383
Lamb_education_Felicia,chronos_bolt_small,28,0.270640515455036,0.5727525750327248,1111.986209750979,206.6569790418512
Lamb_education_Felipe,chronos_bolt_small,28,0.1162823202086883,0.2429234626022121,13.956834072751224,0.1201738791641507
Lamb_education_Fred,chronos_bolt_small,28,0.1540156963075646,0.3514591137220035,20.530523500139555,0.1737216692374798
Lamb_education_Freddy,chronos_bolt_small,28,0.0013580322265624,0.0013580322265624,0.1358032226562452,0.0012332421761971
Lamb_education_Gabriel,chronos_bolt_small,28,0.0013580322265624,0.0013580322265624,0.1358032226562452,0.0013580322265624
Lamb_education_Gabrielle,chronos_bolt_small,28,0.2439420788356918,0.3870702718364227,41.92746743297786,0.2598955393988104
Lamb_education_Garry,chronos_bolt_small,28,0.0018208821614582,0.0018208821614582,0.1820882161458246,0.0017989358784239
Lamb_education_Harold,chronos_bolt_small,28,0.0018208821614582,0.0018208821614582,0.1820882161458246,0.0017989358784239
Lamb_education_Heidi,chronos_bolt_small,28,0.1965165417669877,0.5811127787239228,1140.7377155798083,338.6577151773411
Lamb_education_Hellen,chronos_bolt_small,28,0.1496808156790502,0.2852714738105233,14.396198009090172,0.1251446299907389
Lamb_education_Hilary,chronos_bolt_small,28,0.0018208821614582,0.0018208821614582,0.1820882161458246,0.0017989358784239
Lamb_education_Hillary,chronos_bolt_small,28,0.0013580322265624,0.0013580322265624,0.1358032226562452,0.0013498730129665
Lamb_education_Hubert,chronos_bolt_small,28,0.0017726732336956,0.0017726732336956,0.1772673233695668,0.0017726732336956
Lamb_education_Hui,chronos_bolt_small,28,0.0012428977272727,0.0012428977272727,0.1242897727272787,0.0012428977272727
Lamb_education_Ira,chronos_bolt_small,28,0.0018208821614582,0.0018208821614582,0.1820882161458246,0.0017989358784239
Lamb_education_Isabelle,chronos_bolt_small,28,0.0002983940972222,0.0002983940972222,0.0298394097222249,0.0002983940972222
Lamb_education_Jane,chronos_bolt_small,28,0.1999963307332762,0.6130116322299307,1240.3238433407291,282.30033722464543
Lamb_education_Junior,chronos_bolt_small,28,0.1082300619946606,0.2519256184882057,14.22257985642622,0.1188366830170587
Lamb_education_Kasha,chronos_bolt_small,28,0.0013580322265624,0.0013580322265624,0.1358032226562452,0.0013498730129665
Lamb_education_Kayla,chronos_bolt_small,28,0.2314556444306208,0.5912837878689462,1293.926038094108,963.4460249928962
Lamb_education_Larissa,chronos_bolt_small,28,0.0018208821614582,0.0018208821614582,0.1820882161458246,0.0017989358784239
Lamb_education_Lawrence,chronos_bolt_small,28,0.138663522697242,0.3419857020733917,23.824380789261244,0.1800837743255823
Lamb_education_Lazaro,chronos_bolt_small,28,0.0012428977272727,0.0012428977272727,0.1242897727272721,0.0012428977272727
Lamb_education_Lemuel,chronos_bolt_small,28,0.0013580322265624,0.0013580322265624,0.1358032226562452,0.0013580322265624
Lamb_education_Leopoldo,chronos_bolt_small,28,0.0018208821614582,0.0018208821614582,0.1820882161458246,0.0017989358784239
Lamb_education_Logan,chronos_bolt_small,28,0.3455110033802788,0.6318122836827277,884.3157575386186,421.0835139812213
Lamb_education_Lucas,chronos_bolt_small,28,0.1753627167481496,0.3968986018963812,27.216109391787462,0.2208209964257381
Lamb_education_Luz,chronos_bolt_small,28,0.1085988369283309,0.2136140128474176,11.328501789987632,0.098824798047522
Lamb_education_Mae,chronos_bolt_small,28,0.1694230710004704,0.3132900840293821,52.518778368974765,0.1657489797342438
Lamb_education_Manuel,chronos_bolt_small,28,0.0013580322265624,0.0013580322265624,0.1358032226562452,0.0013580322265624
Lamb_education_Marc,chronos_bolt_small,28,,,17570714754.540295,1525085.4593090783
Lamb_education_Maritza,chronos_bolt_small,28,0.1111081261008135,0.2855570137982434,14.57660744931902,0.1263592517508323
Lamb_education_Marty,chronos_bolt_small,28,0.0013580322265624,0.0013580322265624,0.1358032226562452,0.0012332421761971
Lamb_education_Maxwell,chronos_bolt_small,28,0.0013580322265624,0.0013580322265624,0.1358032226562452,0.0013580322265624
Lamb_education_Mckenzie,chronos_bolt_small,28,0.1252916792681453,0.2379412712756697,13.918492083184816,0.1193561484040456
Lamb_education_Moses,chronos_bolt_small,28,0.1337861298798798,0.286560088537923,16.445794125604905,0.1355903517724161
Lamb_education_Nathan,chronos_bolt_small,28,0.0018208821614582,0.0018208821614582,0.1820882161458246,0.0017989358784239
Lamb_education_Nichol,chronos_bolt_small,28,0.0013580322265624,0.0013580322265624,0.1358032226562452,0.0012332421761971
Lamb_education_Norris,chronos_bolt_small,28,0.1690656674552217,0.3565092351354361,22.379396631601047,0.1953647572877805
Lamb_education_Patsy,chronos_bolt_small,28,0.0018208821614582,0.0018208821614582,0.1820882161458246,0.0017989358784239
Lamb_education_Phil,chronos_bolt_small,28,0.0013580322265624,0.0013580322265624,0.1358032226562452,0.0013498730129665
Lamb_education_Philomena,chronos_bolt_small,28,0.1042033607845004,0.2067090020778454,10.831298617917689,0.0947470852633276
Lamb_education_Princess,chronos_bolt_small,28,0.00054931640625,0.00054931640625,0.054931640625002,0.00054931640625
Lamb_education_Randal,chronos_bolt_small,28,0.1520345552071561,0.3058386831550517,18.19063613260968,0.1501667210033428
Lamb_education_Rick,chronos_bolt_small,28,0.0018208821614582,0.0018208821614582,0.1820882161458246,0.0017989358784239
Lamb_education_Robin,chronos_bolt_small,28,0.1016343602385314,0.2031481121676096,11.540158819491396,0.0980034490906761
Lamb_education_Rodrigo,chronos_bolt_small,28,0.0823369341765138,0.16445982460645,9.278572960438936,0.0759006751976663
Lamb_education_Ruben,chronos_bolt_small,28,0.0018208821614582,0.0018208821614582,0.1820882161458246,0.0017989358784239
Lamb_education_Sabrina,chronos_bolt_small,28,0.2006037601552298,0.4590926241491573,74.8518915864463,0.30444871792284
Lamb_education_Salvador,chronos_bolt_small,28,0.2128909879265957,0.589915181991945,1198.0128767451954,644.0456372916138
Lamb_education_Sara,chronos_bolt_small,28,0.120167597517316,0.2604426036618632,14.57259739901582,0.1278301535177553
Lamb_education_Stefan,chronos_bolt_small,28,0.0013580322265624,0.0013580322265624,0.1358032226562452,0.0013580322265624
Lamb_education_Sunny,chronos_bolt_small,28,0.1931449194162681,0.3874078359119756,29.33486939006653,0.2337301154953035
Lamb_education_Sylvester,chronos_bolt_small,28,0.1693073370713161,0.3897477238456316,30.419176471360643,0.2499197060330663
Lamb_education_Terina,chronos_bolt_small,28,0.0756905907000918,0.1599883958031977,111.65236910712116,0.0985716461861355
Lamb_education_Traci,chronos_bolt_small,28,0.2563075844053666,0.4566588212420512,238.09012839582988,0.3348741228126291
Lamb_education_Vaughn,chronos_bolt_small,28,0.1265910271207593,0.217097030284769,13.373053463130574,0.1053674086976524
Lamb_education_Wanda,chronos_bolt_small,28,0.0018208821614582,0.0018208821614582,0.1820882161458246,0.0017989358784239
Lamb_education_Wilbert,chronos_bolt_small,28,0.0018208821614582,0.0018208821614582,0.1820882161458246,0.0017989358784239
Lamb_education_Williams,chronos_bolt_small,28,0.1415925954034893,0.2908192343825162,17.003625978836013,0.1498888369934254
Lamb_food_Sylvia,chronos_bolt_small,28,0.0012428977272727,0.0012428977272727,0.1242897727272721,0.0012428977272727
Lamb_health_Ken,chronos_bolt_small,28,0.1345735880883641,0.1878893493076656,14.01302891377845,0.1102345778876542
Lamb_industrial_Carla,chronos_bolt_small,28,0.1939676471757966,0.3279773393321081,25.25459667569767,0.1637288974587041
Lamb_industrial_Enrique,chronos_bolt_small,28,0.2312944330873988,0.4027308445359614,22.143928411248226,0.1867869108061084
Lamb_industrial_Venessa,chronos_bolt_small,28,0.0018208821614582,0.0018208821614582,0.1820882161458246,0.0018208821614582
Lamb_industrial_Willard,chronos_bolt_small,28,0.0013580322265624,0.0013580322265624,0.1358032226562452,0.0012332421761971
Lamb_lodging_Burt,chronos_bolt_small,28,0.0013580322265624,0.0013580322265624,0.1358032226562452,0.0013498730129665
Lamb_lodging_Harley,chronos_bolt_small,28,0.0013580322265624,0.0013580322265624,0.1358032226562452,0.0013580322265624
Lamb_office_Bertha,chronos_bolt_small,28,0.1175538226702214,0.2513076997334318,11.862500230258084,0.109782620659494
Lamb_office_Caitlin,chronos_bolt_small,28,0.2035583471821191,0.4389402239350675,21.417441430783636,0.1793006132652899
Lamb_office_Callie,chronos_bolt_small,28,0.0027204241071428,0.0027204241071428,0.2720424107142867,0.001935080876426
Lamb_office_Gerardo,chronos_bolt_small,28,0.0002983940972222,0.0002983940972222,0.0298394097222249,0.0002983940972222
Lamb_office_Jo,chronos_bolt_small,28,0.0013580322265624,0.0013580322265624,0.1358032226562452,0.0013498730129665
Lamb_office_Maggie,chronos_bolt_small,28,0.0013580322265624,0.0013580322265624,0.1358032226562452,0.0013498730129665
Lamb_office_Raymond,chronos_bolt_small,28,0.0013580322265624,0.0013580322265624,0.1358032226562452,0.0013580322265624
Lamb_office_Stefani,chronos_bolt_small,28,0.0009765624999999,0.0009765624999999,0.0976562499999979,0.0009765624999999
Lamb_office_Vasiliki,chronos_bolt_small,28,0.0373953003790755,0.0574576997311656,3.605490468927407,0.0302297863527175
Lamb_office_Velma,chronos_bolt_small,28,0.1004651169269687,0.1366186677551006,9.92367533962054,0.0799434868030111
Lamb_office_William,chronos_bolt_small,28,0.0018208821614582,0.0018208821614582,0.1820882161458246,0.0017989358784239
Lamb_other_Katharina,chronos_bolt_small,28,0.0013580322265624,0.0013580322265624,0.1358032226562452,0.0013580322265624
Lamb_other_Minerva,chronos_bolt_small,28,0.2277743027678433,0.430819543697638,557.5077687643095,21.099194756602003
Lamb_public_Angeline,chronos_bolt_small,28,0.0001477693256578,0.0001477693256578,0.0147769325657892,0.0001477693256578
Lamb_public_Grace,chronos_bolt_small,28,0.2609846625502048,0.5463793199678063,24.392093937219173,0.1923403517208987
Lamb_public_Gracie,chronos_bolt_small,28,0.0018208821614582,0.0018208821614582,0.1820882161458246,0.0017989358784239
Lamb_public_Nyla,chronos_bolt_small,28,0.00054931640625,0.00054931640625,0.054931640625002,0.00054931640625
Lamb_public_Vania,chronos_bolt_small,28,0.2701100701932299,0.4173676179601203,50.21711311734352,0.2172327796986475
Lamb_warehouse_Allan,chronos_bolt_small,28,0.1697925749258378,0.414798759106378,678.3114244014677,9.656689468739533
Moose_education_Abbie,chronos_bolt_small,28,0.0266564933388141,0.0698277496272477,2.787959180861253,0.0248229516248427
Moose_education_Clark,chronos_bolt_small,28,0.0691069409849875,0.1397000198494204,7.52852066978488,0.0631413733239091
Moose_education_Florence,chronos_bolt_small,28,0.068799917120943,0.1708992785010471,8.626689440933559,0.07358752126483
Moose_education_Gladys,chronos_bolt_small,28,0.0416235184476173,0.074856580343955,4.253924077560927,0.0360390289374973
Moose_education_Leland,chronos_bolt_small,28,0.0435076828625985,0.1060435435444854,4.467305986183325,0.0387623378611401
Moose_education_Lori,chronos_bolt_small,28,0.0280088835682565,0.039329342352659,2.775852489014784,0.0220140065928095
Moose_education_Maria,chronos_bolt_small,28,0.0117907020112073,0.0165270131282217,1.1969704567860229,0.0088120389959979
Moose_education_Marina,chronos_bolt_small,28,0.0498213580289444,0.0777958086522727,4.931664403684145,0.0401369811660216
Moose_education_Marlon,chronos_bolt_small,28,0.0880923706443445,0.1329667426074718,9.239320911403524,0.0762034701784849
Moose_education_Rene,chronos_bolt_small,28,0.0994430823700051,0.2209730404044093,11.6235047019081,0.0967077507432406
Moose_education_Ricardo,chronos_bolt_small,28,0.0298060134143498,0.0549049239426745,3.099517334807925,0.0254579565982402
Mouse_health_Estela,chronos_bolt_small,28,0.0859577438187812,0.2997091077294173,650.0874345211575,16132175021.71378
Mouse_health_Ileana,chronos_bolt_small,28,0.1515639947385204,0.4083752857470528,1030.664629171204,2559009661.020278
Mouse_health_Justin,chronos_bolt_small,28,0.1148531547808283,0.2970196597859084,579.7098603911372,31222352236.82485
Mouse_health_Modesto,chronos_bolt_small,28,0.0927944279759503,0.2894993689802845,563.3460195837209,12844797963.9664
Mouse_lodging_Vicente,chronos_bolt_small,28,0.1727067380942112,0.35317798288076,768.1110550117004,2323641770.027316
Panther_assembly_Carrol,chronos_bolt_small,28,0.2005113592926255,0.4312566102075767,22.725482873028238,0.1965395756975431
Panther_assembly_David,chronos_bolt_small,28,0.2330165795494875,0.605540165190256,19.590393698675317,0.1795501356256303
Panther_assembly_Denice,chronos_bolt_small,28,0.075182903381482,0.0983559839164951,7.608121649271812,0.0582828690773593
Panther_assembly_Gwyneth,chronos_bolt_small,28,0.133613077400025,0.2271947296003816,12.0230502861976,0.0975650279093193
Panther_assembly_Pamella,chronos_bolt_small,28,0.1140786978979192,0.1617537092729151,12.80181562545622,0.0931520890362085
Panther_education_Alecia,chronos_bolt_small,28,0.0440101876184108,0.0655070867316087,4.100492018811097,0.0344807793748803
Panther_education_Annetta,chronos_bolt_small,28,0.0553991840874145,0.0772181665577315,5.47508978028835,0.0441084377942696
Panther_education_Aurora,chronos_bolt_small,28,0.0678636362909327,0.0856015530876244,8.293775451484672,0.0586528265860885
Panther_education_Cleopatra,chronos_bolt_small,28,0.1297757242147672,0.1842376623178374,13.156515941866129,0.1112074414989952
Panther_education_Diann,chronos_bolt_small,28,0.1303393059733647,0.2212342647896378,15.559057093842505,0.1360521213778436
Panther_education_Edna,chronos_bolt_small,28,0.04693468943238,0.0627108766991218,4.7894617181436105,0.0373722865453974
Panther_education_Emily,chronos_bolt_small,28,0.0565895389626341,0.0875186114287662,5.396150748875718,0.0437509681606204
Panther_education_Enriqueta,chronos_bolt_small,28,0.0708158419845313,0.1557351787888162,8.30714795842532,0.0571119967039072
Panther_education_Genevieve,chronos_bolt_small,28,0.0362665373670376,0.083151715676785,3.3447391463820844,0.0290082962340075
Panther_education_Gina,chronos_bolt_small,28,0.0126904558612993,0.0172728500197893,1.2542755070081866,0.0102389945799822
Panther_education_Hugh,chronos_bolt_small,28,0.0229757842729927,0.0373871093206122,2.396003908890466,0.0193410111272699
Panther_education_Ivan,chronos_bolt_small,28,0.0579999231002612,0.0938443529969192,5.236665385926555,0.0442250928890039
Panther_education_Janis,chronos_bolt_small,28,0.1957132441593963,0.2709165189008475,20.23227859667581,0.1565740762527848
Panther_education_Jerome,chronos_bolt_small,28,0.0140694342506993,0.0202094748524376,1.419949871935466,0.0111960963959519
Panther_education_Jonathan,chronos_bolt_small,28,0.0762724165785073,0.1097004481501863,7.703657742926357,0.0618420603977608
Panther_education_Karri,chronos_bolt_small,28,0.0202100171937405,0.0339951788477061,2.076115818640647,0.016371194586999
Panther_education_Mattie,chronos_bolt_small,28,0.1943002558481538,0.2650013323116248,24.387160888397275,0.1855814149098038
Panther_education_Misty,chronos_bolt_small,28,0.0728288647662592,0.1323278058062153,8.8662571240499,0.0709579468943405
Panther_education_Mohammad,chronos_bolt_small,28,0.0535727292134942,0.0716064091696604,5.33357114369296,0.0419077000880606
Panther_education_Neal,chronos_bolt_small,28,0.1243025550316872,0.1928317939855143,12.769965457992836,0.1006433614742622
Panther_education_Quintin,chronos_bolt_small,28,0.0409794940646544,0.0673987621583315,3.737657839469688,0.0311431107288342
Panther_education_Rosalie,chronos_bolt_small,28,0.0801850420866994,0.1044902211522232,8.710293208851187,0.0659946655956837
Panther_education_Scarlett,chronos_bolt_small,28,0.1578673293477448,0.2422312583123947,15.378527628917087,0.127099633361672
Panther_education_Shelton,chronos_bolt_small,28,0.0374335317316308,0.0518945540545907,3.638542559464787,0.0291061300400696
Panther_education_Sophia,chronos_bolt_small,28,0.0166218960970343,0.0323360997330639,1.7243097081284755,0.0140628193843558
Panther_education_Teofila,chronos_bolt_small,28,0.0481947297802279,0.0720667428907878,4.658846650409616,0.0366597936798234
Panther_education_Tina,chronos_bolt_small,28,0.2302586802623185,0.3010552004304898,33.775924739111105,0.2184831349534028
Panther_education_Vincent,chronos_bolt_small,28,0.0346980504890448,0.0451051132846637,3.624125089839215,0.0277195763035885
Panther_education_Violet,chronos_bolt_small,28,0.0506812651350082,0.0673799161046818,5.089257490455196,0.0394975878372329
Panther_education_Zelda,chronos_bolt_small,28,0.0445908689415938,0.0632636358967911,4.437807136791977,0.0346052848280491
Panther_lodging_Alita,chronos_bolt_small,28,0.0613640565065839,0.0865831738724206,6.330952231665465,0.0499788490134508
Panther_lodging_Anastasia,chronos_bolt_small,28,0.1135729939752682,0.1499489018907067,11.403049814819523,0.089200463296295
Panther_lodging_Awilda,chronos_bolt_small,28,0.0380645867870336,0.0479713646936278,3.773322056538841,0.0295958045119884
Panther_lodging_Blaine,chronos_bolt_small,28,0.0920272512050523,0.1288472339982013,10.446636769893496,0.0838778910379662
Panther_lodging_Cora,chronos_bolt_small,28,0.0328859637974653,0.0444321338341184,3.2903656278212705,0.0257645077829482
Panther_lodging_Cornelia,chronos_bolt_small,28,0.0699934635715502,0.0963036729035485,7.29785889948792,0.0582935040884056
Panther_lodging_Dianna,chronos_bolt_small,28,0.0878229484125621,0.1104643534382417,8.985807578257866,0.068673451176901
Panther_lodging_Edison,chronos_bolt_small,28,0.0659894892235392,0.1003712328872191,6.860337589200537,0.0543065430421764
Panther_lodging_Edmond,chronos_bolt_small,28,0.0839862582442432,0.1072157509071169,8.640223958924631,0.0663953180229622
Panther_lodging_Else,chronos_bolt_small,28,0.0644276623719781,0.0897952742724298,6.116018541270277,0.0486044036427059
Panther_lodging_Fausto,chronos_bolt_small,28,0.0650370126729227,0.0894596721212448,6.212871589597472,0.0488061064725134
Panther_lodging_Floyd,chronos_bolt_small,28,0.0698446267280384,0.0903000492515947,7.461246549137683,0.0583552699653597
Panther_lodging_Gale,chronos_bolt_small,28,0.034064779091056,0.0441530778899706,3.3622473397143047,0.0259366919337072
Panther_lodging_Hattie,chronos_bolt_small,28,0.0593915019838015,0.0762580265450575,6.26738331543901,0.0481577150615411
Panther_lodging_Jana,chronos_bolt_small,28,0.0837029906524902,0.1154781006776716,9.18498776521878,0.0733474208559026
Panther_lodging_Janice,chronos_bolt_small,28,0.0989217951013818,0.1239933414434095,9.926896779297266,0.0772138648688779
Panther_lodging_Jorge,chronos_bolt_small,28,0.0602696596630499,0.0828773535070633,6.348776878149059,0.0509712375781406
Panther_lodging_Kaitlin,chronos_bolt_small,28,0.0659229329267246,0.0890667702123736,6.771979206396672,0.0539295445248447
Panther_lodging_Kara,chronos_bolt_small,28,0.0358419675849176,0.0474573449984447,3.625967029363955,0.0285505301110129
Panther_lodging_Kirk,chronos_bolt_small,28,0.0496860817590303,0.0700666954140921,4.900915742987285,0.0382483481939262
Panther_lodging_Marisol,chronos_bolt_small,28,0.0393836370134315,0.0511137496647329,3.931718700630108,0.0306089198142738
Panther_lodging_Myrtle,chronos_bolt_small,28,0.1014441880819794,0.1339778924710847,10.479016247681324,0.0792420400076242
Panther_lodging_Russell,chronos_bolt_small,28,0.0586022476767324,0.0786112738745603,5.681447401791116,0.0446703493368488
Panther_lodging_Sonja,chronos_bolt_small,28,0.0649457165883116,0.0942811163713156,6.786621436517069,0.0549748264779766
Panther_lodging_Teresita,chronos_bolt_small,28,0.0600188957683957,0.0797962015099356,6.599180776063135,0.0518517940793594
Panther_lodging_Tracie,chronos_bolt_small,28,0.064666512776717,0.0854437108000807,6.871014323861538,0.0528463189214065
Panther_lodging_Willa,chronos_bolt_small,28,0.0407029234730736,0.062484024649203,3.856103816722688,0.03076453579062
Panther_office_Antonette,chronos_bolt_small,28,0.0557004624928484,0.0732730265421927,5.584368147655509,0.0437065008216765
Panther_office_Brent,chronos_bolt_small,28,0.2437428690154316,0.3339131220484646,24.92757357952044,0.1878508573885019
Panther_office_Catherine,chronos_bolt_small,28,0.1145732457051383,0.1564768547995374,12.292288190702973,0.093002240039531
Panther_office_Christian,chronos_bolt_small,28,0.154840825678124,0.2212216637182879,14.830421698546417,0.1171523177002098
Panther_office_Christin,chronos_bolt_small,28,0.0635940297271371,0.0998072588277099,7.214054916844716,0.0513912108290169
Panther_office_Clementine,chronos_bolt_small,28,0.064844059938979,0.0920699627232509,6.480272158737563,0.052202552862815
Panther_office_Danica,chronos_bolt_small,28,0.192624557648933,0.3011366325228789,17.856048214126048,0.1569460553956076
Panther_office_Garth,chronos_bolt_small,28,0.0829641920741528,0.1311790229186887,8.912968393894603,0.0696950955763121
Panther_office_Graham,chronos_bolt_small,28,0.03605096189663,0.0476427949542563,3.572679250680013,0.0289310901133362
Panther_office_Hannah,chronos_bolt_small,28,0.2391364673440792,0.3399579663493685,26.48994461631145,0.1986606060264379
Panther_office_Jeane,chronos_bolt_small,28,0.1834011127489802,0.282086706575018,18.03592046523589,0.1523415940251686
Panther_office_Jesus,chronos_bolt_small,28,0.0720805428934233,0.0957792088835567,7.758312889449578,0.0602513088310224
Panther_office_Karla,chronos_bolt_small,28,0.0784028425490438,0.1301111932681034,6.733704972983327,0.0583826496098827
Panther_office_Kristen,chronos_bolt_small,28,0.1049975593065196,0.1722146582356072,12.39992266525237,0.0990766069405166
Panther_office_Larry,chronos_bolt_small,28,0.0682573070518481,0.1041487430150927,6.776346913246723,0.0569720014551926
Panther_office_Lauretta,chronos_bolt_small,28,0.0542553249358662,0.0892978382081919,6.10176977386734,0.0474576636967519
Panther_office_Lavinia,chronos_bolt_small,28,0.0454962785849591,0.0711193000341347,4.224074150762134,0.0342236463188402
Panther_office_Lois,chronos_bolt_small,28,0.030680556872847,0.0473900223014392,3.141345181078889,0.0254202544850701
Panther_office_Otto,chronos_bolt_small,28,0.0302658139795398,0.0395322415839072,2.999990127745967,0.0240108338652422
Panther_office_Patti,chronos_bolt_small,28,0.0472889311131871,0.0603091132986099,4.650577208301194,0.0367505404988233
Panther_office_Ruthie,chronos_bolt_small,28,0.0334646772358402,0.0428168251218197,3.3552276528321463,0.0260233757968521
Panther_office_Shauna,chronos_bolt_small,28,0.0630331495767952,0.1151922890214783,5.978331315641052,0.0507063490871776
Panther_office_Taryn,chronos_bolt_small,28,0.0263904287102912,0.0352907551599846,2.6376815214970204,0.0215091787523113
Panther_office_Valarie,chronos_bolt_small,28,0.0950026602043795,0.1230309122087966,9.618728846883712,0.0727927082774415
Panther_other_Bethel,chronos_bolt_small,28,0.0780617356550905,0.1013778607463545,8.059940909320076,0.0599474751061377
Panther_other_Bettie,chronos_bolt_small,28,0.0486244984993557,0.0617735700318473,4.807110228377094,0.0375385081507154
Panther_other_Lucina,chronos_bolt_small,28,0.0196023680289774,0.0344834370788535,2.087438749094393,0.0167534004696535
Panther_other_Tyrone,chronos_bolt_small,28,0.1185990823861983,0.1825650722219109,17.164741512810075,0.1313855801025389
Panther_parking_Adela,chronos_bolt_small,28,0.0593428425143113,0.121673557663345,6.527435683884837,0.048459763303866
Panther_parking_Alaina,chronos_bolt_small,28,0.0266189604381268,0.0378547349620609,3.064175458167405,0.0215518675847716
Panther_parking_Asia,chronos_bolt_small,28,0.0264849516530978,0.0533549033098728,2.982653758231628,0.0225339524838672
Panther_parking_Charlene,chronos_bolt_small,28,0.0479212359962371,0.0687855658325959,5.208437771604854,0.0384912982243153
Panther_parking_Jody,chronos_bolt_small,28,0.0876025028464883,0.1567967771727785,91.77783188976868,0.0716788755324936
Panther_parking_Lorriane,chronos_bolt_small,28,0.0682689609593494,0.0977394017726051,6.658543203773911,0.0534977250210181
Panther_parking_Mellissa,chronos_bolt_small,28,0.0428683030683002,0.0540878052198904,4.447507295759276,0.0329006516283006
Panther_parking_Stanley,chronos_bolt_small,28,0.0136790133544892,0.0216874543494704,1.3934143440472455,0.0114370619293242
Panther_retail_Felix,chronos_bolt_small,28,0.0771013575674714,0.1012962353977736,8.238282850901697,0.0632792170220315
Panther_retail_Kristina,chronos_bolt_small,28,0.057893377705758,0.0800896712874618,6.027105477310706,0.0479392337155901
Panther_retail_Lester,chronos_bolt_small,28,0.1279114231912986,0.1756681143495451,13.919779272748013,0.1037917234178571
Panther_retail_Rachel,chronos_bolt_small,28,0.1652906869199006,0.2473773688095892,15.906274805603877,0.1276471974337425
Panther_retail_Romeo,chronos_bolt_small,28,0.0227629460145415,0.0339540145681835,2.3137864427532286,0.0180940091034435
Peacock_assembly_Dena,chronos_bolt_small,28,0.049376484609576,0.0725596624750976,5.077111612461089,0.0403388011506851
Peacock_assembly_Mamie,chronos_bolt_small,28,0.0644612686692943,0.0904808307868917,7.180126676074547,0.0529656072631417
Peacock_assembly_Russ,chronos_bolt_small,28,0.0453321839554849,0.0639571698200914,4.548868862267358,0.0358798095349849
Peacock_assembly_Socorro,chronos_bolt_small,28,0.1283783959455563,0.1897694700271754,12.143774308012617,0.0934096687166359
Peacock_education_Anita,chronos_bolt_small,28,0.1146474694733924,0.1624476687073096,12.06395361782165,0.0956562289589536
Peacock_education_Bianca,chronos_bolt_small,28,0.0580837124957288,0.0992505136552605,8.17518777393776,0.0506402522550328
Peacock_education_Dustin,chronos_bolt_small,28,0.0549880197532541,0.0758837361357634,5.616481253487636,0.0442706027936887
Peacock_education_Forest,chronos_bolt_small,28,0.0448938716137545,0.0638244140098344,4.363066737818301,0.0359552592633305
Peacock_education_Gilberto,chronos_bolt_small,28,0.0251834920474345,0.0339735763427761,2.495635843354969,0.0199505373170276
Peacock_education_Joshua,chronos_bolt_small,28,0.017436730364642,0.0274355836749127,1.752840677836986,0.0139257875376931
Peacock_education_Karl,chronos_bolt_small,28,0.0620993795066343,0.0811762796401063,6.108659621862632,0.0482170031044355
Peacock_education_Karyn,chronos_bolt_small,28,0.0131485052600425,0.0210782352975617,1.3297980758001826,0.0103970373644592
Peacock_education_Lucie,chronos_bolt_small,28,0.030001049157767,0.0425032083242055,2.93585405743174,0.023674899487286
Peacock_education_Lyle,chronos_bolt_small,28,0.0313530792263041,0.042373018740437,3.167535106361077,0.0251329669623257
Peacock_education_Ophelia,chronos_bolt_small,28,0.0132653128862349,0.0198324045006272,1.3337153503597492,0.0105369915934003
Peacock_education_Pasquale,chronos_bolt_small,28,0.0281215600465839,0.0364899419605765,2.8033442684656027,0.021676424841015
Peacock_education_Patience,chronos_bolt_small,28,0.071023503228623,0.100769471663048,7.324289637930806,0.0569580795784818
Peacock_education_Robbie,chronos_bolt_small,28,0.122122090930626,0.1665029504048319,12.551468174321242,0.0979433021071378
Peacock_education_Shelly,chronos_bolt_small,28,0.0251836866805976,0.0357454606753908,2.464442426686579,0.0196804586042908
Peacock_education_Weldon,chronos_bolt_small,28,0.0499523755387107,0.0824895845557745,5.607008619544042,0.0423053629377344
Peacock_education_Yolanda,chronos_bolt_small,28,0.0311843689845158,0.0476852252248729,3.1314643050720856,0.0252674829872503
Peacock_lodging_Chloe,chronos_bolt_small,28,0.1443735034713287,0.1865698726161801,14.780923195395596,0.1128310920942851
Peacock_lodging_Francesca,chronos_bolt_small,28,0.1020203240620196,0.1350758164368865,10.11104180712985,0.0799371355994551
Peacock_lodging_Jamaal,chronos_bolt_small,28,0.0671412971222985,0.0956037510101013,7.241709502081828,0.0561716541739669
Peacock_lodging_James,chronos_bolt_small,28,0.0748608238549615,0.1019852537873888,7.326238446840436,0.0588004156101175
Peacock_lodging_Lou,chronos_bolt_small,28,0.0685818518278578,0.0920140473592545,6.883819104191165,0.0544614143277643
Peacock_lodging_Mathew,chronos_bolt_small,28,0.0761253306772034,0.1041562587284299,7.419314629137492,0.059305334219554
Peacock_lodging_Matthew,chronos_bolt_small,28,0.0529365766119698,0.0682171207511533,5.409288374848231,0.0411539141220156
Peacock_lodging_Nova,chronos_bolt_small,28,0.146249499401057,0.1912988622171644,27.25854281817157,0.1142862842170906
Peacock_lodging_Sergio,chronos_bolt_small,28,0.0762412654604084,0.1059417174879635,7.612565695924284,0.0605704525198788
Peacock_lodging_Terrie,chronos_bolt_small,28,0.1448776850404708,0.1899573153772679,14.558651998157377,0.1121691720512353
Peacock_lodging_Wes,chronos_bolt_small,28,0.0555717327591752,0.0731725808514784,5.6495440512820725,0.0446030671929033
Peacock_office_Annie,chronos_bolt_small,28,0.0766312087866512,0.1056906762495663,7.223763621020586,0.0577689682672107
Peacock_office_Burl,chronos_bolt_small,28,0.0432153788699387,0.0657071072309829,4.212882975719504,0.0342938147475671
Peacock_office_Dara,chronos_bolt_small,28,0.0966817094585686,0.1249602304795555,10.58324490935047,0.0756542421258774
Peacock_office_Effie,chronos_bolt_small,28,0.0551362755609225,0.0729217022294267,5.590968577713288,0.0435047639648206
Peacock_office_Elton,chronos_bolt_small,28,0.0323585931184001,0.0447755739063448,3.2289231791044983,0.0256236656340245
Peacock_office_Glenn,chronos_bolt_small,28,0.1227895272274752,0.1771150256537692,11.56196235394868,0.097397559183256
Peacock_office_Jonathon,chronos_bolt_small,28,0.0507970542843624,0.0720868643326455,5.022196107965869,0.0409017976681039
Peacock_office_Julian,chronos_bolt_small,28,0.1272230412332067,0.1823823872847688,12.965125539944877,0.1070227715175384
Peacock_office_Major,chronos_bolt_small,28,0.0287480064491627,0.0373733378959179,2.857669887288381,0.0223711404572225
Peacock_office_Naomi,chronos_bolt_small,28,0.0177123966201259,0.0545184838556812,1.86779530783546,0.01618343614507
Peacock_office_Norman,chronos_bolt_small,28,0.0874340732158219,0.1200193274629518,8.93976771440169,0.0686040687290838
Peacock_public_Kelvin,chronos_bolt_small,28,0.0409973706357854,0.0567204496473346,4.118824890878391,0.0331525569591201
Rat_assembly_Adolfo,chronos_bolt_small,28,0.1116867153395909,0.1684878601613136,10.32850885318308,0.0834416026060768
Rat_assembly_Aisha,chronos_bolt_small,28,0.1175796419828162,0.1739076111022701,11.337608243269374,0.0885566506646754
Rat_assembly_Alex,chronos_bolt_small,28,0.1057153572388145,0.1486790598868837,10.924912887807356,0.0812138173993474
Rat_assembly_Archie,chronos_bolt_small,28,0.1050824611481129,0.1795796146707596,9.162553003041966,0.0856074466646866
Rat_assembly_Aubrey,chronos_bolt_small,28,0.0877100454559138,0.1137009642336706,16.88131354051533,0.0725551035069881
Rat_assembly_Cristina,chronos_bolt_small,28,0.1214629041660468,0.1813804740421756,16.710206754610024,0.1085048932386838
Rat_assembly_Damaris,chronos_bolt_small,28,0.0629209636765489,0.1315955575480808,5.5666564636288784,0.0439490563793614
Rat_assembly_Deandre,chronos_bolt_small,28,0.0838640825377097,0.1154902290160176,8.505836725662268,0.0643982335233942
Rat_assembly_Donny,chronos_bolt_small,28,0.1850482373111841,0.3406554693591723,73.19279943854934,0.1564487363980939
Rat_assembly_Dovie,chronos_bolt_small,28,0.1781595105697761,0.259068784216656,26.270945746174316,0.1369629587257565
Rat_assembly_Erwin,chronos_bolt_small,28,0.2242929613644237,0.3436992904742131,355.197962873399,1.0314300782800765
Rat_assembly_Ezequiel,chronos_bolt_small,28,0.3600479838248074,0.6602505326937473,30.3921106659677,0.2679235373661234
Rat_assembly_Francine,chronos_bolt_small,28,0.1215308131842673,0.1781498032920896,12.982278436621462,0.0981163721247432
Rat_assembly_Frieda,chronos_bolt_small,28,0.0737750718592998,0.1029621091662253,7.163049818358773,0.0563381957856745
Rat_assembly_Gwen,chronos_bolt_small,28,0.1229420100766136,0.1928415059483722,17.27776863257201,0.09456169293193
Rat_assembly_Horace,chronos_bolt_small,28,0.1586160386259496,0.3163455617299008,21.012091358116777,0.1289512012985758
Rat_assembly_Ida,chronos_bolt_small,28,0.0892983316355548,0.1345668404704602,8.411381805960144,0.0686345203830254
Rat_assembly_Jamie,chronos_bolt_small,28,0.2089285808586087,0.3014239348063603,21.54396637954536,0.1652292660455901
Rat_assembly_Jannie,chronos_bolt_small,28,0.2006873653487722,0.5540761257054642,252.09002952760292,0.1688799718388971
Rat_assembly_Jennie,chronos_bolt_small,28,0.0589736600885974,0.095109622013776,22.68548568646556,0.0486577462404139
Rat_assembly_Kaitlyn,chronos_bolt_small,28,0.1213652646272346,0.1716164129673503,12.38636522679018,0.0984780647328576
Rat_assembly_Kelley,chronos_bolt_small,28,0.1730205855991764,0.2767370193384743,73.03452659161529,0.1451898767987418
Rat_assembly_Kenya,chronos_bolt_small,28,0.0842006293675126,0.1196206000504886,8.174807812752231,0.066587675166268
Rat_assembly_Kimberley,chronos_bolt_small,28,0.0790120093489104,0.1080632148097308,7.948035214730596,0.063331546600927
Rat_assembly_Kristine,chronos_bolt_small,28,0.1119486895042377,0.1590195851912283,10.69806814754653,0.0841623195671321
Rat_assembly_Kristy,chronos_bolt_small,28,0.0999847984938641,0.2335744291378849,11.590628951037733,0.0974905166434585
Rat_assembly_Lillie,chronos_bolt_small,28,0.1121614427177027,0.3262344265615165,28.30172762579598,0.1077241523237101
Rat_assembly_Michel,chronos_bolt_small,28,0.0338297170735079,0.0500717291775774,3.2659784605506914,0.0269276280437928
Rat_assembly_Mirta,chronos_bolt_small,28,0.098238404248747,0.1466507494775905,9.556004111884729,0.078005660332873
Rat_assembly_Monica,chronos_bolt_small,28,0.082893101440422,0.1082834316238217,8.157747623553638,0.0630470501790924
Rat_assembly_Pauline,chronos_bolt_small,28,0.3416461486931177,0.7125989179664989,235.6574726706621,0.2687075492887466
Rat_assembly_Rolland,chronos_bolt_small,28,0.2152714902872594,0.3428703590471152,319.56288458128364,0.2651116328133536
Rat_assembly_Rosemarie,chronos_bolt_small,28,0.1739171294010528,0.2700981005636139,16.248460399786474,0.1261525236264619
Rat_assembly_Ruth,chronos_bolt_small,28,0.2340164051364528,0.4351316485647945,35.00754986889801,0.1898046735078264
Rat_assembly_Silvia,chronos_bolt_small,28,0.1196441366843374,0.1739961981566242,11.676046140984864,0.0934856939694185
Rat_assembly_Suzanne,chronos_bolt_small,28,0.1125739175464385,0.1649796326793117,12.16384150749725,0.0903943494200763
Rat_assembly_Teddy,chronos_bolt_small,28,0.1059557493913636,0.1488163270891324,10.569818800884422,0.0835671266265606
Rat_assembly_Teodoro,chronos_bolt_small,28,0.1383084278893958,0.2281723267108993,295.424966988684,0.2176797109040565
Rat_assembly_Trent,chronos_bolt_small,28,0.2003272223451892,0.2894862396734661,21.970611148525798,0.1752532637058214
Rat_assembly_Trudy,chronos_bolt_small,28,0.1246202232052434,0.1949155886150996,12.263246078923247,0.0998060026664425
Rat_assembly_Victorina,chronos_bolt_small,28,0.2742624643852294,0.4867978262472681,314.72710454974475,0.2249954018601847
Rat_assembly_Viola,chronos_bolt_small,28,0.1393574950335045,0.2845591706538491,13.15858009191095,0.1147922031239637
Rat_education_Adell,chronos_bolt_small,28,0.1269088711438206,0.2186073967450451,11.594013179589249,0.0991780037387177
Rat_education_Adrian,chronos_bolt_small,28,0.1082416304904086,0.198958925449789,10.34078169762292,0.0882703659642347
Rat_education_Alfonso,chronos_bolt_small,28,0.11890547018326,0.1664443876736346,11.600114284306184,0.0912282074951623
Rat_education_Alfred,chronos_bolt_small,28,0.0713729450368192,0.1239145555629421,7.196661524396466,0.0564629242231133
Rat_education_Barbara,chronos_bolt_small,28,0.0635620445130841,0.1309343614360073,66.44720704324368,0.0547572168884604
Rat_education_Barney,chronos_bolt_small,28,0.1185077678621211,0.1717734200259443,11.34988447337128,0.0917844745904329
Rat_education_Beverly,chronos_bolt_small,28,0.0901157254246585,0.1566305540083997,8.898826055375306,0.0707233923725986
Rat_education_Brett,chronos_bolt_small,28,0.3396152036633535,0.9037144450470096,40.57899000039751,0.3661988887026798
Rat_education_Bryant,chronos_bolt_small,28,0.0533226204452349,0.0873108872582504,5.5071334565880505,0.0451268294148673
Rat_education_Calvin,chronos_bolt_small,28,0.0229092397569364,0.0410343912534598,2.2837338608852558,0.0196892413103249
Rat_education_Candida,chronos_bolt_small,28,0.0871272261006743,0.1205800136220364,8.48273120129841,0.0671121028624103
Rat_education_Carmela,chronos_bolt_small,28,0.0796740796231913,0.118459392799044,7.3647492776159185,0.0607008824144141
Rat_education_Cecil,chronos_bolt_small,28,0.0717991630074434,0.0910985242426492,7.543278728636767,0.0573104259629994
Rat_education_Cedric,chronos_bolt_small,28,0.0927405294937485,0.1396574364407961,9.428145160390262,0.0727845775084548
Rat_education_Colin,chronos_bolt_small,28,0.0611629666194411,0.1162329676013712,10.301618466980024,0.0660522660583618
Rat_education_Conrad,chronos_bolt_small,28,0.2501113292271561,0.4585593376933096,21.68294557653342,0.1955331382352185
Rat_education_Dana,chronos_bolt_small,28,0.1288009038503052,0.2136630047364508,12.01829429253847,0.0988435400787689
Rat_education_Dann,chronos_bolt_small,28,0.0691439120442356,0.1256594758069128,6.681654494726963,0.0572526582840255
Rat_education_Davis,chronos_bolt_small,28,0.0898095384217733,0.1478760847200267,8.473881285875457,0.0681206675626507
Rat_education_Deanna,chronos_bolt_small,28,0.1164805120380445,0.1607012211040129,11.55371408010451,0.0912843749624786
Rat_education_Debra,chronos_bolt_small,28,0.0641613654115435,0.1070618520675139,6.009457232971117,0.0500170883788004
Rat_education_Dreama,chronos_bolt_small,28,0.0200724042620681,0.0439412472470636,2.130213130490795,0.0180566430100913
Rat_education_Earl,chronos_bolt_small,28,0.0843410398243737,0.1449625368198241,9.36787550445765,0.0776296497326235
Rat_education_Earnest,chronos_bolt_small,28,0.1008030400378281,0.1696928123523839,9.36883420315196,0.0765363045512684
Rat_education_Elisa,chronos_bolt_small,28,0.1599186259306636,0.2954729649371984,21.50629732475864,0.1856317157700527
Rat_education_Elsie,chronos_bolt_small,28,0.3467384696177354,0.5645350083238588,1350.6714919499736,30.473254862518008
Rat_education_Esther,chronos_bolt_small,28,0.1155293820346432,0.172619700417762,11.135188308101371,0.089898356493194
Rat_education_Everett,chronos_bolt_small,28,0.0672800341120301,0.0991007641003604,6.367415497041414,0.0522225367215029
Rat_education_Fernando,chronos_bolt_small,28,0.1087171140233985,0.1724552869674131,10.311859261347015,0.084434412403172
Rat_education_Francisca,chronos_bolt_small,28,0.0580025984284018,0.1218755987335596,5.568769548072739,0.0465443531849452
Rat_education_Gricelda,chronos_bolt_small,28,0.1290304994697037,0.1956738113888015,24.20295085195947,0.1063481676407798
Rat_education_Guillermo,chronos_bolt_small,28,0.0898145531627723,0.1271622208628218,9.29163091855152,0.0738939151134446
Rat_education_Humberto,chronos_bolt_small,28,0.2262662351140458,0.5051780180017583,29.39347977843011,0.2500334173996429
Rat_education_Irma,chronos_bolt_small,28,0.111061771769517,0.1677640897501774,10.78856143173762,0.0859839630951999
Rat_education_Jacob,chronos_bolt_small,28,0.070408772646338,0.093881940099988,7.445927938095023,0.0558178141687937
Rat_education_Jame,chronos_bolt_small,28,0.0817512885143166,0.1104859070110738,8.117621190379097,0.0640175213307194
Rat_education_Jeanne,chronos_bolt_small,28,0.10062208132979,0.1777100411132481,9.13133036920413,0.0759918586805053
Rat_education_Jena,chronos_bolt_small,28,0.0869406777639339,0.1217189226786103,8.235939040901027,0.0679788852355913
Rat_education_Jesse,chronos_bolt_small,28,0.0401184545790553,0.0597725012027666,3.912080428905988,0.0319693889242826
Rat_education_Kandice,chronos_bolt_small,28,0.2332354835194562,0.4897973137772115,67.52220332011292,0.401586775369652
Rat_education_Kathryn,chronos_bolt_small,28,0.0730173370115352,0.1127564594572818,6.478794176796858,0.0574720396697024
Rat_education_Keith,chronos_bolt_small,28,0.0769903451981485,0.1099183323279013,7.641439068868198,0.0596200777731424
Rat_education_Kelsey,chronos_bolt_small,28,0.132200673203098,0.2835328111345423,28.948530728694436,0.2638121171974848
Rat_education_Lee,chronos_bolt_small,28,0.0727604641548878,0.1036773153223974,7.2012767079026245,0.0587015540861034
Rat_education_Leonardo,chronos_bolt_small,28,0.1823889703955825,0.2987600293630662,35.03056096204416,0.1505877889499109
Rat_education_Lincoln,chronos_bolt_small,28,0.0887567668725305,0.1254564733043019,8.532810028049218,0.0701486185245019
Rat_education_Liz,chronos_bolt_small,28,0.1328256502144757,0.1761479023732539,14.051443962730476,0.1049879485311151
Rat_education_Lonnie,chronos_bolt_small,28,0.1575910194161396,0.2263423522589887,16.215793962220538,0.1316271612316214
Rat_education_Lynn,chronos_bolt_small,28,0.1243519247777892,0.1968020498232733,12.318004323536494,0.1024243047876385
Rat_education_Marcos,chronos_bolt_small,28,0.0801359938386259,0.1151134475881856,8.01016541327844,0.0656268341776401
Rat_education_Marianna,chronos_bolt_small,28,0.129906670579438,0.2159072360516415,12.22087514567504,0.1006095212963543
Rat_education_Maricela,chronos_bolt_small,28,0.0821769325050015,0.1436878866081687,8.984507827410154,0.0742078491175531
Rat_education_Marvin,chronos_bolt_small,28,0.1505313750074631,0.2507543487512378,18.48531475874285,0.1552663881041651
Rat_education_Meghan,chronos_bolt_small,28,0.1364608020684353,0.2368128914255048,12.97806601589954,0.1070161624422894
Rat_education_Milagros,chronos_bolt_small,28,0.099056512443734,0.1560587635639424,9.795853854816764,0.0795470429664244
Rat_education_Mona,chronos_bolt_small,28,0.0843692310880423,0.1296057830273939,8.042684162275396,0.0688044490884441
Rat_education_Morton,chronos_bolt_small,28,0.0846739715288036,0.1299121201682252,8.445686649835729,0.0688399155668975
Rat_education_Mose,chronos_bolt_small,28,0.1080651662923583,0.2007538517049431,10.62781762164986,0.086949536093886
Rat_education_Nellie,chronos_bolt_small,28,0.1091250713210213,0.1724231518762817,10.56496622081374,0.0886010987759215
Rat_education_Nona,chronos_bolt_small,28,0.1278479150416208,0.216576124139534,13.273406725997944,0.1103327432011922
Rat_education_Nydia,chronos_bolt_small,28,0.0771947663722366,0.1115039800162738,7.4488607101403375,0.0607681688672696
Rat_education_Pat,chronos_bolt_small,28,0.0057153498980592,0.0105281016005241,0.5835240538412543,0.0050713189128428
Rat_education_Patty,chronos_bolt_small,28,0.1284710953948931,0.1809055869311107,13.185898040365384,0.1035879097691276
Rat_education_Paula,chronos_bolt_small,28,0.1044007297182086,0.1425855825743829,10.277824684079524,0.078740078041247
Rat_education_Renee,chronos_bolt_small,28,0.1118459629333597,0.1511433912901875,11.03248266311888,0.0864031010316272
Rat_education_Robyn,chronos_bolt_small,28,0.1184533849729352,0.1632683835222713,12.988870747409983,0.0993237062025916
Rat_education_Rogelio,chronos_bolt_small,28,0.076358678050925,0.1056318489161748,7.242846126388816,0.0602342985071143
Rat_education_Rosalyn,chronos_bolt_small,28,0.0991801425122813,0.1548477397147816,10.161139752210788,0.0813153919449178
Rat_education_Royal,chronos_bolt_small,28,0.0625035070247702,0.0973843677225831,6.1627891767819545,0.050280913329288
Rat_education_Salvatore,chronos_bolt_small,28,0.0700114150218975,0.1080027482398114,6.295388820772622,0.054344067860387
Rat_education_Shellie,chronos_bolt_small,28,0.0806103854001474,0.1322968026607177,8.074250236510926,0.066114042892922
Rat_education_Sherwood,chronos_bolt_small,28,0.092668053676705,0.1419690939182685,9.138823444713848,0.0720697761325802
Rat_education_Sina,chronos_bolt_small,28,0.0744300530917463,0.1106249432162794,7.313164136029275,0.0592914482188595
Rat_education_Stuart,chronos_bolt_small,28,0.1193497252418668,0.1840719182311747,11.289337316147778,0.0905233952614203
Rat_education_Tania,chronos_bolt_small,28,0.193220796715275,0.2949135488629919,82.73738650303312,0.1527768190820084
Rat_education_Terese,chronos_bolt_small,28,0.0833022340334636,0.1327111117236473,7.730688811490596,0.0622221212428297
Rat_education_Theo,chronos_bolt_small,28,0.0748713804700817,0.102033984670059,7.578258588012949,0.0601440626132401
Rat_education_Tim,chronos_bolt_small,28,0.0876173825223324,0.1314014343659736,8.161106983161567,0.0660269168437133
Rat_education_Tristan,chronos_bolt_small,28,0.0504644034170985,0.1298955575256234,5.019623170021991,0.0437299157455479
Rat_education_Ulrike,chronos_bolt_small,28,0.0889529748004504,0.1457021737708326,8.759789317871805,0.0717355340649422
Rat_education_Verna,chronos_bolt_small,28,0.1114095753950567,0.1766035625140046,10.634928697608627,0.0854834586222376
Rat_education_Vicky,chronos_bolt_small,28,0.122240541888452,0.2274669750371822,109.9975255852127,0.0993166316396202
Rat_education_Willie,chronos_bolt_small,28,0.1198851961869955,0.1744650342592423,12.234392649256664,0.0992043663509857
Rat_education_Willy,chronos_bolt_small,28,0.0548830020772192,0.1656694818919487,6.766026025452058,0.0578117037720059
Rat_education_Wilmer,chronos_bolt_small,28,0.0984621074831967,0.1425826501355125,10.081146165709251,0.0792439513475977
Rat_education_Winnie,chronos_bolt_small,28,0.0976328680896997,0.1422232877910755,9.565345207257682,0.078326146395844
Rat_education_Yu,chronos_bolt_small,28,0.0760012849981618,0.1087340311263239,7.767282676588268,0.0606924617964392
Rat_education_Zina,chronos_bolt_small,28,0.1458968546162124,0.2802460722447591,13.73153456704658,0.1145950793803352
Rat_education_Zoe,chronos_bolt_small,28,0.1208770742816189,0.1657327151486315,11.723230498092912,0.0946018848614188
Rat_health_Gaye,chronos_bolt_small,28,0.1019090104384,0.1398488080911286,10.121843172689465,0.078117077541103
Rat_health_Guy,chronos_bolt_small,28,0.0328798200848193,0.0477524026176215,3.320101219312703,0.0270797869999798
Rat_health_Mildred,chronos_bolt_small,28,0.1276061810789904,0.1889978406663516,12.58459051183574,0.0988302353478075
Rat_health_Rosaria,chronos_bolt_small,28,0.1491058658643336,0.2467344689319724,14.459811173154964,0.1138101921568319
Rat_health_Shane,chronos_bolt_small,28,0.0589243357997787,0.080891471769144,6.147990260105218,0.0481089009489648
Rat_health_Tanya,chronos_bolt_small,28,0.0799575821845175,0.10413517750627,7.8717828393031235,0.0621702587888837
Rat_lodging_Ardell,chronos_bolt_small,28,0.1114420259807353,0.1507305236339582,10.877323392489854,0.0865543333361164
Rat_lodging_Ben,chronos_bolt_small,28,0.1433341186945053,0.2456983805923276,17.377129788129228,0.1534246343901797
Rat_lodging_Christine,chronos_bolt_small,28,0.1361447595995416,0.1982934771579279,14.09217600092441,0.1136230432608283
Rat_lodging_Dwight,chronos_bolt_small,28,0.2411811902114591,0.3148651323802943,26.86036765469937,0.2096981742993135
Rat_lodging_Jeannette,chronos_bolt_small,28,0.228270595794594,0.3099739796082864,22.04795930465895,0.174816401115181
Rat_lodging_Lorenzo,chronos_bolt_small,28,0.4053518272620893,0.6074151541299011,256.0602329493927,0.3222815495874459
Rat_lodging_Marguerite,chronos_bolt_small,28,0.129846849486785,0.1732661313009132,13.14892043417903,0.1032506748130818
Rat_lodging_Marion,chronos_bolt_small,28,0.1183394503209987,0.1569051179858147,11.67482637056281,0.091862482332321
Rat_lodging_Ted,chronos_bolt_small,28,0.4542449727968594,0.6810695024170008,221.75409887320464,0.4003813289886709
Rat_office_Adele,chronos_bolt_small,28,0.050870679058363,0.0918669347598677,5.757506284424166,0.0492051642742922
Rat_office_Annis,chronos_bolt_small,28,0.0965206941096047,0.1412369289895103,9.88623357783023,0.0782008945229768
Rat_office_Arron,chronos_bolt_small,28,0.0876798799816674,0.1283471719179012,8.423057330320948,0.0695304282916244
Rat_office_Avis,chronos_bolt_small,28,0.0756015360148066,0.1217217944309108,7.207445263890853,0.0608376948215689
Rat_office_Chris,chronos_bolt_small,28,0.0473687736768979,0.0712291989916535,4.746625639512486,0.039261165914603
Rat_office_Colby,chronos_bolt_small,28,0.0598485914911942,0.0846293768585246,6.481599446421502,0.0494075676008666
Rat_office_Craig,chronos_bolt_small,28,0.044987471579045,0.0763871504108431,4.49173766466884,0.0387314352055203
Rat_office_Jacinta,chronos_bolt_small,28,0.0495860509036607,0.078115267576101,5.327754266648542,0.0437973395527673
Rat_office_Jamal,chronos_bolt_small,28,0.0745616351772928,0.1407247324684806,7.889078249943772,0.0697991314676317
Rat_office_Jeannie,chronos_bolt_small,28,0.1391177355175871,0.2138016020039651,14.73225473785435,0.1165956603316627
Rat_office_Jessica,chronos_bolt_small,28,0.0360766396995169,0.0478010590353733,3.583237167321189,0.0284786034275547
Rat_office_Jill,chronos_bolt_small,28,0.1537317338094379,0.2697120918139815,19.77515962141515,0.175742935616752
Rat_office_Kasey,chronos_bolt_small,28,0.1357123392938997,0.2276509654219837,11.533841285842936,0.1030344598535059
Rat_office_Lora,chronos_bolt_small,28,0.3984516914039607,0.5838418103728501,42.81478113131782,0.3748993740192799
Rat_office_Loyd,chronos_bolt_small,28,0.0842461580103209,0.1393356389599798,8.246485685498707,0.0676177923851572
Rat_office_Mei,chronos_bolt_small,28,0.1071941228086908,0.1780004760775675,10.174653017923577,0.0895750846568206
Rat_office_Olivia,chronos_bolt_small,28,0.0773164643639665,0.1342829253205977,8.282141432554308,0.0663690886086134
Rat_office_Ramiro,chronos_bolt_small,28,0.0384200840788603,0.0535386914861583,3.888546192570299,0.0308672238132298
Rat_office_Randy,chronos_bolt_small,28,0.071859964639731,0.1107266876415273,7.8931107414350095,0.0635137920272911
Rat_office_Ronald,chronos_bolt_small,28,0.2266595425247468,0.3451143136817619,43.20834453074721,0.3857849328898176
Rat_office_Rosemary,chronos_bolt_small,28,0.1282630441585279,0.1689333797511892,14.171652815069695,0.1036818539587551
Rat_office_Sammy,chronos_bolt_small,28,0.1808387088414135,0.2886158015846986,24.934925212236227,0.2146693795257116
Rat_office_Tracy,chronos_bolt_small,28,0.0967873224095172,0.1282875733773347,9.878064449863452,0.0774116188128471
Rat_other_Al,chronos_bolt_small,28,0.1256671946513919,0.1751151911807195,12.489843378586956,0.0988371955128132
Rat_other_Daphne,chronos_bolt_small,28,0.2453692435204805,0.392927358050628,23.86243933179385,0.2008307372688794
Rat_other_Hazel,chronos_bolt_small,28,0.017056601194576,0.0222155933992676,1.6984945992669218,0.0129780862031206
Rat_other_Lan,chronos_bolt_small,28,0.0461906474399146,0.072853130436192,5.209134585888158,0.0373606638256679
Rat_parking_Ronnie,chronos_bolt_small,28,0.1941687306149808,0.2826126345918041,18.732714084324705,0.1538867771841214
Rat_public_Alanna,chronos_bolt_small,28,0.0670812203354262,0.1174259855674712,6.8435944938299285,0.0598298846887524
Rat_public_Allie,chronos_bolt_small,28,0.1117544345535611,0.1661708158812414,11.976934290228984,0.0930759783562224
Rat_public_Allyson,chronos_bolt_small,28,0.0866750373142714,0.110839548084351,9.023453751854817,0.0673340556760687
Rat_public_Amber,chronos_bolt_small,28,0.2186416767629713,0.3462222530609359,24.170378150229705,0.171202487868235
Rat_public_Angelina,chronos_bolt_small,28,0.0998105958578403,0.179138111670368,11.02411070334448,0.0912258319742123
Rat_public_Angle,chronos_bolt_small,28,0.052916583888433,0.069290372082704,5.316228313222331,0.0416532999383644
Rat_public_Becky,chronos_bolt_small,28,0.1169165570553902,0.1596997295397839,12.02900014291106,0.0935722938149699
Rat_public_Berry,chronos_bolt_small,28,0.034139236955146,0.0555985069801047,3.492891001420753,0.0289781676004538
Rat_public_Bronwyn,chronos_bolt_small,28,0.0740026482798727,0.1120002247994666,7.1698454009094,0.0591741192851555
Rat_public_Carole,chronos_bolt_small,28,0.1625838106805701,0.2207547425259227,16.494673004792595,0.132939303134681
Rat_public_Caroline,chronos_bolt_small,28,0.1268549842093921,0.1763252054903092,13.792848436164714,0.1155538249646962
Rat_public_Chrissy,chronos_bolt_small,28,0.0961996514043585,0.1253952619641358,10.313467467234188,0.0782745208446201
Rat_public_Clyde,chronos_bolt_small,28,0.117835026331234,0.1704728808759041,11.573681632495642,0.0939896741768232
Rat_public_Corinne,chronos_bolt_small,28,0.0785358557032695,0.11524476680763,7.3738795987011025,0.0584596391897206
Rat_public_Courtney,chronos_bolt_small,28,0.1264978985916877,0.1970903338671722,12.586390731470168,0.0978778414436925
Rat_public_Dalia,chronos_bolt_small,28,0.0323817894594726,0.0413241037858478,3.2870633059365733,0.0253448787997968
Rat_public_Damon,chronos_bolt_small,28,0.0917414038311138,0.1233771329158518,9.837882899892085,0.0780083757178416
Rat_public_Deidre,chronos_bolt_small,28,0.1123877219787365,0.153916970064326,11.286073578100504,0.0890696765925636
Rat_public_Desiree,chronos_bolt_small,28,0.1419217387311093,0.183354775705587,14.917711632170947,0.1133469900532598
Rat_public_Dexter,chronos_bolt_small,28,0.0921507572425061,0.1213312017276742,9.39394610811988,0.0737028108272115
Rat_public_Duane,chronos_bolt_small,28,0.2616586483933981,0.4360099669040279,65.99781240589492,0.4846421409994951
Rat_public_Elmira,chronos_bolt_small,28,0.1442869745065911,0.2139911864721144,14.833721570013733,0.1111053767995513
Rat_public_Emilee,chronos_bolt_small,28,0.1389788163859835,0.2091467740270064,14.857581074048593,0.1178217855342097
Rat_public_Faye,chronos_bolt_small,28,0.1275565957434714,0.1790807126012982,13.87882654065588,0.1071553128547683
Rat_public_Fern,chronos_bolt_small,28,0.0720890413858861,0.1057441317619345,7.9559324799772,0.061130303356224
Rat_public_Frank,chronos_bolt_small,28,0.0769962386124602,0.1024841787117367,7.848057746836947,0.0607788518496113
Rat_public_Frederick,chronos_bolt_small,28,0.0547962420332739,0.0700768198732073,5.66343060178226,0.0437671224565169
Rat_public_Fredrick,chronos_bolt_small,28,0.3198439129971672,0.7612877946638628,58.94664944373894,0.5255950502132942
Rat_public_Grover,chronos_bolt_small,28,0.0809130829158295,0.1078018745364907,8.168026823104563,0.0641061303890983
Rat_public_Helena,chronos_bolt_small,28,0.1372080887309071,0.1803826871431593,14.219104689054165,0.1088913206997524
Rat_public_Hortencia,chronos_bolt_small,28,0.1194769171168693,0.1881344863209491,13.17737670373636,0.1051033705786232
Rat_public_Isabel,chronos_bolt_small,28,0.0528068932614321,0.073557984552487,5.340640287766185,0.0416486907796099
Rat_public_Jason,chronos_bolt_small,28,0.0834966331451605,0.156955555301622,10.813491979198467,0.0886999000166429
Rat_public_Joann,chronos_bolt_small,28,0.0656559283972425,0.1082317665614891,6.6019340738771,0.0551595525143177
Rat_public_Johnna,chronos_bolt_small,28,0.0016977940520777,0.0021447670681816,0.1697794052077734,0.0018285106992581
Rat_public_Johnny,chronos_bolt_small,28,0.0788763883462915,0.1026290218597774,8.00367862019953,0.06210098794322
Rat_public_Josiah,chronos_bolt_small,28,0.0965593259415028,0.1855179305483337,8.401280611045618,0.0743298871660879
Rat_public_Julieann,chronos_bolt_small,28,0.0411114488397028,0.0858023419096015,18.84079692353987,0.0346862452715784
Rat_public_Kathleen,chronos_bolt_small,28,0.0430469649033042,0.0671075660540774,4.173411153158098,0.0350976102188704
Rat_public_Kelle,chronos_bolt_small,28,0.1886002990116529,0.2821103130189277,17.30824644188135,0.1486424551118757
Rat_public_Kelly,chronos_bolt_small,28,0.0939038557684144,0.1195082060356027,9.595460124415307,0.0746791996934588
Rat_public_Kermit,chronos_bolt_small,28,0.116128182859677,0.2483092768202793,11.189094184238458,0.0938051021335012
Rat_public_Kimber,chronos_bolt_small,28,0.2038472694389585,0.311645032239275,45.56217376671394,0.1666252592535465
Rat_public_Laura,chronos_bolt_small,28,0.1146612724235768,0.1726452496509481,11.320535110870166,0.0884715637755629
Rat_public_Laurie,chronos_bolt_small,28,0.0459497361829519,0.0739607030064791,4.427199418190071,0.0372503263655053
Rat_public_Laverne,chronos_bolt_small,28,0.1514676205340657,0.1974771348869086,16.358291567684105,0.1237353424474994
Rat_public_Lea,chronos_bolt_small,28,0.0305007729399271,0.0699242329167143,3.2545608528788814,0.0279255449881778
Rat_public_Leo,chronos_bolt_small,28,0.0908120515500499,0.1198221795175234,9.115694351912754,0.0716308980097575
Rat_public_Leta,chronos_bolt_small,28,0.1157596463470344,0.1508355688846966,26.04472630708219,0.0943694571101786
Rat_public_Lloyd,chronos_bolt_small,28,0.1023342396646888,0.1515410077325219,9.470809323090004,0.0773957659916547
Rat_public_Loretta,chronos_bolt_small,28,0.0453015076322578,0.0710496228214786,5.120197401668443,0.0401447321874995
Rat_public_Lynda,chronos_bolt_small,28,0.1279960593709649,0.1685576685869247,13.334421719741082,0.1043336627531975
Rat_public_Mabel,chronos_bolt_small,28,0.0495449325238018,0.0838323731953753,5.089144759749844,0.0408262352048529
Rat_public_Marcellus,chronos_bolt_small,28,0.1208315071364597,0.1878501564039735,12.724083854361409,0.100331324360048
Rat_public_Margart,chronos_bolt_small,28,0.1304618903639986,0.1704824507362165,13.975256780976787,0.1075928949973649
Rat_public_Mark,chronos_bolt_small,28,0.0945725981598132,0.1357121382715576,11.52516427003481,0.0770983012970097
Rat_public_Michael,chronos_bolt_small,28,0.0685110122939388,0.1037187239893295,6.834556105516054,0.0545761317903444
Rat_public_Michelle,chronos_bolt_small,28,0.1104661150067087,0.2173137829268658,11.472754882690412,0.0975366671281256
Rat_public_Muriel,chronos_bolt_small,28,0.0746078936448117,0.1031560169080367,8.22628022862691,0.064067009436517
Rat_public_Nancy,chronos_bolt_small,28,0.0947656883713762,0.1247512041353855,9.996513067893654,0.0780574750082534
Rat_public_Neil,chronos_bolt_small,28,0.1062922030684402,0.1763716405376382,10.351300565243452,0.0869227250636337
Rat_public_Nell,chronos_bolt_small,28,0.0674443507189132,0.0950757864404979,6.672374242380892,0.0520438520005356
Rat_public_Nelson,chronos_bolt_small,28,0.0697958172003327,0.0934413135601462,7.022320420905419,0.0544648563550258
Rat_public_Norene,chronos_bolt_small,28,0.001470891824938,0.0034327599397844,0.1470891824938067,0.0011342783741627
Rat_public_Ramon,chronos_bolt_small,28,0.1471275819381529,0.1977853684205572,15.565906509744442,0.1194499537627372
Rat_public_Ramona,chronos_bolt_small,28,0.1071585305347356,0.1403532887916227,10.822020001117544,0.0839228623937112
Rat_public_Roberta,chronos_bolt_small,28,0.1242499352614799,0.1649041090586386,13.41128024239209,0.1022959517977633
Rat_public_Roma,chronos_bolt_small,28,0.1374073299402728,0.2136249570954345,12.832066747988652,0.1134027031312533
Rat_public_Sade,chronos_bolt_small,28,0.1438417154663642,0.1989332047660345,14.520304155529296,0.1161793335280611
Rat_public_Sana,chronos_bolt_small,28,0.0778489452912019,0.239867147620097,439.8649982971536,3457185137.739543
Rat_public_Sean,chronos_bolt_small,28,0.1156625403461596,0.1665956702747524,12.050479835144737,0.0913550349759799
Rat_public_Shanta,chronos_bolt_small,28,0.1386326534194635,0.1828704968175719,14.75370845141274,0.1137601426016524
Rat_public_Sharonda,chronos_bolt_small,28,0.101148232771628,0.1537677288332556,9.918202097386557,0.0803191710832003
Rat_public_Sharron,chronos_bolt_small,28,0.1150838708469471,0.2458090726303558,158.20575850553735,0.967764278508213
Rat_public_Stacey,chronos_bolt_small,28,0.1569116268305997,0.2159025768827661,16.287245558364184,0.1302759384614826
Rat_public_Stella,chronos_bolt_small,28,0.052311897903916,0.0686707541247255,5.253618571037019,0.040413665080265
Rat_public_Sue,chronos_bolt_small,28,0.0940417079973174,0.1564776571859362,10.35438254121748,0.080094381675628
Rat_public_Tammara,chronos_bolt_small,28,0.2019185766593793,0.2870023834390652,20.00639640003763,0.1539425534775026
Rat_public_Tamra,chronos_bolt_small,28,0.1201660653995474,0.1623207936920966,12.404794518842898,0.0949344020057993
Rat_public_Tommy,chronos_bolt_small,28,0.0734980180901979,0.0965340766207335,7.586740792310474,0.0587982715511622
Rat_public_Toya,chronos_bolt_small,28,0.2258208148906243,0.3378408190490143,24.41248616964593,0.1814871470189095
Rat_public_Tricia,chronos_bolt_small,28,0.1666280082930937,0.2701911596369562,16.1207787668372,0.1314081385342265
Rat_public_Vickie,chronos_bolt_small,28,0.0774871047767966,0.11382936471494,7.784622665708738,0.0620250284580806
Rat_public_Wilbur,chronos_bolt_small,28,0.1777756288048333,0.3137785102103524,38.01899709650381,0.3515477354836647
Rat_public_Wilma,chronos_bolt_small,28,0.0932574638852968,0.1259200073460615,10.002792245632708,0.0730067498847834
Rat_public_Yessenia,chronos_bolt_small,28,0.0887814434341484,0.1320780122165611,10.275072869290462,0.077282007726599
Rat_religion_Kathy,chronos_bolt_small,28,0.2886170008719869,0.3805612421190921,39.72097998750822,0.2299032507211702
Rat_retail_Jeffrey,chronos_bolt_small,28,0.1684002673139432,0.337221457394168,199.3567034809504,1.684078517916613
Rat_warehouse_Breanna,chronos_bolt_small,28,0.0365955481710043,0.0617899174506193,3.854955311907669,0.0317975446571079
Rat_warehouse_Doretta,chronos_bolt_small,28,0.0499064726990285,0.0750752115720482,4.99899219847454,0.0406450029932676
Rat_warehouse_Eloisa,chronos_bolt_small,28,0.1629512129186056,0.2227970259170816,16.88553860664386,0.130908578716661
Rat_warehouse_Maegan,chronos_bolt_small,28,0.1127091855708442,0.180049506396638,13.527935896724369,0.1001211699371255
Rat_warehouse_Shari,chronos_bolt_small,28,0.135380332515926,0.2253416244998366,18.56630194904271,0.1456422271573187
Robin_assembly_Colleen,chronos_bolt_small,28,0.0490172284251077,0.067865224444939,5.277631301165679,0.039805221384741
Robin_education_Audrea,chronos_bolt_small,28,0.0405025791344162,0.0643531217291421,4.423054788373728,0.036786601163148
Robin_education_Billi,chronos_bolt_small,28,0.0595325909000953,0.0845456050348086,6.6252782637163925,0.0497858968006042
Robin_education_Cecilia,chronos_bolt_small,28,0.0849075420663284,0.1143384840401864,8.67614257671121,0.0666877101985827
Robin_education_Della,chronos_bolt_small,28,0.2040995876337697,0.3009322005142218,61.411882939048304,0.1664411596092463
Robin_education_Derick,chronos_bolt_small,28,0.0481037704626397,0.0642923427669746,4.759682629524407,0.0373945176862291
Robin_education_Derrick,chronos_bolt_small,28,0.0225353299059312,0.0443379734504251,2.1339314209536298,0.0180857968627679
Robin_education_Jasper,chronos_bolt_small,28,0.0273630339533367,0.0351752966345081,2.730489049970465,0.0211444241906366
Robin_education_Julius,chronos_bolt_small,28,0.04375516756439,0.0594025781122291,4.212194049460416,0.0334536148861546
Robin_education_Karyl,chronos_bolt_small,28,0.0529500381767821,0.0751329529437151,5.194986817298847,0.041930679575643
Robin_education_Kiera,chronos_bolt_small,28,0.0494872238310546,0.0682606443159928,5.066122374535233,0.0398810245443179
Robin_education_Kristopher,chronos_bolt_small,28,0.0490548510042862,0.0818917768442701,4.465869079606477,0.0369030995965797
Robin_education_Lashandra,chronos_bolt_small,28,0.0908894948086688,0.1327096267677417,8.328644363144761,0.0687625412986595
Robin_education_Leslie,chronos_bolt_small,28,0.0341185970755453,0.0549127429031122,3.330476502797089,0.0269314027828121
Robin_education_Lizbeth,chronos_bolt_small,28,0.0501503679109166,0.0927233246757516,4.557006955487728,0.0410755794686442
Robin_education_Madeline,chronos_bolt_small,28,0.0218468114383292,0.0522098587252107,2.123122027629351,0.0187734206185676
Robin_education_Margarito,chronos_bolt_small,28,0.0476420047760223,0.0653762644177944,4.6481855200861855,0.0374644221848749
Robin_education_Megan,chronos_bolt_small,28,0.0527912881065451,0.0833509412839237,5.228138197574742,0.0441131826867253
Robin_education_Mercedes,chronos_bolt_small,28,0.0807954948220705,0.1162288490365899,7.778956756325249,0.0644969359438253
Robin_education_So,chronos_bolt_small,28,0.0174415401845069,0.0244221843918444,1.6899847137840531,0.0137009981310639
Robin_education_Takako,chronos_bolt_small,28,0.1152531015551945,0.1781891063911989,10.4384422998198,0.0879969653254292
Robin_education_Terrance,chronos_bolt_small,28,0.0346269383041401,0.0462140783588022,3.421638860093488,0.027391850728204
Robin_education_Zenia,chronos_bolt_small,28,0.0242161263552331,0.0334690940137417,2.33764315866768,0.0185981646809231
Robin_lodging_Armand,chronos_bolt_small,28,0.0432256876873718,0.058280406867517,4.214949892600846,0.033825069631
Robin_lodging_Celia,chronos_bolt_small,28,0.0571548020240483,0.0796355520866417,5.691453473405367,0.0452648652289776
Robin_lodging_Donna,chronos_bolt_small,28,0.0552478064859161,0.080556970397186,5.335198044061908,0.0435541427499486
Robin_lodging_Dorthy,chronos_bolt_small,28,0.0790143387618239,0.1048515295814073,8.017948902326392,0.0625512635828468
Robin_lodging_Elmer,chronos_bolt_small,28,0.0552304498962162,0.0745619989907095,5.451350524418058,0.0435427898237586
Robin_lodging_Janie,chronos_bolt_small,28,0.0817507402691535,0.1064396687347064,8.125217601268751,0.0636965125745653
Robin_lodging_Oliva,chronos_bolt_small,28,0.0582287601489256,0.0785022512342868,5.751536396588943,0.0454997446782289
Robin_lodging_Phillip,chronos_bolt_small,28,0.0819081056195921,0.1195767612341865,7.806675020365553,0.0636166741556083
Robin_lodging_Pricilla,chronos_bolt_small,28,0.0780083878628634,0.1075510624945654,7.51829245228749,0.060488949858228
Robin_lodging_Renea,chronos_bolt_small,28,0.046065598228518,0.0693121478446157,4.802122312259338,0.0379256769869186
Robin_office_Addie,chronos_bolt_small,28,0.0900512413394919,0.1212309728720152,9.48482600614261,0.0720749101944611
Robin_office_Adolph,chronos_bolt_small,28,0.074294323063959,0.0967874239355746,7.568654401824657,0.057819709518891
Robin_office_Antonina,chronos_bolt_small,28,0.0298050662045737,0.0378726971148107,2.962791821477184,0.0231193621939684
Robin_office_Dina,chronos_bolt_small,28,0.0463941286522406,0.0656445311899215,4.515078336181517,0.036376448411381
Robin_office_Donald,chronos_bolt_small,28,0.0491310450297648,0.071917508688662,4.705914188674557,0.0383750604783108
Robin_office_Gayle,chronos_bolt_small,28,0.0547053075743763,0.0843961496943731,5.504833050456196,0.0451961081612438
Robin_office_Lindsay,chronos_bolt_small,28,0.0601048969531953,0.0899081797279098,5.642138027006808,0.0477936420463089
Robin_office_Maryann,chronos_bolt_small,28,0.0268249254901314,0.0361634290220415,2.639166642486581,0.0214881701429226
Robin_office_Sammie,chronos_bolt_small,28,0.0748209549217343,0.0969402266514188,7.779237733949815,0.0595890285216326
Robin_office_Saul,chronos_bolt_small,28,0.0884928403624566,0.1461523529809246,66.32362157952448,0.0767678964979988
Robin_office_Serena,chronos_bolt_small,28,0.0579949843943792,0.0777406966937249,6.011295215252168,0.0472141004830896
Robin_office_Shirlene,chronos_bolt_small,28,0.0601835552712663,0.0870247314750877,6.1633535534795785,0.0506820470457794
Robin_office_Soledad,chronos_bolt_small,28,0.0982715529514705,0.1573795469441606,8.636558837564227,0.0749695137745912
Robin_office_Victor,chronos_bolt_small,28,0.041669227520415,0.0574395119296191,4.400476065678466,0.0337147811329489
Robin_office_Wai,chronos_bolt_small,28,0.0307871133277645,0.0491751010890489,3.197297513562694,0.0264463828525722
Robin_office_Zelma,chronos_bolt_small,28,0.0388505338503546,0.0570674618248676,3.662699442169495,0.0303208725954521
Robin_public_Cami,chronos_bolt_small,28,0.0467996118262735,0.0657495548649833,4.8845539908709625,0.0380769529523455
Robin_public_Carolina,chronos_bolt_small,28,0.0364520405678129,0.0472144791098161,4.139031128423606,0.0300444285653837
Swan_unknown_Allison,chronos_bolt_small,28,0.0685381220304262,0.1421596988181438,33.979039503243044,0.0540959173998782
Swan_unknown_Andres,chronos_bolt_small,28,0.0497758351009146,0.0742647716899361,5.067312763472994,0.0391196449220276
Swan_unknown_Bette,chronos_bolt_small,28,0.0449390405845969,0.1089801055159741,26.52913285270224,0.0363574023585734
Swan_unknown_Christoper,chronos_bolt_small,28,0.0667379229743492,0.1304900628678879,28.543086265870983,0.0554348171436257
Swan_unknown_Douglas,chronos_bolt_small,28,0.0242606992980678,0.0728622319940009,18.69708175813719,0.0201567234643634
Swan_unknown_Esteban,chronos_bolt_small,28,0.0407338305246292,0.0934918589914863,23.751453347043665,0.0351987987509395
Swan_unknown_Fabian,chronos_bolt_small,28,0.0702292282290928,0.1156519393265634,26.140861519261893,0.0582528402611563
Swan_unknown_Ike,chronos_bolt_small,28,0.0950522144713614,0.1839690624594774,34.66147229280228,0.0815438431189949
Swan_unknown_Isaiah,chronos_bolt_small,28,0.079026246637826,0.1432461501474236,30.610076000304325,0.0675448839764508
Swan_unknown_Jan,chronos_bolt_small,28,0.0176589354569854,0.0690525927570446,18.153454557718444,0.0148923552526589
Swan_unknown_Jerold,chronos_bolt_small,28,0.0202632441053681,0.0654751547599225,16.79856287546333,0.0171617971496806
Swan_unknown_Noelia,chronos_bolt_small,28,0.1129481080901753,0.1607609583738923,28.867733061305614,0.09084468924474
Swan_unknown_Raquel,chronos_bolt_small,28,0.028586711364937,0.0858790766058068,21.278857122395824,0.0233646621050467
Swan_unknown_Reyna,chronos_bolt_small,28,0.0843902472327673,0.1581059360347131,30.36018200635918,0.0755996630969235
Swan_unknown_Rocco,chronos_bolt_small,28,0.0126803046950518,0.0628582476460747,16.38825455887267,0.0109753454712905
Swan_unknown_Rudy,chronos_bolt_small,28,0.0175262647318033,0.0654780130560526,17.287657450602552,0.0147609202016929
Swan_unknown_Tom,chronos_bolt_small,28,0.0615230412754796,0.1336752655535705,34.68768941301212,0.0513100162339782
Swan_unknown_Valeria,chronos_bolt_small,28,0.0336555635982996,0.0732265558725994,20.87488075106241,0.0282728061213921
Swan_unknown_Wendy,chronos_bolt_small,28,0.0412354876398439,0.089889218612794,23.40454755939079,0.035021867061001
Wolf_assembly_Elaine,chronos_bolt_small,28,0.3255179356390882,0.6290254738495942,37.51153892244552,0.3095054159724268
Wolf_assembly_Sallie,chronos_bolt_small,28,0.1244859401385113,0.1963910198086185,15.109544647937936,0.1113485560718657
Wolf_education_Anisa,chronos_bolt_small,28,0.272044214150863,0.4487947668345406,26.903412411643004,0.2160411144648272
Wolf_education_Arnulfo,chronos_bolt_small,28,0.203707454350764,0.3507589419845474,29.230028028191636,0.2241444566915818
Wolf_education_Bobby,chronos_bolt_small,28,0.1844048713775862,0.3107231694152791,24.566140501176367,0.1984816891454361
Wolf_education_Cheryl,chronos_bolt_small,28,0.1874241400365823,0.3260020136752529,21.46994465970298,0.1912655331243419
Wolf_education_Clarissa,chronos_bolt_small,28,0.1037113798064828,0.1711816642411591,10.912888451667706,0.0926013346739984
Wolf_education_Cody,chronos_bolt_small,28,0.5752351697534607,1.0325473646905552,79.32296557493882,0.5852778345529618
Wolf_education_Dolores,chronos_bolt_small,28,0.2297515696440553,0.40663292250524,205.23508597657693,0.2531659154505323
Wolf_education_Dorris,chronos_bolt_small,28,0.0811429934797796,0.1197017295617849,8.232648139746491,0.0685914434121516
Wolf_education_Eulalia,chronos_bolt_small,28,0.2248389864683593,0.3952281837565223,34.647391873746464,0.2966607460261346
Wolf_education_Joaquin,chronos_bolt_small,28,0.0868033687092417,0.1316998946131245,9.062799422694754,0.0735444361915837
Wolf_education_Josefa,chronos_bolt_small,28,0.2862131528560312,0.4748917198638916,36.08892538661864,0.2774934503958565
Wolf_education_Katie,chronos_bolt_small,28,0.1449184670549261,0.2520803996746371,15.127496592055758,0.1305654373761107
Wolf_education_Laurinda,chronos_bolt_small,28,0.175103883989189,0.3159680609534869,19.50993147133901,0.1733056656422793
Wolf_education_Loren,chronos_bolt_small,28,0.1280057017118236,0.2386020280740485,13.622306075912306,0.1227097347203178
Wolf_education_Miguel,chronos_bolt_small,28,0.1761906521096642,0.3187617129309243,19.46664528724826,0.1680701128431705
Wolf_education_Roderick,chronos_bolt_small,28,0.2741515668311196,0.4112790129980859,55.84000506398938,0.2244218605660899
Wolf_education_Tammie,chronos_bolt_small,28,0.1124634991772925,0.1815252840432145,11.15466915278362,0.0972163130875902
Wolf_education_Tori,chronos_bolt_small,28,0.1467183933766025,0.2428958667743169,15.75859787208759,0.1362975360246667
Wolf_education_Ursula,chronos_bolt_small,28,0.1743351675774335,0.2860807097982699,19.47172052260552,0.1673578014141437
Wolf_education_Vivian,chronos_bolt_small,28,0.1898297267384482,0.3087032620167115,22.597350811314072,0.1910832939869307
Wolf_office_Bobbie,chronos_bolt_small,28,0.1831435525757253,0.3050386809003665,20.14508574558288,0.1712068948003851
Wolf_office_Cary,chronos_bolt_small,28,0.1068039903365708,0.1869449938944296,10.870470801878763,0.0938929313149411
Wolf_office_Darleen,chronos_bolt_small,28,0.1671063568356763,0.2992801570371649,18.61561387546012,0.1611491166948518
Wolf_office_Elisabeth,chronos_bolt_small,28,0.0495783356784652,0.0691283200534834,4.9687814416513545,0.0396805665756213
Wolf_office_Emanuel,chronos_bolt_small,28,0.2097441173592936,0.3551397022117676,28.616520316740434,0.2074192430101919
Wolf_office_Haydee,chronos_bolt_small,28,0.2977118783216105,0.4914096678737261,36.77274782504831,0.2866650520615818
Wolf_office_Joana,chronos_bolt_small,28,0.1495746746200559,0.2237680736045524,16.844715510086562,0.1265828003130091
Wolf_office_Nadia,chronos_bolt_small,28,0.1152993552380568,0.1897900695951421,11.645644008516769,0.0987363545415834
Wolf_office_Rochelle,chronos_bolt_small,28,0.2551048378158951,0.4072503407821892,30.32686936465387,0.2471297060084411
Wolf_public_Norma,chronos_bolt_small,28,0.1823436323795782,0.3193199122835964,23.314705190510768,0.2077251848663124
Wolf_retail_Harriett,chronos_bolt_small,28,0.2877078501538262,0.4232131581373451,344.4533661802297,0.2620497379067972
Wolf_retail_Marcella,chronos_bolt_small,28,0.2023434580686488,0.3158851803528524,22.529817146349117,0.178450828428837
Wolf_retail_Toshia,chronos_bolt_small,28,0.2601468161879651,0.5014910677421129,35.8136556930132,0.3162113686424813
Wolf_science_Alfreda,chronos_bolt_small,28,0.0615639856233847,0.0904884156493061,6.172802584803596,0.0520174617658867
Bear_assembly_Angel,patchtst_b900k,28,0.3363235561179192,0.4024814000261429,42.23609500863705,
Bear_assembly_Beatrice,patchtst_b900k,28,0.3084937331321646,0.3669157692614775,78.5536753314869,
Bear_assembly_Danial,patchtst_b900k,28,0.1849990662927825,0.22049230325299,20.189547719915275,
Bear_assembly_Genia,patchtst_b900k,28,0.2710449114941086,0.3351542475712471,28.673293861356537,
Bear_assembly_Harry,patchtst_b900k,28,0.3839344511546896,0.5141465666647496,38.66592914964741,
Bear_assembly_Jose,patchtst_b900k,28,0.2723538152577636,0.3169557718967498,32.18779199225875,
Bear_assembly_Roxy,patchtst_b900k,28,0.4134845955366266,0.6203202273371081,39.42492414159758,
Bear_assembly_Ruby,patchtst_b900k,28,0.1124998705967423,0.1322528848838211,11.381108917363946,
Bear_education_Alvaro,patchtst_b900k,28,0.1354218686358087,0.1653127423589916,14.125148859329348,
Bear_education_Augusta,patchtst_b900k,28,0.3913894599178915,0.4495045237565979,41.29918167131565,
Bear_education_Austin,patchtst_b900k,28,0.6027940257867775,0.6831441733849246,77.45096711564375,
Bear_education_Babara,patchtst_b900k,28,0.1099472697200767,0.1383273978066981,10.590424897767406,
Bear_education_Benita,patchtst_b900k,28,0.0795416699802783,0.0960328237729173,7.903013994132586,
Bear_education_Bob,patchtst_b900k,28,0.3382871007586062,0.3824812303413928,36.597595750511545,
Bear_education_Bulah,patchtst_b900k,28,0.1030135668452736,0.1249075268873831,10.1523548272111,
Bear_education_Carlo,patchtst_b900k,28,0.563452086234916,0.6904067374906468,67.90634285633388,
Bear_education_Chad,patchtst_b900k,28,0.1160567349858559,0.1357474879661919,11.800746841993352,
Bear_education_Chana,patchtst_b900k,28,0.2258390697192397,0.2662383863392776,22.499083598637775,
Bear_education_Chun,patchtst_b900k,28,0.3513831940150927,0.4272155862769027,44.3767016499718,
Bear_education_Clint,patchtst_b900k,28,0.1666504260278684,0.191202469477202,16.721898061273478,
Bear_education_Curtis,patchtst_b900k,28,0.1501585622181863,0.181321298378534,14.634189954350344,
Bear_education_Danna,patchtst_b900k,28,0.4024377891935949,0.457732886266513,50.91749456038583,
Bear_education_Darrell,patchtst_b900k,28,0.5429940890346586,0.5997805283836668,66.8886900579559,
Bear_education_Deena,patchtst_b900k,28,0.2855956810661222,0.3361001524176213,31.353637098219185,
Bear_education_Derek,patchtst_b900k,28,0.0955914044601682,0.1199499805613099,9.431260056132936,
Bear_education_Destiny,patchtst_b900k,28,0.3847363133124487,0.4563887839699516,45.40100055540388,
Bear_education_Elise,patchtst_b900k,28,0.2854884933108581,0.3488828957053088,34.58871978028967,
Bear_education_Fannie,patchtst_b900k,28,0.1651826464042694,0.1871880828079932,16.91395705246487,
Bear_education_Gavin,patchtst_b900k,28,0.0821898108884335,0.0986587615774737,8.158541357887609,
Bear_education_Herb,patchtst_b900k,28,0.3621745897126945,0.4051787644948241,38.81463516870583,
Bear_education_Irene,patchtst_b900k,28,0.2036063429904674,0.3535519519875688,16.325483471463322,
Bear_education_Iris,patchtst_b900k,28,0.3394052300525306,0.3976649219494321,41.64836530729086,
Bear_education_Katy,patchtst_b900k,28,0.3425925425773617,0.4242010623138262,36.12223716391323,
Bear_education_Lashanda,patchtst_b900k,28,0.3799121367111354,0.421519934818976,47.03778958305325,
Bear_education_Laurette,patchtst_b900k,28,0.0643027274187278,0.0770098120416942,6.326174492524158,
Bear_education_Leonel,patchtst_b900k,28,0.674825004429589,0.7741334196810812,119.72544549628492,
Bear_education_Lewis,patchtst_b900k,28,0.3587895390832974,0.4202228506548446,37.561797814221215,
Bear_education_Lidia,patchtst_b900k,28,0.399385777735099,0.4803467962897998,43.076346654625006,
Bear_education_Lila,patchtst_b900k,28,0.2091937132633234,0.2325122751091239,23.017981068817424,
Bear_education_Liliana,patchtst_b900k,28,0.1523030509333485,0.1797285371700356,15.701873855059462,
Bear_education_Lorie,patchtst_b900k,28,0.1463839710822814,0.175474494767763,14.7895986959429,
Bear_education_Mara,patchtst_b900k,28,0.054123780013698,0.0661012281690488,5.313187799363718,
Bear_education_Marie,patchtst_b900k,28,0.4625463776821931,0.5371334371674177,49.62720782060583,
Bear_education_Marsha,patchtst_b900k,28,0.2024609418995316,0.2424927532411751,19.35198801920809,
Bear_education_Marta,patchtst_b900k,28,0.4795590221126105,0.5466111977771722,69.37892679250535,
Bear_education_Maryjane,patchtst_b900k,28,0.2039301025175571,0.2321633462918418,22.202201437907444,
Bear_education_Merrill,patchtst_b900k,28,0.3686297286210424,0.4882980203277197,38.46969257041713,
Bear_education_Nanette,patchtst_b900k,28,0.3625898055591019,0.4414987910772306,44.85088423256887,
Bear_education_Oscar,patchtst_b900k,28,0.3529146883691407,0.4199173107568031,40.06442781260692,
Bear_education_Owen,patchtst_b900k,28,0.3939539942321778,0.4279002085395292,52.81795731225355,
Bear_education_Paola,patchtst_b900k,28,0.4143351504083604,0.4723498222730785,45.813040619026616,
Bear_education_Patricia,patchtst_b900k,28,0.0865034209254406,0.0990219108372151,8.631030652161781,
Bear_education_Pattie,patchtst_b900k,28,0.1088912965471169,0.1341614086855406,10.88840556738801,
Bear_education_Rebecca,patchtst_b900k,28,0.0931096640173316,0.1140409938695916,9.042709956783238,
Bear_education_Sandy,patchtst_b900k,28,0.1676039348000581,0.2096059736582626,16.23387422977874,
Bear_education_Santos,patchtst_b900k,28,0.7347686820472065,0.866637049618264,97.21414664353485,
Bear_education_Sharon,patchtst_b900k,28,0.1000650960694198,0.1268460413380087,9.539816212797865,
Bear_education_Shelley,patchtst_b900k,28,0.3143036545138908,0.3581866148569942,34.889439679878635,
Bear_education_Tara,patchtst_b900k,28,0.3855940565787731,0.4707212712834556,40.79352416928496,
Bear_education_Thuy,patchtst_b900k,28,0.3453411376353349,0.3910799240045808,39.3830407077082,
Bear_education_Val,patchtst_b900k,28,0.1032445306045539,0.1188139863705722,10.122373327176843,
Bear_education_Wade,patchtst_b900k,28,0.4446614129820153,0.5794905223304503,42.08184842013849,
Bear_education_Wilton,patchtst_b900k,28,0.1168331670061396,0.141810128396109,11.567617570593953,
Bear_education_Wm,patchtst_b900k,28,0.220512325443352,0.2618793649346577,21.38455819515596,
Bear_education_Yuri,patchtst_b900k,28,0.6240897807913705,0.6980352602802791,94.7814823614994,
Bear_education_Yvette,patchtst_b900k,28,0.313118651244738,0.3862195351974796,31.86660538687032,
Bear_education_Zandra,patchtst_b900k,28,0.0402372721965374,0.046756286603912,4.005766645454943,
Bear_lodging_Dannie,patchtst_b900k,28,0.2538913605513158,0.3082475922900815,25.46224781995449,
Bear_lodging_Erick,patchtst_b900k,28,0.1806849872689955,0.2185972727880952,18.2036071035706,
Bear_lodging_Esperanza,patchtst_b900k,28,0.1545125426829838,0.1902480706865508,15.078596545392314,
Bear_lodging_Evan,patchtst_b900k,28,0.2423791112352335,0.2694176036710005,27.59335362123097,
Bear_parking_Bridget,patchtst_b900k,28,0.2412186598293958,0.3123339339185488,24.37557874063538,
Bear_parking_Bruce,patchtst_b900k,28,0.0611473507158287,0.0844022102355221,6.048206063808817,
Bear_public_Arlean,patchtst_b900k,28,0.3212580316487481,0.3726950627608171,33.47653762163766,
Bear_public_Jocelyn,patchtst_b900k,28,0.2265269196699063,0.269182378175357,22.03214898939552,
Bear_public_Lowell,patchtst_b900k,28,0.1596177446399473,0.1987030827502602,15.603404044317134,
Bear_public_Orville,patchtst_b900k,28,0.6061113721281056,0.6793874471672738,92.98904799280837,
Bear_public_Rayna,patchtst_b900k,28,0.5548930891607925,0.5991748573365164,79.35139389916101,
Bear_public_Valorie,patchtst_b900k,28,0.3393081890938966,0.3988842406973479,53.30048837247367,
Bear_science_Alison,patchtst_b900k,28,0.0710022928727041,0.086480855767163,7.009224955958119,
Bear_science_Eleanor,patchtst_b900k,28,0.2332821260647503,0.269508038433884,24.98102735205695,
Bear_utility_Sidney,patchtst_b900k,28,0.0560494392229958,0.0666526120960821,5.53580205047718,
Bobcat_assembly_Adam,patchtst_b900k,28,0.2038530766160341,0.2886523605378964,19.773436735820127,
Bobcat_assembly_Billy,patchtst_b900k,28,0.2417790079416676,0.2815155365581369,25.90779023711778,
Bobcat_assembly_Camilla,patchtst_b900k,28,0.3625004741637319,0.4641370965930415,67.40849394559125,
Bobcat_assembly_Franklin,patchtst_b900k,28,0.3074475025641678,0.4088082371034678,36.92180352026511,
Bobcat_education_Alissa,patchtst_b900k,28,0.3154733056213041,0.3581658785205991,35.74554691970594,
Bobcat_education_Angela,patchtst_b900k,28,0.1946993974254793,0.2331989674660945,19.73467155654115,
Bobcat_education_Coleman,patchtst_b900k,28,0.3497659211477729,0.4034450572729213,43.06348067845758,
Bobcat_education_Dylan,patchtst_b900k,28,0.216078932425939,0.2558847896192636,23.05992793348783,
Bobcat_education_Hollis,patchtst_b900k,28,0.1985412761917896,0.2196727233580968,20.615102579210248,
Bobcat_education_Jayne,patchtst_b900k,28,0.5132612950203125,0.5609572023270449,64.65609891088253,
Bobcat_education_Marisha,patchtst_b900k,28,0.3547456672372593,0.3970411552911587,39.3364297758552,
Bobcat_education_Monte,patchtst_b900k,28,0.5871085695533134,0.6588927338000262,86.67423733930138,
Bobcat_education_Rosalva,patchtst_b900k,28,0.3924404508579952,0.4370059250636677,44.19294646913191,
Bobcat_education_Toni,patchtst_b900k,28,0.338363476743933,0.4010438583204768,37.863959186117626,
Bobcat_education_Whitney,patchtst_b900k,28,0.5733962635761106,0.6450951217214048,86.36093072593786,
Bobcat_lodging_Darin,patchtst_b900k,28,0.2056104166036171,0.2455070109384897,21.32262256140722,
Bobcat_lodging_Melaine,patchtst_b900k,28,0.079059640834211,0.1006635264474754,8.043715659681059,
Bobcat_lodging_Nickolas,patchtst_b900k,28,0.080288806282915,0.1014435488462364,8.213522971940906,
Bobcat_office_Alma,patchtst_b900k,28,0.3513864085452896,0.4250459043395579,290.1375439435828,
Bobcat_office_Justine,patchtst_b900k,28,0.3450024250019775,0.4686859643450594,44.086327115090285,
Bobcat_office_Kassandra,patchtst_b900k,28,0.3413783832305402,0.3908501903502079,36.146364364951005,
Bobcat_office_Melody,patchtst_b900k,28,0.0991611881129904,0.1336912839495639,9.52573795988982,
Bobcat_office_Nikita,patchtst_b900k,28,0.2911629274163344,0.3316689061935844,30.10371927116561,
Bobcat_other_Howard,patchtst_b900k,28,1.497326266761255,3.4531126480193595,473.0944425574209,
Bobcat_other_Jovita,patchtst_b900k,28,1.005974288527398,1.1713322591849835,1077.6294559290484,
Bobcat_other_Timothy,patchtst_b900k,28,0.3182880034320877,0.3883161347908233,51.73858369084852,
Bull_assembly_Amalia,patchtst_b900k,28,0.1806379615062776,0.2431391185807314,17.561228376980516,
Bull_assembly_Beau,patchtst_b900k,28,0.2449006342745665,0.314053528084693,25.652110166488274,
Bull_assembly_Brandon,patchtst_b900k,28,0.1081516803734196,0.1318004117407061,11.314581624164662,
Bull_assembly_Daryl,patchtst_b900k,28,0.634205737304454,1.063364420069895,67.53001216919002,
Bull_assembly_Dorethea,patchtst_b900k,28,0.2685335638438646,0.3120321321057375,27.71429410352179,
Bull_assembly_Freddie,patchtst_b900k,28,0.2989131965089397,0.3549992140173106,33.74130399046131,
Bull_assembly_Gerri,patchtst_b900k,28,0.3147930610598581,0.344719783744293,41.45521728897552,
Bull_assembly_Gigi,patchtst_b900k,28,0.2182955096034282,0.3290874649729993,20.88392919926433,
Bull_assembly_Goldie,patchtst_b900k,28,0.2112233522415771,0.2544493750288399,21.54117683715682,
Bull_assembly_Katia,patchtst_b900k,28,0.3044888955915076,0.5916868328296161,26.466853961338398,
Bull_assembly_Lance,patchtst_b900k,28,0.0826452692802521,0.1018005679718649,8.535822136252646,
Bull_assembly_Lesa,patchtst_b900k,28,0.2295875826573956,0.2888783389698384,27.61878972288316,
Bull_assembly_Maren,patchtst_b900k,28,0.9936126033841844,2.2770730730235047,5263.694019685858,
Bull_assembly_Nathanial,patchtst_b900k,28,0.1580305384393237,0.1829565735111459,16.445912634894885,
Bull_assembly_Newton,patchtst_b900k,28,0.3744977262693566,0.507614899809794,527.9306256287898,
Bull_assembly_Nick,patchtst_b900k,28,0.1484564937993477,0.1845033536929115,16.551433201461226,
Bull_assembly_Vanessa,patchtst_b900k,28,0.2087360569580759,0.2191703261428206,21.60797948745189,
Bull_education_Annette,patchtst_b900k,28,0.0801370899492469,0.0984961057690897,7.766050449362208,
Bull_education_Antonia,patchtst_b900k,28,0.2065051617366475,0.3266911556222703,18.80966307670685,
Bull_education_Arthur,patchtst_b900k,28,0.1029799675652928,0.1229976220231923,10.778401205914337,
Bull_education_Barry,patchtst_b900k,28,0.0415841953485257,0.0491660391733979,4.121692931405375,
Bull_education_Bernice,patchtst_b900k,28,0.9709829305005896,1.66583838421326,1434.6293936478064,
Bull_education_Brady,patchtst_b900k,28,0.4390376610133111,0.4984343450031072,50.71979644794279,
Bull_education_Brain,patchtst_b900k,28,0.1034560260100178,0.1231475025133984,10.049323198983751,
Bull_education_Brandi,patchtst_b900k,28,0.2754627714227221,0.3470004028371405,26.393259149333154,
Bull_education_Brenda,patchtst_b900k,28,0.1614849222545419,0.186340699146763,16.328687621707736,
Bull_education_Bryon,patchtst_b900k,28,0.2999106996480812,0.3453116946558712,32.05539821827157,
Bull_education_Carl,patchtst_b900k,28,0.0639398544013427,0.0741728626692723,6.378045059600164,
Bull_education_Clarice,patchtst_b900k,28,0.0570905583360806,0.0737259207164923,5.787234072661464,
Bull_education_Clarita,patchtst_b900k,28,0.1001465896146373,0.1152110198718934,9.915292383103608,
Bull_education_Dakota,patchtst_b900k,28,0.4348151780819194,0.4890944827821341,56.64037326870841,
Bull_education_Dan,patchtst_b900k,28,0.1076399940527016,0.1329868326341059,10.40455707835222,
Bull_education_Dania,patchtst_b900k,28,0.1681308998064838,0.1916334005053828,17.492581515748565,
Bull_education_Delia,patchtst_b900k,28,0.0821944354648892,0.0956121851865714,8.345456412100683,
Bull_education_Dora,patchtst_b900k,28,0.3376666933216204,0.3967935669041733,40.39858734223263,
Bull_education_Dottie,patchtst_b900k,28,0.0775825870084375,0.1144123523640471,23.45862063066115,
Bull_education_Elva,patchtst_b900k,28,0.13214574563344,0.1629474338880489,12.88310336170882,
Bull_education_Fabiola,patchtst_b900k,28,0.2262337975240779,0.2687718582951557,24.35894008764222,
Bull_education_Geneva,patchtst_b900k,28,0.3109360122175406,0.3680872151348745,30.603295114426228,
Bull_education_Genie,patchtst_b900k,28,0.2648032266008187,0.3081954104049855,28.04254843154822,
Bull_education_Gregory,patchtst_b900k,28,0.266560040494632,0.2974355797370795,28.120356459669843,
Bull_education_Hayley,patchtst_b900k,28,0.0985659970652778,0.1157337889703609,9.729296940507709,
Bull_education_Jae,patchtst_b900k,28,0.0617159240185981,0.0730510654823636,6.247315667354315,
Bull_education_Jeffery,patchtst_b900k,28,0.0300462884524993,0.036937436814658,3.023225695355648,
Bull_education_Joseph,patchtst_b900k,28,0.2708675348895342,0.3148831236935119,28.975302198041884,
Bull_education_Juan,patchtst_b900k,28,0.2554252353200551,0.2931767599037431,26.954131918877778,
Bull_education_Kendra,patchtst_b900k,28,0.2040069925625666,0.2337782085996599,21.64034868793337,
Bull_education_Krista,patchtst_b900k,28,0.1899733127380925,0.2267995685481383,19.821620900024996,
Bull_education_Kristal,patchtst_b900k,28,0.097315272405446,0.1132328501498133,9.64376200921684,
Bull_education_Lenny,patchtst_b900k,28,0.1560306844275381,0.1945218183421284,15.629260263898972,
Bull_education_Linnie,patchtst_b900k,28,0.2907843684332383,0.3389797471681045,34.724049428449966,
Bull_education_Luke,patchtst_b900k,28,0.2219520396516283,0.2576458213351582,23.005522193678736,
Bull_education_Lydia,patchtst_b900k,28,0.1591920995330465,0.1865286296859723,15.83937712616856,
Bull_education_Lyn,patchtst_b900k,28,0.2689014599966499,0.3116277663343015,31.63979194211692,
Bull_education_Magaret,patchtst_b900k,28,0.3354504618825253,0.385942667430955,41.05948497476066,
Bull_education_Mario,patchtst_b900k,28,0.3979454078415502,0.4231625787892412,47.02880761432103,
Bull_education_Matilda,patchtst_b900k,28,0.1521402411619419,0.1772838433863633,16.201356853630763,
Bull_education_Mervin,patchtst_b900k,28,0.1808858247963215,0.2097699575527702,18.45062510906436,
Bull_education_Miquel,patchtst_b900k,28,0.2111263089697775,0.2544392583325444,23.07634764621763,
Bull_education_Miranda,patchtst_b900k,28,0.1039035498693472,0.1306528416407395,10.234436817385818,
Bull_education_Myra,patchtst_b900k,28,0.3535164897228339,0.3950108790140251,44.46070530516295,
Bull_education_Nichole,patchtst_b900k,28,0.1727161538955195,0.2081575329817993,17.12751579957875,
Bull_education_Nina,patchtst_b900k,28,0.1133055545891411,0.1305365361771257,11.451466160907312,
Bull_education_Nolan,patchtst_b900k,28,0.17493254085803,0.2005445333482286,17.567922807555764,
Bull_education_Olive,patchtst_b900k,28,0.3664788707968107,0.4106302406649394,44.00497104525743,
Bull_education_Pablo,patchtst_b900k,28,0.3088670145352539,0.3610600415002027,34.64594170324064,
Bull_education_Pamela,patchtst_b900k,28,0.1867302849192287,0.2193209672332787,19.876164906999875,
Bull_education_Patrina,patchtst_b900k,28,0.2949184502094327,0.3399138009036589,32.55363431663862,
Bull_education_Racheal,patchtst_b900k,28,0.1515957667607892,0.1759381324773353,15.022972334972696,
Bull_education_Reina,patchtst_b900k,28,0.2877758159262319,0.3337362923099496,31.210308023313495,
Bull_education_Reynaldo,patchtst_b900k,28,0.202720010452768,0.2373281706251939,20.379386127275257,
Bull_education_Roland,patchtst_b900k,28,0.2356342324127096,0.271138001005708,28.28991860096906,
Bull_education_Roseann,patchtst_b900k,28,0.0692436802868243,0.0804261311486633,6.856321038856317,
Bull_education_Sebastian,patchtst_b900k,28,0.3117866139049537,0.3568378191979686,33.85348942311701,
Bull_education_Shona,patchtst_b900k,28,0.0210736471282049,0.0262700455995476,2.101954062271836,
Bull_education_Stewart,patchtst_b900k,28,0.1354103806381001,0.1552933480227111,13.904644083447998,
Bull_education_Summer,patchtst_b900k,28,0.2254060066556427,0.2578632643589007,23.74144117025956,
Bull_education_Tracey,patchtst_b900k,28,0.2684990156989761,0.3069429157108364,28.36355524989832,
Bull_education_Venita,patchtst_b900k,28,0.2037030521455857,0.2374285273044929,20.880592344641943,
Bull_education_Violeta,patchtst_b900k,28,0.2813416974454515,0.328527041307849,28.932124831829498,
Bull_lodging_Abby,patchtst_b900k,28,0.1442575803839234,0.1862227805387224,13.906019143747711,
Bull_lodging_Allen,patchtst_b900k,28,0.5137688885464854,0.5961411169692528,82.59334472449001,
Bull_lodging_Anibal,patchtst_b900k,28,0.2038384920010569,0.2387773529575981,21.689509130060596,
Bull_lodging_Caren,patchtst_b900k,28,0.1380651630385298,0.1611515166680621,14.32983736511994,
Bull_lodging_Carie,patchtst_b900k,28,0.1040298162257855,0.1255598095123242,10.78051009966092,
Bull_lodging_Charlotte,patchtst_b900k,28,0.469421478672859,0.529493072232092,70.48177119184784,
Bull_lodging_Danielle,patchtst_b900k,28,0.6009775701576057,1.3809765799415,2394.113768106395,
Bull_lodging_Dave,patchtst_b900k,28,0.139658704535233,0.1600865601667905,14.650121142982698,
Bull_lodging_Elena,patchtst_b900k,28,0.2105584448141279,0.2757299861565094,20.601626584200083,
Bull_lodging_Graciela,patchtst_b900k,28,0.1533131663582239,0.1960693919061589,15.815427458114357,
Bull_lodging_Hugo,patchtst_b900k,28,0.1531824123223258,0.1850598475955741,16.77946275202686,
Bull_lodging_Jeremiah,patchtst_b900k,28,0.2503418080065704,0.2773237038766941,27.022230976394763,
Bull_lodging_Leonard,patchtst_b900k,28,0.1499647714957962,0.1842779242399929,15.912228355964649,
Bull_lodging_Lettie,patchtst_b900k,28,0.1226371897665969,0.1493599006646605,12.703221288499485,
Bull_lodging_Melissa,patchtst_b900k,28,0.1312155996193369,0.1560500586615767,13.81951236482728,
Bull_lodging_Perry,patchtst_b900k,28,0.1352556239394208,0.1629927331226592,13.776374039555542,
Bull_lodging_Terence,patchtst_b900k,28,0.1435062071003548,0.1730448565460597,15.462208506578143,
Bull_lodging_Travis,patchtst_b900k,28,0.1293791107136745,0.1565911938862403,13.483577506951944,
Bull_lodging_Xavier,patchtst_b900k,28,0.5285895048219985,0.6155155458786999,100.27614504475255,
Bull_office_Anne,patchtst_b900k,28,0.0823158222597712,0.101591570787475,8.308510440248384,
Bull_office_Chantel,patchtst_b900k,28,0.1351766258380719,0.1768578103188762,13.627128280489496,
Bull_office_Claudia,patchtst_b900k,28,0.0531364637728355,0.0677370920078808,5.378247432221891,
Bull_office_Debbie,patchtst_b900k,28,0.3581184577888878,0.415121977478054,37.20036051330287,
Bull_office_Efren,patchtst_b900k,28,0.3106213722382501,0.3641557447523883,42.56052631602985,
Bull_office_Ella,patchtst_b900k,28,0.0803927007116992,0.0966583521405809,8.26607718491928,
Bull_office_Hilton,patchtst_b900k,28,0.1436060633808893,0.1788652772843202,13.975255589729723,
Bull_office_Ivette,patchtst_b900k,28,0.2166467046627412,0.2527145689096253,24.059860485413523,
Bull_office_Lilla,patchtst_b900k,28,0.1414897377061398,0.1610065382840025,14.469985140420652,
Bull_office_Marco,patchtst_b900k,28,0.2561308721235167,0.3047436536323741,29.56892418137033,
Bull_office_Myron,patchtst_b900k,28,0.2234613990152465,0.2691633945074457,23.99441729704045,
Bull_office_Nicolas,patchtst_b900k,28,0.2013890271591547,0.2416045660843105,24.89244991313391,
Bull_office_Rob,patchtst_b900k,28,0.2320655422830244,0.2635121410281997,24.33828329515041,
Bull_office_Sally,patchtst_b900k,28,0.3069608489590964,0.3467702788000981,35.955013580228126,
Bull_office_Trevor,patchtst_b900k,28,0.1773621085504527,0.2069575301962812,17.123172458553984,
Bull_office_Yvonne,patchtst_b900k,28,0.2662005383804657,0.309349904630072,27.409433485806723,
Bull_public_Hyun,patchtst_b900k,28,0.0555584285512603,0.0668433121454803,5.679559657369817,
Bull_public_Jefferson,patchtst_b900k,28,0.311301766339433,0.3559939395520106,31.7737478897957,
Bull_services_Jeanmarie,patchtst_b900k,28,0.1138345297115712,0.1368767626824178,11.94427358074226,
Bull_services_Juanita,patchtst_b900k,28,0.1224401321346111,0.1312455297582906,12.829440836076907,
Bull_services_Nadine,patchtst_b900k,28,0.088904290433282,0.1106274451177245,9.539716470757204,
Bull_services_Rachelle,patchtst_b900k,28,0.1028245214875755,0.1223353484836181,10.771933467796329,
Bull_services_Winford,patchtst_b900k,28,0.2168128480397276,0.2358898349578034,24.797404796314083,
Cockatoo_assembly_Doyle,patchtst_b900k,28,0.3361670451426499,0.3825925136996745,39.23922983198546,
Cockatoo_assembly_Ed,patchtst_b900k,28,0.2239546963332983,0.2712425128677015,24.80231788283331,
Cockatoo_assembly_Emilio,patchtst_b900k,28,0.1430569295715349,0.1662351389834957,15.13603884241762,
Cockatoo_assembly_Evelyn,patchtst_b900k,28,0.40645599539767,0.5890206463788659,41.66780812344357,
Cockatoo_assembly_Fernanda,patchtst_b900k,28,0.1931640277102655,0.2321260739411396,21.863101321587894,
Cockatoo_assembly_Genoveva,patchtst_b900k,28,0.3849223599334512,0.47444727307545,55.89953023170161,
Cockatoo_assembly_Griselda,patchtst_b900k,28,0.295366909426158,0.32873057431527,35.68441639035105,
Cockatoo_assembly_Heath,patchtst_b900k,28,0.3285420315376053,0.3936659711894393,37.003152231958246,
Cockatoo_assembly_Meredith,patchtst_b900k,28,0.202006705045583,0.2399165935483449,23.079307412262136,
Cockatoo_assembly_Pierre,patchtst_b900k,28,0.2192368730121848,0.2581861986682925,24.16451372659736,
Cockatoo_assembly_Ralph,patchtst_b900k,28,0.1016467770049271,0.1316609612105242,10.475838675052293,
Cockatoo_assembly_Rodger,patchtst_b900k,28,0.2351289658301996,0.2718786363245202,23.931143800271247,
Cockatoo_assembly_Tabitha,patchtst_b900k,28,0.1894046848168959,0.2338150168662641,19.02149732198616,
Cockatoo_assembly_Valencia,patchtst_b900k,28,0.169895019076523,0.2051748429414261,18.28480846315623,
Cockatoo_education_Amira,patchtst_b900k,28,0.1932033084572205,0.2686474668947394,19.144157107947304,
Cockatoo_education_Arlen,patchtst_b900k,28,0.2197569731194559,0.2618387412953768,25.05908573149363,
Cockatoo_education_Brendan,patchtst_b900k,28,0.1508816716459262,0.1755039266942804,15.08044174537141,
Cockatoo_education_Brigitte,patchtst_b900k,28,0.1344975711460756,0.1528156774314945,13.691536887307253,
Cockatoo_education_Charity,patchtst_b900k,28,0.0855961505235407,0.1049089040634374,8.40045713677178,
Cockatoo_education_Christi,patchtst_b900k,28,0.2165900268061309,0.2749135752112824,21.740642418258098,
Cockatoo_education_Claudine,patchtst_b900k,28,0.0917729827907717,0.1182666836709166,9.540276957085869,
Cockatoo_education_Collin,patchtst_b900k,28,0.1261486885164806,0.1518215535925811,12.69442517275586,
Cockatoo_education_Deloris,patchtst_b900k,28,0.0979408574090065,0.1209466503749326,9.696721159655272,
Cockatoo_education_Doreen,patchtst_b900k,28,0.1592679543908584,0.1816484291064833,17.21916108096746,
Cockatoo_education_Erik,patchtst_b900k,28,0.1082142167194651,0.1264355708572623,11.004898424438467,
Cockatoo_education_Eunice,patchtst_b900k,28,0.212980186931348,0.2444788163435106,21.993828810951424,
Cockatoo_education_Evangeline,patchtst_b900k,28,0.0258762365626603,0.0357441846055906,2.587623656266037,
Cockatoo_education_Flora,patchtst_b900k,28,0.0333817939030018,0.0410278851405344,3.388546179312483,
Cockatoo_education_Gussie,patchtst_b900k,28,0.1106574388521821,0.1303350717103989,11.013757210162868,
Cockatoo_education_Helene,patchtst_b900k,28,0.0874279352776607,0.1061556123973197,8.55848272130751,
Cockatoo_education_Jack,patchtst_b900k,28,0.310494518174977,0.3746569627755961,31.988979722424027,
Cockatoo_education_Janet,patchtst_b900k,28,0.1033111255806573,0.1197621214081222,10.706778309437365,
Cockatoo_education_Joeann,patchtst_b900k,28,0.3687714923194604,0.422727894840037,43.74867240439024,
Cockatoo_education_Joel,patchtst_b900k,28,0.1739962976007141,0.2123981566097245,18.80332023458522,
Cockatoo_education_Jon,patchtst_b900k,28,0.2259830384924983,0.2754631211076107,22.053365696656638,
Cockatoo_education_Julia,patchtst_b900k,28,0.1823897807132981,0.2205501327587592,18.604480935293516,
Cockatoo_education_Julio,patchtst_b900k,28,0.0860532532169893,0.1072825027466581,8.37995698966824,
Cockatoo_education_June,patchtst_b900k,28,0.1319275280076312,0.1542685249839343,13.12723567653358,
Cockatoo_education_Laurence,patchtst_b900k,28,0.4792014457750125,0.5635128737964161,55.6834150569996,
Cockatoo_education_Lionel,patchtst_b900k,28,0.0888955723856194,0.1064263666099754,8.663829111567175,
Cockatoo_education_Magdalena,patchtst_b900k,28,0.4060758227745704,0.7003820005811687,48.49927304153042,
Cockatoo_education_Marva,patchtst_b900k,28,0.3285311856370617,0.3909618157482227,34.13440178005645,
Cockatoo_education_Maynard,patchtst_b900k,28,0.2666061330231741,0.3299513588064116,29.4497270369317,
Cockatoo_education_Mayra,patchtst_b900k,28,0.3710363399782044,0.4154083506458965,41.370926440690205,
Cockatoo_education_Melanie,patchtst_b900k,28,0.2478865071396846,0.2962675727119762,26.22279561471893,
Cockatoo_education_Minh,patchtst_b900k,28,0.1706345161378833,0.2043135398676414,18.14328214756347,
Cockatoo_education_Nelda,patchtst_b900k,28,0.0932990201256022,0.1121363679073116,9.247983921959149,
Cockatoo_education_Oliver,patchtst_b900k,28,0.135934682523232,0.1547072268625917,13.80676306295694,
Cockatoo_education_Orlando,patchtst_b900k,28,0.1700206699880717,0.1996146404803023,16.78226711789151,
Cockatoo_education_Rita,patchtst_b900k,28,0.2638121789515137,0.3228619901979696,25.45201587546323,
Cockatoo_education_Shawn,patchtst_b900k,28,0.1496098959694767,0.1816197656359999,15.76479638694877,
Cockatoo_education_Sheryl,patchtst_b900k,28,0.0850071885322309,0.0993501405322489,8.325465881682186,
Cockatoo_education_Terrence,patchtst_b900k,28,0.1049421915923238,0.1263182244635031,10.25544189611733,
Cockatoo_education_Tyler,patchtst_b900k,28,0.0493813138716443,0.0576709912351378,4.947391651444274,
Cockatoo_education_Victoria,patchtst_b900k,28,0.2182009221603757,0.2721231322555472,21.620953320309784,
Cockatoo_industrial_Nathaniel,patchtst_b900k,28,0.7428028778234539,0.8132091780944497,264.3966485580008,
Cockatoo_industrial_Sarita,patchtst_b900k,28,0.1699703902899729,0.2172382438003733,19.67514842740116,
Cockatoo_lodging_Aimee,patchtst_b900k,28,0.1211453058561911,0.1517492311804084,12.10561075914598,
Cockatoo_lodging_Albert,patchtst_b900k,28,0.1052318210608577,0.1306777815269703,10.54637448791216,
Cockatoo_lodging_Alicia,patchtst_b900k,28,0.1755015884842386,0.2075350888753925,18.455498686458988,
Cockatoo_lodging_Ana,patchtst_b900k,28,0.1884918151494369,0.2237389327727031,19.44534031594426,
Cockatoo_lodging_Carmen,patchtst_b900k,28,0.2162366776473753,0.2723490809020928,23.118116567924023,
Cockatoo_lodging_Cletus,patchtst_b900k,28,0.1525238298893943,0.1815862577645311,16.210135021705117,
Cockatoo_lodging_Elvia,patchtst_b900k,28,0.1939773704378094,0.2293379019992333,22.012096596098303,
Cockatoo_lodging_Emory,patchtst_b900k,28,0.1107298362412439,0.1369708549277384,11.755062628818855,
Cockatoo_lodging_Eric,patchtst_b900k,28,0.2136301424591975,0.2612853878373889,23.32894589246205,
Cockatoo_lodging_Homer,patchtst_b900k,28,0.1069340585789207,0.1230237860984167,10.809674803297945,
Cockatoo_lodging_Jarrod,patchtst_b900k,28,5.026059632744991,6.390061378446288,47220.85999873998,
Cockatoo_lodging_Javier,patchtst_b900k,28,0.142133772762475,0.1709059387188015,15.20990654940933,
Cockatoo_lodging_Jim,patchtst_b900k,28,0.0894108802973263,0.1127604475789053,9.128142152358642,
Cockatoo_lodging_Jimmie,patchtst_b900k,28,0.0711981360545606,0.0838162389112015,7.165424294384401,
Cockatoo_lodging_Johnathan,patchtst_b900k,28,0.1165749369979251,0.1472212060871179,11.615732425330345,
Cockatoo_lodging_Josephine,patchtst_b900k,28,0.3198059029900745,0.3614035407420468,33.44111146189119,
Cockatoo_lodging_Judi,patchtst_b900k,28,0.1732534415376388,0.2206485381418761,18.39061748413017,
Cockatoo_lodging_Katharine,patchtst_b900k,28,0.1225830128102164,0.1527898775369864,12.551918577779192,
Cockatoo_lodging_Kerri,patchtst_b900k,28,0.1897295285852527,0.2191387992799373,19.632944734488667,
Cockatoo_lodging_Kyle,patchtst_b900k,28,0.1977498381178871,0.2292803383433749,21.874036483728705,
Cockatoo_lodging_Lana,patchtst_b900k,28,0.19711023476032,0.2341019190623474,20.631477507269675,
Cockatoo_lodging_Linwood,patchtst_b900k,28,0.2248293048245573,0.2798999501064367,24.745986152503157,
Cockatoo_lodging_Lynne,patchtst_b900k,28,0.2389086669071411,0.2746239007966929,25.336896295216672,
Cockatoo_lodging_Mandy,patchtst_b900k,28,0.1457814507390372,0.1810377174326744,15.00450997314078,
Cockatoo_lodging_Olga,patchtst_b900k,28,0.2430407258017161,0.3593456483712964,23.4291922039806,
Cockatoo_lodging_Raphael,patchtst_b900k,28,0.2561127480010802,0.2877552185576988,26.228908931934807,
Cockatoo_lodging_Tesha,patchtst_b900k,28,0.1668336413596025,0.2092544333236022,17.880364839437807,
Cockatoo_lodging_Tessie,patchtst_b900k,28,0.2011087818103047,0.2334783705521581,21.80066141558827,
Cockatoo_office_Ada,patchtst_b900k,28,0.0910939229389003,0.1053153167356555,9.424230574769034,
Cockatoo_office_Alton,patchtst_b900k,28,0.2247689427319323,0.2722388320808826,23.5421384718737,
Cockatoo_office_Christy,patchtst_b900k,28,0.1691128132506761,0.196858035614371,17.69552335734637,
Cockatoo_office_Delores,patchtst_b900k,28,0.1878253306404148,0.2173435674032031,18.760561695591488,
Cockatoo_office_Elbert,patchtst_b900k,28,0.2276561881351018,0.2576460256245675,24.830492267162644,
Cockatoo_office_Gail,patchtst_b900k,28,0.2881537581135515,0.3368852013522992,29.941001062674083,
Cockatoo_office_Georgia,patchtst_b900k,28,0.1467298123300547,0.1753788519375975,14.56227619379122,
Cockatoo_office_Giovanni,patchtst_b900k,28,0.1771452811341701,0.2058310152473425,18.505370263960423,
Cockatoo_office_Jimmy,patchtst_b900k,28,0.4337428744441035,0.4871222663814674,53.273801791449216,
Cockatoo_office_Jodie,patchtst_b900k,28,0.1337444503196476,0.1698688016066456,12.69915152109058,
Cockatoo_office_Kristin,patchtst_b900k,28,0.0851380129117508,0.106562774925074,8.269511744512243,
Cockatoo_office_Laila,patchtst_b900k,28,0.1134723573381683,0.1351506695260683,11.29537764879077,
Cockatoo_office_Lorraine,patchtst_b900k,28,0.1941931270955746,0.2636352036401652,19.427790622912884,
Cockatoo_office_Paige,patchtst_b900k,28,0.2378502929058696,0.2831354581471589,24.627264866818415,
Cockatoo_office_Pansy,patchtst_b900k,28,0.2967275362277485,0.3426717206991998,29.53498091917144,
Cockatoo_office_Rodney,patchtst_b900k,28,0.2882434822361219,0.3311765529782804,31.96358134901893,
Cockatoo_office_Roxanna,patchtst_b900k,28,0.1557368576543063,0.1936981080563368,15.93257609952589,
Cockatoo_public_Caleb,patchtst_b900k,28,0.2118931844007759,0.2483184948611601,23.06899171380224,
Cockatoo_public_Chiquita,patchtst_b900k,28,0.2180046685443085,0.2548943623851897,22.35079389734815,
Cockatoo_public_Harland,patchtst_b900k,28,0.174740182295416,0.2008309880723165,17.862867262702135,
Cockatoo_public_Leah,patchtst_b900k,28,0.1673138077490341,0.2016869296990176,19.06233078063239,
Cockatoo_public_Shad,patchtst_b900k,28,0.2069253608711284,0.2390550506487805,23.40364928710811,
Cockatoo_public_Valerie,patchtst_b900k,28,0.0792635296317552,0.0957488919973576,7.803298515585127,
Cockatoo_religion_Diedre,patchtst_b900k,28,0.403160329471996,0.4505419930893277,48.019125866264496,
Cockatoo_science_Rex,patchtst_b900k,28,0.1142242588897271,0.1334456273925284,11.17274291856418,
Cockatoo_utility_Kimiko,patchtst_b900k,28,0.7615442544750386,0.8208393499909166,295.19842262009826,
Cockatoo_utility_Sherri,patchtst_b900k,28,0.3747683909128447,0.4212666815756546,39.64806182639902,
Crow_education_Kate,patchtst_b900k,28,0.2388456121556767,0.2738491688253043,25.827277910137475,
Crow_education_Keisha,patchtst_b900k,28,0.1566757627900392,0.1845431200840541,16.119713548685468,
Crow_education_Marlin,patchtst_b900k,28,0.4060298680095098,0.4668451405112204,53.969216428911935,
Crow_education_Omer,patchtst_b900k,28,0.315416406297853,0.3608080908783024,34.70217039109211,
Crow_education_Winston,patchtst_b900k,28,0.2894496614740035,0.3465226314696109,32.77234110798395,
Eagle_assembly_Benny,patchtst_b900k,28,0.3839525947228707,0.4595756940689316,60.53697690224462,
Eagle_assembly_Candice,patchtst_b900k,28,1.1005754998529356,1.4786534802146434,250.79684112782869,
Eagle_assembly_Estelle,patchtst_b900k,28,0.3496879897942122,0.4660323877594788,39.27630159486492,
Eagle_assembly_Herbert,patchtst_b900k,28,0.4040040528751359,0.4809305626398147,68.00651569670623,
Eagle_assembly_Ian,patchtst_b900k,28,0.2197679257493867,0.2819318604254331,21.913412839602938,
Eagle_assembly_Josie,patchtst_b900k,28,0.1650874388850208,0.2140908265389989,16.71733021288275,
Eagle_assembly_Lacy,patchtst_b900k,28,0.1130713771597623,0.1398911264594256,11.740125108245069,
Eagle_assembly_Latrina,patchtst_b900k,28,0.1776104577578295,0.3102629197089399,16.498178019980607,
Eagle_assembly_Margret,patchtst_b900k,28,0.1671816949011921,0.1955954354538119,18.49295784026169,
Eagle_assembly_Portia,patchtst_b900k,28,0.2992144680759944,0.3715423749793343,37.06972484987295,
Eagle_education_Alberto,patchtst_b900k,28,0.0858658489543666,0.1087727529745397,8.27537887129003,
Eagle_education_April,patchtst_b900k,28,1.7151412756273476,2.008264909801268,9109.630380158724,
Eagle_education_Brianne,patchtst_b900k,28,0.1052576970838143,0.1417614281258355,11.550356113869888,
Eagle_education_Brooke,patchtst_b900k,28,0.0526022193318997,0.0662245952833171,5.199207831243262,
Eagle_education_Edith,patchtst_b900k,28,0.2733280097557146,0.3304494645477209,34.27335617571356,
Eagle_education_Eileen,patchtst_b900k,28,0.1347039165092716,0.1724374074296479,13.456141155877605,
Eagle_education_Jewell,patchtst_b900k,28,0.0844672781237313,0.1115570934367375,23.729258059455884,
Eagle_education_Lino,patchtst_b900k,28,0.1772950007030152,0.2101139866268384,19.364570946366243,
Eagle_education_Luther,patchtst_b900k,28,0.0616019600753447,0.077139468560663,6.112634097033618,
Eagle_education_Maragret,patchtst_b900k,28,0.1054526318738668,0.1313682675698262,10.407060348403984,
Eagle_education_Norah,patchtst_b900k,28,0.0442406546232539,0.062254285093953,4.533988450606015,
Eagle_education_Paul,patchtst_b900k,28,0.2419526735662167,0.3227421124274214,25.286538660911912,
Eagle_education_Peter,patchtst_b900k,28,0.0835751792514374,0.1061175053943797,23.698321074015865,
Eagle_education_Petra,patchtst_b900k,28,0.0987718462351168,0.1358973990262558,9.426423346468942,
Eagle_education_Raul,patchtst_b900k,28,0.0682434874871128,0.0881259141521541,7.0275784243827895,
Eagle_education_Roman,patchtst_b900k,28,0.0739826408640226,0.0927409238774625,7.543598448031161,
Eagle_education_Samantha,patchtst_b900k,28,0.0721331826950479,0.0911888621762222,7.189205457921935,
Eagle_education_Shana,patchtst_b900k,28,0.0905622458690959,0.1112016175741828,8.784707939604257,
Eagle_education_Shanna,patchtst_b900k,28,0.093823127095284,0.1196819925310012,9.303991494497884,
Eagle_education_Shante,patchtst_b900k,28,0.070102115774759,0.0841068285437698,6.946261898409791,
Eagle_education_Sheena,patchtst_b900k,28,0.2419525777601956,0.3227420798610301,25.28653351555693,
Eagle_education_Sherrill,patchtst_b900k,28,0.0827699471936045,0.1017495355864148,8.106015667641271,
Eagle_education_Teresa,patchtst_b900k,28,0.1616518320781306,0.1984833325284763,16.62607461736906,
Eagle_education_Wesley,patchtst_b900k,28,0.281253901721915,0.348689445636778,36.6812802720165,
Eagle_education_Will,patchtst_b900k,28,0.085620130556005,0.1110050529165552,8.297218471414583,
Eagle_food_Jennifer,patchtst_b900k,28,0.7896156709104278,0.9077375702972889,2509.96565231811,
Eagle_food_Kay,patchtst_b900k,28,0.3191336243046804,0.3775567407620863,62.18130923253812,
Eagle_health_Amy,patchtst_b900k,28,0.3290988689351676,0.4015897804869005,55.06981633367981,
Eagle_health_Athena,patchtst_b900k,28,0.3302197090466048,0.3783992638814487,38.49454730220527,
Eagle_health_Gregoria,patchtst_b900k,28,,,2891060121.3283367,
Eagle_health_Jodi,patchtst_b900k,28,0.2400497216329762,0.2621004211280219,25.19904571840934,
Eagle_health_Lucinda,patchtst_b900k,28,0.0400937682837123,0.0593782650878134,4.157605170821299,
Eagle_health_Margo,patchtst_b900k,28,0.121358668807852,0.146771091125765,27.309262994931427,
Eagle_health_Reba,patchtst_b900k,28,0.1278323229322025,0.142855180909995,12.741809092379222,
Eagle_health_Reuben,patchtst_b900k,28,0.1806541389714457,0.2121338925704056,33.85603806533519,
Eagle_health_Trisha,patchtst_b900k,28,0.1173590633815646,0.1429780943942545,12.118932173187812,
Eagle_health_Vincenza,patchtst_b900k,28,0.3488794314686078,0.4395979157059211,65.69412909250477,
Eagle_lodging_Andy,patchtst_b900k,28,0.1395168983399932,0.1703266205788995,13.75625208867372,
Eagle_lodging_Casey,patchtst_b900k,28,0.1164446358463797,0.1420931508237537,11.62804161182091,
Eagle_lodging_Dawn,patchtst_b900k,28,0.1214196865430303,0.152521682218272,12.938306020504765,
Eagle_lodging_Edgardo,patchtst_b900k,28,0.1431775559452561,0.1771386866528917,14.356399418283686,
Eagle_lodging_Stephanie,patchtst_b900k,28,0.1410196907231726,0.1691420188936604,14.172399751727816,
Eagle_lodging_Terri,patchtst_b900k,28,0.1148683392488773,0.1511978502316993,11.249663812872274,
Eagle_lodging_Tressa,patchtst_b900k,28,0.1827830219871411,0.2366022713279479,18.074231416827303,
Eagle_lodging_Trina,patchtst_b900k,28,0.1379040693160776,0.1685849496535664,13.86537370334946,
Eagle_office_Amanda,patchtst_b900k,28,7.328160453864065,9.529039850839236,72221.02860520652,
Eagle_office_Amie,patchtst_b900k,28,0.0141029324038621,0.0195219372903903,1.433979189411516,
Eagle_office_Bridgett,patchtst_b900k,28,0.1341869308291972,0.1674342270245105,13.37603103895812,
Eagle_office_Chantelle,patchtst_b900k,28,0.1180623127665626,0.1593160356812387,13.45126860812201,
Eagle_office_Chauncey,patchtst_b900k,28,0.1193755926439796,0.1407620752160287,11.717275560630368,
Eagle_office_Dallas,patchtst_b900k,28,0.2560868817460993,0.3097994241985013,44.08553159631896,
Eagle_office_Damian,patchtst_b900k,28,0.2256756652571343,0.2858896941315638,27.521569557238024,
Eagle_office_Demetra,patchtst_b900k,28,0.3555733812659522,0.4175197661127721,55.26715599305899,
Eagle_office_Donovan,patchtst_b900k,28,0.4013888925436762,0.4589618203893654,46.928188998714255,
Eagle_office_Efrain,patchtst_b900k,28,0.1854338145451199,0.2261541501956013,19.85104010063089,
Eagle_office_Elia,patchtst_b900k,28,0.2733280050116776,0.3304494556917068,34.27335572786696,
Eagle_office_Elias,patchtst_b900k,28,0.2256756915758808,0.285889697017962,27.52157143524916,
Eagle_office_Elvis,patchtst_b900k,28,0.3708252032719861,0.4361942545507753,48.16899772770834,
Eagle_office_Flossie,patchtst_b900k,28,0.1815980912596017,0.2200656688345651,18.5768991377642,
Eagle_office_Francis,patchtst_b900k,28,0.0764414723926119,0.092955027623554,7.510576193033559,
Eagle_office_Freida,patchtst_b900k,28,0.2678199988140667,0.3258332473299768,55.8345999328021,
Eagle_office_Henriette,patchtst_b900k,28,0.1932124042286003,0.2318891641628012,20.9798512413024,
Eagle_office_Isidro,patchtst_b900k,28,0.3747902122445994,0.4559051768473353,39.21448512024221,
Eagle_office_Jackie,patchtst_b900k,28,0.1865714783445421,0.2286984678978575,19.529170611133743,
Eagle_office_Jeff,patchtst_b900k,28,0.2815937117534098,0.3662220592814707,29.099985967167356,
Eagle_office_Joette,patchtst_b900k,28,0.2150939760806517,0.2737488084600138,32.44514229406746,
Eagle_office_Katheleen,patchtst_b900k,28,0.2733279953194107,0.3304494421019418,34.27335328042696,
Eagle_office_Lamont,patchtst_b900k,28,0.1786116613353832,0.2156529249814951,17.76871652450311,
Eagle_office_Lane,patchtst_b900k,28,0.2274799368140164,0.2715346833174469,25.542783536701428,
Eagle_office_Lillian,patchtst_b900k,28,0.3821152992129178,0.5258542660887158,39.571486342400775,
Eagle_office_Mable,patchtst_b900k,28,0.321829592252337,0.3847388196306976,36.73792524197824,
Eagle_office_Mandi,patchtst_b900k,28,0.090560836590971,0.1112032303537063,8.784507984026268,
Eagle_office_Marisela,patchtst_b900k,28,0.1760509282602783,0.2130843112537437,17.842398118490273,
Eagle_office_Michele,patchtst_b900k,28,0.1211512176563438,0.1588183331380341,13.065932927601146,
Eagle_office_Nereida,patchtst_b900k,28,0.153482742487837,0.1766114682888414,15.090953142743224,
Eagle_office_Norbert,patchtst_b900k,28,0.2629423909272372,0.3146434917450012,25.727408157269487,
Eagle_office_Patrice,patchtst_b900k,28,0.273874915440261,0.3194448347795721,27.95922865201288,
Eagle_office_Phyllis,patchtst_b900k,28,0.0905621997769099,0.1112015612478662,8.784704399676857,
Eagle_office_Randolph,patchtst_b900k,28,0.2828653178815816,0.3304592532522336,31.28626957658439,
Eagle_office_Remedios,patchtst_b900k,28,0.1350036041770537,0.1615769528074346,13.162225853416867,
Eagle_office_Ryan,patchtst_b900k,28,0.2463934370648951,0.2933643561014582,25.092980562731743,
Eagle_office_Sheree,patchtst_b900k,28,0.5966604257782007,0.6503192670575524,76.48350757547571,
Eagle_office_Sonya,patchtst_b900k,28,0.1820132327836003,0.2198476906704736,20.05484335173294,
Eagle_office_Tia,patchtst_b900k,28,0.134703971863525,0.1724374204210664,13.456147835371487,
Eagle_office_Yadira,patchtst_b900k,28,0.3254358989176401,0.3979263017947114,54.92046829911816,
Eagle_public_Alvin,patchtst_b900k,28,0.1519106381593158,0.1785604051748641,15.854957586783442,
Eagle_public_Henry,patchtst_b900k,28,0.5139957747983679,0.6392562537195458,91.03497609850548,
Eagle_public_Minnie,patchtst_b900k,28,0.1479799707135509,0.1621293707825212,14.7423779645979,
Eagle_public_Missy,patchtst_b900k,28,0.2515566455650862,0.3098032276418479,30.403667281905037,
Eagle_public_Ola,patchtst_b900k,28,0.1106612459167743,0.1409031958452846,12.080655469288589,
Eagle_public_Pearle,patchtst_b900k,28,0.2610565570306729,0.3080910576696012,34.19264379712401,
Eagle_public_Preston,patchtst_b900k,28,0.1954928117686837,0.2280462078368297,37.06011975513665,
Fox_assembly_Adrianne,patchtst_b900k,28,0.2413089926480582,0.3334093471571786,22.725863110520358,
Fox_assembly_Audrey,patchtst_b900k,28,0.2318408171419995,0.319178500239706,24.183208831161064,
Fox_assembly_Boyce,patchtst_b900k,28,0.1686557696944824,0.2425379702082343,16.503594109073994,
Fox_assembly_Bradley,patchtst_b900k,28,0.1688888336694496,0.3627679365983011,13.748236036348224,
Fox_assembly_Carlos,patchtst_b900k,28,0.3956024223155422,0.527606848050635,45.08299617857555,
Fox_assembly_Cathy,patchtst_b900k,28,0.2167577336439538,0.2410286842803913,22.899580612638008,
Fox_assembly_Cecelia,patchtst_b900k,28,0.3011669242472762,0.3588281934965965,33.93543814929679,
Fox_assembly_Christie,patchtst_b900k,28,0.6460169734442942,0.7783228378862315,104.2075383541468,
Fox_assembly_Cindy,patchtst_b900k,28,0.1938770178883726,0.2350733564275704,22.71418227919675,
Fox_assembly_Dixie,patchtst_b900k,28,0.7471787230493482,0.8193356460794222,176.50785224979987,
Fox_assembly_Emma,patchtst_b900k,28,0.2047109814013795,0.2396714891820468,24.192201837637864,
Fox_assembly_Gary,patchtst_b900k,28,0.1033984965888705,0.1224947358843006,10.565689469460844,
Fox_assembly_Jerrod,patchtst_b900k,28,1.0836020719482196,2.0776089505746467,240.05112475281388,
Fox_assembly_Johnnie,patchtst_b900k,28,0.1815125076437989,0.2281692414856881,22.85232337657485,
Fox_assembly_Kathie,patchtst_b900k,28,0.2473723602191728,0.2946755648096055,26.69595536938636,
Fox_assembly_Lakeisha,patchtst_b900k,28,0.5348876957585091,0.617215277692535,94.97712451115704,
Fox_assembly_Leeanne,patchtst_b900k,28,0.2860571704120796,0.3416934533978966,36.461170732294256,
Fox_assembly_Renna,patchtst_b900k,28,0.0748998492783122,0.0869448481953662,7.451451330801165,
Fox_assembly_Sheldon,patchtst_b900k,28,0.2288468460008876,0.2578100873348384,25.462332272643145,
Fox_assembly_Terrell,patchtst_b900k,28,0.277744059901677,0.3217631706849994,31.984944207955508,
Fox_assembly_Tony,patchtst_b900k,28,0.2380599972344911,0.2972977947037464,30.72152540084858,
Fox_education_Andre,patchtst_b900k,28,0.082044228794092,0.0983832378897667,8.123971018667032,
Fox_education_Ashli,patchtst_b900k,28,0.4046520155327672,0.4532045360547769,56.17251023272389,
Fox_education_Burton,patchtst_b900k,28,0.2121810349854393,0.2678673137657986,21.98610964235334,
Fox_education_Carleen,patchtst_b900k,28,0.226465656550813,0.2495773815644342,24.04404374291465,
Fox_education_Charles,patchtst_b900k,28,0.3503668929726968,0.4275895712975279,44.71277656615194,
Fox_education_Claire,patchtst_b900k,28,0.3165991365589127,0.3530466191122154,33.49386669212829,
Fox_education_Claude,patchtst_b900k,28,0.0311874414389221,0.0406826837639144,3.067094694917615,
Fox_education_Cynthia,patchtst_b900k,28,0.0875353051799857,0.1078238458615421,8.721721782188215,
Fox_education_Delma,patchtst_b900k,28,1.0426321439132942,1.2094007188323392,332.6184624288393,
Fox_education_Dewayne,patchtst_b900k,28,0.3362274809957575,0.371946337453517,36.50466697341822,
Fox_education_Dominique,patchtst_b900k,28,0.1144503267167554,0.1328119427948076,11.325352812475211,
Fox_education_Eddy,patchtst_b900k,28,0.2164524951578406,0.2742863001466068,29.257843536085,
Fox_education_Eldon,patchtst_b900k,28,0.0432182474904955,0.0527051388820112,4.367953361206056,
Fox_education_Elizabeth,patchtst_b900k,28,0.1971873647385343,0.2295878628533579,20.300952782548457,
Fox_education_Elois,patchtst_b900k,28,0.3804457512565063,0.4632662037542295,48.6872502554997,
Fox_education_Elvira,patchtst_b900k,28,0.2383298690884698,0.2711493125799669,24.98384032922412,
Fox_education_Etta,patchtst_b900k,28,0.0888972535096002,0.1356394796999235,10.614536748588725,
Fox_education_Gayla,patchtst_b900k,28,0.3500119315862441,0.4012763349705016,38.69170582610148,
Fox_education_Geoffrey,patchtst_b900k,28,0.0934354995938089,0.1192107047542643,8.944790165462537,
Fox_education_Gloria,patchtst_b900k,28,0.0440292920325308,0.0570622914411773,4.501298337134333,
Fox_education_Henrietta,patchtst_b900k,28,0.3393709483345066,0.4432844180286743,36.1144186036475,
Fox_education_Heriberto,patchtst_b900k,28,0.4125563638458109,0.4525780062576766,52.40507499595776,
Fox_education_Jaclyn,patchtst_b900k,28,0.1058355296535768,0.1167121424334274,10.595520708141516,
Fox_education_Jacqueline,patchtst_b900k,28,1.2045718645564043,1.385601634693657,5511.370111074674,
Fox_education_Janina,patchtst_b900k,28,0.1972636640768799,0.2244888421353196,20.420562315609526,
Fox_education_John,patchtst_b900k,28,0.3369189296626644,0.3867895254391683,37.8432116663496,
Fox_education_Kendrick,patchtst_b900k,28,0.5755310229877424,0.6157568077575463,108.58738858032568,
Fox_education_Kim,patchtst_b900k,28,0.2340388528361693,0.2750542646326223,26.79335689306229,
Fox_education_Kris,patchtst_b900k,28,0.3247081513573733,0.3870236695815934,38.98637544460195,
Fox_education_Leona,patchtst_b900k,28,0.1952482548445713,0.223946587885037,19.688535334546867,
Fox_education_Leota,patchtst_b900k,28,0.1969666132176385,0.2315393030318942,20.585073132807604,
Fox_education_Lesley,patchtst_b900k,28,0.5063690836410175,0.5991686405479999,59.68129990497651,
Fox_education_Lilly,patchtst_b900k,28,0.2234422193582765,0.2592792394931196,22.123009632396617,
Fox_education_Long,patchtst_b900k,28,0.2800227380591244,0.3271140352895768,34.451371324022176,
Fox_education_Louie,patchtst_b900k,28,0.1813553094570358,0.2084808193716705,18.101261184623155,
Fox_education_Marcelina,patchtst_b900k,28,0.4889349283433788,0.529501577923194,82.42472526592185,
Fox_education_Maris,patchtst_b900k,28,0.2736431864214576,0.3060938211968747,27.581136503682924,
Fox_education_Marlana,patchtst_b900k,28,0.0748523998881067,0.0919628902265977,7.375593799437934,
Fox_education_Maureen,patchtst_b900k,28,0.1418665676216138,0.1719692620647348,14.001982219670332,
Fox_education_Melinda,patchtst_b900k,28,0.0626431336491038,0.0751299049323559,6.233089818304246,
Fox_education_Melvin,patchtst_b900k,28,0.4775829334822541,0.5586252351454525,53.42654355157902,
Fox_education_Miguelina,patchtst_b900k,28,0.4099505962552092,0.4788545707500325,46.87076130364702,
Fox_education_Nilda,patchtst_b900k,28,0.2238447436100739,0.2576422868478634,22.939372660490097,
Fox_education_Ollie,patchtst_b900k,28,0.1538081638053781,0.1853493409565119,16.033979091683403,
Fox_education_Otilia,patchtst_b900k,28,0.0435223237080804,0.0535438375792984,4.296587877530959,
Fox_education_Ray,patchtst_b900k,28,0.1086277559519103,0.1328620667247887,11.13648000769056,
Fox_education_Rosie,patchtst_b900k,28,0.0610483797084173,0.072904031202292,6.172191537030487,
Fox_education_Rudolph,patchtst_b900k,28,0.2304384914284594,0.2758407997105705,26.17879953230432,
Fox_education_Shaun,patchtst_b900k,28,0.2756151317827097,0.3174819264216641,29.91188859463332,
Fox_education_Shawanda,patchtst_b900k,28,0.4570811090931314,0.5648480890162808,62.01176094347741,
Fox_education_Shirley,patchtst_b900k,28,0.278838130461856,0.3099599663059207,30.252986008440697,
Fox_education_Stacia,patchtst_b900k,28,0.0412217670856487,0.0525330505282048,4.0455048508248455,
Fox_education_Sterling,patchtst_b900k,28,0.4502511417538221,0.5259779533971943,54.58377093939458,
Fox_education_Suzan,patchtst_b900k,28,0.2162113884275682,0.2546458747415003,22.41436431471706,
Fox_education_Tamika,patchtst_b900k,28,0.2220265548478043,0.2594003438866655,24.17524203107926,
Fox_education_Theodore,patchtst_b900k,28,0.0392699632983369,0.0463660020754735,3.8972489956736394,
Fox_education_Tonya,patchtst_b900k,28,0.0835644783081456,0.1046702018184125,8.369160575457753,
Fox_education_Virgil,patchtst_b900k,28,0.0850326045944627,0.1052752645322229,8.327615109824812,
Fox_education_Virginia,patchtst_b900k,28,0.4516854334139074,0.509637141645675,57.55678825612343,
Fox_education_Wendell,patchtst_b900k,28,0.0599972984708216,0.0698940899926915,5.945628156786843,
Fox_education_Willis,patchtst_b900k,28,0.022090491061979,0.0284227310479041,2.238543984496609,
Fox_education_Yolande,patchtst_b900k,28,0.0817391392983145,0.0948815598020413,8.031509904477371,
Fox_food_Francesco,patchtst_b900k,28,0.3202839644906621,0.3542312729868061,36.69906420686323,
Fox_food_Scott,patchtst_b900k,28,0.3086280944174133,0.3504009299131261,38.96849853058896,
Fox_health_Lorena,patchtst_b900k,28,0.2385310204616684,0.2752881695359601,25.14880727010665,
Fox_lodging_Alana,patchtst_b900k,28,0.1338072501905425,0.1547077564906968,13.898983419332374,
Fox_lodging_Angla,patchtst_b900k,28,0.2407879335476867,0.2771693351981961,26.18320983045394,
Fox_lodging_Frances,patchtst_b900k,28,0.0710921348312338,0.0886300696833827,7.018933408331114,
Fox_lodging_Helen,patchtst_b900k,28,0.1447428362253818,0.1697120780871865,14.626497427481702,
Fox_lodging_Isabell,patchtst_b900k,28,0.0327200175285663,0.0441531556415357,3.2804110687144816,
Fox_lodging_Jina,patchtst_b900k,28,0.0885002943301652,0.1037358237628902,8.985231495367938,
Fox_lodging_Morris,patchtst_b900k,28,0.0742783567444013,0.0931114770334935,7.509941919552222,
Fox_lodging_Stephan,patchtst_b900k,28,0.0818242418794954,0.1036667437272574,8.397859424489226,
Fox_lodging_Stephen,patchtst_b900k,28,0.1268432309733951,0.1503036277652978,12.956506412456973,
Fox_lodging_Wallace,patchtst_b900k,28,0.1162098641079601,0.134936972792116,12.0103846969984,
Fox_lodging_Warren,patchtst_b900k,28,0.1122511944220749,0.1397574446455348,11.814712912695176,
Fox_lodging_Winifred,patchtst_b900k,28,0.0755091456240056,0.0907577161197265,7.65858757637194,
Fox_office_Alice,patchtst_b900k,28,0.1007459051227859,0.1180524991706782,9.910169625170916,
Fox_office_Bernard,patchtst_b900k,28,0.0961111088012221,0.1188012150507757,10.346095707035117,
Fox_office_Berniece,patchtst_b900k,28,0.3958842759512718,0.4390630349317986,48.00198582786274,
Fox_office_Brandy,patchtst_b900k,28,0.6073757318895009,0.6682456305517315,80.90564965554508,
Fox_office_Carson,patchtst_b900k,28,0.1893257485355901,0.2197845250299234,18.9163105312286,
Fox_office_Clayton,patchtst_b900k,28,0.3817524259594375,0.4562989067616173,62.63056169538762,
Fox_office_Demetrius,patchtst_b900k,28,0.3109333945739848,0.3897206766360881,34.438836106725205,
Fox_office_Easter,patchtst_b900k,28,0.3624504524194437,0.4149235070981321,38.08662104405136,
Fox_office_Edythe,patchtst_b900k,28,0.1765356268719287,0.2083989902147981,17.69976880867565,
Fox_office_Essie,patchtst_b900k,28,0.8035066685589498,0.9341229556087396,149.3962125532275,
Fox_office_Gaylord,patchtst_b900k,28,0.4219508738051645,0.476380158909235,47.82927066581389,
Fox_office_Israel,patchtst_b900k,28,0.2077238093071607,0.2468774373200344,22.18893237000992,
Fox_office_Joy,patchtst_b900k,28,0.1311083081042902,0.1559613454510033,13.52325542100552,
Fox_office_Juana,patchtst_b900k,28,0.3387756289081783,0.3803341365773278,38.13215379385438,
Fox_office_Karima,patchtst_b900k,28,0.4680681282063521,0.5273261994476597,93.91892509550772,
Fox_office_Margarita,patchtst_b900k,28,0.1424900240555359,0.172544307404392,13.993233198105315,
Fox_office_Molly,patchtst_b900k,28,0.3431391012814605,0.4237418986083018,39.03733328280028,
Fox_office_Rowena,patchtst_b900k,28,0.3176043587941843,0.3808954572845395,31.73326908629936,
Fox_office_Sheila,patchtst_b900k,28,0.2916367179988848,0.3372228050109121,31.47878244362913,
Fox_office_Susanne,patchtst_b900k,28,0.3865698775974676,0.4714259319537671,54.58954000837163,
Fox_office_Thelma,patchtst_b900k,28,0.4055704542124467,0.4405135623776474,45.65809014479482,
Fox_office_Vicki,patchtst_b900k,28,0.1765855127320663,0.2021846140738969,17.781336483536446,
Fox_office_Yong,patchtst_b900k,28,0.2737070850033533,0.3166732097357031,30.00317888821994,
Fox_office_Zachary,patchtst_b900k,28,0.2017892451571167,0.2341912592254921,21.017772042119788,
Fox_parking_Felipa,patchtst_b900k,28,0.145264084213831,0.1629563346294298,15.542365585390334,
Fox_parking_Lynelle,patchtst_b900k,28,0.3201850087470017,0.3372307047126466,37.35890453707054,
Fox_parking_Tommie,patchtst_b900k,28,0.0282871358432634,0.0381018532351341,2.802610570157061,
Fox_public_Bart,patchtst_b900k,28,0.38233244356239,0.4411413543271938,67.9755674877904,
Fox_public_Belle,patchtst_b900k,28,0.0576190656568456,0.071347788941358,5.808106499906386,
Fox_public_Denny,patchtst_b900k,28,0.150546438070421,0.1744050020610809,15.255449496320002,
Fox_public_Lauren,patchtst_b900k,28,0.0685490916997275,0.086542105112643,7.15267605782761,
Fox_public_Martin,patchtst_b900k,28,0.1060565169681736,0.1264623901584443,10.891224957508449,
Fox_public_Rhonda,patchtst_b900k,28,0.3292008951378367,0.3625833385967392,42.01798355955202,
Fox_religion_Maurice,patchtst_b900k,28,0.8165599690074286,0.9339366071551978,175.9480392575967,
Fox_retail_Manie,patchtst_b900k,28,0.3677759522063984,0.4108350385810482,40.93208523548859,
Fox_utility_Marian,patchtst_b900k,28,0.7152717362199233,0.8000871786989148,139.17597833156353,
Fox_warehouse_Lorretta,patchtst_b900k,28,0.9215119182579716,1.6166489436024625,780.9248270764801,
Fox_warehouse_Pearl,patchtst_b900k,28,0.5128603478684932,0.6054672950773323,66.70913393209777,
Gator_assembly_Blanca,patchtst_b900k,28,0.2280348537609167,0.2889402583153429,37.79394468677128,
Gator_assembly_Daisy,patchtst_b900k,28,0.1522898056730369,0.212058531363759,19.78699219311585,
Gator_assembly_Enid,patchtst_b900k,28,0.1763484152014123,0.2341447066033176,21.4521449252897,
Gator_assembly_Gene,patchtst_b900k,28,0.2440394205133888,0.3585125372912236,765.5429798696404,
Gator_assembly_Joni,patchtst_b900k,28,0.773244872503251,1.6347623421795978,122.07851503492708,
Gator_assembly_Kayleigh,patchtst_b900k,28,0.6579939336175546,0.6922173748502015,437.107568861086,
Gator_assembly_Kimberly,patchtst_b900k,28,0.1956838152627051,0.248602801239388,32.57152695786466,
Gator_assembly_Lelia,patchtst_b900k,28,0.1410046092921561,0.1894875391567658,18.923395626286464,
Gator_assembly_Loyce,patchtst_b900k,28,0.1162302040561653,0.2145732629464161,27.91406960797553,
Gator_assembly_Lucia,patchtst_b900k,28,0.2523816809908477,0.3262815324574916,396.2229663005624,
Gator_assembly_Marjorie,patchtst_b900k,28,0.2085102864437369,0.2773098020346109,40.441077358245614,
Gator_assembly_Maurine,patchtst_b900k,28,0.7134529058205898,0.8933080231980979,138.71661441655664,
Gator_assembly_Regina,patchtst_b900k,28,0.1312057460696029,0.2021713241213465,27.565927034032025,
Gator_office_August,patchtst_b900k,28,0.2188584561719991,0.3208116905181961,21.885845617199923,
Gator_office_Betty,patchtst_b900k,28,0.1817561082092687,0.2814874241226847,30.64693195150241,
Gator_office_Hunter,patchtst_b900k,28,0.1262906550635086,0.2290000455588233,388.0707351671216,
Gator_office_Julie,patchtst_b900k,28,0.2594377597732778,0.3506373468957204,56.494676689962496,
Gator_office_Lisa,patchtst_b900k,28,0.1228606257400596,0.1997144636820623,31.352084991815957,
Gator_office_Lucy,patchtst_b900k,28,0.1141045542330136,0.1859952788678784,22.184582254414877,
Gator_other_Cassandra,patchtst_b900k,28,0.3893816523927018,0.4257542140197738,49.67544848257798,
Gator_other_Elfriede,patchtst_b900k,28,0.2133687115228699,0.2775187788698103,46.263636715160274,
Gator_other_Gertrude,patchtst_b900k,28,0.2499480868172081,0.3536464883906045,86.51148101478596,
Gator_other_Minda,patchtst_b900k,28,0.4641872542617118,0.5664930342902375,79.65790697567842,
Gator_other_Reginald,patchtst_b900k,28,0.1869066503386548,0.2727054429363358,40.1483018862625,
Gator_other_Russel,patchtst_b900k,28,0.2704181883342778,0.3372369582278762,421.7928418601483,
Gator_public_Alexandra,patchtst_b900k,28,0.3366382372247881,0.4299327436850636,460.327212555223,
Gator_public_Beulah,patchtst_b900k,28,0.2305973118178761,0.2950304817987699,39.86474863939245,
Gator_public_Cheri,patchtst_b900k,28,0.1197440120733451,0.1491743173488591,13.135951623497794,
Gator_public_Clara,patchtst_b900k,28,0.3019297632407776,0.3983476117942713,199.52201894299665,
Gator_public_Dale,patchtst_b900k,28,0.2239216481568589,0.2960866993235167,39.72834251876811,
Gator_public_Dewey,patchtst_b900k,28,0.1536354848715721,0.243499758199951,387.2073095135482,
Gator_public_Dionna,patchtst_b900k,28,0.1410904361135678,0.1711572966520791,15.471896566814449,
Gator_public_Erika,patchtst_b900k,28,0.1294184751263102,0.1669081618812822,15.12877067782196,
Gator_public_Everette,patchtst_b900k,28,0.1819512269665756,0.2592104193275433,31.002944932418952,
Gator_public_Geraldine,patchtst_b900k,28,0.1421162370169322,0.2168376962797016,26.71599230618219,
Gator_public_Janna,patchtst_b900k,28,0.1800470287586474,0.2358326529442572,29.96374638137429,
Gator_public_Jayme,patchtst_b900k,28,0.120120219196679,0.158938334057079,13.631523672363697,
Gator_public_Kendall,patchtst_b900k,28,0.1500745148277857,0.1847289183548629,15.277704071915124,
Gator_public_Kenny,patchtst_b900k,28,0.255996973699119,0.3038997054833647,32.85969697697261,
Gator_public_Latasha,patchtst_b900k,28,0.1942268658018134,0.23380325082672,21.46256063389181,
Gator_public_Leroy,patchtst_b900k,28,0.2406581077687388,0.3008698104083859,32.91970432671671,
Gator_public_Lindsey,patchtst_b900k,28,0.1526698003531612,0.2306174346504965,33.312067177425234,
Gator_public_Marcie,patchtst_b900k,28,0.0953412014567586,0.1197093474144021,10.267597609211911,
Gator_public_Marissa,patchtst_b900k,28,0.1307514343606555,0.1690540038459041,14.723286369833884,
Gator_public_Maude,patchtst_b900k,28,0.1365410552629385,0.2086597647027381,31.104555806988472,
Gator_public_Natasha,patchtst_b900k,28,0.4531344421894827,0.5031183650135563,120.3450587048008,
Gator_public_Nettie,patchtst_b900k,28,0.1555959286655652,0.2258901625722042,27.08320006300343,
Gator_public_Noe,patchtst_b900k,28,0.1587031309550826,0.2061591311283798,18.746956343888822,
Gator_public_Philip,patchtst_b900k,28,0.3104006118510237,0.4140891615911277,482.2441595164983,
Gator_public_Randall,patchtst_b900k,28,0.1475343664375451,0.2395400236976106,33.37577571338912,
Gator_public_Ross,patchtst_b900k,28,0.2025354732903205,0.2829624152210602,37.197370248449154,
Gator_public_Tiffany,patchtst_b900k,28,0.1634305120141917,0.2434023532246932,43.25478626690686,
Gator_warehouse_Constance,patchtst_b900k,28,0.3483048802817353,0.4306042372821625,495.4590371533055,
Gator_warehouse_Stacie,patchtst_b900k,28,0.2144868775283509,0.3227571746582227,42.81157974864768,
Hog_assembly_Colette,patchtst_b900k,28,0.3237374029013178,0.3992184949816584,41.553221090386685,
Hog_assembly_Dona,patchtst_b900k,28,0.2605210877738233,0.2993190503009317,31.15271590402558,
Hog_assembly_Edward,patchtst_b900k,28,0.4156815964108005,0.4935141989693365,53.22029055149825,
Hog_assembly_Jasmine,patchtst_b900k,28,0.2353977307570584,0.2588880490096604,27.391938898447588,
Hog_assembly_Letha,patchtst_b900k,28,0.1879255813913957,0.2640136923220798,18.32237827250901,
Hog_assembly_Maribel,patchtst_b900k,28,0.1839634777613216,0.2223681251154421,20.97377835921767,
Hog_assembly_Pedro,patchtst_b900k,28,0.6360151311220721,0.7454884270432734,98.43826917572709,
Hog_education_Beth,patchtst_b900k,28,0.3268186707289086,0.3710964193497473,36.019353637033966,
Hog_education_Bruno,patchtst_b900k,28,0.1104772010658686,0.1324783861213471,10.643447476218498,
Hog_education_Caridad,patchtst_b900k,28,0.2869483421870943,0.4100987796293083,29.564820011839934,
Hog_education_Casandra,patchtst_b900k,28,0.3081484769802995,0.3776002894744781,33.30898279150385,
Hog_education_Cathleen,patchtst_b900k,28,0.0976960692160894,0.1133950650518092,10.110313060610428,
Hog_education_Darryl,patchtst_b900k,28,0.2497680804932105,0.2959837219154718,26.30279914005658,
Hog_education_Donnie,patchtst_b900k,28,0.7633298485290608,0.910691069518093,179.5036229942315,
Hog_education_George,patchtst_b900k,28,0.1068204753992999,0.1231627765561597,10.732834614853614,
Hog_education_Hallie,patchtst_b900k,28,0.0703569161959682,0.0900909174067624,6.79949525753958,
Hog_education_Haywood,patchtst_b900k,28,0.0478597883448078,0.0569253591539153,4.767866007806083,
Hog_education_Janell,patchtst_b900k,28,0.1570896128771414,0.2068654620135886,15.825313693396453,
Hog_education_Jared,patchtst_b900k,28,0.5698845785762549,0.6412757411461327,73.24078605683052,
Hog_education_Jewel,patchtst_b900k,28,0.3461810988360466,0.4204581807364411,47.0203841134921,
Hog_education_Jordan,patchtst_b900k,28,0.3268206402568885,0.3908683968340657,42.5005244354941,
Hog_education_Josh,patchtst_b900k,28,0.2862262667437178,0.3379470142850811,30.071707258051944,
Hog_education_Leandro,patchtst_b900k,28,0.1491975632951096,0.1728245578024507,15.377139800652886,
Hog_education_Luvenia,patchtst_b900k,28,0.2010789107018972,0.2342957519274421,20.91738410800283,
Hog_education_Madge,patchtst_b900k,28,0.278061245608281,0.3122555599267064,31.972652980450167,
Hog_education_Odell,patchtst_b900k,28,0.0741564216375965,0.087625863381442,7.418025659967155,
Hog_education_Rachael,patchtst_b900k,28,0.1698273107555683,0.2035551189035656,17.92712718412949,
Hog_education_Robert,patchtst_b900k,28,0.3324252483877513,0.3836002642407011,38.86205900890506,
Hog_education_Roberto,patchtst_b900k,28,0.3498596533428352,0.3989881276555339,36.64265994295683,
Hog_education_Sonia,patchtst_b900k,28,0.1177228167052657,0.1350603111847095,11.79379936911804,
Hog_education_Wayne,patchtst_b900k,28,0.217399031397328,0.2452819254282771,22.09362974511101,
Hog_food_Morgan,patchtst_b900k,28,0.4084023535864076,0.4472497931006063,52.39239014635292,
Hog_health_Hisako,patchtst_b900k,28,0.12232919284322,0.1399180592555286,12.10241562271976,
Hog_health_Jenny,patchtst_b900k,28,0.1486827333492024,0.1783989821790665,14.2775690186555,
Hog_health_Kesha,patchtst_b900k,28,0.1072997851811297,0.1279774298451918,10.38224033880642,
Hog_industrial_Jay,patchtst_b900k,28,0.2765023775792122,0.3022977280541436,30.60694239314125,
Hog_industrial_Jeremy,patchtst_b900k,28,0.5880422281131206,0.6336010272457672,108.18186853694932,
Hog_industrial_Joanne,patchtst_b900k,28,0.4974191597808214,0.5543516411019824,82.60689587439329,
Hog_industrial_Mariah,patchtst_b900k,28,0.2657649040685965,0.32684318702125,26.95514014783092,
Hog_industrial_Quentin,patchtst_b900k,28,0.7064131517607758,0.8047710631096838,109.71424395038731,
Hog_lodging_Brian,patchtst_b900k,28,0.1696855950590906,0.1992098953951103,17.30275813992886,
Hog_lodging_Celeste,patchtst_b900k,28,0.1990172076718442,0.241566272290285,22.007316066794267,
Hog_lodging_Edgar,patchtst_b900k,28,,,34689767788725.13,
Hog_lodging_Francisco,patchtst_b900k,28,0.2248799572021008,0.2581171969090315,25.38154808027769,
Hog_lodging_Hal,patchtst_b900k,28,0.2319183864785929,0.289918855708236,24.659591596668783,
Hog_lodging_Mauricio,patchtst_b900k,28,0.2436873715735803,0.3025600868144137,26.41909545644903,
Hog_lodging_Nikki,patchtst_b900k,28,0.2197119696453148,0.27093453423527,24.435910970771005,
Hog_lodging_Ora,patchtst_b900k,28,0.1425467474504765,0.1856476937324211,16.680330422267716,
Hog_lodging_Retha,patchtst_b900k,28,0.1772587358226571,0.2200161141886737,18.905806110267022,
Hog_lodging_Shanti,patchtst_b900k,28,0.2220385061013099,0.2882816637121204,22.2347180807883,
Hog_lodging_Shonda,patchtst_b900k,28,0.1638832778428927,0.1912372123325519,17.329702460256716,
Hog_office_Alexis,patchtst_b900k,28,0.5993269164631032,0.7206524936239773,81.95909999460166,
Hog_office_Alisha,patchtst_b900k,28,0.086538570145892,0.1040317101185707,9.02094619362162,
Hog_office_Almeda,patchtst_b900k,28,0.3136716828309904,0.3708910919766156,36.91739718379844,
Hog_office_Bessie,patchtst_b900k,28,0.3606808736657254,0.4113811236987638,39.73012642426324,
Hog_office_Betsy,patchtst_b900k,28,0.6669532062910762,0.8552319094633458,125.16179859533388,
Hog_office_Bill,patchtst_b900k,28,0.2937935753151657,0.3605382854635146,36.87101028816423,
Hog_office_Bryan,patchtst_b900k,28,0.3026795309071504,0.3409503929052105,31.034552901036825,
Hog_office_Byron,patchtst_b900k,28,0.1802310973937055,0.2003395263313194,17.793609319282425,
Hog_office_Candi,patchtst_b900k,28,0.291867054358742,0.3296487893600446,33.034569948633944,
Hog_office_Carri,patchtst_b900k,28,0.2685650260878367,0.3186644218155309,27.898438729944957,
Hog_office_Catalina,patchtst_b900k,28,0.4266308820350756,0.4764852595758283,53.78770889919584,
Hog_office_Catharine,patchtst_b900k,28,0.250287620648381,0.3216871920010976,25.70138035145512,
Hog_office_Charla,patchtst_b900k,28,0.1137220594020733,0.1275627983856988,11.567860934406896,
Hog_office_Clemencia,patchtst_b900k,28,0.1194937401348728,0.1529907908909724,11.287570289532468,
Hog_office_Concetta,patchtst_b900k,28,0.5649279804931436,0.7154958425040789,71.45711573000902,
Hog_office_Cordelia,patchtst_b900k,28,0.5402723564823122,0.6029497290442453,71.30974236666296,
Hog_office_Corey,patchtst_b900k,28,0.3195895934024956,0.3795841162879605,45.39218885288245,
Hog_office_Corie,patchtst_b900k,28,0.3953756779581941,0.4467706501642348,46.48468771149368,
Hog_office_Cornell,patchtst_b900k,28,0.2197181123709621,0.264045200887707,24.499597044998385,
Hog_office_Cortney,patchtst_b900k,28,2.273794079851475,2.6444196241549345,16811.3880933293,
Hog_office_Darline,patchtst_b900k,28,0.0340507949705851,0.0471552405038296,3.507110139680534,
Hog_office_Denita,patchtst_b900k,28,0.5126760639148028,0.5747776615441881,65.28309246258893,
Hog_office_Elizbeth,patchtst_b900k,28,0.1410571890194272,0.161578397537509,13.83267873755022,
Hog_office_Elke,patchtst_b900k,28,0.4173568125641003,0.474517150289404,48.0285140708064,
Hog_office_Elnora,patchtst_b900k,28,0.1561240579441912,0.1781315154553532,16.21300693926276,
Hog_office_Eloise,patchtst_b900k,28,0.1297562488598481,0.164299490989262,15.660004211082796,
Hog_office_Elsy,patchtst_b900k,28,0.2078301313162052,0.2532547287313978,21.009580538581268,
Hog_office_Emmanuel,patchtst_b900k,28,0.2311654552123323,0.2602709236974578,23.99623260123661,
Hog_office_Garrett,patchtst_b900k,28,0.393003211902624,0.4986156945112084,43.45652681702656,
Hog_office_Guadalupe,patchtst_b900k,28,0.4604473562006436,0.5356438346819675,52.15022979979436,
Hog_office_Gustavo,patchtst_b900k,28,0.2097701268456837,0.2341851867172211,21.807147374124927,
Hog_office_Joey,patchtst_b900k,28,0.2736619109109371,0.3394338211203491,30.15743960706364,
Hog_office_Josefina,patchtst_b900k,28,0.1848996688662474,0.2098941760467697,18.858493123425774,
Hog_office_Lanell,patchtst_b900k,28,0.4249332179540177,0.4885261558184803,55.5362162831245,
Hog_office_Lavon,patchtst_b900k,28,1.3012280514857737,1.4733659490492992,951.3465480057096,
Hog_office_Leanne,patchtst_b900k,28,0.1502346024118634,0.1793585236751834,14.5003096927132,
Hog_office_Leon,patchtst_b900k,28,0.4398439248236257,0.5019789922159197,62.05167906382288,
Hog_office_Lizzie,patchtst_b900k,28,0.3600475468157834,0.4401576749415465,61.50695142265056,
Hog_office_Mack,patchtst_b900k,28,0.14300673369141,0.1632629566427483,14.65525595348408,
Hog_office_Man,patchtst_b900k,28,0.146756095315884,0.175967587817593,15.767990033056543,
Hog_office_Mari,patchtst_b900k,28,0.4205033925832948,0.5284873556615418,50.12922564109886,
Hog_office_Marilyn,patchtst_b900k,28,0.1430720273539291,0.1715387833605203,14.568060757496786,
Hog_office_Marlena,patchtst_b900k,28,0.8122999987835081,0.8887337550144503,129.8896105207471,
Hog_office_Marlene,patchtst_b900k,28,0.4846464760081995,0.5547836430167602,59.52980592931889,
Hog_office_Mary,patchtst_b900k,28,0.4365663597336869,0.4860402211966446,49.70984820001328,
Hog_office_Merilyn,patchtst_b900k,28,0.1672466339901928,0.1989721609743702,18.291119194990664,
Hog_office_Migdalia,patchtst_b900k,28,0.3451859208041203,0.3882136712514598,39.613654169378535,
Hog_office_Mike,patchtst_b900k,28,0.2169197899228985,0.2636271983203654,21.917091560414143,
Hog_office_Miriam,patchtst_b900k,28,0.3660882890741489,0.4125447636060677,42.69077085643512,
Hog_office_Myles,patchtst_b900k,28,0.2968989772362197,0.3879759013996742,28.61505341984228,
Hog_office_Nancie,patchtst_b900k,28,0.5280719235196325,0.5999962892860086,61.70145164924863,
Hog_office_Napoleon,patchtst_b900k,28,0.2673140746854093,0.3036044052387089,30.03530857736767,
Hog_office_Nia,patchtst_b900k,28,0.3675245137439081,0.4581957906699661,41.11872212675101,
Hog_office_Patrick,patchtst_b900k,28,0.342870335217303,0.4092708998342193,36.05697697238668,
Hog_office_Randi,patchtst_b900k,28,0.4094849107291129,0.4805905619100413,45.64001448666958,
Hog_office_Richelle,patchtst_b900k,28,0.3089292077816201,0.3433410858643127,32.884802825580664,
Hog_office_Roger,patchtst_b900k,28,0.0781413720266919,0.1203375961339908,10.161440523356337,
Hog_office_Rolando,patchtst_b900k,28,0.0506130845299277,0.0605167505132173,4.990653878766475,
Hog_office_Sarah,patchtst_b900k,28,0.0691052285301936,0.081484477710728,6.970022084267624,
Hog_office_Shawna,patchtst_b900k,28,0.5600736372496143,0.6140827598866803,84.65883756265204,
Hog_office_Shawnna,patchtst_b900k,28,0.351191522801492,0.4029337046836022,42.06499449940048,
Hog_office_Sherrie,patchtst_b900k,28,0.4419442765816285,0.4917414610237422,51.83335317800074,
Hog_office_Shon,patchtst_b900k,28,0.2819727080333836,0.318494422848973,29.081748820115504,
Hog_office_Simon,patchtst_b900k,28,0.5244911641453879,0.5984383661022438,64.4105983140476,
Hog_office_Sonny,patchtst_b900k,28,0.1734659999738122,0.2120776259277706,18.40301256053448,
Hog_office_Sung,patchtst_b900k,28,0.1764497567147059,0.2123497353301739,18.326333362853127,
Hog_office_Sydney,patchtst_b900k,28,0.1713842066614847,0.1973916496651944,17.89191511410339,
Hog_office_Terry,patchtst_b900k,28,0.5546327478851022,0.6349036045298776,72.76964306621473,
Hog_office_Thomas,patchtst_b900k,28,1.1243951267613674,1.4845228983013434,631.2825862673641,
Hog_office_Valda,patchtst_b900k,28,0.4095708854354688,0.4830702970122762,45.02609328028817,
Hog_office_Vera,patchtst_b900k,28,0.4610661698564017,0.5128083251790112,53.29704757318549,
Hog_other_Noma,patchtst_b900k,28,0.0528565508746376,0.0675575805595979,5.366084485187515,
Hog_other_Tobias,patchtst_b900k,28,0.2790981147266271,0.3336779608957252,29.88501203604037,
Hog_parking_Antoinette,patchtst_b900k,28,0.2367496163013135,0.2927365882896155,24.43646954977632,
Hog_parking_Bernardo,patchtst_b900k,28,0.1745298784376839,0.1995628650560703,17.477098537258858,
Hog_parking_Cliff,patchtst_b900k,28,0.1996355839361167,0.2438233453478029,21.06464465963859,
Hog_parking_Jean,patchtst_b900k,28,0.4556026335087259,0.857565397114282,27.822291340198387,
Hog_parking_Jeana,patchtst_b900k,28,0.3188263921549081,0.4109393405360154,31.593954972950893,
Hog_parking_Marcus,patchtst_b900k,28,0.1780508590277783,0.2256402986984001,16.738489102186747,
Hog_parking_Shannon,patchtst_b900k,28,0.2415147840272991,0.3055223835734647,22.18022974841532,
Hog_public_Brad,patchtst_b900k,28,0.0666162160989735,0.0839159144000276,6.781965697775936,
Hog_public_Crystal,patchtst_b900k,28,0.412931225827472,0.4732972272626375,53.36859777036362,
Hog_public_Gerard,patchtst_b900k,28,0.3377316387960228,0.3655740630274006,43.100924555272805,
Hog_public_Kevin,patchtst_b900k,28,0.7962934882141467,1.019945803865181,135.58139819071525,
Hog_public_Octavia,patchtst_b900k,28,0.1721178976538497,0.2028856440616599,17.91775726112786,
Hog_science_Max,patchtst_b900k,28,0.0806138779422018,0.0923884046498032,7.94061616677721,
Hog_services_Adrianna,patchtst_b900k,28,0.1064420889879514,0.163013889183337,9.293940174582389,
Hog_services_Joe,patchtst_b900k,28,0.4217544212387228,0.4924601224776211,48.93437340432112,
Hog_services_Kerrie,patchtst_b900k,28,0.2484990367334055,0.2886375370210139,26.303680115170664,
Hog_services_Marshall,patchtst_b900k,28,0.2144544828960657,0.2507169292023433,23.1464258204505,
Hog_warehouse_Louise,patchtst_b900k,28,0.5515537584407162,0.6111883894820913,71.77922453115096,
Hog_warehouse_Porsha,patchtst_b900k,28,0.8341398605632541,0.86853359712984,624.0030978317776,
Hog_warehouse_Rosanna,patchtst_b900k,28,0.255570735643417,0.3639789938989392,25.86683765600019,
Lamb_assembly_Bertie,patchtst_b900k,28,0.6518115968141224,0.7703511357378683,100.91959832806263,
Lamb_assembly_Cesar,patchtst_b900k,28,0.4130085943311098,0.4895189155729673,41.30085943311098,
Lamb_assembly_Cherie,patchtst_b900k,28,0.4056739949615608,0.4369910646992807,51.480846206492735,
Lamb_assembly_Corliss,patchtst_b900k,28,0.963686699109126,1.1422107525479508,96.36866991091262,
Lamb_assembly_Dillon,patchtst_b900k,28,0.5926696380636025,0.7812594464640457,77.30302231939761,
Lamb_assembly_Dorathy,patchtst_b900k,28,0.4818433526282509,0.5711053790658235,48.18433526282509,
Lamb_assembly_Dorothy,patchtst_b900k,28,0.4887715056604816,0.5549895846907238,59.412063385047794,
Lamb_assembly_Elinor,patchtst_b900k,28,0.8698557424423574,1.0386206160379707,159.5386161859496,
Lamb_assembly_Isa,patchtst_b900k,28,2.891060102211971,3.426632318830628,289.10601022119715,
Lamb_assembly_Jerry,patchtst_b900k,28,1.1516137345755724,1.3197846886101945,3331.5055269242644,
Lamb_assembly_Katelyn,patchtst_b900k,28,0.5657345287142171,0.7009380006409183,74.38731065555618,
Lamb_assembly_Kurt,patchtst_b900k,28,2.891060102211971,3.426632318830628,289.10601022119715,
Lamb_assembly_Librada,patchtst_b900k,28,0.6263405021885297,0.8833889487205474,90.32317081110372,
Lamb_assembly_Louis,patchtst_b900k,28,0.7052792876179705,0.7966580303076315,251.6077547338648,
Lamb_assembly_Nicole,patchtst_b900k,28,1.445530061253521,1.7133161718539105,144.5530061253521,
Lamb_assembly_Ossie,patchtst_b900k,28,0.5782120263708445,0.6853264674496986,57.82120263708445,
Lamb_assembly_Rosa,patchtst_b900k,28,1.324898249405912,1.7068609732514834,1150.8043802657437,
Lamb_assembly_Steven,patchtst_b900k,28,0.5782120263708445,0.6853264674496986,57.82120263708445,
Lamb_assembly_Tasha,patchtst_b900k,28,0.2409216702928663,0.2855526788912573,24.09216702928663,
Lamb_assembly_Tawana,patchtst_b900k,28,0.5782120263708445,0.6853264674496986,57.82120263708445,
Lamb_assembly_Theresa,patchtst_b900k,28,1.445530061253521,1.7133161718539105,144.5530061253521,
Lamb_assembly_Walter,patchtst_b900k,28,2.891060102211971,3.426632318830628,289.10601022119715,
Lamb_education_Aldo,patchtst_b900k,28,2.891060102211971,3.426632318830628,289.10601022119715,
Lamb_education_Antonio,patchtst_b900k,28,0.5710213556385575,0.6751367202597844,74.71440419096635,
Lamb_education_Armando,patchtst_b900k,28,0.6348937894245842,0.7663543018597138,81.81795730362147,
Lamb_education_Augustine,patchtst_b900k,28,0.963686699109126,1.1422107525479508,96.36866991091262,
Lamb_education_Bert,patchtst_b900k,28,0.7997736038135563,0.955240863285979,116.533416388436,
Lamb_education_Bettye,patchtst_b900k,28,1.445530061253521,1.7133161718539105,144.5530061253521,
Lamb_education_Carlton,patchtst_b900k,28,0.721603431623217,0.8298271069420888,94.86165785828898,
Lamb_education_Chet,patchtst_b900k,28,2.891060102211971,3.426632318830628,289.10601022119715,
Lamb_education_Daniel,patchtst_b900k,28,0.6970029004156639,0.8485849514382757,89.85263383407931,
Lamb_education_Darrel,patchtst_b900k,28,0.5642379497762231,0.6690020987540584,68.86229228137599,
Lamb_education_Debby,patchtst_b900k,28,0.7227650294056122,0.85665809663352,72.27650294056124,
Lamb_education_Dolly,patchtst_b900k,28,1.2709480038533394,1.4563981406908173,3451.392549264332,
Lamb_education_Domitila,patchtst_b900k,28,0.5908253577563276,0.6912320115803151,71.73981088120834,
Lamb_education_Dwayne,patchtst_b900k,28,0.7529472013064428,0.9063140800529706,96.1602153516714,
Lamb_education_Ellen,patchtst_b900k,28,0.963686699109126,1.1422107525479508,96.36866991091262,
Lamb_education_Emery,patchtst_b900k,28,0.911170384397608,1.044541246348918,4118.489047938002,
Lamb_education_Emilie,patchtst_b900k,28,0.8264093406632657,0.9386123414003944,142.80838418459382,
Lamb_education_Eula,patchtst_b900k,28,1.445530061253521,1.7133161718539105,144.5530061253521,
Lamb_education_Faith,patchtst_b900k,28,0.8076369118094842,0.925868320255096,121.56596049271606,
Lamb_education_Felicia,patchtst_b900k,28,0.8988839780647331,1.024634440231961,3312.962814363286,
Lamb_education_Felipe,patchtst_b900k,28,0.5800366262867801,0.6721748581696367,69.3280929124254,
Lamb_education_Fred,patchtst_b900k,28,0.7404992520075552,0.8729287516089927,95.90943122004276,
Lamb_education_Freddy,patchtst_b900k,28,2.891060102211971,3.426632318830628,289.10601022119715,
Lamb_education_Gabriel,patchtst_b900k,28,0.7227650294056122,0.85665809663352,72.27650294056124,
Lamb_education_Gabrielle,patchtst_b900k,28,0.890062849698373,1.056291403221003,170.5790360710988,
Lamb_education_Garry,patchtst_b900k,28,0.963686699109126,1.1422107525479508,96.36866991091262,
Lamb_education_Harold,patchtst_b900k,28,0.963686699109126,1.1422107525479508,96.36866991091262,
Lamb_education_Heidi,patchtst_b900k,28,1.315847826847136,1.4497617975737618,6106.657174804164,
Lamb_education_Hellen,patchtst_b900k,28,0.6608749443069556,0.8238014628084696,80.95850543760724,
Lamb_education_Hilary,patchtst_b900k,28,0.963686699109126,1.1422107525479508,96.36866991091262,
Lamb_education_Hillary,patchtst_b900k,28,1.445530061253521,1.7133161718539105,144.5530061253521,
Lamb_education_Hubert,patchtst_b900k,28,0.0628491379455595,0.0744920069821096,6.284913794555959,
Lamb_education_Hui,patchtst_b900k,28,0.2628236472938266,0.3115120289190679,26.282364729382664,
Lamb_education_Ira,patchtst_b900k,28,0.963686699109126,1.1422107525479508,96.36866991091262,
Lamb_education_Isabelle,patchtst_b900k,28,0.3212289044749923,0.3807369302481213,32.12289044749923,
Lamb_education_Jane,patchtst_b900k,28,1.31114485288562,1.4752947087839852,6056.027922678874,
Lamb_education_Junior,patchtst_b900k,28,0.5669448823897661,0.6723298514495781,63.51763289289868,
Lamb_education_Kasha,patchtst_b900k,28,1.445530061253521,1.7133161718539105,144.5530061253521,
Lamb_education_Kayla,patchtst_b900k,28,1.074173592271694,1.2568358983915462,3366.649097811214,
Lamb_education_Larissa,patchtst_b900k,28,0.963686699109126,1.1422107525479508,96.36866991091262,
Lamb_education_Lawrence,patchtst_b900k,28,0.7557485750145164,0.923409380471597,109.13340253321738,
Lamb_education_Lazaro,patchtst_b900k,28,0.0876078834672543,0.1038373428490376,8.760788346725432,
Lamb_education_Lemuel,patchtst_b900k,28,0.3613825195449558,0.4283290527340462,36.1382519544956,
Lamb_education_Leopoldo,patchtst_b900k,28,0.963686699109126,1.1422107525479508,96.36866991091262,
Lamb_education_Logan,patchtst_b900k,28,1.1790275662085206,1.3406469927949412,4055.872071891477,
Lamb_education_Lucas,patchtst_b900k,28,0.8982309994993479,1.0467187522535253,140.4383439903005,
Lamb_education_Luz,patchtst_b900k,28,0.4809246846524464,0.6103901392168681,52.24136639418087,
Lamb_education_Mae,patchtst_b900k,28,0.5581158823903573,0.6878609954480466,124.3232189258934,
Lamb_education_Manuel,patchtst_b900k,28,0.7227650294056122,0.85665809663352,72.27650294056124,
Lamb_education_Marc,patchtst_b900k,28,,,1879492696253.6487,
Lamb_education_Maritza,patchtst_b900k,28,0.5944485201748047,0.6950713321538001,67.15272185999555,
Lamb_education_Marty,patchtst_b900k,28,2.891060102211971,3.426632318830628,289.10601022119715,
Lamb_education_Maxwell,patchtst_b900k,28,0.7227650294056122,0.85665809663352,72.27650294056124,
Lamb_education_Mckenzie,patchtst_b900k,28,0.5146624202542798,0.6277782886571225,57.39162113366646,
Lamb_education_Moses,patchtst_b900k,28,0.7472023124451395,0.8608256704775692,100.91368448219298,
Lamb_education_Nathan,patchtst_b900k,28,0.963686699109126,1.1422107525479508,96.36866991091262,
Lamb_education_Nichol,patchtst_b900k,28,2.891060102211971,3.426632318830628,289.10601022119715,
Lamb_education_Norris,patchtst_b900k,28,0.8426618885122031,0.9692322884933928,134.49721770569175,
Lamb_education_Patsy,patchtst_b900k,28,0.963686699109126,1.1422107525479508,96.36866991091262,
Lamb_education_Phil,patchtst_b900k,28,1.445530061253521,1.7133161718539105,144.5530061253521,
Lamb_education_Philomena,patchtst_b900k,28,0.4584505214675779,0.539554807451965,48.589899349069846,
Lamb_education_Princess,patchtst_b900k,28,0.5782120263708445,0.6853264674496986,57.82120263708445,
Lamb_education_Randal,patchtst_b900k,28,0.735020581773558,0.8410132231397933,112.62205779806052,
Lamb_education_Rick,patchtst_b900k,28,0.963686699109126,1.1422107525479508,96.36866991091262,
Lamb_education_Robin,patchtst_b900k,28,0.5531020358142905,0.6715979928631471,64.250313694349,
Lamb_education_Rodrigo,patchtst_b900k,28,0.4985096107121793,0.5602937396655708,56.92096398212505,
Lamb_education_Ruben,patchtst_b900k,28,0.963686699109126,1.1422107525479508,96.36866991091262,
Lamb_education_Sabrina,patchtst_b900k,28,0.8785740203683093,1.0617784541665534,203.386073044,
Lamb_education_Salvador,patchtst_b900k,28,1.1535789083621937,1.3307567491891754,3379.1017086557126,
Lamb_education_Sara,patchtst_b900k,28,0.7271249750733054,0.8605754615355168,100.60621673723706,
Lamb_education_Stefan,patchtst_b900k,28,0.7227650294056122,0.85665809663352,72.27650294056124,
Lamb_education_Sunny,patchtst_b900k,28,0.9033113230712712,1.0717624135406876,156.98990490919192,
Lamb_education_Sylvester,patchtst_b900k,28,0.9273036392727884,1.056144613735052,152.76239393953054,
Lamb_education_Terina,patchtst_b900k,28,0.4539243798232739,0.5296547036295998,188.99269062551824,
Lamb_education_Traci,patchtst_b900k,28,0.975492082762634,1.264560784157974,937.2911143724408,
Lamb_education_Vaughn,patchtst_b900k,28,0.7162433715210432,0.8298191981116642,97.88211413472804,
Lamb_education_Wanda,patchtst_b900k,28,0.963686699109126,1.1422107525479508,96.36866991091262,
Lamb_education_Wilbert,patchtst_b900k,28,0.963686699109126,1.1422107525479508,96.36866991091262,
Lamb_education_Williams,patchtst_b900k,28,0.6346010703265995,0.7863272293121083,77.30301181814086,
Lamb_food_Sylvia,patchtst_b900k,28,0.0876078834672543,0.1038373428490376,8.760788346725432,
Lamb_health_Ken,patchtst_b900k,28,0.3503326125599726,0.4118913180266675,38.6789459762265,
Lamb_industrial_Carla,patchtst_b900k,28,0.7654551307967056,0.8507003670276062,141.3841472178748,
Lamb_industrial_Enrique,patchtst_b900k,28,0.5753529620518761,0.7712166141707381,57.22428325653471,
Lamb_industrial_Venessa,patchtst_b900k,28,0.2409216702928663,0.2855526788912573,24.09216702928663,
Lamb_industrial_Willard,patchtst_b900k,28,2.891060102211971,3.426632318830628,289.10601022119715,
Lamb_lodging_Burt,patchtst_b900k,28,1.445530061253521,1.7133161718539105,144.5530061253521,
Lamb_lodging_Harley,patchtst_b900k,28,0.7227650294056122,0.85665809663352,72.27650294056124,
Lamb_office_Bertha,patchtst_b900k,28,0.5440930004294743,0.7406838828090696,45.20738965254621,
Lamb_office_Caitlin,patchtst_b900k,28,0.8225401506682436,1.181416140552207,89.58259140873344,
Lamb_office_Callie,patchtst_b900k,28,0.4130085943311098,0.4895189155729673,41.30085943311098,
Lamb_office_Gerardo,patchtst_b900k,28,0.1606144536269345,0.1903684665190731,16.061445362693455,
Lamb_office_Jo,patchtst_b900k,28,1.445530061253521,1.7133161718539105,144.5530061253521,
Lamb_office_Maggie,patchtst_b900k,28,1.445530061253521,1.7133161718539105,144.5530061253521,
Lamb_office_Raymond,patchtst_b900k,28,0.7227650294056122,0.85665809663352,72.27650294056124,
Lamb_office_Stefani,patchtst_b900k,28,0.1156424093836298,0.1370652995968028,11.564240938362977,
Lamb_office_Vasiliki,patchtst_b900k,28,0.3564437758837219,0.4093119976854849,36.44191234973218,
Lamb_office_Velma,patchtst_b900k,28,0.290537589612251,0.35145265277806,30.413961641431808,
Lamb_office_William,patchtst_b900k,28,0.963686699109126,1.1422107525479508,96.36866991091262,
Lamb_other_Katharina,patchtst_b900k,28,0.1806912668883645,0.2141645360700957,18.06912668883645,
Lamb_other_Minerva,patchtst_b900k,28,0.6298216216115304,0.7987010830933503,3305.8020711445,
Lamb_public_Angeline,patchtst_b900k,28,0.1521610585694904,0.180349060820021,15.21610585694904,
Lamb_public_Grace,patchtst_b900k,28,0.7679453172834476,1.1051752738144438,69.72170799207467,
Lamb_public_Gracie,patchtst_b900k,28,0.963686699109126,1.1422107525479508,96.36866991091262,
Lamb_public_Nyla,patchtst_b900k,28,0.5782120263708445,0.6853264674496986,57.82120263708445,
Lamb_public_Vania,patchtst_b900k,28,0.3344097117689161,0.4776353133470886,76.97286621610392,
Lamb_warehouse_Allan,patchtst_b900k,28,0.8984037629796514,1.010093728984054,3304.547958071367,
Moose_education_Abbie,patchtst_b900k,28,0.1903488348115037,0.2130820085471815,18.659675002550703,
Moose_education_Clark,patchtst_b900k,28,0.3440242340665444,0.3791342127359298,36.6235020612988,
Moose_education_Florence,patchtst_b900k,28,0.4640408464546196,0.5232147286890634,52.75956492263728,
Moose_education_Gladys,patchtst_b900k,28,0.2554504285735396,0.2796240937464239,27.2466948519759,
Moose_education_Leland,patchtst_b900k,28,0.2664154636927862,0.2902783379744008,26.73550188582633,
Moose_education_Lori,patchtst_b900k,28,0.0493830906596462,0.0616527893205557,4.872987660446371,
Moose_education_Maria,patchtst_b900k,28,0.0126138488893643,0.0181344859609265,1.2834287168942695,
Moose_education_Marina,patchtst_b900k,28,0.2217307275880729,0.2506570199854662,22.22020521705824,
Moose_education_Marlon,patchtst_b900k,28,0.3139463857028916,0.3569021157737531,33.65177993514779,
Moose_education_Rene,patchtst_b900k,28,0.6258101927729302,0.6915822312867533,83.78896524152908,
Moose_education_Ricardo,patchtst_b900k,28,0.140772557348674,0.1685918290629264,13.882873373165502,
Mouse_health_Estela,patchtst_b900k,28,0.5737344251960889,0.7052804644424499,3287.675034210912,
Mouse_health_Ileana,patchtst_b900k,28,0.7466352520110394,0.851341348298333,3320.147434642216,
Mouse_health_Justin,patchtst_b900k,28,0.4982299242533126,0.6685920919124759,3270.079766073637,
Mouse_health_Modesto,patchtst_b900k,28,0.4495430979072642,0.6475958246076253,3290.3339128552057,
Mouse_lodging_Vicente,patchtst_b900k,28,0.6368879588996574,0.7480844506784736,3295.0488280440086,
Panther_assembly_Carrol,patchtst_b900k,28,0.5124031284343817,0.6731929452071677,84.080971477583,
Panther_assembly_David,patchtst_b900k,28,0.4871891959165972,0.7590899778102443,69.75971330242533,
Panther_assembly_Denice,patchtst_b900k,28,0.1792434002330741,0.2109327169278234,19.405712593826944,
Panther_assembly_Gwyneth,patchtst_b900k,28,0.1734982722928762,0.2585164664975307,16.67800847939492,
Panther_assembly_Pamella,patchtst_b900k,28,0.1806377824880339,0.2234172188428239,21.77650209343559,
Panther_education_Alecia,patchtst_b900k,28,0.2335185947268871,0.2549430105721205,24.99186786162024,
Panther_education_Annetta,patchtst_b900k,28,0.2251666117665517,0.2565813176885553,23.67410522543121,
Panther_education_Aurora,patchtst_b900k,28,0.357740466001377,0.3940620215378337,49.56927363951045,
Panther_education_Cleopatra,patchtst_b900k,28,0.4022240910027422,0.4540580502483578,57.74870959238909,
Panther_education_Diann,patchtst_b900k,28,0.4547717195932338,0.5087934369854639,80.99749796263893,
Panther_education_Edna,patchtst_b900k,28,0.2715948655209531,0.3062574414541721,28.985230332685557,
Panther_education_Emily,patchtst_b900k,28,0.2564364152665052,0.3001948205525819,27.97042216843928,
Panther_education_Enriqueta,patchtst_b900k,28,0.2841346998410311,0.3320413993793687,33.138542520102284,
Panther_education_Genevieve,patchtst_b900k,28,0.1006004551030009,0.1381278188570088,9.45402006471036,
Panther_education_Gina,patchtst_b900k,28,0.050846563276126,0.0642055425875073,4.953701061222436,
Panther_education_Hugh,patchtst_b900k,28,0.0434599526084925,0.0572179333914901,4.441165688773208,
Panther_education_Ivan,patchtst_b900k,28,0.1667678913306611,0.2064591115887386,16.358058618737292,
Panther_education_Janis,patchtst_b900k,28,0.3526829692128181,0.4120091430256666,41.266243508599175,
Panther_education_Jerome,patchtst_b900k,28,0.0617147174284258,0.0745996356903709,6.093862920874617,
Panther_education_Jonathan,patchtst_b900k,28,0.1624619313137129,0.1966632779868481,16.116918827332256,
Panther_education_Karri,patchtst_b900k,28,0.050928875429564,0.0684179404789294,5.18415349007724,
Panther_education_Mattie,patchtst_b900k,28,0.4862115293444739,0.5657639342733776,80.02561216430017,
Panther_education_Misty,patchtst_b900k,28,0.1356176841342286,0.2193474272384707,19.85794897727264,
Panther_education_Mohammad,patchtst_b900k,28,0.2208552683906629,0.2477177162398249,22.729555671885247,
Panther_education_Neal,patchtst_b900k,28,0.3671316907343999,0.4186653433166999,46.49718694507005,
Panther_education_Quintin,patchtst_b900k,28,0.1903917505879316,0.2251110630672845,19.64769174026416,
Panther_education_Rosalie,patchtst_b900k,28,0.163722377019904,0.2026213202624829,17.950064125318356,
Panther_education_Scarlett,patchtst_b900k,28,0.3480643061873123,0.4124931509806556,38.72971705084418,
Panther_education_Shelton,patchtst_b900k,28,0.1170934202954672,0.1539499090506991,11.006325691299828,
Panther_education_Sophia,patchtst_b900k,28,0.0420085935351373,0.0581268222172982,4.176664400737399,
Panther_education_Teofila,patchtst_b900k,28,0.181245348074666,0.2161639690664923,18.749988606766696,
Panther_education_Tina,patchtst_b900k,28,0.4683467923327062,0.5412904924533126,84.65111858544742,
Panther_education_Vincent,patchtst_b900k,28,0.3260220904647706,0.3736619099449625,40.56865028788132,
Panther_education_Violet,patchtst_b900k,28,0.0759316377565002,0.0934225890293464,7.694001426353532,
Panther_education_Zelda,patchtst_b900k,28,0.323741386066931,0.3604427033582015,41.67514435966024,
Panther_lodging_Alita,patchtst_b900k,28,0.177726968095149,0.2187629498917643,19.71244444809019,
Panther_lodging_Anastasia,patchtst_b900k,28,0.1436561570563812,0.1816146837906935,13.973740037689966,
Panther_lodging_Awilda,patchtst_b900k,28,0.0933661628139573,0.1126998698326225,9.165877758662525,
Panther_lodging_Blaine,patchtst_b900k,28,0.18838865615185,0.2357251052347625,23.06694047336426,
Panther_lodging_Cora,patchtst_b900k,28,0.1204500056604161,0.1408289796481772,12.472477751237742,
Panther_lodging_Cornelia,patchtst_b900k,28,0.2272583826814973,0.2726698507167718,27.52757626195234,
Panther_lodging_Dianna,patchtst_b900k,28,0.1388521965698754,0.1706774398331225,13.608889202227228,
Panther_lodging_Edison,patchtst_b900k,28,0.1830885406293054,0.2251424010202603,20.37473809703569,
Panther_lodging_Edmond,patchtst_b900k,28,0.2354598849441191,0.2782772822588327,27.89203855080379,
Panther_lodging_Else,patchtst_b900k,28,0.1596981778730904,0.2015631643394501,15.217868632959226,
Panther_lodging_Fausto,patchtst_b900k,28,0.131245678920543,0.1848150925344337,12.21702101962754,
Panther_lodging_Floyd,patchtst_b900k,28,0.1477189705297503,0.185316474878227,17.32535721223782,
Panther_lodging_Gale,patchtst_b900k,28,0.0937668134641083,0.1123419448315301,9.2478744265267,
Panther_lodging_Hattie,patchtst_b900k,28,0.1363108531935561,0.1713766041227192,15.654692015938537,
Panther_lodging_Jana,patchtst_b900k,28,0.1942666421436805,0.2433868546049783,24.41384804189787,
Panther_lodging_Janice,patchtst_b900k,28,0.1252466096038054,0.1571633597088948,12.244924150081182,
Panther_lodging_Jorge,patchtst_b900k,28,0.1626780983888747,0.1976363397616745,18.83911285522921,
Panther_lodging_Kaitlin,patchtst_b900k,28,0.2425580668554538,0.2852085549261673,29.285815752195514,
Panther_lodging_Kara,patchtst_b900k,28,0.115213275199631,0.1368387270040299,12.015156124676643,
Panther_lodging_Kirk,patchtst_b900k,28,0.1098897842356516,0.129791710307289,11.283630985599268,
Panther_lodging_Marisol,patchtst_b900k,28,0.1125072391019172,0.1323785320878371,11.436622724203238,
Panther_lodging_Myrtle,patchtst_b900k,28,0.121208869443,0.1508096636958694,12.690962299901914,
Panther_lodging_Russell,patchtst_b900k,28,0.1454504233554188,0.1961844755285466,13.230262330865362,
Panther_lodging_Sonja,patchtst_b900k,28,0.1588258720466455,0.2015761929452629,18.04019094729463,
Panther_lodging_Teresita,patchtst_b900k,28,0.1633371113653163,0.209293175915774,20.515856313560096,
Panther_lodging_Tracie,patchtst_b900k,28,0.2204235367363829,0.2643373367596748,26.77260277102445,
Panther_lodging_Willa,patchtst_b900k,28,0.0954581726505534,0.1270402196398501,9.066385922274394,
Panther_office_Antonette,patchtst_b900k,28,0.1448913788132407,0.1745082909751778,14.465831420205632,
Panther_office_Brent,patchtst_b900k,28,0.4361040100489807,0.5256589659964704,61.23728239645692,
Panther_office_Catherine,patchtst_b900k,28,0.3368051411455031,0.3845057634829304,43.84864117198005,
Panther_office_Christian,patchtst_b900k,28,0.2585760518691303,0.3310096899828728,28.058413990817005,
Panther_office_Christin,patchtst_b900k,28,0.0832200407596106,0.0976624691226315,8.867766370947985,
Panther_office_Clementine,patchtst_b900k,28,0.2051328432376458,0.252371962616028,19.887895923330003,
Panther_office_Danica,patchtst_b900k,28,0.3481033620195955,0.4246863064819507,39.72692102254016,
Panther_office_Garth,patchtst_b900k,28,0.1991433288209936,0.2434415002787346,23.859476363158453,
Panther_office_Graham,patchtst_b900k,28,0.2735654382511043,0.3247254712218106,29.437952588682943,
Panther_office_Hannah,patchtst_b900k,28,0.4757124021414196,0.5590488495050007,60.79662380077595,
Panther_office_Jeane,patchtst_b900k,28,0.332011567555202,0.3769202369814977,37.85800610447631,
Panther_office_Jesus,patchtst_b900k,28,0.3577083515612078,0.399678571497472,42.04818591531298,
Panther_office_Karla,patchtst_b900k,28,0.3988165802855278,0.4577636778434279,41.9487476147545,
Panther_office_Kristen,patchtst_b900k,28,0.153538869121999,0.2040671715254452,18.332593728621564,
Panther_office_Larry,patchtst_b900k,28,0.3669847850112864,0.4017410268407728,42.1054933481846,
Panther_office_Lauretta,patchtst_b900k,28,0.1090186932232845,0.1486155849390403,12.707416394757976,
Panther_office_Lavinia,patchtst_b900k,28,0.1573387048575172,0.2081584099132713,14.605139686443652,
Panther_office_Lois,patchtst_b900k,28,0.0743659300331793,0.0869953060076191,7.753069619041361,
Panther_office_Otto,patchtst_b900k,28,0.1887667666790072,0.2260963962130128,20.28408879590141,
Panther_office_Patti,patchtst_b900k,28,0.1641897295696282,0.2001933783554469,18.3349810929334,
Panther_office_Ruthie,patchtst_b900k,28,0.0506766128164931,0.0634680455798974,5.095151674879643,
Panther_office_Shauna,patchtst_b900k,28,0.3703132769866957,0.4069297813640721,41.08497309656305,
Panther_office_Taryn,patchtst_b900k,28,0.2103752247378916,0.2395520264332309,21.715506543172868,
Panther_office_Valarie,patchtst_b900k,28,0.1981618915367319,0.2527917578656312,18.989373023666616,
Panther_other_Bethel,patchtst_b900k,28,0.1957176395949814,0.2283282930557618,19.810028756690144,
Panther_other_Bettie,patchtst_b900k,28,0.0856266799649611,0.1037604493971399,8.591825541840011,
Panther_other_Lucina,patchtst_b900k,28,0.0789082157578342,0.0963218010589005,8.028100398815774,
Panther_other_Tyrone,patchtst_b900k,28,0.2655176737831254,0.3490031697206871,46.779035690439954,
Panther_parking_Adela,patchtst_b900k,28,0.2954189985683846,0.3130617032765879,34.29933941775359,
Panther_parking_Alaina,patchtst_b900k,28,0.310337155447207,0.3219101932780339,35.34833768369443,
Panther_parking_Asia,patchtst_b900k,28,0.3274290379213774,0.3385539228346194,38.3495524014415,
Panther_parking_Charlene,patchtst_b900k,28,0.2496483363531127,0.268885407037465,28.052702825755876,
Panther_parking_Jody,patchtst_b900k,28,0.5897381074889679,0.6470396627395072,1036.76171098879,
Panther_parking_Lorriane,patchtst_b900k,28,0.1303353735650457,0.179189953203973,14.22217869165602,
Panther_parking_Mellissa,patchtst_b900k,28,0.2246341418961561,0.2374096485903827,23.99518760187261,
Panther_parking_Stanley,patchtst_b900k,28,0.2171237874818775,0.2246433555040894,23.019611278757136,
Panther_retail_Felix,patchtst_b900k,28,0.3103067428815178,0.3660889618989886,41.42554095160346,
Panther_retail_Kristina,patchtst_b900k,28,0.4496610209216529,0.4968047779766256,53.0929284828572,
Panther_retail_Lester,patchtst_b900k,28,0.4984279054825125,0.569470827560513,79.05386719798338,
Panther_retail_Rachel,patchtst_b900k,28,0.5128966727794918,0.5855827124675047,63.65544991002371,
Panther_retail_Romeo,patchtst_b900k,28,0.088191237777874,0.1102099203889687,8.57449905767351,
Peacock_assembly_Dena,patchtst_b900k,28,0.2236584130406126,0.2489323666701131,23.527186793955384,
Peacock_assembly_Mamie,patchtst_b900k,28,0.1681697554953686,0.2373453088096449,23.82742770995744,
Peacock_assembly_Russ,patchtst_b900k,28,0.0796831886085053,0.0919185593222603,8.095482759274818,
Peacock_assembly_Socorro,patchtst_b900k,28,0.3529205616890283,0.4218180564047794,40.38101413373526,
Peacock_education_Anita,patchtst_b900k,28,0.3968550030014113,0.4410495508197228,46.60963425838748,
Peacock_education_Bianca,patchtst_b900k,28,0.1251450048678236,0.1688110550500595,15.313730827739056,
Peacock_education_Dustin,patchtst_b900k,28,0.2394504638304231,0.2806736802452412,26.184892144568828,
Peacock_education_Forest,patchtst_b900k,28,0.1460319551177962,0.1765599834105733,14.750617395082486,
Peacock_education_Gilberto,patchtst_b900k,28,0.0763668184706246,0.0940164652725625,7.592581025570462,
Peacock_education_Joshua,patchtst_b900k,28,0.0592122844597332,0.0695740102063375,5.873792443738855,
Peacock_education_Karl,patchtst_b900k,28,0.1624948830616474,0.1962199125501506,16.527614110939833,
Peacock_education_Karyn,patchtst_b900k,28,0.0295363132548239,0.037834889531119,2.963700504570078,
Peacock_education_Lucie,patchtst_b900k,28,0.0749050018881333,0.0954015420955717,7.544897116762413,
Peacock_education_Lyle,patchtst_b900k,28,0.1729511692656117,0.1990679983047965,18.099779363667995,
Peacock_education_Ophelia,patchtst_b900k,28,0.0362938570967713,0.0443572728805546,3.610524120666295,
Peacock_education_Pasquale,patchtst_b900k,28,0.0526797898774476,0.0650841646978907,5.2061616636199695,
Peacock_education_Patience,patchtst_b900k,28,0.2740153050765838,0.3137006294697089,28.59265354539649,
Peacock_education_Robbie,patchtst_b900k,28,0.2415206078171902,0.2948667968791157,27.233345952157016,
Peacock_education_Shelly,patchtst_b900k,28,0.059228773459932,0.0764358920437847,5.794864322176513,
Peacock_education_Weldon,patchtst_b900k,28,0.1024624124905279,0.1328157683505267,11.055659157208709,
Peacock_education_Yolanda,patchtst_b900k,28,0.1910120066434247,0.2191097385014233,19.814802445481025,
Peacock_lodging_Chloe,patchtst_b900k,28,0.2177547453183443,0.2677183904352421,24.173844549806592,
Peacock_lodging_Francesca,patchtst_b900k,28,0.1722139337907633,0.2085191106983115,18.43094904565069,
Peacock_lodging_Jamaal,patchtst_b900k,28,0.1709817263458235,0.2056997439309383,19.337604052803872,
Peacock_lodging_James,patchtst_b900k,28,0.1380726662008051,0.1666610885663495,14.28778045493676,
Peacock_lodging_Lou,patchtst_b900k,28,0.1218863377501749,0.1466077264496177,12.60457471324525,
Peacock_lodging_Mathew,patchtst_b900k,28,0.1379717799640831,0.1717714680059023,14.181531289214696,
Peacock_lodging_Matthew,patchtst_b900k,28,0.0922264711491418,0.111307800465979,9.585221528241847,
Peacock_lodging_Nova,patchtst_b900k,28,0.2328835917455448,0.2808773266974741,40.34381929802954,
Peacock_lodging_Sergio,patchtst_b900k,28,0.1653487326352019,0.2015732083490659,17.711516846597185,
Peacock_lodging_Terrie,patchtst_b900k,28,0.1818568596997369,0.2273988427932235,18.86193368370845,
Peacock_lodging_Wes,patchtst_b900k,28,0.1629711695192774,0.1986615885610741,18.040708771512985,
Peacock_office_Annie,patchtst_b900k,28,0.37957917758936,0.4335798550979043,41.79922902034216,
Peacock_office_Burl,patchtst_b900k,28,0.0840714747835447,0.1103706690517192,8.227779124944332,
Peacock_office_Dara,patchtst_b900k,28,0.3612953358376221,0.4089589485292228,51.626167344719406,
Peacock_office_Effie,patchtst_b900k,28,0.3019397479281451,0.3548154578619988,31.99698047147193,
Peacock_office_Elton,patchtst_b900k,28,0.1210487342755839,0.1394317513133251,12.092781773013373,
Peacock_office_Glenn,patchtst_b900k,28,0.3517311580705335,0.4084644469975746,43.44956160121097,
Peacock_office_Jonathon,patchtst_b900k,28,0.2181082268888247,0.2621900605512059,21.877582416322497,
Peacock_office_Julian,patchtst_b900k,28,0.3664181531689237,0.4176118886630536,42.1907719115578,
Peacock_office_Major,patchtst_b900k,28,0.0873161811088456,0.1003065548923927,8.708657469583416,
Peacock_office_Naomi,patchtst_b900k,28,0.1328449802536773,0.1617254466081365,15.081544504452053,
Peacock_office_Norman,patchtst_b900k,28,0.1972739260795264,0.2347634982855218,21.266820356218787,
Peacock_public_Kelvin,patchtst_b900k,28,0.2280511128198862,0.2737899818915566,26.203607484776043,
Rat_assembly_Adolfo,patchtst_b900k,28,0.3193070983530773,0.393160885902467,36.131369446421,
Rat_assembly_Aisha,patchtst_b900k,28,0.2095595450696477,0.2615881762906514,21.501246054708997,
Rat_assembly_Alex,patchtst_b900k,28,0.2489875073374537,0.30579801453325,29.448385123071297,
Rat_assembly_Archie,patchtst_b900k,28,0.2239269220295913,0.2809097949928443,21.9100046777248,
Rat_assembly_Aubrey,patchtst_b900k,28,0.99765242975851,1.309045363580205,162.9234425344431,
Rat_assembly_Cristina,patchtst_b900k,28,0.4206072392048482,0.4927856354311349,76.27123128672872,
Rat_assembly_Damaris,patchtst_b900k,28,0.2031289949723125,0.3517036835061458,16.544898094096887,
Rat_assembly_Deandre,patchtst_b900k,28,0.1716780520463338,0.2096518522461165,19.062209312290225,
Rat_assembly_Donny,patchtst_b900k,28,0.9189509357529606,1.1663296523554785,240.30642388323483,
Rat_assembly_Dovie,patchtst_b900k,28,0.3287675986762952,0.4036925343594471,51.55267833080092,
Rat_assembly_Erwin,patchtst_b900k,28,0.5943460618772524,0.6979227761388438,484.75923961957534,
Rat_assembly_Ezequiel,patchtst_b900k,28,0.5192403282845213,0.724289531598522,62.43064869653848,
Rat_assembly_Francine,patchtst_b900k,28,0.2415681058898728,0.2945347165971231,27.450200900899656,
Rat_assembly_Frieda,patchtst_b900k,28,0.2092358227608603,0.2577078541471052,24.14427567728412,
Rat_assembly_Gwen,patchtst_b900k,28,0.2930438101116427,0.3703288953831358,52.55841845189908,
Rat_assembly_Horace,patchtst_b900k,28,0.8309486601942898,1.0250547563400556,122.56119028313393,
Rat_assembly_Ida,patchtst_b900k,28,0.2260860638969764,0.2864260124284123,25.061738725511244,
Rat_assembly_Jamie,patchtst_b900k,28,0.5289163433935021,0.6712747771690096,73.69601485129184,
Rat_assembly_Jannie,patchtst_b900k,28,1.5920990927964331,2.298778195326156,3829.797484052198,
Rat_assembly_Jennie,patchtst_b900k,28,0.1495919509184158,0.1933995883805448,32.20540717585992,
Rat_assembly_Kaitlyn,patchtst_b900k,28,0.400211621451494,0.4583090349845198,49.86568065077226,
Rat_assembly_Kelley,patchtst_b900k,28,0.2726802594846543,0.3639315019226898,122.21927525453071,
Rat_assembly_Kenya,patchtst_b900k,28,0.1490947063777787,0.1886315328600132,15.14264734348204,
Rat_assembly_Kimberley,patchtst_b900k,28,0.1703234648032872,0.2067967858197035,18.6996477738386,
Rat_assembly_Kristine,patchtst_b900k,28,0.2215164717844316,0.2683205569096343,23.616579534659245,
Rat_assembly_Kristy,patchtst_b900k,28,0.8816838759503187,0.9848322032404137,126.07960171485064,
Rat_assembly_Lillie,patchtst_b900k,28,1.3225290374303456,1.770271106590489,395.3936208686691,
Rat_assembly_Michel,patchtst_b900k,28,0.1034764411384696,0.1294586580111503,10.558536793647043,
Rat_assembly_Mirta,patchtst_b900k,28,0.2552846655843903,0.3096688286787373,28.870754038364467,
Rat_assembly_Monica,patchtst_b900k,28,0.1942978248351668,0.2294778793963345,21.166240893704757,
Rat_assembly_Pauline,patchtst_b900k,28,0.5954784052606901,0.8560550819927085,287.12581304484416,
Rat_assembly_Rolland,patchtst_b900k,28,0.6364773741149723,0.8881455231747619,493.196013027275,
Rat_assembly_Rosemarie,patchtst_b900k,28,0.4666710099342496,0.562043763017215,53.49484024272542,
Rat_assembly_Ruth,patchtst_b900k,28,0.8805432517671721,0.9892361505986966,220.38744465408828,
Rat_assembly_Silvia,patchtst_b900k,28,0.3804297197583768,0.5975428626843206,34.59322202351115,
Rat_assembly_Suzanne,patchtst_b900k,28,0.4272410071152632,0.5027399481373969,51.52977471166837,
Rat_assembly_Teddy,patchtst_b900k,28,0.2068378099850583,0.2520071528700678,22.227686940923498,
Rat_assembly_Teodoro,patchtst_b900k,28,0.4682894662170653,0.5599303856154992,557.5708086151161,
Rat_assembly_Trent,patchtst_b900k,28,0.4949215680244596,0.5990251502657384,79.697694136921,
Rat_assembly_Trudy,patchtst_b900k,28,0.5382906198850652,0.6631678135800705,63.00248905580428,
Rat_assembly_Victorina,patchtst_b900k,28,0.6948868238952266,0.8427473524443588,597.8771020674843,
Rat_assembly_Viola,patchtst_b900k,28,0.5911306973881689,0.7134155914606832,69.8090139279949,
Rat_education_Adell,patchtst_b900k,28,0.3890796852561404,0.4617826175996601,45.13456018540186,
Rat_education_Adrian,patchtst_b900k,28,0.3656937682216713,0.4251657368399017,50.26266787125573,
Rat_education_Alfonso,patchtst_b900k,28,0.3204590115556492,0.393452125336799,42.07691678675717,
Rat_education_Alfred,patchtst_b900k,28,0.4515508922724031,0.4771336644209187,53.49038065997597,
Rat_education_Barbara,patchtst_b900k,28,0.882907958323325,0.9173874182783398,1980.6842176392677,
Rat_education_Barney,patchtst_b900k,28,0.2631179001277154,0.3214423093182575,28.94043792376345,
Rat_education_Beverly,patchtst_b900k,28,0.3062930076361047,0.3514332730789939,32.79463061716365,
Rat_education_Brett,patchtst_b900k,28,1.083085599608748,1.4768349095088638,151.4580784518642,
Rat_education_Bryant,patchtst_b900k,28,0.1873331889350346,0.2260116254850794,18.50463320390144,
Rat_education_Calvin,patchtst_b900k,28,0.0411855914817109,0.0587921734296989,4.117322427552525,
Rat_education_Candida,patchtst_b900k,28,0.2158821292983344,0.2586394949532122,22.913541705285063,
Rat_education_Carmela,patchtst_b900k,28,0.4384947340217902,0.4886438314543376,53.2452052715876,
Rat_education_Cecil,patchtst_b900k,28,0.1720747988131542,0.2089782021735922,19.706751800624097,
Rat_education_Cedric,patchtst_b900k,28,0.2801394264738334,0.3293560618146171,30.885772397932964,
Rat_education_Colin,patchtst_b900k,28,0.2852804584584404,0.3280874129495831,36.85928332388491,
Rat_education_Conrad,patchtst_b900k,28,0.6084935132249073,0.7213664564673326,101.81960993324029,
Rat_education_Dana,patchtst_b900k,28,0.2943222820636622,0.3510648675231987,32.725197311377855,
Rat_education_Dann,patchtst_b900k,28,0.2318949641651072,0.2787466365494542,26.437654728289328,
Rat_education_Davis,patchtst_b900k,28,0.3888834743348492,0.4568938988161391,41.64583190422481,
Rat_education_Deanna,patchtst_b900k,28,0.3400546288265984,0.4039844408742081,43.63550016016196,
Rat_education_Debra,patchtst_b900k,28,0.2850618649368244,0.3331148815304388,33.561408886576096,
Rat_education_Dreama,patchtst_b900k,28,0.0580303190771244,0.096838776227756,6.6218143267979,
Rat_education_Earl,patchtst_b900k,28,0.2548038188352139,0.3041602941717796,32.97560514756724,
Rat_education_Earnest,patchtst_b900k,28,0.3458536307627258,0.398366208588359,38.59332904719958,
Rat_education_Elisa,patchtst_b900k,28,0.5584730747674448,0.6486903483447176,78.2781548450178,
Rat_education_Elsie,patchtst_b900k,28,0.7616076475671981,0.8659050486022428,1918.263379023994,
Rat_education_Esther,patchtst_b900k,28,0.3017603108691273,0.3571110171221937,34.844612278927464,
Rat_education_Everett,patchtst_b900k,28,0.2908263921963566,0.335698118951332,32.05378609956537,
Rat_education_Fernando,patchtst_b900k,28,0.2799422766129684,0.3270754230455589,29.883087078958777,
Rat_education_Francisca,patchtst_b900k,28,0.18221673147254,0.223260998665579,17.844948766396293,
Rat_education_Gricelda,patchtst_b900k,28,0.3723401926204336,0.4359011383685147,65.32798123277158,
Rat_education_Guillermo,patchtst_b900k,28,0.2226386601738013,0.2677867171611547,25.55432053966856,
Rat_education_Humberto,patchtst_b900k,28,0.5853564917467579,0.8049307586134715,73.18897914988295,
Rat_education_Irma,patchtst_b900k,28,0.3349443637945434,0.3945546534125008,39.61502659845107,
Rat_education_Jacob,patchtst_b900k,28,0.1210254265103369,0.1535475113757023,13.317529617521773,
Rat_education_Jame,patchtst_b900k,28,0.1532350470257772,0.1893548955056799,15.459827896351788,
Rat_education_Jeanne,patchtst_b900k,28,0.254819455542133,0.3071185087265929,27.322498018818077,
Rat_education_Jena,patchtst_b900k,28,0.3356443897232455,0.3749572388346824,38.77526029206228,
Rat_education_Jesse,patchtst_b900k,28,0.1678819590085983,0.1996745294492034,17.71212976719527,
Rat_education_Kandice,patchtst_b900k,28,0.5719605412901941,0.7224385906161868,238.82202182717867,
Rat_education_Kathryn,patchtst_b900k,28,0.3887920294128651,0.42854570231127,53.14874271388463,
Rat_education_Keith,patchtst_b900k,28,0.2833153874159784,0.322776669880905,31.79067147702539,
Rat_education_Kelsey,patchtst_b900k,28,0.1832309027259659,0.2580582254642983,33.76702561237947,
Rat_education_Lee,patchtst_b900k,28,0.21294047344665,0.2526141487420572,23.84407591336027,
Rat_education_Leonardo,patchtst_b900k,28,0.5323973599305545,0.6488584583534324,110.97289633346644,
Rat_education_Lincoln,patchtst_b900k,28,0.3325293054125644,0.3946025682541625,38.046098108655336,
Rat_education_Liz,patchtst_b900k,28,0.3719230374377985,0.4396431578716198,46.98376393887328,
Rat_education_Lonnie,patchtst_b900k,28,0.4889948338483399,0.5680293434405945,64.2460681501546,
Rat_education_Lynn,patchtst_b900k,28,0.2612360153848825,0.3125826977569358,29.032082146023523,
Rat_education_Marcos,patchtst_b900k,28,0.1811957028982589,0.217095683728686,19.59500598469242,
Rat_education_Marianna,patchtst_b900k,28,0.4107895694754947,0.4722117272301837,48.03162414224168,
Rat_education_Maricela,patchtst_b900k,28,0.287606245312699,0.3677761334562705,41.24891358764828,
Rat_education_Marvin,patchtst_b900k,28,0.6542798318453317,0.766231783591734,114.3841318753958,
Rat_education_Meghan,patchtst_b900k,28,0.4244149345577028,0.4906769936197841,52.3743701723084,
Rat_education_Milagros,patchtst_b900k,28,0.3921076225462236,0.4440683000239286,50.624863104627984,
Rat_education_Mona,patchtst_b900k,28,0.3168398657238194,0.3655720659476239,37.53492417111188,
Rat_education_Morton,patchtst_b900k,28,0.2579803221212204,0.3053421266028293,30.024436477972383,
Rat_education_Mose,patchtst_b900k,28,0.4224191754846538,0.4713231333905553,49.13897336064173,
Rat_education_Nellie,patchtst_b900k,28,0.3231160067650348,0.3775059852133398,37.198160410842576,
Rat_education_Nona,patchtst_b900k,28,0.3836919998326126,0.4566089608912,53.569706425413614,
Rat_education_Nydia,patchtst_b900k,28,0.191050036310594,0.2274675006879153,20.20014355099008,
Rat_education_Pat,patchtst_b900k,28,0.0204167916726644,0.0259776373661112,2.0676386628114654,
Rat_education_Patty,patchtst_b900k,28,0.3736256734153582,0.4452992066596563,45.15684058455196,
Rat_education_Paula,patchtst_b900k,28,0.241054036287992,0.2848925639268105,26.12834260197741,
Rat_education_Renee,patchtst_b900k,28,0.2534355342753666,0.311979220953183,29.095909491010907,
Rat_education_Robyn,patchtst_b900k,28,0.2500133986955923,0.305991035864922,30.417589445102056,
Rat_education_Rogelio,patchtst_b900k,28,0.274269694697463,0.3298446324263265,33.68880116962988,
Rat_education_Rosalyn,patchtst_b900k,28,0.2758020263322368,0.3245485661357512,29.72607250546166,
Rat_education_Royal,patchtst_b900k,28,0.2256889310945116,0.2603297888731339,24.78545264959169,
Rat_education_Salvatore,patchtst_b900k,28,0.2679570054458964,0.3102662478723971,29.853932596588773,
Rat_education_Shellie,patchtst_b900k,28,0.2736512964978385,0.3156243645050687,30.703410551184163,
Rat_education_Sherwood,patchtst_b900k,28,0.3109432258417421,0.3616318917291086,35.16387553744493,
Rat_education_Sina,patchtst_b900k,28,0.2125604576857316,0.2556189958822369,24.695193487208307,
Rat_education_Stuart,patchtst_b900k,28,0.2735299442978127,0.3421690917704076,29.08166663651827,
Rat_education_Tania,patchtst_b900k,28,0.3561408565227881,0.4437655667107784,346.04257682899504,
Rat_education_Terese,patchtst_b900k,28,0.2539450075728408,0.2913457329555723,27.13135206495051,
Rat_education_Theo,patchtst_b900k,28,0.2132186458287692,0.2538438174419282,23.543463056395797,
Rat_education_Tim,patchtst_b900k,28,0.235118358666827,0.2784225245846944,25.463822775749072,
Rat_education_Tristan,patchtst_b900k,28,0.2470787473927423,0.3641955497643034,27.528841032946094,
Rat_education_Ulrike,patchtst_b900k,28,0.2745375821217496,0.3166330928268663,30.0900405882289,
Rat_education_Verna,patchtst_b900k,28,0.3027918906766093,0.3624683346621367,34.439700786778424,
Rat_education_Vicky,patchtst_b900k,28,0.3581830645257732,0.4599162865650172,714.2460517428552,
Rat_education_Willie,patchtst_b900k,28,0.4576324067444023,0.5192327963526745,63.85034494578012,
Rat_education_Willy,patchtst_b900k,28,0.2348426137955192,0.3093726511283437,23.59750329973583,
Rat_education_Wilmer,patchtst_b900k,28,0.3540523707475814,0.4141913225099526,43.423366338138216,
Rat_education_Winnie,patchtst_b900k,28,0.2346144723242686,0.2793458100470998,25.50126473351571,
Rat_education_Yu,patchtst_b900k,28,0.2379117208102361,0.2799845146769083,26.318255183177413,
Rat_education_Zina,patchtst_b900k,28,0.44224605008252,0.5272389360874551,51.91498096114927,
Rat_education_Zoe,patchtst_b900k,28,0.308797391269336,0.3638740937507801,36.24197092324644,
Rat_health_Gaye,patchtst_b900k,28,0.2130591869347596,0.2624194973471157,23.57007336066032,
Rat_health_Guy,patchtst_b900k,28,0.0893856924885997,0.1068668250050147,9.249781052040806,
Rat_health_Mildred,patchtst_b900k,28,0.2857687915036518,0.3401047076445306,30.978569090965248,
Rat_health_Rosaria,patchtst_b900k,28,0.4305366106427966,0.5115597411548845,54.46205257877169,
Rat_health_Shane,patchtst_b900k,28,0.1115149885853931,0.1375198688816972,11.961678606837197,
Rat_health_Tanya,patchtst_b900k,28,0.1530853090522915,0.1928652337190399,15.471488201731582,
Rat_lodging_Ardell,patchtst_b900k,28,0.2455623181696841,0.3009853864042596,28.114983110508906,
Rat_lodging_Ben,patchtst_b900k,28,0.2258966598764212,0.2795848310716325,27.97853618745116,
Rat_lodging_Christine,patchtst_b900k,28,0.3294661016311507,0.3806933745069281,39.58700491069177,
Rat_lodging_Dwight,patchtst_b900k,28,0.2414216988838282,0.3158839613946204,26.36968025792487,
Rat_lodging_Jeannette,patchtst_b900k,28,0.2926022869613685,0.3739458521010835,30.521456837449385,
Rat_lodging_Lorenzo,patchtst_b900k,28,0.5603839775384848,0.6930200299469302,366.6559595197892,
Rat_lodging_Marguerite,patchtst_b900k,28,0.2332633868364781,0.2934675522440593,26.580315979372894,
Rat_lodging_Marion,patchtst_b900k,28,0.1732808495558081,0.2184827939866183,17.666601344883194,
Rat_lodging_Ted,patchtst_b900k,28,0.6609111872346608,0.8322851766249294,340.0868484450833,
Rat_office_Adele,patchtst_b900k,28,0.1805669544813439,0.2245294972426345,20.125364340833627,
Rat_office_Annis,patchtst_b900k,28,0.2528433128998509,0.3025954163207692,28.09975607404483,
Rat_office_Arron,patchtst_b900k,28,0.3353917791745081,0.382862241882813,39.27034860912932,
Rat_office_Avis,patchtst_b900k,28,0.1313851220535751,0.1762629067498925,13.303368152882006,
Rat_office_Chris,patchtst_b900k,28,0.1882729855328423,0.2137890571608198,20.416114037777515,
Rat_office_Colby,patchtst_b900k,28,0.0910105540900312,0.1170572080025798,9.868176431724118,
Rat_office_Craig,patchtst_b900k,28,0.1572786856668963,0.1785022950726592,16.806398967132612,
Rat_office_Jacinta,patchtst_b900k,28,0.112075482694535,0.148942489595455,12.80373423434695,
Rat_office_Jamal,patchtst_b900k,28,0.4604807930179879,0.4865931526896508,54.32676721512448,
Rat_office_Jeannie,patchtst_b900k,28,0.3901462114315326,0.4610849321020554,52.2698192389348,
Rat_office_Jessica,patchtst_b900k,28,0.1496808580566511,0.174941084302261,15.345980980679547,
Rat_office_Jill,patchtst_b900k,28,0.5144246777839089,0.5595964909464515,68.61772116677895,
Rat_office_Kasey,patchtst_b900k,28,0.5624795751402178,0.6449716020467363,73.75453563369541,
Rat_office_Lora,patchtst_b900k,28,0.5511718681498082,0.6755048297350711,70.58078466665484,
Rat_office_Loyd,patchtst_b900k,28,0.3666237520169421,0.4222531935374769,45.83332892035399,
Rat_office_Mei,patchtst_b900k,28,0.3539585891556849,0.3951179377302277,42.11704300893299,
Rat_office_Olivia,patchtst_b900k,28,0.3731271335278732,0.4169760988219521,40.56670441498015,
Rat_office_Ramiro,patchtst_b900k,28,0.1012984407700237,0.1180466382787175,9.983368826384403,
Rat_office_Randy,patchtst_b900k,28,0.3765149623316258,0.4135950068318505,48.7916119880522,
Rat_office_Ronald,patchtst_b900k,28,0.3330861836801031,0.4152767726272583,64.58652415031492,
Rat_office_Rosemary,patchtst_b900k,28,0.2595893384358295,0.3235293602805431,30.695595412571773,
Rat_office_Sammy,patchtst_b900k,28,0.2922038029867937,0.3718841971730861,39.7062458473536,
Rat_office_Tracy,patchtst_b900k,28,0.2290863935066765,0.263991183122197,25.767412652935462,
Rat_other_Al,patchtst_b900k,28,0.1933653042723919,0.2427395123521046,20.425449380711022,
Rat_other_Daphne,patchtst_b900k,28,0.3073180727110927,0.4258231723243078,35.719372234771406,
Rat_other_Hazel,patchtst_b900k,28,0.0347254398837234,0.0410550690233357,3.5032234108435203,
Rat_other_Lan,patchtst_b900k,28,0.0799078333441522,0.1053346927181212,8.639210087145095,
Rat_parking_Ronnie,patchtst_b900k,28,0.376575090516262,0.4530724168172516,43.89027529548423,
Rat_public_Alanna,patchtst_b900k,28,0.2148968759526343,0.2529477522967229,25.882166210644392,
Rat_public_Allie,patchtst_b900k,28,0.2718787212518262,0.3151975907516312,32.80380149114337,
Rat_public_Allyson,patchtst_b900k,28,0.1967453579622924,0.236996388309519,21.667226361987076,
Rat_public_Amber,patchtst_b900k,28,0.4760845431532275,0.5855836148754403,78.32503519895582,
Rat_public_Angelina,patchtst_b900k,28,0.3023012111962895,0.3503610579606644,39.39544468850652,
Rat_public_Angle,patchtst_b900k,28,0.1319069102631334,0.1652449419385947,13.054227760319156,
Rat_public_Becky,patchtst_b900k,28,0.2530704868722009,0.2899040647336943,28.22420526924213,
Rat_public_Berry,patchtst_b900k,28,0.1770880895100489,0.2236081734913113,21.178677400559074,
Rat_public_Bronwyn,patchtst_b900k,28,0.1648103972498432,0.1940119651598348,17.636377397207642,
Rat_public_Carole,patchtst_b900k,28,0.3021773208763859,0.3422894127677608,34.26196207047344,
Rat_public_Caroline,patchtst_b900k,28,0.2602636195980904,0.3070481016070525,31.00144790786834,
Rat_public_Chrissy,patchtst_b900k,28,0.2237307135940785,0.2584500694743191,25.746956932425874,
Rat_public_Clyde,patchtst_b900k,28,0.1791892148293464,0.2231067987716516,19.616296730985876,
Rat_public_Corinne,patchtst_b900k,28,0.1894339288990709,0.2221267543281369,19.387699177470484,
Rat_public_Courtney,patchtst_b900k,28,0.3098372200580938,0.3687973003769192,37.94210133775074,
Rat_public_Dalia,patchtst_b900k,28,0.1014749881521126,0.1176834754270825,10.67418155459149,
Rat_public_Damon,patchtst_b900k,28,0.2147202354289175,0.256528439462222,26.490485676515576,
Rat_public_Deidre,patchtst_b900k,28,0.1838011070305096,0.2281457090025574,19.448665735313394,
Rat_public_Desiree,patchtst_b900k,28,0.2126541596409697,0.2557010717348529,24.135033745148583,
Rat_public_Dexter,patchtst_b900k,28,0.1723903667991962,0.2030696863758685,18.39991973522309,
Rat_public_Duane,patchtst_b900k,28,0.3233265026324751,0.423148149345271,81.18373149466804,
Rat_public_Elmira,patchtst_b900k,28,0.2966932492630754,0.3490674839154234,32.055855769530176,
Rat_public_Emilee,patchtst_b900k,28,0.3826529104792552,0.4389488237932423,51.65292531534147,
Rat_public_Faye,patchtst_b900k,28,0.2239685635146608,0.2759278465380222,26.64893937194137,
Rat_public_Fern,patchtst_b900k,28,0.2656219044194938,0.3205611459039839,34.642359911340094,
Rat_public_Frank,patchtst_b900k,28,0.1778553883178119,0.2143579674402485,17.58254654345894,
Rat_public_Frederick,patchtst_b900k,28,0.0968636487714925,0.1163521852596506,10.325287821431,
Rat_public_Fredrick,patchtst_b900k,28,1.1092872127205673,1.3403181224653549,234.4521748449529,
Rat_public_Grover,patchtst_b900k,28,0.1536784726551127,0.1841058462885365,16.635028464136077,
Rat_public_Helena,patchtst_b900k,28,0.2911499363500389,0.3525400649974529,34.88343285303421,
Rat_public_Hortencia,patchtst_b900k,28,0.3249262446033224,0.3701289520932703,40.39042438046617,
Rat_public_Isabel,patchtst_b900k,28,0.1626984019233222,0.1991999601925031,18.203840173135685,
Rat_public_Jason,patchtst_b900k,28,0.3822939720023596,0.5155349616078674,68.49599475399258,
Rat_public_Joann,patchtst_b900k,28,0.2046922893041756,0.2326937090506104,22.31821305039976,
Rat_public_Johnna,patchtst_b900k,28,0.0302402903581372,0.0505803258670903,3.024029035813728,
Rat_public_Johnny,patchtst_b900k,28,0.1024589438462381,0.1291380832950432,10.599461726860488,
Rat_public_Josiah,patchtst_b900k,28,0.3023597869092748,0.3553090063481759,31.715623679545512,
Rat_public_Julieann,patchtst_b900k,28,0.332668204149426,0.35250205285023,55.12347897781291,
Rat_public_Kathleen,patchtst_b900k,28,0.1637881524654442,0.1953802818913608,18.21961203101952,
Rat_public_Kelle,patchtst_b900k,28,0.3956273763877852,0.4943502220897779,38.566436209435565,
Rat_public_Kelly,patchtst_b900k,28,0.1872865521817853,0.2268848841314583,20.977297205704797,
Rat_public_Kermit,patchtst_b900k,28,0.4543401284353348,0.5536728895726721,52.271992029795285,
Rat_public_Kimber,patchtst_b900k,28,0.3322632829858012,0.4383167029951164,92.2807243470439,
Rat_public_Laura,patchtst_b900k,28,0.2325853006690931,0.2919231026432602,24.576716109424364,
Rat_public_Laurie,patchtst_b900k,28,0.2159743542218336,0.2615874119248215,21.510797905988458,
Rat_public_Laverne,patchtst_b900k,28,0.2787129246468822,0.3281191306944735,33.11493665900119,
Rat_public_Lea,patchtst_b900k,28,0.0876777471193365,0.1378704264304232,8.802514924565848,
Rat_public_Leo,patchtst_b900k,28,0.1856938903093999,0.2229037483972344,20.698791433587928,
Rat_public_Leta,patchtst_b900k,28,0.2134453638480832,0.2549984547040687,40.49877615939616,
Rat_public_Lloyd,patchtst_b900k,28,0.2042597665159232,0.2451804323604602,21.50761115687602,
Rat_public_Loretta,patchtst_b900k,28,0.1021161642511578,0.1412809341336282,11.76628342886999,
Rat_public_Lynda,patchtst_b900k,28,0.2447066470897845,0.2908684085383119,28.74274930994875,
Rat_public_Mabel,patchtst_b900k,28,0.1615451856598797,0.2086540698210243,18.27977557470307,
Rat_public_Marcellus,patchtst_b900k,28,0.2873959861144105,0.3441943829637014,32.72026348312216,
Rat_public_Margart,patchtst_b900k,28,0.2497579664249258,0.2979661375765215,29.424374337587988,
Rat_public_Mark,patchtst_b900k,28,0.2643166365410581,0.3155367878449089,35.21189017582213,
Rat_public_Michael,patchtst_b900k,28,0.2173533557225422,0.2439571587674806,24.02268753322806,
Rat_public_Michelle,patchtst_b900k,28,0.4986183351414631,0.590107647167169,53.9926232994415,
Rat_public_Muriel,patchtst_b900k,28,0.1376534725610979,0.1762084278441208,15.527393208924757,
Rat_public_Nancy,patchtst_b900k,28,0.1783605870034108,0.2123308464994981,19.56075167867593,
Rat_public_Neil,patchtst_b900k,28,0.25730061468375,0.3096478004833217,27.247994571037875,
Rat_public_Nell,patchtst_b900k,28,0.1631609299902886,0.1881476356441558,17.09887687838389,
Rat_public_Nelson,patchtst_b900k,28,0.1517694775697845,0.1891534027440557,16.850299611961162,
Rat_public_Norene,patchtst_b900k,28,0.0291557348762174,0.0425091479578748,2.9155734876217405,
Rat_public_Ramon,patchtst_b900k,28,0.3306604315835228,0.3969577278075041,40.71939706874252,
Rat_public_Ramona,patchtst_b900k,28,0.1985756863919786,0.2321993768279231,21.63868566772059,
Rat_public_Roberta,patchtst_b900k,28,0.2421119950931325,0.275000163346767,27.395798313080498,
Rat_public_Roma,patchtst_b900k,28,0.57798428619245,0.6805559654869591,120.61273802651118,
Rat_public_Sade,patchtst_b900k,28,0.2601692206933804,0.2987107232328808,28.60455803808674,
Rat_public_Sana,patchtst_b900k,28,0.1936787652374078,0.3234518978203629,765.7402031995306,
Rat_public_Sean,patchtst_b900k,28,0.2248554077145275,0.2979012450870879,26.086770995637387,
Rat_public_Shanta,patchtst_b900k,28,0.2924775836972206,0.338999762372074,34.49228714840154,
Rat_public_Sharonda,patchtst_b900k,28,0.2310701262254875,0.2867906948731857,23.531063285806056,
Rat_public_Sharron,patchtst_b900k,28,0.2193586374215647,0.2786144362567318,176.46258520964204,
Rat_public_Stacey,patchtst_b900k,28,0.3426024872005689,0.4029576332068741,42.69549977607666,
Rat_public_Stella,patchtst_b900k,28,0.0890207682813801,0.1077065345754993,9.162335204725384,
Rat_public_Sue,patchtst_b900k,28,0.3490260319512057,0.3743070325905171,41.19686044210543,
Rat_public_Tammara,patchtst_b900k,28,0.4301035673500582,0.5244673702631721,55.99882304999746,
Rat_public_Tamra,patchtst_b900k,28,0.1863928926871469,0.2160192884953529,20.34960371938277,
Rat_public_Tommy,patchtst_b900k,28,0.1839415331034362,0.2099861649417301,20.38438291938943,
Rat_public_Toya,patchtst_b900k,28,0.4671598923284469,0.561457764451278,57.54314775423899,
Rat_public_Tricia,patchtst_b900k,28,0.3035156459664805,0.4101137333975798,32.03254734703955,
Rat_public_Vickie,patchtst_b900k,28,0.1877998932544743,0.2230757314797891,20.897674302097485,
Rat_public_Wilbur,patchtst_b900k,28,0.2166307792784524,0.3158525942879447,52.41024240391005,
Rat_public_Wilma,patchtst_b900k,28,0.2562527778660564,0.3033880474188693,31.485900604746316,
Rat_public_Yessenia,patchtst_b900k,28,0.5246273051943342,0.586065185114889,98.28552905672429,
Rat_religion_Kathy,patchtst_b900k,28,0.398338108574334,0.4918323640656042,70.2177423922539,
Rat_retail_Jeffrey,patchtst_b900k,28,0.2969328470169106,0.3881632208124838,243.7807302537305,
Rat_warehouse_Breanna,patchtst_b900k,28,0.1203123369502374,0.153319218581498,12.91299850471271,
Rat_warehouse_Doretta,patchtst_b900k,28,0.1420060168128154,0.1660222185534087,14.598541423361644,
Rat_warehouse_Eloisa,patchtst_b900k,28,0.2818010118320933,0.3386764703874716,32.063405129134125,
Rat_warehouse_Maegan,patchtst_b900k,28,0.1399663212043106,0.185948155800086,16.11815964307105,
Rat_warehouse_Shari,patchtst_b900k,28,0.3153726461842104,0.387118376059051,47.41906475262128,
Robin_assembly_Colleen,patchtst_b900k,28,0.3177238994366491,0.3565661226991394,37.560110972530985,
Robin_education_Audrea,patchtst_b900k,28,0.19933801544441,0.2631970633058829,26.92884488476996,
Robin_education_Billi,patchtst_b900k,28,0.5022397278182321,0.5774896775614141,57.324861968023335,
Robin_education_Cecilia,patchtst_b900k,28,0.243075809176052,0.2994029761356923,25.825490004233387,
Robin_education_Della,patchtst_b900k,28,0.511138914113671,0.685826774199282,122.11333047385229,
Robin_education_Derick,patchtst_b900k,28,0.1331480506432139,0.1582423956155157,13.459998914292484,
Robin_education_Derrick,patchtst_b900k,28,0.1576840967111935,0.1863111122107991,15.315129218141168,
Robin_education_Jasper,patchtst_b900k,28,0.1075076269039468,0.1305927462875399,10.485504409088822,
Robin_education_Julius,patchtst_b900k,28,0.2572201881989027,0.3019580666095332,25.091032312335187,
Robin_education_Karyl,patchtst_b900k,28,0.2404484759654691,0.2779572162138117,24.561439392787367,
Robin_education_Kiera,patchtst_b900k,28,0.4114345421978097,0.4863918382487028,44.24022959794097,
Robin_education_Kristopher,patchtst_b900k,28,0.1610880776343632,0.1862677256895047,15.961209431192945,
Robin_education_Lashandra,patchtst_b900k,28,0.2414198995529193,0.2895125385999824,24.26503142984752,
Robin_education_Leslie,patchtst_b900k,28,0.1390581581199846,0.1652826128738415,13.641927226784263,
Robin_education_Lizbeth,patchtst_b900k,28,0.1079174212447363,0.1359856430235905,10.615509960227929,
Robin_education_Madeline,patchtst_b900k,28,0.1119764785455239,0.1328991455760768,10.936172060877878,
Robin_education_Margarito,patchtst_b900k,28,0.1095819427471421,0.1319537870813207,10.985387261597792,
Robin_education_Megan,patchtst_b900k,28,0.1361406036716709,0.1686011146267323,13.460092975588289,
Robin_education_Mercedes,patchtst_b900k,28,0.1583646592814313,0.2048817328155932,15.590365919034229,
Robin_education_So,patchtst_b900k,28,0.1135543613810491,0.1359180528591603,10.888747373640124,
Robin_education_Takako,patchtst_b900k,28,0.4810371188679431,0.7260951704925609,54.3442735696119,
Robin_education_Terrance,patchtst_b900k,28,0.1363865963887999,0.1605920869769453,13.287501533141937,
Robin_education_Zenia,patchtst_b900k,28,0.1718321582513917,0.188924938095408,17.211120534420708,
Robin_lodging_Armand,patchtst_b900k,28,0.1930209610931552,0.2358974430284474,19.62918644871185,
Robin_lodging_Celia,patchtst_b900k,28,0.3176355105700221,0.3801940979306244,36.15945742202016,
Robin_lodging_Donna,patchtst_b900k,28,0.2186131091291865,0.2651583026561379,23.223968464796403,
Robin_lodging_Dorthy,patchtst_b900k,28,0.2842570381936931,0.3525656371708352,32.091377680726374,
Robin_lodging_Elmer,patchtst_b900k,28,0.2407731572141371,0.2884289926689178,26.44883050515335,
Robin_lodging_Janie,patchtst_b900k,28,0.2276905815463132,0.2872858123583811,21.4419871262116,
Robin_lodging_Oliva,patchtst_b900k,28,0.2272460485367768,0.2692797333511254,24.531077477673254,
Robin_lodging_Phillip,patchtst_b900k,28,0.1935505268524204,0.2478990256011922,18.811481926826666,
Robin_lodging_Pricilla,patchtst_b900k,28,0.2127005027473577,0.2659144839225685,20.32996985025609,
Robin_lodging_Renea,patchtst_b900k,28,0.2177339062479296,0.2768009939128005,23.453845062327776,
Robin_office_Addie,patchtst_b900k,28,0.2424527922348392,0.2967262348391037,26.560740662365166,
Robin_office_Adolph,patchtst_b900k,28,0.2525551006462452,0.2990116777056769,25.69725227825396,
Robin_office_Antonina,patchtst_b900k,28,0.1506871389408909,0.1697706998788788,15.21808610494682,
Robin_office_Dina,patchtst_b900k,28,0.2741623803235024,0.326318863728267,27.098467670921085,
Robin_office_Donald,patchtst_b900k,28,0.1943122285534916,0.237297935209653,18.66062454019287,
Robin_office_Gayle,patchtst_b900k,28,0.3666233458097696,0.4308176300885465,37.58602177638068,
Robin_office_Lindsay,patchtst_b900k,28,0.2430150437134833,0.2998559355629794,23.366631096340782,
Robin_office_Maryann,patchtst_b900k,28,0.1728206905515199,0.1955198311705329,17.224459454210525,
Robin_office_Sammie,patchtst_b900k,28,0.2954827537566548,0.3462046979485879,31.045190841123567,
Robin_office_Saul,patchtst_b900k,28,0.2329549301229396,0.3301725142276782,60.40541128443151,
Robin_office_Serena,patchtst_b900k,28,0.2723851543438524,0.3378938662128334,26.38016564680096,
Robin_office_Shirlene,patchtst_b900k,28,0.2915022586314704,0.3405345787647007,29.967345759098148,
Robin_office_Soledad,patchtst_b900k,28,0.2785664790617222,0.3649556393066319,26.40861322968773,
Robin_office_Victor,patchtst_b900k,28,0.3634290696479199,0.4274802847840482,37.87280443142238,
Robin_office_Wai,patchtst_b900k,28,0.3565033244334341,0.3887813467035876,39.19083390301872,
Robin_office_Zelma,patchtst_b900k,28,0.303525250297456,0.3519532280113547,30.3652484601632,
Robin_public_Cami,patchtst_b900k,28,0.299282008028748,0.3395842960455182,33.04503702087765,
Robin_public_Carolina,patchtst_b900k,28,0.246285656082647,0.3011378863838986,29.924121032126514,
Swan_unknown_Allison,patchtst_b900k,28,0.5076906652722806,0.5862386993804647,70.83537410520681,
Swan_unknown_Andres,patchtst_b900k,28,0.2248546144502007,0.2444360112258987,23.77329478305433,
Swan_unknown_Bette,patchtst_b900k,28,0.3127748279532231,0.3659562848526031,47.40145789950577,
Swan_unknown_Christoper,patchtst_b900k,28,0.3274548533744831,0.3955746817426396,48.7554674076012,
Swan_unknown_Douglas,patchtst_b900k,28,0.112598028018489,0.1440648685885465,26.078202605092454,
Swan_unknown_Esteban,patchtst_b900k,28,0.2108092317578053,0.2481143003386396,36.86527460095289,
Swan_unknown_Fabian,patchtst_b900k,28,0.2434371761752566,0.2899402571862787,40.37999618852066,
Swan_unknown_Ike,patchtst_b900k,28,0.4648853107902419,0.5292132704875561,74.56102755717512,
Swan_unknown_Isaiah,patchtst_b900k,28,0.3557334216702073,0.4089090699961213,56.38047710897908,
Swan_unknown_Jan,patchtst_b900k,28,0.0808822039655974,0.1147594324966056,22.284863223296984,
Swan_unknown_Jerold,patchtst_b900k,28,0.0726364102917267,0.1088661829647775,20.97984696034236,
Swan_unknown_Noelia,patchtst_b900k,28,0.3584613668163045,0.426445501554595,55.522227268987336,
Swan_unknown_Raquel,patchtst_b900k,28,0.1583676027778126,0.1962625036657788,29.699940419019537,
Swan_unknown_Reyna,patchtst_b900k,28,0.3688683868096292,0.416478903009469,62.10620930503994,
Swan_unknown_Rocco,patchtst_b900k,28,0.0287036998376705,0.069148058447025,17.764568756284813,
Swan_unknown_Rudy,patchtst_b900k,28,0.0394891679489446,0.076809875790904,18.60033656586038,
Swan_unknown_Tom,patchtst_b900k,28,0.5592689097405928,0.6102095986771321,86.0357520768301,
Swan_unknown_Valeria,patchtst_b900k,28,0.0902502341738782,0.1214823889441954,23.69789895449941,
Swan_unknown_Wendy,patchtst_b900k,28,0.3007764789464206,0.3521827755070554,57.54880882767262,
Wolf_assembly_Elaine,patchtst_b900k,28,0.55783167114054,0.8254763492083916,68.32984530400117,
Wolf_assembly_Sallie,patchtst_b900k,28,0.32527127832512,0.3537783313513856,40.91408872306391,
Wolf_education_Anisa,patchtst_b900k,28,0.5189948542347758,0.6197061142638505,61.582409913969016,
Wolf_education_Arnulfo,patchtst_b900k,28,0.4099344914929257,0.4892043410975656,45.67990309861539,
Wolf_education_Bobby,patchtst_b900k,28,0.407590938007259,0.4690770148712773,47.30551848091952,
Wolf_education_Cheryl,patchtst_b900k,28,0.4540130180572799,0.5285628751018797,50.88244735676911,
Wolf_education_Clarissa,patchtst_b900k,28,0.2273707034127721,0.2788860190397746,22.161033160063,
Wolf_education_Cody,patchtst_b900k,28,0.8379342702080553,1.0803482654703185,140.25585475093908,
Wolf_education_Dolores,patchtst_b900k,28,0.5173151979466715,0.6285850844235549,190.3088478180545,
Wolf_education_Dorris,patchtst_b900k,28,0.138532193012789,0.1721442208951578,13.672110960742875,
Wolf_education_Eulalia,patchtst_b900k,28,0.6357197258017829,0.6918426480514221,96.65177146795452,
Wolf_education_Joaquin,patchtst_b900k,28,0.1304160288594179,0.1577951119931401,13.17047473585577,
Wolf_education_Josefa,patchtst_b900k,28,0.5718367835315964,0.656343816587316,70.13450265916542,
Wolf_education_Katie,patchtst_b900k,28,0.3715020047700242,0.4264713313656916,38.74285039883063,
Wolf_education_Laurinda,patchtst_b900k,28,0.47632399279754,0.5552546786459553,54.66653864347308,
Wolf_education_Loren,patchtst_b900k,28,0.3191804938401157,0.3751461392736205,31.984870728834515,
Wolf_education_Miguel,patchtst_b900k,28,0.4116065581922842,0.4815443468934486,44.04697549610373,
Wolf_education_Roderick,patchtst_b900k,28,0.3965244119569778,0.5216186304078564,102.33044829217978,
Wolf_education_Tammie,patchtst_b900k,28,0.245318464909444,0.293733626642178,24.30890684798424,
Wolf_education_Tori,patchtst_b900k,28,0.3264932292670677,0.3797905160380589,33.66632916497738,
Wolf_education_Ursula,patchtst_b900k,28,0.3549140774057395,0.4262544147032355,38.23257755947543,
Wolf_education_Vivian,patchtst_b900k,28,0.4200278583489446,0.4906564662319033,46.35032682301824,
Wolf_office_Bobbie,patchtst_b900k,28,0.3475055154472634,0.4139906041610602,35.40906045767832,
Wolf_office_Cary,patchtst_b900k,28,0.2555823734271868,0.2965959395748864,25.53600530724379,
Wolf_office_Darleen,patchtst_b900k,28,0.380838170213042,0.4388382897854564,39.32798152984654,
Wolf_office_Elisabeth,patchtst_b900k,28,0.0582092884286581,0.0790865642857581,5.705501625995592,
Wolf_office_Emanuel,patchtst_b900k,28,0.3606259404729924,0.4359434420873189,43.81146308065894,
Wolf_office_Haydee,patchtst_b900k,28,0.6481297721874754,0.7763927617336314,86.18499165483439,
Wolf_office_Joana,patchtst_b900k,28,0.2010601487842836,0.2784316561766073,25.23398795938891,
Wolf_office_Nadia,patchtst_b900k,28,0.2508883526097312,0.288016305167745,25.29904109031217,
Wolf_office_Rochelle,patchtst_b900k,28,0.5089287967960543,0.595276429554044,62.50524641553977,
Wolf_public_Norma,patchtst_b900k,28,0.4088304312080827,0.4808883403540563,48.93469659039364,
Wolf_retail_Harriett,patchtst_b900k,28,0.3739031188512176,0.4401428963373612,268.687377934073,
Wolf_retail_Marcella,patchtst_b900k,28,0.2990456740537411,0.3707756776398084,33.198765274533734,
Wolf_retail_Toshia,patchtst_b900k,28,0.6664345256831559,0.7410119712909977,89.54504053460333,
Wolf_science_Alfreda,patchtst_b900k,28,0.1016622741003396,0.1211362920346241,10.032407894735035,
Bear_assembly_Angel,snaive168,28,0.2644777458463916,0.3537089664300295,29.30155751623581,
Bear_assembly_Beatrice,snaive168,28,0.2448895630573748,0.354429538955307,61.88306803189102,
Bear_assembly_Danial,snaive168,28,0.1157850573658741,0.1598193601495271,11.821784217410602,
Bear_assembly_Genia,snaive168,28,0.1699360347082696,0.2598222079768451,16.227195529110887,
Bear_assembly_Harry,snaive168,28,0.3016654749241682,0.499884508849031,28.236728894140985,
Bear_assembly_Jose,snaive168,28,0.1211382987873121,0.1868740443454798,11.474248074599622,
Bear_assembly_Roxy,snaive168,28,0.3866556990347347,0.6102274561016543,39.003040542959305,
Bear_assembly_Ruby,snaive168,28,0.0514703731768531,0.0748839861352112,4.9852732934044255,
Bear_education_Alvaro,snaive168,28,0.0922276579751233,0.1462471792260327,9.08558123133466,
Bear_education_Augusta,snaive168,28,0.0681544936986234,0.1356055445438429,7.284135911695938,
Bear_education_Austin,snaive168,28,0.1329267311685853,0.2444868951926489,10.988416409756796,
Bear_education_Babara,snaive168,28,0.1035330232992696,0.1437571031039175,9.894852834854168,
Bear_education_Benita,snaive168,28,0.0542998196293742,0.0740661068334884,5.304471383425715,
Bear_education_Bob,snaive168,28,0.0523310324240494,0.0709670661023664,5.571499110019432,
Bear_education_Bulah,snaive168,28,0.0849911892692787,0.1194916024891008,8.338248362291594,
Bear_education_Carlo,snaive168,28,0.2184635273012717,0.3347072794486871,22.853587100931676,
Bear_education_Chad,snaive168,28,0.0600546505372441,0.0863745019326986,6.212237862715388,
Bear_education_Chana,snaive168,28,0.0750611265763172,0.1148192655575627,7.341203885135708,
Bear_education_Chun,snaive168,28,0.2871511645964104,0.3801445579477664,31.688278880889424,
Bear_education_Clint,snaive168,28,0.0771046160954086,0.0992559155304681,7.722949415550263,
Bear_education_Curtis,snaive168,28,0.0812533494773585,0.1260686708305141,7.680336827531173,
Bear_education_Danna,snaive168,28,0.0962098563619448,0.1362253596555566,9.732171060029,
Bear_education_Darrell,snaive168,28,0.239856961560397,0.4409882477752401,22.454559122316123,
Bear_education_Deena,snaive168,28,0.166655791346667,0.2436477201594011,17.32759742976749,
Bear_education_Derek,snaive168,28,0.0569719511532775,0.0782244454279537,5.549014252091603,
Bear_education_Destiny,snaive168,28,0.1699435954526834,0.2420797596533374,16.881134840974433,
Bear_education_Elise,snaive168,28,0.179805538668012,0.2307234449583517,18.744530987035176,
Bear_education_Fannie,snaive168,28,0.1697859713752895,0.2154921746486839,17.045721915520065,
Bear_education_Gavin,snaive168,28,0.0434680851173172,0.0555198110716862,4.4190239697486815,
Bear_education_Herb,snaive168,28,0.1283527762748244,0.2140369200829596,11.551340905165498,
Bear_education_Irene,snaive168,28,0.2217673456757333,0.4754844453752072,17.532485885787153,
Bear_education_Iris,snaive168,28,0.0506223329870628,0.0699616840896016,5.343947455603767,
Bear_education_Katy,snaive168,28,0.1687178317290293,0.2481544537437265,15.848134098994718,
Bear_education_Lashanda,snaive168,28,0.114427558784348,0.2042879139320462,11.414901074116782,
Bear_education_Laurette,snaive168,28,0.0383639659017566,0.0544130539180059,3.745694352691306,
Bear_education_Leonel,snaive168,28,0.1867130690082271,0.3375826015864264,16.519765158844702,
Bear_education_Lewis,snaive168,28,0.0974873752185733,0.1361426677654617,11.112198894359675,
Bear_education_Lidia,snaive168,28,0.1274759758864869,0.1944628819639893,12.74346825025814,
Bear_education_Lila,snaive168,28,0.0451931199988984,0.0656030125945046,4.495937148927263,
Bear_education_Liliana,snaive168,28,0.1241507716195081,0.163649877594813,12.895535002553371,
Bear_education_Lorie,snaive168,28,0.0982463310308211,0.1462362185194491,9.34024358114944,
Bear_education_Mara,snaive168,28,0.0250943835930824,0.0368232008265041,2.4323302173192616,
Bear_education_Marie,snaive168,28,0.0471423302562685,0.0671957621919948,5.034949775830127,
Bear_education_Marsha,snaive168,28,0.0421947005014803,0.0559722123804192,4.134876941125096,
Bear_education_Marta,snaive168,28,0.1204219722868704,0.186008689939304,13.13903038894613,
Bear_education_Maryjane,snaive168,28,0.1686701065519806,0.2319986651532621,17.92571110776981,
Bear_education_Merrill,snaive168,28,0.1736758976407891,0.2884006932435438,15.312524392752586,
Bear_education_Nanette,snaive168,28,0.2045828588347286,0.3379637704018164,17.59941558077533,
Bear_education_Oscar,snaive168,28,0.1623226004925466,0.2542332082118909,15.071601231428833,
Bear_education_Owen,snaive168,28,0.0252321042238493,0.0384972184896996,2.6699112725546765,
Bear_education_Paola,snaive168,28,0.1250768359425856,0.1791972107168288,11.645420428450835,
Bear_education_Patricia,snaive168,28,0.0400544551482159,0.0611808650845516,3.896930205767041,
Bear_education_Pattie,snaive168,28,0.0840998759872336,0.111874150602129,8.241585283418603,
Bear_education_Rebecca,snaive168,28,0.0666094324962779,0.0933919607016734,6.481210073879248,
Bear_education_Sandy,snaive168,28,0.1003537200333592,0.1367176135704944,9.794916976419712,
Bear_education_Santos,snaive168,28,0.2267266810773116,0.4581000242226453,26.20803696104968,
Bear_education_Sharon,snaive168,28,0.0354260658808286,0.0449516471447892,3.4660813147833327,
Bear_education_Shelley,snaive168,28,0.0586970301191939,0.09324547816027,5.885661650932624,
Bear_education_Tara,snaive168,28,0.2007398524382112,0.2915642735294505,23.64726374659101,
Bear_education_Thuy,snaive168,28,0.1160109774171267,0.1701286629872147,10.688581322495407,
Bear_education_Val,snaive168,28,0.0279535786733508,0.0352048779827978,2.789080517092235,
Bear_education_Wade,snaive168,28,0.2943450684307825,0.5151760990311756,29.28423676622305,
Bear_education_Wilton,snaive168,28,0.098294568531738,0.1260043591483052,9.585691550645718,
Bear_education_Wm,snaive168,28,0.0430534038968848,0.0555454215201882,4.347177730830222,
Bear_education_Yuri,snaive168,28,0.1082957613403877,0.1987661431168354,12.43437857988216,
Bear_education_Yvette,snaive168,28,0.1610315491196445,0.2312842433177986,16.079200215342787,
Bear_education_Zandra,snaive168,28,0.0176917088428912,0.0256704747392609,1.7500987344775665,
Bear_lodging_Dannie,snaive168,28,0.1596880319880808,0.2249124277938438,15.607356204564343,
Bear_lodging_Erick,snaive168,28,0.117593803418534,0.158486610223234,11.58816031536417,
Bear_lodging_Esperanza,snaive168,28,0.1164728495383542,0.1589188224416433,11.254216187910323,
Bear_lodging_Evan,snaive168,28,0.0684405632701551,0.1218232109459984,6.453807297335115,
Bear_parking_Bridget,snaive168,28,0.2105941968742962,0.2965782053578935,21.004354929596587,
Bear_parking_Bruce,snaive168,28,0.0553122003898323,0.0790423643001585,5.472708172398041,
Bear_public_Arlean,snaive168,28,0.2642284043485213,0.3730654397548633,25.61981037376387,
Bear_public_Jocelyn,snaive168,28,0.0718609377552355,0.0924351709127875,7.116627674942971,
Bear_public_Lowell,snaive168,28,0.0682618697515673,0.0967957628572792,6.81429695022487,
Bear_public_Orville,snaive168,28,0.1461474243340491,0.2649270396989814,10.920404160733902,
Bear_public_Rayna,snaive168,28,0.0391780613905133,0.0508314979677648,5.1956658147029575,
Bear_public_Valorie,snaive168,28,0.1102460735920022,0.1440039110977072,11.84791319135932,
Bear_science_Alison,snaive168,28,0.0512662922632002,0.0647093034868255,5.07328622034087,
Bear_science_Eleanor,snaive168,28,0.1888531118741559,0.2492307852370576,19.088555088316703,
Bear_utility_Sidney,snaive168,28,0.0384543275258346,0.0566457524682387,3.788125204359236,
Bobcat_assembly_Adam,snaive168,28,0.1706202843249306,0.2930244753567161,16.241965025307646,
Bobcat_assembly_Billy,snaive168,28,0.1388542393611208,0.2117836515509266,14.016465957856449,
Bobcat_assembly_Camilla,snaive168,28,0.3863549098891006,0.5410154468334648,69.0105021230186,
Bobcat_assembly_Franklin,snaive168,28,0.2870670739982559,0.4860648133292436,29.353720245781307,
Bobcat_education_Alissa,snaive168,28,0.0956963456733086,0.1470509640965991,8.92709763735441,
Bobcat_education_Angela,snaive168,28,0.0998583196897962,0.1409983202901001,10.162507273454976,
Bobcat_education_Coleman,snaive168,28,0.0945979192388454,0.1417641117895288,8.928599710514613,
Bobcat_education_Dylan,snaive168,28,0.092468852300757,0.1267789044164127,9.431317692535126,
Bobcat_education_Hollis,snaive168,28,0.061065905498155,0.0824880693909696,6.149060051517397,
Bobcat_education_Jayne,snaive168,28,0.1103524951541311,0.1906953483158737,10.27757257618201,
Bobcat_education_Marisha,snaive168,28,0.1488530735289492,0.2149896425561698,15.77538846482917,
Bobcat_education_Monte,snaive168,28,0.214036702243667,0.3973879219127504,30.621510263888585,
Bobcat_education_Rosalva,snaive168,28,0.0581113215864611,0.0916713788558139,5.605408218738694,
Bobcat_education_Toni,snaive168,28,0.1081528018170734,0.1607901408091519,10.379282377093112,
Bobcat_education_Whitney,snaive168,28,0.2694200850441351,0.4958771929302422,48.0134025087352,
Bobcat_lodging_Darin,snaive168,28,0.082607485415386,0.1185461754800503,8.168215288236642,
Bobcat_lodging_Melaine,snaive168,28,0.0828519470045124,0.1114101776696666,8.355049786359722,
Bobcat_lodging_Nickolas,snaive168,28,0.094397705494534,0.1258944667500904,9.58091658706812,
Bobcat_office_Alma,snaive168,28,0.3170414486518366,0.4230838303502228,235.18889655649397,
Bobcat_office_Justine,snaive168,28,0.2153821088745524,0.3238393511557491,25.889937998593087,
Bobcat_office_Kassandra,snaive168,28,0.102316712382624,0.1329098928526702,11.014854431891107,
Bobcat_office_Melody,snaive168,28,0.0901671565137202,0.1240755515040668,8.924907793071789,
Bobcat_office_Nikita,snaive168,28,0.1006778889459798,0.183362208625366,9.031306154845907,
Bobcat_other_Howard,snaive168,28,1.4997953974468452,4.700915007879991,365.5390253949759,
Bobcat_other_Jovita,snaive168,28,0.8904819924172771,1.2583605101701891,909.3505830999272,
Bobcat_other_Timothy,snaive168,28,0.1986618415426051,0.2599632309870975,27.025653200369977,
Bull_assembly_Amalia,snaive168,28,0.131253170319308,0.2852093131586509,12.472174500658037,
Bull_assembly_Beau,snaive168,28,0.2384052319856915,0.3257595383006773,23.70218020475921,
Bull_assembly_Brandon,snaive168,28,0.1192683076545331,0.1504144541036479,12.216277632399803,
Bull_assembly_Daryl,snaive168,28,0.4417572325118628,1.127017600926128,41.64135484977412,
Bull_assembly_Dorethea,snaive168,28,0.0799101945784134,0.2042117211288452,8.626665822444982,
Bull_assembly_Freddie,snaive168,28,0.2844315755608201,0.3877091808863542,28.85348444430937,
Bull_assembly_Gerri,snaive168,28,0.0494267747740461,0.0890637429626773,6.0065809179409015,
Bull_assembly_Gigi,snaive168,28,0.2008575197889182,0.3962568767681622,17.957114544964174,
Bull_assembly_Goldie,snaive168,28,0.0922010028806145,0.1233232017572725,9.237742833608468,
Bull_assembly_Katia,snaive168,28,0.2443376068376068,0.5880761334982653,22.43798852303856,
Bull_assembly_Lance,snaive168,28,0.0467958280819979,0.0654920447064009,4.599168391948209,
Bull_assembly_Lesa,snaive168,28,0.1494473810667948,0.2083054126392344,15.403147117560678,
Bull_assembly_Maren,snaive168,28,1.5429010024576884,3.1053664482982377,7057.124919893247,
Bull_assembly_Nathanial,snaive168,28,0.0360954200152886,0.0492080877228087,3.864113698703792,
Bull_assembly_Newton,snaive168,28,0.4533279220779221,0.6101089089298795,429.0055529787673,
Bull_assembly_Nick,snaive168,28,0.093112837408077,0.1471740263344287,9.73444751955382,
Bull_assembly_Vanessa,snaive168,28,0.050364885168491,0.1126090320456633,5.30638964551747,
Bull_education_Annette,snaive168,28,0.0243283100201572,0.0303756624404583,2.411646283957068,
Bull_education_Antonia,snaive168,28,0.2309099908081736,0.4462549594034923,21.77021223662218,
Bull_education_Arthur,snaive168,28,0.0323091496264003,0.0595969275175987,3.2682022621080784,
Bull_education_Barry,snaive168,28,0.0096367854584474,0.0145192263811908,0.9563916222522144,
Bull_education_Bernice,snaive168,28,0.9197844688697148,1.8369210921664156,25.085286428297863,
Bull_education_Brady,snaive168,28,0.0610036636278435,0.07918876545924,7.096122088588228,
Bull_education_Brain,snaive168,28,0.0274400166910077,0.0342822409414565,2.7645230562122403,
Bull_education_Brandi,snaive168,28,0.1048410197651102,0.1394165554214144,10.616815339311572,
Bull_education_Brenda,snaive168,28,0.0628145461548969,0.0771893167483732,6.4652111151702325,
Bull_education_Bryon,snaive168,28,0.041805880387571,0.0548530609032927,4.537615526331679,
Bull_education_Carl,snaive168,28,0.0189302323462829,0.02827295247332,1.891254464218952,
Bull_education_Clarice,snaive168,28,0.0494268343620921,0.0699138720172303,4.881466037018082,
Bull_education_Clarita,snaive168,28,0.0220031905673096,0.0269719620968586,2.198850282031381,
Bull_education_Dakota,snaive168,28,0.0655819400493359,0.0816477497440931,7.99207773735645,
Bull_education_Dan,snaive168,28,0.0401778055057318,0.0531768902292309,4.012254371402543,
Bull_education_Dania,snaive168,28,0.0378734063633304,0.0487205497125154,3.928017309816688,
Bull_education_Delia,snaive168,28,0.0373430166736183,0.0469022070679776,3.7446367307218864,
Bull_education_Dora,snaive168,28,0.0601565567334118,0.0942078740422085,6.403498324510158,
Bull_education_Dottie,snaive168,28,0.04325602988293,0.1190965476704066,19.55042396107029,
Bull_education_Elva,snaive168,28,0.0345349130325182,0.0518177680391966,3.340918181322724,
Bull_education_Fabiola,snaive168,28,0.0614639666118034,0.1021028994154929,6.934156233616286,
Bull_education_Geneva,snaive168,28,0.1598940397350993,0.3046848310610031,14.159348508971831,
Bull_education_Genie,snaive168,28,0.0333237160992498,0.0496673515558024,3.227296424803866,
Bull_education_Gregory,snaive168,28,0.059925402353329,0.0924638766002075,6.181156732998751,
Bull_education_Hayley,snaive168,28,0.0357196747422248,0.0432316721039735,3.6008993524897983,
Bull_education_Jae,snaive168,28,0.0265387526931811,0.0377241501955759,2.7461843462075586,
Bull_education_Jeffery,snaive168,28,0.0331510939407083,0.1920297441215427,3.308347941280339,
Bull_education_Joseph,snaive168,28,0.0398288257510697,0.0505112823882072,4.4296325520454,
Bull_education_Juan,snaive168,28,0.0572108519752498,0.0978612317589591,5.43355293241608,
Bull_education_Kendra,snaive168,28,0.0375988620199146,0.0729319921862736,3.876688655230398,
Bull_education_Krista,snaive168,28,0.0434549213655135,0.053948842039752,4.482963113020142,
Bull_education_Kristal,snaive168,28,0.013974854755723,0.0177421550684573,1.3923830078072246,
Bull_education_Lenny,snaive168,28,0.120168404170008,0.2128006365023873,11.586819817549886,
Bull_education_Linnie,snaive168,28,0.0421089929841967,0.0567510442840234,4.567445155060236,
Bull_education_Luke,snaive168,28,0.0572806825013598,0.0726622428049374,5.993512208175097,
Bull_education_Lydia,snaive168,28,0.0401983846483655,0.0724605992685511,3.849496419159964,
Bull_education_Lyn,snaive168,28,0.0746726436239235,0.1107034016753443,7.59435463074942,
Bull_education_Magaret,snaive168,28,0.1431625835189309,0.1993140644291925,17.10244088370522,
Bull_education_Mario,snaive168,28,0.057914247744282,0.0906703529430485,7.325599633776456,
Bull_education_Matilda,snaive168,28,0.1147010585954972,0.1453576349657655,11.717386674731069,
Bull_education_Mervin,snaive168,28,0.063196682847274,0.0842362848507394,6.2021713090453074,
Bull_education_Miquel,snaive168,28,0.0239720581553839,0.0317287849463457,2.3317752873713866,
Bull_education_Miranda,snaive168,28,0.0706848086962206,0.1002326695493859,6.896432166176059,
Bull_education_Myra,snaive168,28,0.0963862305384944,0.1217524130486416,10.939397825148584,
Bull_education_Nichole,snaive168,28,0.0254947110887241,0.0349271654306749,2.63876267883943,
Bull_education_Nina,snaive168,28,0.0380490822850072,0.0495023786718255,3.825260117662884,
Bull_education_Nolan,snaive168,28,0.0345341665645549,0.0430841357708394,3.6228992201733488,
Bull_education_Olive,snaive168,28,0.0690493776008358,0.0940038547646805,7.17760323910257,
Bull_education_Pablo,snaive168,28,0.0459683237709142,0.06153587749588,4.813274957327553,
Bull_education_Pamela,snaive168,28,0.0257885609711267,0.0514728844566536,2.684796540225047,
Bull_education_Patrina,snaive168,28,0.2037167891464104,0.2726974581567076,20.513133225383932,
Bull_education_Racheal,snaive168,28,0.0211050164351769,0.0320827981530108,2.042906752700989,
Bull_education_Reina,snaive168,28,0.0436717392363535,0.0592550813149804,4.546992017773518,
Bull_education_Reynaldo,snaive168,28,0.0827299275913109,0.1062450382813754,8.144868785397767,
Bull_education_Roland,snaive168,28,0.056355250988498,0.0787336372604134,6.492255354248214,
Bull_education_Roseann,snaive168,28,0.0216796740896711,0.0276985755543865,2.184347404983925,
Bull_education_Sebastian,snaive168,28,0.0436293855679061,0.0572079118090037,4.601359892098509,
Bull_education_Shona,snaive168,28,0.0173016059078654,0.0249163368419314,1.7204423476260704,
Bull_education_Stewart,snaive168,28,0.0610836449419027,0.0789448914186759,6.033143596165953,
Bull_education_Summer,snaive168,28,0.0654164658458572,0.0858507351245565,6.938778523464216,
Bull_education_Tracey,snaive168,28,0.0376845343826756,0.064113986752474,3.957177978359813,
Bull_education_Venita,snaive168,28,0.0518858007820712,0.0661573059200286,5.221097971893108,
Bull_education_Violeta,snaive168,28,0.1363591790992505,0.4060763644959995,13.326272957611824,
Bull_lodging_Abby,snaive168,28,0.1341044246821976,0.2234795268165138,12.3357423048843,
Bull_lodging_Allen,snaive168,28,0.4286544999105386,0.5739786447865254,60.7349812705588,
Bull_lodging_Anibal,snaive168,28,0.1349327025961592,0.1859376083012014,13.018153405911365,
Bull_lodging_Caren,snaive168,28,0.0599968322686236,0.0781727988508727,5.833789579009925,
Bull_lodging_Carie,snaive168,28,0.0685304367734221,0.0892648925312639,6.817796084378481,
Bull_lodging_Charlotte,snaive168,28,0.3734059268462016,0.4928850971586281,48.039676920032434,
Bull_lodging_Danielle,snaive168,28,0.810875553958558,1.916822506399145,2430.5989163291515,
Bull_lodging_Dave,snaive168,28,0.0268223086900129,0.034841856799631,2.715461319776268,
Bull_lodging_Elena,snaive168,28,0.2213638236505974,0.3183895833147557,20.776945814285707,
Bull_lodging_Graciela,snaive168,28,0.1264488321975654,0.1959169412917399,12.365337681585991,
Bull_lodging_Hugo,snaive168,28,0.0825030353254061,0.1047449846852897,8.319188689134302,
Bull_lodging_Jeremiah,snaive168,28,0.0515397361681981,0.0654261864878402,5.373207557037513,
Bull_lodging_Leonard,snaive168,28,0.1171600082798592,0.1515140942470365,11.640172768520353,
Bull_lodging_Lettie,snaive168,28,0.0813850479528559,0.1073469958545562,8.147584805470464,
Bull_lodging_Melissa,snaive168,28,0.0466822560229978,0.070863148840436,4.631869348317336,
Bull_lodging_Perry,snaive168,28,0.088913844876834,0.1202618360583316,8.549351404039689,
Bull_lodging_Terence,snaive168,28,0.1247624762476247,0.1606600201366153,12.90825814601724,
Bull_lodging_Travis,snaive168,28,0.076071908254985,0.5590128523977257,7.349865118806884,
Bull_lodging_Xavier,snaive168,28,0.4125732311852185,0.5653711676085822,67.31391225139602,
Bull_office_Anne,snaive168,28,0.0355766380077082,0.0512682272664507,3.555192741550079,
Bull_office_Chantel,snaive168,28,0.1436848908828226,0.2102482960734697,13.916299042091213,
Bull_office_Claudia,snaive168,28,0.0479759466643426,0.0673504765670127,4.86557490365178,
Bull_office_Debbie,snaive168,28,0.0472065227462244,0.0614817151222444,5.1342081640114285,
Bull_office_Efren,snaive168,28,0.1111698534378946,0.1686830074599261,15.664416162091666,
Bull_office_Ella,snaive168,28,0.0658356777624905,0.0855117798554218,6.651680231380292,
Bull_office_Hilton,snaive168,28,0.0818815331010453,0.1249628142190194,8.14603303442589,
Bull_office_Ivette,snaive168,28,0.114518680783741,0.1483760860650268,12.281598527238913,
Bull_office_Lilla,snaive168,28,0.0365463322489243,0.0841865236012397,3.6772020986946634,
Bull_office_Marco,snaive168,28,0.1994503003513544,0.3391046264597668,22.421275998262217,
Bull_office_Myron,snaive168,28,0.0734652727551669,0.1017289310246755,7.294234419230279,
Bull_office_Nicolas,snaive168,28,0.0557594128908742,0.0782796271214715,6.000888304619881,
Bull_office_Rob,snaive168,28,0.0405681465715477,0.0538537530281283,4.263295879572653,
Bull_office_Sally,snaive168,28,0.152734289050996,0.2483926979186319,15.79770786622699,
Bull_office_Trevor,snaive168,28,0.0279358070815997,0.0647211781601599,2.652478066354264,
Bull_office_Yvonne,snaive168,28,0.0214028471595428,0.0278656980765985,2.2268122371672328,
Bull_public_Hyun,snaive168,28,0.0215773538705888,0.0276273766810367,2.2015215305954023,
Bull_public_Jefferson,snaive168,28,0.1131110741602926,0.1832220575979398,11.280961834776033,
Bull_services_Jeanmarie,snaive168,28,0.0672888629640431,0.0964661832291606,6.7522796460318375,
Bull_services_Juanita,snaive168,28,0.0239146716252162,0.0423046130335165,2.48439985882255,
Bull_services_Nadine,snaive168,28,0.0448094213326644,0.0591942304184469,4.6579411083396565,
Bull_services_Rachelle,snaive168,28,0.0700629984341429,0.1020843381632602,7.187555911554912,
Bull_services_Winford,snaive168,28,0.1065892729749011,0.1825804978039266,13.789843979865363,
Cockatoo_assembly_Doyle,snaive168,28,0.1172818176611184,0.2055729325823337,11.512963425915697,
Cockatoo_assembly_Ed,snaive168,28,0.1296527344279723,0.1869595656216972,13.070926268786405,
Cockatoo_assembly_Emilio,snaive168,28,0.0774400191706765,0.1041647949276275,7.973654100552588,
Cockatoo_assembly_Evelyn,snaive168,28,0.2868823796622798,0.4604797861730311,31.608753058588224,
Cockatoo_assembly_Fernanda,snaive168,28,0.1076711963625172,0.1317557771107063,11.152079050057928,
Cockatoo_assembly_Genoveva,snaive168,28,0.2809853405928241,0.372449882156401,31.46015484970028,
Cockatoo_assembly_Griselda,snaive168,28,0.1209740115388561,0.1902226690782571,12.726143056370512,
Cockatoo_assembly_Heath,snaive168,28,0.199876409368235,0.2910937171649274,20.01385996919081,
Cockatoo_assembly_Meredith,snaive168,28,0.1109959639847024,0.1504378911199085,11.65271593117983,
Cockatoo_assembly_Pierre,snaive168,28,0.1281454774028927,0.1751113052117237,13.373046844648224,
Cockatoo_assembly_Ralph,snaive168,28,0.1117999001871968,0.1469150378458607,11.250831395095336,
Cockatoo_assembly_Rodger,snaive168,28,0.1240060119731262,0.1720690172041502,13.19728676128033,
Cockatoo_assembly_Tabitha,snaive168,28,0.2231918676775035,0.2832730204886206,23.027826545799577,
Cockatoo_assembly_Valencia,snaive168,28,0.1071097311577486,0.1561067472237038,11.276330736438728,
Cockatoo_education_Amira,snaive168,28,0.1468399097114501,0.2980804321821929,13.747118059283158,
Cockatoo_education_Arlen,snaive168,28,0.1284878579072008,0.1719854824368796,13.04811487937893,
Cockatoo_education_Brendan,snaive168,28,0.0558222043573634,0.0788417307391059,5.753404961019764,
Cockatoo_education_Brigitte,snaive168,28,0.0371410802204281,0.0611143377248354,3.761355679225799,
Cockatoo_education_Charity,snaive168,28,0.0444838633906452,0.0645380832964838,4.298770239212802,
Cockatoo_education_Christi,snaive168,28,0.1849794286511239,0.2583361904678041,18.5867137048219,
Cockatoo_education_Claudine,snaive168,28,0.0779856616587615,0.1079353277331209,7.652906360500856,
Cockatoo_education_Collin,snaive168,28,0.0507593818354045,0.0727073685075634,5.147078525000906,
Cockatoo_education_Deloris,snaive168,28,0.0878620090335747,0.1166669748128273,8.740506718633446,
Cockatoo_education_Doreen,snaive168,28,0.082848297837231,0.1121441129314605,8.595330062689396,
Cockatoo_education_Erik,snaive168,28,0.0753431326588936,0.0945608067765009,7.510201520996038,
Cockatoo_education_Eunice,snaive168,28,0.0765874504941983,0.1247715861453075,7.628144844519029,
Cockatoo_education_Evangeline,snaive168,28,0.0236845981454561,0.0622980352049457,2.368459814545614,
Cockatoo_education_Flora,snaive168,28,0.034373654942783,0.0440327685315614,3.485548263879596,
Cockatoo_education_Gussie,snaive168,28,0.0505389926020818,0.0706350726904437,4.973595419197569,
Cockatoo_education_Helene,snaive168,28,0.049449095980722,0.0704539816868229,4.811695626584746,
Cockatoo_education_Jack,snaive168,28,0.1588595343708918,0.2365277745589873,15.869703593251566,
Cockatoo_education_Janet,snaive168,28,0.061641238975618,0.0746572856157394,6.167225722112522,
Cockatoo_education_Joeann,snaive168,28,0.168304201885784,0.2968369769782245,15.223958584089567,
Cockatoo_education_Joel,snaive168,28,0.1551727947094814,0.1971983637493447,15.602351631599872,
Cockatoo_education_Jon,snaive168,28,0.1384227082374744,0.2165707911586488,14.044017844210504,
Cockatoo_education_Julia,snaive168,28,0.1326768585221207,0.180211044374084,13.130199179710308,
Cockatoo_education_Julio,snaive168,28,0.0902051933868722,0.117747431761565,8.880244377746148,
Cockatoo_education_June,snaive168,28,0.0539773498511406,0.0721320229998182,5.337768776469389,
Cockatoo_education_Laurence,snaive168,28,0.2877360926174145,0.5393084410436418,29.67120155693901,
Cockatoo_education_Lionel,snaive168,28,0.0365126253213854,0.0598828080691896,3.646986047321216,
Cockatoo_education_Magdalena,snaive168,28,0.3795667019674067,0.7034422827803422,31.81108092564789,
Cockatoo_education_Marva,snaive168,28,0.1159662244597223,0.2052168160535001,12.008974745246524,
Cockatoo_education_Maynard,snaive168,28,0.2551805262295538,0.3471352300554938,25.84702595364205,
Cockatoo_education_Mayra,snaive168,28,0.1537975018752563,0.2433598909707911,16.069897307105798,
Cockatoo_education_Melanie,snaive168,28,0.1571895695114807,0.2225793485963629,17.303345633607968,
Cockatoo_education_Minh,snaive168,28,0.1592765356499546,0.2098688275574164,16.42909368006166,
Cockatoo_education_Nelda,snaive168,28,0.0516343520741172,0.0708459598891805,5.111017199443525,
Cockatoo_education_Oliver,snaive168,28,0.0595408448957335,0.0874774957159005,5.889782285721839,
Cockatoo_education_Orlando,snaive168,28,0.0716351093249264,0.1241751198630247,6.652566250289926,
Cockatoo_education_Rita,snaive168,28,0.0922573975582587,0.1467676748802321,8.786911667842102,
Cockatoo_education_Shawn,snaive168,28,0.0817467738217608,0.1090105848750132,8.262107913986265,
Cockatoo_education_Sheryl,snaive168,28,0.0261894738619415,0.0462064546779835,2.563116494524951,
Cockatoo_education_Terrence,snaive168,28,0.0299161185296656,0.0529291842896778,2.9849563973932165,
Cockatoo_education_Tyler,snaive168,28,0.0188882066538064,0.0293537634117904,1.887622980138239,
Cockatoo_education_Victoria,snaive168,28,0.1992666844081728,0.3006358635660143,18.684972084949965,
Cockatoo_industrial_Nathaniel,snaive168,28,0.3040698437551272,0.506791710732258,40.854405113514375,
Cockatoo_industrial_Sarita,snaive168,28,0.1544367056897096,0.19087834943687,16.246401525537905,
Cockatoo_lodging_Aimee,snaive168,28,0.1085528285605099,0.1413348753793891,10.86571348890833,
Cockatoo_lodging_Albert,snaive168,28,0.0995572041707223,0.1272637589651201,9.94991997742909,
Cockatoo_lodging_Alicia,snaive168,28,0.1582173812765951,0.2118426473019599,15.760145172646936,
Cockatoo_lodging_Ana,snaive168,28,0.1252282193167454,0.1538098619523646,13.05962840614504,
Cockatoo_lodging_Carmen,snaive168,28,0.2494168815153923,0.3151317769320713,26.029710897660944,
Cockatoo_lodging_Cletus,snaive168,28,0.1151102298203726,0.1433519070284589,11.77779366371716,
Cockatoo_lodging_Elvia,snaive168,28,0.0775891143106178,0.1187724615669542,8.004456961229204,
Cockatoo_lodging_Emory,snaive168,28,0.0835561597527924,0.109090408907788,8.33877118850412,
Cockatoo_lodging_Eric,snaive168,28,0.2414724083420099,0.3068513477751153,25.380730022978256,
Cockatoo_lodging_Homer,snaive168,28,0.0481561445727909,0.0677882029796645,4.808802114924362,
Cockatoo_lodging_Jarrod,snaive168,28,3.032123921405551,6.127927710001898,28567.84476594684,
Cockatoo_lodging_Javier,snaive168,28,0.0870259801364841,0.1157059798789885,8.7064521541327,
Cockatoo_lodging_Jim,snaive168,28,0.1013416848275799,0.1253027541197549,10.368169964087844,
Cockatoo_lodging_Jimmie,snaive168,28,0.057593725421092,0.0720506887814723,5.826099990113312,
Cockatoo_lodging_Johnathan,snaive168,28,0.1494216893549824,0.1883253609505135,14.921197700517386,
Cockatoo_lodging_Josephine,snaive168,28,0.1413957057191974,0.2261970414102095,13.897129040544224,
Cockatoo_lodging_Judi,snaive168,28,0.1981977692581582,0.2584583376001118,20.650629165356392,
Cockatoo_lodging_Katharine,snaive168,28,0.1253020115373089,0.1600694449805136,12.607513420782196,
Cockatoo_lodging_Kerri,snaive168,28,0.0991333626605339,0.1417567546228096,10.174415555961184,
Cockatoo_lodging_Kyle,snaive168,28,0.0959158823768131,0.1495462943891561,9.78894749857772,
Cockatoo_lodging_Lana,snaive168,28,0.1576322814658894,0.2104803565081976,15.6511450685019,
Cockatoo_lodging_Linwood,snaive168,28,0.220165796281648,0.2771002097875017,23.25599937772839,
Cockatoo_lodging_Lynne,snaive168,28,0.1233102245978845,0.1953955553910379,12.175504017684103,
Cockatoo_lodging_Mandy,snaive168,28,0.1470464322057941,0.1965787234261201,14.609328580188862,
Cockatoo_lodging_Olga,snaive168,28,0.3071094160920854,0.4837257334366105,29.96759685570864,
Cockatoo_lodging_Raphael,snaive168,28,0.1326844894673286,0.2162338818139619,13.78202876821184,
Cockatoo_lodging_Tesha,snaive168,28,0.1479338610324011,0.1856825149278015,14.863658743748228,
Cockatoo_lodging_Tessie,snaive168,28,0.075495445863873,0.111173712367338,7.436615524881511,
Cockatoo_office_Ada,snaive168,28,0.0434090206064907,0.0597227325149,4.313124065532564,
Cockatoo_office_Alton,snaive168,28,0.1071866409269616,0.1531706530032463,10.647141721955403,
Cockatoo_office_Christy,snaive168,28,0.0775657757447804,0.1194018098350084,7.584696022838515,
Cockatoo_office_Delores,snaive168,28,0.0772913139257708,0.1172173678964302,7.630078988142517,
Cockatoo_office_Elbert,snaive168,28,0.0888827715074618,0.1318973486247285,8.77773531324962,
Cockatoo_office_Gail,snaive168,28,0.1434874576623107,0.2400995804097338,13.716267651585271,
Cockatoo_office_Georgia,snaive168,28,0.0792102059537555,0.1168697383772292,7.630642367971148,
Cockatoo_office_Giovanni,snaive168,28,0.0793230443269839,0.1128129871640692,7.747576628188845,
Cockatoo_office_Jimmy,snaive168,28,0.155697120324453,0.266961232005781,13.974451249018925,
Cockatoo_office_Jodie,snaive168,28,0.0635773684093858,0.0996292610134011,6.019573400324446,
Cockatoo_office_Kristin,snaive168,28,0.0536216929024098,0.0739979137312735,5.2815993632269445,
Cockatoo_office_Laila,snaive168,28,0.0552132272137046,0.0824296000868079,5.490980490553139,
Cockatoo_office_Lorraine,snaive168,28,0.2127873329036052,0.3080601893809577,20.879316931215413,
Cockatoo_office_Paige,snaive168,28,0.07251185040984,0.134365321795691,6.925011313999777,
Cockatoo_office_Pansy,snaive168,28,0.0655502559924299,0.1377123555846122,6.8707343949846384,
Cockatoo_office_Rodney,snaive168,28,0.0824990987983547,0.1587287768036926,8.570480780846841,
Cockatoo_office_Roxanna,snaive168,28,0.1539717766439271,0.201354258951094,15.878607189820787,
Cockatoo_public_Caleb,snaive168,28,0.0685730737163021,0.1207037650917647,7.217569183674828,
Cockatoo_public_Chiquita,snaive168,28,0.0848662038245926,0.1305136639042806,8.893806908027711,
Cockatoo_public_Harland,snaive168,28,0.0559840535151537,0.0772216104778,5.663912997474326,
Cockatoo_public_Leah,snaive168,28,0.0828663839039475,0.1319198578238162,8.847226161710504,
Cockatoo_public_Shad,snaive168,28,0.0896571140876427,0.1338849765580197,9.234607119721993,
Cockatoo_public_Valerie,snaive168,28,0.0868362020927522,0.1236934236922136,8.379537946514303,
Cockatoo_religion_Diedre,snaive168,28,0.3423061998559322,0.4802398711058576,38.29145634545291,
Cockatoo_science_Rex,snaive168,28,0.0372930988777548,0.0687102363894456,3.650726056336493,
Cockatoo_utility_Kimiko,snaive168,28,0.2577200044738409,0.476004726061465,52.28162048966421,
Cockatoo_utility_Sherri,snaive168,28,0.0654241428977785,0.1352345630478952,6.799872337979464,
Crow_education_Kate,snaive168,28,0.0861464091973499,0.1077807737109068,8.76403434745385,
Crow_education_Keisha,snaive168,28,0.0631957336962551,0.0898870707041561,6.501130480575304,
Crow_education_Marlin,snaive168,28,0.2591902386858691,0.3592353417249896,33.112322967097526,
Crow_education_Omer,snaive168,28,0.101356433767102,0.1658585992805578,9.441803123537412,
Crow_education_Winston,snaive168,28,0.203739855909187,0.2763967373187469,21.09121256682385,
Eagle_assembly_Benny,snaive168,28,0.2917265507337924,0.3759376308363074,33.00609893244752,
Eagle_assembly_Candice,snaive168,28,0.6551705409262595,1.291763234917012,125.70885903155484,
Eagle_assembly_Estelle,snaive168,28,0.2583094734221337,0.4153890256560341,23.37939182620024,
Eagle_assembly_Herbert,snaive168,28,0.2714671274966722,0.3992372115225266,27.8279895238289,
Eagle_assembly_Ian,snaive168,28,0.1874502117784277,0.2819537172490644,17.748908121060825,
Eagle_assembly_Josie,snaive168,28,0.1584372307264563,0.2778468219010809,15.623370652161189,
Eagle_assembly_Lacy,snaive168,28,0.1292062303084402,0.1622197921554334,12.859994412411147,
Eagle_assembly_Latrina,snaive168,28,0.191412923094325,0.4167728794158503,17.34864129303968,
Eagle_assembly_Margret,snaive168,28,0.0786283040857973,0.1067610454219823,8.09360595351299,
Eagle_assembly_Portia,snaive168,28,0.3303053930546221,0.4387650916610827,33.63704812956362,
Eagle_education_Alberto,snaive168,28,0.0306755803369104,0.0387620572270961,3.0218412548053744,
Eagle_education_April,snaive168,28,1.1755831260926308,1.9966663570760788,3380.831260926305,
Eagle_education_Brianne,snaive168,28,0.1457875320217716,0.1881886574877097,15.36748722477799,
Eagle_education_Brooke,snaive168,28,0.0314329010514476,0.0443548479203201,3.1787552207725915,
Eagle_education_Edith,snaive168,28,0.1397665055549319,0.1858867423498136,14.511110696249274,
Eagle_education_Eileen,snaive168,28,0.0904042260907244,0.1199257837562252,8.918553677945981,
Eagle_education_Jewell,snaive168,28,0.0650237108259491,0.0976666458730412,23.262718551366703,
Eagle_education_Lino,snaive168,28,0.0717900656195855,0.097438310970438,7.185543540802251,
Eagle_education_Luther,snaive168,28,0.0544910305234866,0.0684718470497395,5.419472052735175,
Eagle_education_Maragret,snaive168,28,0.0983735890277946,0.1289341056579918,9.677902046349422,
Eagle_education_Norah,snaive168,28,0.0401462159585587,0.0648625471508184,4.182521085923468,
Eagle_education_Paul,snaive168,28,0.1351895433398068,0.2499440683089459,11.45766908599468,
Eagle_education_Peter,snaive168,28,0.0371766730298709,0.0873283484807446,19.86938185032717,
Eagle_education_Petra,snaive168,28,0.1056670964572972,0.1595230022415331,10.095925866524686,
Eagle_education_Raul,snaive168,28,0.0347145140771591,0.0633477832188299,3.831485486776292,
Eagle_education_Roman,snaive168,28,0.0329911790668481,0.0624911279067672,3.667948016854441,
Eagle_education_Samantha,snaive168,28,0.0662856021783475,0.087346828851626,6.665406412103804,
Eagle_education_Shana,snaive168,28,0.0348252453880567,0.043354259865858,3.4679932820934805,
Eagle_education_Shanna,snaive168,28,0.0586274094252528,0.0926072810619733,5.682448332575448,
Eagle_education_Shante,snaive168,28,0.0263431102860006,0.0341177208866919,2.6044712374917043,
Eagle_education_Sheena,snaive168,28,0.1351896202504303,0.2499440638110214,11.457685705899804,
Eagle_education_Sherrill,snaive168,28,0.0228504578287392,0.0288990143828291,2.283237092815759,
Eagle_education_Teresa,snaive168,28,0.091450996001877,0.1196652842628596,9.317132330708075,
Eagle_education_Wesley,snaive168,28,0.0729561787431782,0.1013034803962735,7.489844288694229,
Eagle_education_Will,snaive168,28,0.0717650949859436,0.0917204380031891,7.088214270921214,
Eagle_food_Jennifer,snaive168,28,0.7843331195317341,1.0124564456553606,3275.2346992228977,
Eagle_food_Kay,snaive168,28,0.0907847451473879,0.1709758413715714,29.91683041157444,
Eagle_health_Amy,snaive168,28,0.1060350834731074,0.1634367631165839,12.975017450394038,
Eagle_health_Athena,snaive168,28,0.1154517591671011,0.182232490618741,10.548532784266955,
Eagle_health_Gregoria,snaive168,28,,,0.0,
Eagle_health_Jodi,snaive168,28,0.0636073138127478,0.0990053078228132,6.035268756052333,
Eagle_health_Lucinda,snaive168,28,0.0547243236820216,0.0766695389932528,5.5852246219339134,
Eagle_health_Margo,snaive168,28,0.0430587769103762,0.0633218267937162,17.14929878158467,
Eagle_health_Reba,snaive168,28,0.047652437334981,0.0616049148582706,4.705142896983446,
Eagle_health_Reuben,snaive168,28,0.072284351238091,0.1100702704028508,25.730660308561585,
Eagle_health_Trisha,snaive168,28,0.1349645668173583,0.16853389230472,13.53166376490702,
Eagle_health_Vincenza,snaive168,28,0.0676745901494031,0.1148321139379644,26.716431096066813,
Eagle_lodging_Andy,snaive168,28,0.0957531991476628,0.131009550322086,9.112591929711764,
Eagle_lodging_Casey,snaive168,28,0.0783120136969874,0.1061412929013459,7.507674088913398,
Eagle_lodging_Dawn,snaive168,28,0.0979953139275213,0.1353687322504187,10.208964516231834,
Eagle_lodging_Edgardo,snaive168,28,0.1092091434253632,0.1511596981627922,10.438282717626633,
Eagle_lodging_Stephanie,snaive168,28,0.0956857478596609,0.1336114847113319,9.030963394055574,
Eagle_lodging_Terri,snaive168,28,0.1475216587695201,0.1909726132244248,14.516682810421727,
Eagle_lodging_Tressa,snaive168,28,0.1783257842643851,0.2545934386828079,16.940811134086285,
Eagle_lodging_Trina,snaive168,28,0.1045632384805498,0.1478835292688803,9.900806627371022,
Eagle_office_Amanda,snaive168,28,4.528855556063275,8.972609607009655,44153.41586150655,
Eagle_office_Amie,snaive168,28,0.0097820088540875,0.019564017708175,0.999620000552656,
Eagle_office_Bridgett,snaive168,28,0.1633391872199795,0.2868672855599145,16.401631449964377,
Eagle_office_Chantelle,snaive168,28,0.0655948130015208,0.0876276386422143,6.6031575442628405,
Eagle_office_Chauncey,snaive168,28,0.0409263108969007,0.0522059938903457,4.069214403917595,
Eagle_office_Dallas,snaive168,28,0.2378869695646318,0.3065505021412376,37.4050677987285,
Eagle_office_Damian,snaive168,28,0.1023531626827324,0.1444465869828505,9.972365057687425,
Eagle_office_Demetra,snaive168,28,0.0613060776248229,0.0905057853489081,6.455520070830557,
Eagle_office_Donovan,snaive168,28,0.0723935975610212,0.1189488084866025,6.745071544952575,
Eagle_office_Efrain,snaive168,28,0.1218151600427957,0.1626167388317787,12.196373885526333,
Eagle_office_Elia,snaive168,28,0.1397664988956798,0.1858867266571593,14.51111038134671,
Eagle_office_Elias,snaive168,28,0.102353247041442,0.1444466416468006,9.972373345116493,
Eagle_office_Elvis,snaive168,28,0.1284814687176916,0.1971279932243198,12.52463328447855,
Eagle_office_Flossie,snaive168,28,0.1240583944892719,0.1666565431696365,12.476539523471343,
Eagle_office_Francis,snaive168,28,0.0422653171469131,0.0540572808371065,4.19960550608499,
Eagle_office_Freida,snaive168,28,0.0866574135537988,0.1424252495349744,33.49300872775417,
Eagle_office_Henriette,snaive168,28,0.1693834875911957,0.2539757334417699,17.879080265049023,
Eagle_office_Isidro,snaive168,28,0.0812132534754656,0.1570867704311178,7.1882522957630535,
Eagle_office_Jackie,snaive168,28,0.1024258146732204,0.1398034639317349,10.117241741583848,
Eagle_office_Jeff,snaive168,28,0.1496352602219089,0.2563994446009746,14.258311921640429,
Eagle_office_Joette,snaive168,28,0.116287704060394,0.1843955305249063,20.721967066469173,
Eagle_office_Katheleen,snaive168,28,0.1397664882607312,0.1858867200878151,14.511109157671545,
Eagle_office_Lamont,snaive168,28,0.1145530112969194,0.1545724524977377,11.551614508364487,
Eagle_office_Lane,snaive168,28,0.0843220862686936,0.1087536933955591,8.953503746407433,
Eagle_office_Lillian,snaive168,28,0.4117062633760313,0.6394320445183131,38.10831229100277,
Eagle_office_Mable,snaive168,28,0.0987024943003458,0.1383448117312637,9.379791686769316,
Eagle_office_Mandi,snaive168,28,0.0348251585955321,0.0433542543786378,3.4679844781361275,
Eagle_office_Marisela,snaive168,28,0.1164207019754326,0.1486312242689095,11.89894399770587,
Eagle_office_Michele,snaive168,28,0.1526220925242468,0.1946781861750503,16.07559305522471,
Eagle_office_Nereida,snaive168,28,0.0446908832488771,0.0564438489716938,4.481977300415171,
Eagle_office_Norbert,snaive168,28,0.0891473852913627,0.1311572395376143,8.299185308809195,
Eagle_office_Patrice,snaive168,28,0.0721974542870065,0.1039373340862421,6.821564777225928,
Eagle_office_Phyllis,snaive168,28,0.0348253742480022,0.0433543659830858,3.4680073618994003,
Eagle_office_Randolph,snaive168,28,0.0802713159747273,0.1276171505846787,7.978710926075347,
Eagle_office_Remedios,snaive168,28,0.0584483874063867,0.0822272501664048,5.7521189527626015,
Eagle_office_Ryan,snaive168,28,0.1150447555657562,0.1686973343069674,10.906348405261664,
Eagle_office_Sheree,snaive168,28,0.0891891891891891,0.1637536379460348,8.67718714816929,
Eagle_office_Sonya,snaive168,28,0.0620999518605024,0.0789692602999205,6.480420577293663,
Eagle_office_Tia,snaive168,28,0.0904041900489899,0.1199257059964746,8.918549752033513,
Eagle_office_Yadira,snaive168,28,0.0738858771045747,0.1260103514245476,24.718510945605228,
Eagle_public_Alvin,snaive168,28,0.0537056062711101,0.0778478415379103,5.382561755324782,
Eagle_public_Henry,snaive168,28,0.4814964067432333,0.6613428894464697,76.63743150490063,
Eagle_public_Minnie,snaive168,28,0.0445028036056497,0.0622053277416772,4.496470323511152,
Eagle_public_Missy,snaive168,28,0.1450463283579655,0.2474188468256138,13.620924563400983,
Eagle_public_Ola,snaive168,28,0.0700749147010829,0.1257150468724509,7.147002034277035,
Eagle_public_Pearle,snaive168,28,0.0459918980781103,0.0682373440645898,4.655805959570047,
Eagle_public_Preston,snaive168,28,0.0570539077600274,0.1087516306950968,23.67544965515729,
Fox_assembly_Adrianne,snaive168,28,0.3069725548237813,0.4138077013180791,28.009580146061808,
Fox_assembly_Audrey,snaive168,28,0.2087065068101179,0.2788789339872965,20.70593438073316,
Fox_assembly_Boyce,snaive168,28,0.102930552731761,0.2418865805690817,8.966620906068414,
Fox_assembly_Bradley,snaive168,28,0.1724452599158141,0.435744325813074,13.615710489418612,
Fox_assembly_Carlos,snaive168,28,0.0919618183275415,0.1952884260607364,9.176143419614556,
Fox_assembly_Cathy,snaive168,28,0.0456080443186585,0.0627489647884923,4.373864076349286,
Fox_assembly_Cecelia,snaive168,28,0.1843767240288003,0.2429012536713808,18.978375819100755,
Fox_assembly_Christie,snaive168,28,0.2701208747119673,0.4509325197777153,30.66316925537239,
Fox_assembly_Cindy,snaive168,28,0.1630912508189952,0.2171209331084592,18.261088926722003,
Fox_assembly_Dixie,snaive168,28,0.2299685318725755,0.3876344337545906,30.565743482815197,
Fox_assembly_Emma,snaive168,28,0.0849762091549668,0.1047768309582907,8.985805323238779,
Fox_assembly_Gary,snaive168,28,0.0615230715885512,0.0841869296509109,6.126328936609758,
Fox_assembly_Jerrod,snaive168,28,0.7377577816110351,1.8415791075811123,145.39511543396625,
Fox_assembly_Johnnie,snaive168,28,0.067138199664065,0.1186577814435421,7.784502397839484,
Fox_assembly_Kathie,snaive168,28,0.1402082961097687,0.2144034216161758,14.115790715109686,
Fox_assembly_Lakeisha,snaive168,28,0.2907943483207528,0.3809728022763599,41.03549138173801,
Fox_assembly_Leeanne,snaive168,28,0.2786732759254822,0.3916636083884292,32.05883507370254,
Fox_assembly_Renna,snaive168,28,0.032387739768372,0.0426386016820957,3.2489672865672934,
Fox_assembly_Sheldon,snaive168,28,0.0574791927246619,0.0749854773592523,5.798392587187585,
Fox_assembly_Terrell,snaive168,28,0.1765901319595247,0.2805640993420202,17.962731596070956,
Fox_assembly_Tony,snaive168,28,0.0748786180815769,0.1313094262923569,7.460503206688612,
Fox_education_Andre,snaive168,28,0.0358249024190039,0.0472499079922997,3.5398476511430355,
Fox_education_Ashli,snaive168,28,0.2048858120040318,0.3419833883180035,28.8661625433812,
Fox_education_Burton,snaive168,28,0.1592637420491346,0.2305974164006093,15.604405215560046,
Fox_education_Carleen,snaive168,28,0.0599977261892007,0.0819793282995151,6.33778963178809,
Fox_education_Charles,snaive168,28,0.1827895205116027,0.316397830242651,19.56339350920305,
Fox_education_Claire,snaive168,28,0.0565621760658956,0.1036906599508508,5.586732819079954,
Fox_education_Claude,snaive168,28,0.0277252080812081,0.0377484038126186,2.750317684321115,
Fox_education_Cynthia,snaive168,28,0.1073015250079175,0.1317542438957732,10.6381403814917,
Fox_education_Delma,snaive168,28,0.1205759097132898,0.2635944767018078,14.897433528095142,
Fox_education_Dewayne,snaive168,28,0.0578630365002502,0.0840851929441298,5.546210695206239,
Fox_education_Dominique,snaive168,28,0.0282460817865966,0.0409781037204736,2.746771737249028,
Fox_education_Eddy,snaive168,28,0.0457931068045418,0.0587506185226533,4.5583087638046855,
Fox_education_Eldon,snaive168,28,0.0332603055858869,0.0412652547013292,3.3504331147555058,
Fox_education_Elizabeth,snaive168,28,0.0549645307957132,0.0836017174336097,5.478429910394913,
Fox_education_Elois,snaive168,28,0.3092960293785186,0.4127623416842522,37.04863565016809,
Fox_education_Elvira,snaive168,28,0.0529570396014469,0.0767907275588434,5.278306752106652,
Fox_education_Etta,snaive168,28,0.0682348239690329,0.111796883736629,8.090292829927531,
Fox_education_Gayla,snaive168,28,0.1053160512575897,0.1411720197596742,11.079096190827649,
Fox_education_Geoffrey,snaive168,28,0.0434359839542001,0.0557000985930893,4.341056239272429,
Fox_education_Gloria,snaive168,28,0.0276451478116557,0.0382857739566531,2.842440714039064,
Fox_education_Henrietta,snaive168,28,0.4426479516355683,0.5634311926202071,50.03528961357103,
Fox_education_Heriberto,snaive168,28,0.0561924751470953,0.0741105267923492,6.138164009896972,
Fox_education_Jaclyn,snaive168,28,0.1467018171187078,0.1754235972503895,14.871727436872618,
Fox_education_Jacqueline,snaive168,28,0.0985432483346871,0.2627067741374823,10.118383100417311,
Fox_education_Janina,snaive168,28,0.0636801281466595,0.1183335058397757,6.40147755851834,
Fox_education_John,snaive168,28,0.0795273966305553,0.1107259729133467,7.789819622475854,
Fox_education_Kendrick,snaive168,28,0.1741898535379577,0.2783288063008814,34.72599844511669,
Fox_education_Kim,snaive168,28,0.0943278906866614,0.1227567537961456,10.095001400137589,
Fox_education_Kris,snaive168,28,0.1481193362092286,0.2069382530608236,14.440646640720662,
Fox_education_Leona,snaive168,28,0.0529376031043115,0.0791411065050127,5.363729135382104,
Fox_education_Leota,snaive168,28,0.0441975164725225,0.0672998597442204,4.373193918693564,
Fox_education_Lesley,snaive168,28,0.2250710652750363,0.387067772256755,21.826565067232544,
Fox_education_Lilly,snaive168,28,0.0844079458891484,0.1457140800455768,7.914694934987741,
Fox_education_Long,snaive168,28,0.0462642567420443,0.0787469804260708,4.718767685113469,
Fox_education_Louie,snaive168,28,0.094066484598869,0.129336974095015,9.238280383814956,
Fox_education_Marcelina,snaive168,28,0.1192940106731903,0.2081751377893897,21.58378319902964,
Fox_education_Maris,snaive168,28,0.0689125087842586,0.0892655193041847,6.997271124859485,
Fox_education_Marlana,snaive168,28,0.043693735493016,0.0551668079911897,4.370456995107895,
Fox_education_Maureen,snaive168,28,0.0425943350280517,0.07336029669223,3.957658930150724,
Fox_education_Melinda,snaive168,28,0.0463779438061666,0.0610079276908134,4.590757125864181,
Fox_education_Melvin,snaive168,28,0.1905187155761493,0.3601519113649887,16.782345938718,
Fox_education_Miguelina,snaive168,28,0.1143639911904099,0.2194297816050963,9.246953934670463,
Fox_education_Nilda,snaive168,28,0.0630835609143336,0.0943803703981138,5.9312500004340505,
Fox_education_Ollie,snaive168,28,0.0807602941760927,0.1029402505532453,8.125456287732145,
Fox_education_Otilia,snaive168,28,0.0162567537161047,0.0272357106124836,1.642370010406833,
Fox_education_Ray,snaive168,28,0.0916748290223381,0.1196921728339023,9.257462511198874,
Fox_education_Rosie,snaive168,28,0.0364569815717269,0.0528492610179906,3.644135039371848,
Fox_education_Rudolph,snaive168,28,0.1712537374893653,0.2170787297179305,19.77102749998104,
Fox_education_Shaun,snaive168,28,0.0582787910297697,0.0831001940881695,5.686724973074677,
Fox_education_Shawanda,snaive168,28,0.2174055284567621,0.3703064719950685,22.519194957767876,
Fox_education_Shirley,snaive168,28,0.0823225136797679,0.1125689122350461,8.223163342475415,
Fox_education_Stacia,snaive168,28,0.0205032724587661,0.0293960592307255,2.0412360861759677,
Fox_education_Sterling,snaive168,28,0.1091086196928181,0.151054547339916,12.548334850022576,
Fox_education_Suzan,snaive168,28,0.0718636991112628,0.1022206596119216,6.9050575888508,
Fox_education_Tamika,snaive168,28,0.1165887966598737,0.1485921629555494,12.335051607985331,
Fox_education_Theodore,snaive168,28,0.0178649248444773,0.0241883756077958,1.7715528512292806,
Fox_education_Tonya,snaive168,28,0.04239772065421,0.0729712827207709,4.140913541642747,
Fox_education_Virgil,snaive168,28,0.0363709024720338,0.0462158227540774,3.694610979452978,
Fox_education_Virginia,snaive168,28,0.1654793512777417,0.2272626885266773,18.68521684888754,
Fox_education_Wendell,snaive168,28,0.0165525846737678,0.0246355729555235,1.655814361439362,
Fox_education_Willis,snaive168,28,0.0205327936919821,0.0282100284540849,2.0757035934701813,
Fox_education_Yolande,snaive168,28,0.0201209155772629,0.0286914643938004,1.979682650165592,
Fox_food_Francesco,snaive168,28,0.0964417194374284,0.1544689867224191,9.628469512008808,
Fox_food_Scott,snaive168,28,0.0992312767886359,0.1398220892457839,9.848345201247405,
Fox_health_Lorena,snaive168,28,0.0465787439961336,0.0713603076558681,4.687624479404249,
Fox_lodging_Alana,snaive168,28,0.0676669490397429,0.0976202277082801,6.654524848469774,
Fox_lodging_Angla,snaive168,28,0.1122928339666708,0.1583592631975623,10.904371404191323,
Fox_lodging_Frances,snaive168,28,0.0522178977675873,0.0698277292494129,5.260864637700578,
Fox_lodging_Helen,snaive168,28,0.0717575955393298,0.0999666915922973,7.320172679189696,
Fox_lodging_Isabell,snaive168,28,0.0244658880671578,0.0407811037904636,2.4321038224870306,
Fox_lodging_Jina,snaive168,28,0.0486409750146476,0.0680212520351907,4.816583570489883,
Fox_lodging_Morris,snaive168,28,0.0503933695565023,0.0716312755652766,5.001965440101529,
Fox_lodging_Stephan,snaive168,28,0.0723759483662072,0.0959813424763262,7.179075645302804,
Fox_lodging_Stephen,snaive168,28,0.0785517209393741,0.1057456852570687,7.7598026017694,
Fox_lodging_Wallace,snaive168,28,0.0514477580402997,0.0737216041599034,5.134328700050342,
Fox_lodging_Warren,snaive168,28,0.1035808791259647,0.1338384738938481,10.614455961639957,
Fox_lodging_Winifred,snaive168,28,0.0413501272827891,0.0558562624495965,4.148294047816588,
Fox_office_Alice,snaive168,28,0.0232332355960082,0.035707668129576,2.2642379425934167,
Fox_office_Bernard,snaive168,28,0.0313539164234999,0.0456755840727229,3.089556917252072,
Fox_office_Berniece,snaive168,28,0.0582078651353005,0.0809667805510781,6.910579736629212,
Fox_office_Brandy,snaive168,28,0.1384789203005666,0.1765497577793722,17.392122750395732,
Fox_office_Carson,snaive168,28,0.0551552146407461,0.0727429231101547,5.551854650040156,
Fox_office_Clayton,snaive168,28,0.0910744827257034,0.1344310141027432,8.613362462562549,
Fox_office_Demetrius,snaive168,28,0.2305899228976152,0.3807665882362959,21.41931101912061,
Fox_office_Easter,snaive168,28,0.0598110457939561,0.0914809519681168,5.582064097045659,
Fox_office_Edythe,snaive168,28,0.0965166429481552,0.1389553354008758,9.71328027030124,
Fox_office_Essie,snaive168,28,0.0809227609394678,0.1696241329063144,8.599806328827249,
Fox_office_Gaylord,snaive168,28,0.0606180780586747,0.084724513385273,6.046478833810937,
Fox_office_Israel,snaive168,28,0.0518569654535077,0.085313126566252,5.028889447106551,
Fox_office_Joy,snaive168,28,0.0320578509127161,0.0424661239219528,3.243437462593496,
Fox_office_Juana,snaive168,28,0.1006767483413339,0.1722775695325454,9.628625151373411,
Fox_office_Karima,snaive168,28,0.0833966294423701,0.1441641170788229,8.440017606855395,
Fox_office_Margarita,snaive168,28,0.0770607433135994,0.098090449367301,7.670756310089326,
Fox_office_Molly,snaive168,28,0.1627676047496395,0.2820160758477752,15.854742817272584,
Fox_office_Rowena,snaive168,28,0.1568005274916947,0.2528070080676695,14.772632017801918,
Fox_office_Sheila,snaive168,28,0.134874468280226,0.1727291494168912,13.786778665445448,
Fox_office_Susanne,snaive168,28,0.1281345856656019,0.1874806274262719,13.755408338827923,
Fox_office_Thelma,snaive168,28,0.0247916078741987,0.0421938352264369,2.9084580128708093,
Fox_office_Vicki,snaive168,28,0.0384114000188781,0.0489806181946761,3.853479194959081,
Fox_office_Yong,snaive168,28,0.0339744138733878,0.0452597460681234,3.7692118545929207,
Fox_office_Zachary,snaive168,28,0.1180152174255167,0.1675987542152823,11.897594627601109,
Fox_parking_Felipa,snaive168,28,0.049595479579052,0.0618035358657847,5.14686083691151,
Fox_parking_Lynelle,snaive168,28,0.0736278983565335,0.0964074101611427,7.961456615870165,
Fox_parking_Tommie,snaive168,28,0.0200988478901536,0.0318392637788573,1.9921927032699107,
Fox_public_Bart,snaive168,28,0.1163649160332172,0.2240115203591567,14.961604526009936,
Fox_public_Belle,snaive168,28,0.0405806487789833,0.0570494343256054,4.034386683101173,
Fox_public_Denny,snaive168,28,0.0702300495113774,0.0944051722949619,7.039573801067293,
Fox_public_Lauren,snaive168,28,0.0528855965244778,0.0807161240478603,5.529271806958637,
Fox_public_Martin,snaive168,28,0.0506956559490777,0.0767800265176819,5.192061586015014,
Fox_public_Rhonda,snaive168,28,0.141620140427392,0.2482965931071648,17.825531508754334,
Fox_religion_Maurice,snaive168,28,0.7790080809327001,1.0778555888888537,147.04552563475855,
Fox_retail_Manie,snaive168,28,0.2772217147778279,0.3984225847842871,31.04846681197287,
Fox_utility_Marian,snaive168,28,0.2137156462889559,0.4030091957927804,27.59079313506025,
Fox_warehouse_Lorretta,snaive168,28,0.6589555936911843,1.377735165659766,573.7753889895222,
Fox_warehouse_Pearl,snaive168,28,0.2377452050850282,0.3605542618062388,23.37007008199257,
Gator_assembly_Blanca,snaive168,28,0.3349717953338594,0.4241303940239366,52.44957946030125,
Gator_assembly_Daisy,snaive168,28,0.1829737809992902,0.2812502179483326,23.376491767288847,
Gator_assembly_Enid,snaive168,28,0.248404381961556,0.3223924351814811,26.825229977464147,
Gator_assembly_Gene,snaive168,28,0.2987013816832605,0.445361626820398,805.6409935237664,
Gator_assembly_Joni,snaive168,28,0.9526292269468698,2.0238240746648413,153.52646651240843,
Gator_assembly_Kayleigh,snaive168,28,0.3039202941176471,0.5135596125028892,485.36561454332127,
Gator_assembly_Kimberly,snaive168,28,0.2332096882453899,0.3316746410988581,38.22613902008981,
Gator_assembly_Lelia,snaive168,28,0.1920442801131368,0.2905017423800428,25.161090516767224,
Gator_assembly_Loyce,snaive168,28,0.2017041362668104,0.3312139527451559,37.087330481794616,
Gator_assembly_Lucia,snaive168,28,0.3701657788223438,0.502123919346742,478.2477625641113,
Gator_assembly_Marjorie,snaive168,28,0.2349698631594612,0.3575145158304756,42.121965986688096,
Gator_assembly_Maurine,snaive168,28,0.4975992801152876,0.704192861944361,71.61088463678381,
Gator_assembly_Regina,snaive168,28,0.2252249638828958,0.3382081075213,42.06016702229647,
Gator_office_August,snaive168,28,0.1428573571430714,0.356696731182992,14.28573571430714,
Gator_office_Betty,snaive168,28,0.260286495308639,0.3793625725891992,38.33917190283138,
Gator_office_Hunter,snaive168,28,0.1720430922650149,0.308050845511739,416.5735148664292,
Gator_office_Julie,snaive168,28,0.3892621773792811,0.5170828709446914,73.49411073360118,
Gator_office_Lisa,snaive168,28,0.1610454626573662,0.2949746040263667,35.27182719267468,
Gator_office_Lucy,snaive168,28,0.1475140001287367,0.2777871322259749,26.95850394269436,
Gator_other_Cassandra,snaive168,28,0.3870972216442649,0.4980600154185313,43.04215167525055,
Gator_other_Elfriede,snaive168,28,0.2892693515503712,0.3949713819269307,53.16452928217616,
Gator_other_Gertrude,snaive168,28,0.4175640494645287,0.5714620546014586,98.823641799656,
Gator_other_Minda,snaive168,28,0.2753612602412865,0.4727371262345078,40.09594584485347,
Gator_other_Reginald,snaive168,28,0.304597883075716,0.4022990070556534,50.12622879877897,
Gator_other_Russel,snaive168,28,0.311477415752927,0.4671432805947311,357.63030054140626,
Gator_public_Alexandra,snaive168,28,0.379517819712561,0.5189119636432362,583.9718449862271,
Gator_public_Beulah,snaive168,28,0.3637094120769831,0.4707322219707529,53.57992909449423,
Gator_public_Cheri,snaive168,28,0.1732281995164569,0.2551470690915561,17.76810902449158,
Gator_public_Clara,snaive168,28,0.3379279683761889,0.4914877501003547,159.91473277737833,
Gator_public_Dale,snaive168,28,0.2737228825190399,0.3749725646035552,45.59145404113612,
Gator_public_Dewey,snaive168,28,0.2138870923578876,0.3476723895652671,424.3123382906794,
Gator_public_Dionna,snaive168,28,0.2007713358477733,0.2741035132533514,20.944815046493545,
Gator_public_Erika,snaive168,28,0.1667036629490687,0.2327950827199666,19.29435469059038,
Gator_public_Everette,snaive168,28,0.2571715106320993,0.3507202002058265,38.842273912957694,
Gator_public_Geraldine,snaive168,28,0.2019951419456217,0.3267120789899896,32.38223259983955,
Gator_public_Janna,snaive168,28,0.2647443913365342,0.3725010052732059,41.584466570136,
Gator_public_Jayme,snaive168,28,0.1901335334624775,0.2880267894462999,20.158758999336385,
Gator_public_Kendall,snaive168,28,0.2121337290035173,0.2965846901331646,21.78324543075184,
Gator_public_Kenny,snaive168,28,0.2635926483977915,0.3312820254574911,30.859640183704524,
Gator_public_Latasha,snaive168,28,0.2132349826988153,0.3231947167841643,23.690417428716454,
Gator_public_Leroy,snaive168,28,0.2428948823894962,0.2957913896499382,30.07037440601496,
Gator_public_Lindsey,snaive168,28,0.2138729382204159,0.3392232118334991,40.0933903367186,
Gator_public_Marcie,snaive168,28,0.1827267315942926,0.2654094800753054,18.390228477887405,
Gator_public_Marissa,snaive168,28,0.2137098042403541,0.2979507183689068,22.56933497079257,
Gator_public_Maude,snaive168,28,0.1783782830094949,0.2967314905387575,36.9381201825179,
Gator_public_Natasha,snaive168,28,0.2500000118577077,0.3668710893926446,47.5645270486576,
Gator_public_Nettie,snaive168,28,0.2261903458049265,0.324621491450935,32.69276406536304,
Gator_public_Noe,snaive168,28,0.2542821332178341,0.3252198859412473,28.154502439790967,
Gator_public_Philip,snaive168,28,0.4489170427485782,0.5221664816432244,440.50091532701526,
Gator_public_Randall,snaive168,28,0.1921558488848429,0.2815708785045258,38.31829614952561,
Gator_public_Ross,snaive168,28,0.2611916807748777,0.3725345466348206,41.36843304676322,
Gator_public_Tiffany,snaive168,28,0.2088348391157402,0.3413410375727705,50.16514408722919,
Gator_warehouse_Constance,snaive168,28,0.2916662310608041,0.4112591642149548,458.54389004294137,
Gator_warehouse_Stacie,snaive168,28,0.2877499145299145,0.4125854843918227,49.80059234313477,
Hog_assembly_Colette,snaive168,28,0.2533210097717864,0.3378369459136936,29.215900936970367,
Hog_assembly_Dona,snaive168,28,0.1364172178292879,0.1816939998448618,14.462814927618956,
Hog_assembly_Edward,snaive168,28,0.1722846993248547,0.3417512619067663,15.800394181913164,
Hog_assembly_Jasmine,snaive168,28,0.0492444775823078,0.0651514880207929,4.91024252297915,
Hog_assembly_Letha,snaive168,28,0.1515939925881203,0.2637301092570698,14.15308262757606,
Hog_assembly_Maribel,snaive168,28,0.0658879809392625,0.0979081568068701,6.593434237259113,
Hog_assembly_Pedro,snaive168,28,0.4781966230025329,0.6716829620901061,61.15843111760396,
Hog_education_Beth,snaive168,28,0.056816167856168,0.0791452351447579,5.464259661190279,
Hog_education_Bruno,snaive168,28,0.0281947582252667,0.037817725810617,2.768963810528963,
Hog_education_Caridad,snaive168,28,0.0783841832575915,0.2133240128204045,7.454540650038047,
Hog_education_Casandra,snaive168,28,0.3084123867554941,0.4337403037009883,29.84049996250513,
Hog_education_Cathleen,snaive168,28,0.0499166270633771,0.0719500944441085,5.038329580345547,
Hog_education_Darryl,snaive168,28,0.1619167190793295,0.2228433010750975,15.665406662702056,
Hog_education_Donnie,snaive168,28,0.6380694791198744,0.8958769567182318,73.13491917955929,
Hog_education_George,snaive168,28,0.0388040447629776,0.0516726037089688,3.8112531153642006,
Hog_education_Hallie,snaive168,28,0.0343332443059666,0.0417714994783313,3.4272415853271023,
Hog_education_Haywood,snaive168,28,0.0238074802992908,0.035779746208113,2.393452523371998,
Hog_education_Janell,snaive168,28,0.189135690953485,0.247015529686343,18.573474126220383,
Hog_education_Jared,snaive168,28,0.1401747654795423,0.2075200142028876,13.993535350418249,
Hog_education_Jewel,snaive168,28,0.283020973843908,0.3512646329005344,34.06217921540286,
Hog_education_Jordan,snaive168,28,0.1126293729654237,0.1610758382563382,12.415244240409848,
Hog_education_Josh,snaive168,28,0.1502987839377475,0.1978537381402404,15.034041385993484,
Hog_education_Leandro,snaive168,28,0.038858561535494,0.047936475755379,3.8702198207764575,
Hog_education_Luvenia,snaive168,28,0.168058038802561,0.2148869774765557,16.525864255747607,
Hog_education_Madge,snaive168,28,0.0977435942843934,0.1247852102173557,11.018432212118544,
Hog_education_Odell,snaive168,28,0.0419606257012113,0.0601445653975007,4.066887157368574,
Hog_education_Rachael,snaive168,28,0.1000889783992552,0.1373886557698983,10.420422399080396,
Hog_education_Robert,snaive168,28,0.1328020929741046,0.1708099597379359,14.91414533698944,
Hog_education_Roberto,snaive168,28,0.0487790659544855,0.0671481079746503,5.5563814621091785,
Hog_education_Sonia,snaive168,28,0.0205057079600491,0.0295707641273284,1.9810218792049472,
Hog_education_Wayne,snaive168,28,0.0542395887617103,0.0752939451662889,5.309720821297505,
Hog_food_Morgan,snaive168,28,0.1032283113797891,0.137724043635797,11.266543189476492,
Hog_health_Hisako,snaive168,28,0.0293218871376889,0.0397455343049503,3.021787012290649,
Hog_health_Jenny,snaive168,28,0.0620728032702168,0.075083520396673,6.413591340283493,
Hog_health_Kesha,snaive168,28,0.0311174189971249,0.0400749690002397,3.111712620814647,
Hog_industrial_Jay,snaive168,28,0.0825034886301631,0.1409327650516149,7.694769325652675,
Hog_industrial_Jeremy,snaive168,28,0.2080103935166682,0.3536512701910165,22.109690744271354,
Hog_industrial_Joanne,snaive168,28,0.1781335240362743,0.3041691846364857,17.135478420186992,
Hog_industrial_Mariah,snaive168,28,0.163792115851472,0.2335685926230725,15.153558651470997,
Hog_industrial_Quentin,snaive168,28,0.2372801382665003,0.3945058639540661,21.01488114276889,
Hog_lodging_Brian,snaive168,28,0.0770851582660574,0.0998339462321268,7.610508791847363,
Hog_lodging_Celeste,snaive168,28,0.1119264507344005,0.1398920963597187,11.67075617497141,
Hog_lodging_Edgar,snaive168,28,,,0.0,
Hog_lodging_Francisco,snaive168,28,0.0594768400920136,0.0772356933008339,6.086662434659194,
Hog_lodging_Hal,snaive168,28,0.1237707636346045,0.1973370865033377,12.49268206001216,
Hog_lodging_Mauricio,snaive168,28,0.1493358703209045,0.1882134532812302,15.035660634905282,
Hog_lodging_Nikki,snaive168,28,0.1087855517642,0.1779401388050623,10.40928120100463,
Hog_lodging_Ora,snaive168,28,0.1117806144138635,0.1453960688423378,12.821838160365104,
Hog_lodging_Retha,snaive168,28,0.1343492643654953,0.1848667748434583,13.72372276297192,
Hog_lodging_Shanti,snaive168,28,0.2555796301100205,0.3420280531666462,25.18088604128582,
Hog_lodging_Shonda,snaive168,28,0.0617883784844915,0.0841861753764876,5.919649526033682,
Hog_office_Alexis,snaive168,28,0.3642069510258961,0.548543842204459,31.77663833758856,
Hog_office_Alisha,snaive168,28,0.0881952034187614,0.1104342130269716,9.07974448018186,
Hog_office_Almeda,snaive168,28,0.132259989493959,0.2008266036277904,12.171364532149608,
Hog_office_Bessie,snaive168,28,0.0690609951845906,0.0940057852970008,6.7641203761455495,
Hog_office_Betsy,snaive168,28,0.420776659436494,0.5992230812813696,43.22045073315889,
Hog_office_Bill,snaive168,28,0.3354630802934298,0.4296589644722211,39.11371341383263,
Hog_office_Bryan,snaive168,28,0.0781612391076902,0.1000250389624468,8.778564831187845,
Hog_office_Byron,snaive168,28,0.0133457386592266,0.0170594429218783,1.3142343907633178,
Hog_office_Candi,snaive168,28,0.1179410309246937,0.1746145219588542,12.74128419999016,
Hog_office_Carri,snaive168,28,0.0947727015753019,0.1295058830757031,9.107393583757688,
Hog_office_Catalina,snaive168,28,0.0868489412934665,0.1223261958524976,9.715520054947005,
Hog_office_Catharine,snaive168,28,0.3093457173254405,0.4668389266256711,30.41902482433507,
Hog_office_Charla,snaive168,28,0.0273756655241382,0.038052789305259,2.8540839144592307,
Hog_office_Clemencia,snaive168,28,0.0413230743850883,0.0511359291453146,4.102786689712708,
Hog_office_Concetta,snaive168,28,0.2804905239687848,0.5382162205949229,23.468929407114235,
Hog_office_Cordelia,snaive168,28,0.1320816228048681,0.199477306581079,12.794523581037312,
Hog_office_Corey,snaive168,28,0.090825694925785,0.1306145845239984,14.246287094258822,
Hog_office_Corie,snaive168,28,0.0639886700141624,0.1009668846863518,5.793778202649756,
Hog_office_Cornell,snaive168,28,0.1551629628661903,0.2121429342528904,16.81255821474079,
Hog_office_Cortney,snaive168,28,1.1737775686986889,2.603959110955525,10961.565825343989,
Hog_office_Darline,snaive168,28,0.043750472270612,0.0591966354149933,4.443171039936099,
Hog_office_Denita,snaive168,28,0.054664855233581,0.0734535534703314,6.428191132210513,
Hog_office_Elizbeth,snaive168,28,0.0287137434871245,0.0364980480133013,2.850807673277272,
Hog_office_Elke,snaive168,28,0.0617721047237491,0.079799513514618,6.685280126400224,
Hog_office_Elnora,snaive168,28,0.1179424584337801,0.1567376393079726,11.802976341391188,
Hog_office_Eloise,snaive168,28,0.0316435342451622,0.0982750667980025,5.189094074457637,
Hog_office_Elsy,snaive168,28,0.0930154670839327,0.1303759452069986,8.895659131240476,
Hog_office_Emmanuel,snaive168,28,0.0610444010438144,0.0829720107328174,5.878312659310164,
Hog_office_Garrett,snaive168,28,0.2848604727342693,0.3723371113663731,30.93695288576107,
Hog_office_Guadalupe,snaive168,28,0.074947474050613,0.1119991484195041,7.484063859922607,
Hog_office_Gustavo,snaive168,28,0.0224276255343038,0.0367629445948124,2.3288326514017337,
Hog_office_Joey,snaive168,28,0.3509221832470841,0.454706352614578,35.26174033433892,
Hog_office_Josefina,snaive168,28,0.0387342459787854,0.0544898439320132,3.7052857648477664,
Hog_office_Lanell,snaive168,28,0.0990140984182242,0.1403103908534574,9.649482432990258,
Hog_office_Lavon,snaive168,28,1.068291499983142,1.6266654355427796,558.3893882972984,
Hog_office_Leanne,snaive168,28,0.0263698189576818,0.0342013014909475,2.6334702071083886,
Hog_office_Leon,snaive168,28,0.1974017338823108,0.2931194298515912,23.00463548736024,
Hog_office_Lizzie,snaive168,28,0.140292254137231,0.1900192804241811,13.853356927898764,
Hog_office_Mack,snaive168,28,0.0590652246779828,0.0748048486876991,5.904552487467802,
Hog_office_Man,snaive168,28,0.0593108547303388,0.0750507128740793,6.093276259774473,
Hog_office_Mari,snaive168,28,0.2727324280412462,0.4740673324185027,24.50414294846201,
Hog_office_Marilyn,snaive168,28,0.1141484196182073,0.1539140396879122,11.007412829104252,
Hog_office_Marlena,snaive168,28,0.0422177549578702,0.0683379829111917,6.208802319860621,
Hog_office_Marlene,snaive168,28,0.0909012760467437,0.1194076056979029,9.616126525977934,
Hog_office_Mary,snaive168,28,0.0345846039937489,0.0458294038584897,3.832205338228364,
Hog_office_Merilyn,snaive168,28,0.1606151112794124,0.2032302398074295,17.55375867883795,
Hog_office_Migdalia,snaive168,28,0.1099044556539921,0.1532111413057394,11.359281281590365,
Hog_office_Mike,snaive168,28,0.1040596374123867,0.139917723750679,10.511216483107985,
Hog_office_Miriam,snaive168,28,0.1018060802349481,0.1376460398809431,10.522049506062263,
Hog_office_Myles,snaive168,28,0.1914967462613328,0.2800421594119106,19.607560413480066,
Hog_office_Nancie,snaive168,28,0.1026000584583223,0.1511988759669763,9.881644603114555,
Hog_office_Napoleon,snaive168,28,0.0507294663063652,0.0649175919077936,5.379480763338588,
Hog_office_Nia,snaive168,28,0.2418047955484895,0.3904132392855626,23.060833492398864,
Hog_office_Patrick,snaive168,28,0.1763802136057813,0.229814528771738,18.247841361126333,
Hog_office_Randi,snaive168,28,0.1779132567734987,0.348468972842861,14.414993390865266,
Hog_office_Richelle,snaive168,28,0.0358818194591601,0.0458410727659765,3.651947855911192,
Hog_office_Roger,snaive168,28,0.0760139141125374,0.1409395587055585,9.97463521361801,
Hog_office_Rolando,snaive168,28,0.018226199017994,0.0222564273748065,1.8292230693898188,
Hog_office_Sarah,snaive168,28,0.0386703115578118,0.0490285950788034,3.952248057658614,
Hog_office_Shawna,snaive168,28,0.0529385838157164,0.0706543901453027,6.631285025764794,
Hog_office_Shawnna,snaive168,28,0.1282124334150726,0.1804375005779059,12.14113931271765,
Hog_office_Sherrie,snaive168,28,0.1004609040083274,0.1362191005870764,12.053756408527637,
Hog_office_Shon,snaive168,28,0.0370078656419376,0.0502581509998663,3.704141537373528,
Hog_office_Simon,snaive168,28,0.0973763874873864,0.1297867026143938,11.291108562996738,
Hog_office_Sonny,snaive168,28,0.1356110502585284,0.1836090742489989,13.33542799638116,
Hog_office_Sung,snaive168,28,0.0516474590467611,0.066658055429213,5.073407904525388,
Hog_office_Sydney,snaive168,28,0.0350738223765237,0.0444929888906207,3.496117517179319,
Hog_office_Terry,snaive168,28,0.4760463775392134,0.6585959703336621,60.47816155216717,
Hog_office_Thomas,snaive168,28,0.3083416087388282,0.7420750644559583,76.33269349073133,
Hog_office_Valda,snaive168,28,0.1183100662983963,0.1484557520708844,12.661099473420462,
Hog_office_Vera,snaive168,28,0.0747466996347927,0.0950894506703855,8.776761229263899,
Hog_other_Noma,snaive168,28,0.0487930793794648,0.0664682717177618,4.874796633024864,
Hog_other_Tobias,snaive168,28,0.1545479166157775,0.2197137133383244,15.426093702847298,
Hog_parking_Antoinette,snaive168,28,0.1713984270093995,0.2286250017995008,16.48198839337717,
Hog_parking_Bernardo,snaive168,28,0.0479778685285206,0.0649848170997807,4.747684877673475,
Hog_parking_Cliff,snaive168,28,0.154218519999235,0.2290593489956678,15.00465076204579,
Hog_parking_Jean,snaive168,28,0.4865739925727472,0.9526539902295054,26.97336286993465,
Hog_parking_Jeana,snaive168,28,0.24221430334433,0.3991073619364035,21.40938989145112,
Hog_parking_Marcus,snaive168,28,0.1045878207222148,0.1300822598513998,10.071027665271917,
Hog_parking_Shannon,snaive168,28,0.1671719381330178,0.2559909642476074,13.849763599899886,
Hog_public_Brad,snaive168,28,0.0612611540324504,0.0781631926321218,6.29144903143779,
Hog_public_Crystal,snaive168,28,0.1386622787545933,0.2087963842333969,12.756712335215312,
Hog_public_Gerard,snaive168,28,0.0350520784480183,0.0452623376110115,3.78236009606277,
Hog_public_Kevin,snaive168,28,0.342467537682985,0.6778362107676627,33.05311020530072,
Hog_public_Octavia,snaive168,28,0.0395450577995362,0.0570214030837821,4.004228060621495,
Hog_science_Max,snaive168,28,0.019807118861586,0.0257782117714856,1.9588637558702373,
Hog_services_Adrianna,snaive168,28,0.1216683979454407,0.181413958625796,10.83768079235127,
Hog_services_Joe,snaive168,28,0.1620070591858992,0.216171443258397,17.00968219537216,
Hog_services_Kerrie,snaive168,28,0.1129247599207767,0.1676439450927757,10.952783790616609,
Hog_services_Marshall,snaive168,28,0.171527495632331,0.2218751866437787,17.85158717897328,
Hog_warehouse_Louise,snaive168,28,0.1805656272661348,0.2827578457835228,20.278051601444304,
Hog_warehouse_Porsha,snaive168,28,0.0546876294457456,0.1593794958398019,20.007264911904027,
Hog_warehouse_Rosanna,snaive168,28,0.1204762113145415,0.2155240601799882,11.526389671981285,
Lamb_assembly_Bertie,snaive168,28,0.4062441751347079,0.6250499472628117,44.08129341154079,
Lamb_assembly_Cesar,snaive168,28,0.0,0.0,0.0,
Lamb_assembly_Cherie,snaive168,28,0.0662288016962057,0.0957100572642908,7.542660703652364,
Lamb_assembly_Corliss,snaive168,28,0.0,0.0,0.0,
Lamb_assembly_Dillon,snaive168,28,0.3116494529058665,0.8165333685677758,31.63900874387564,
Lamb_assembly_Dorathy,snaive168,28,0.0,0.0,0.0,
Lamb_assembly_Dorothy,snaive168,28,0.1237018736461084,0.2051993802237945,11.551708701500738,
Lamb_assembly_Elinor,snaive168,28,0.5516871974180969,1.1267272392029182,108.65847763632132,
Lamb_assembly_Isa,snaive168,28,0.0,0.0,0.0,
Lamb_assembly_Jerry,snaive168,28,0.5952900330363461,1.1258223526982485,3831.606524923551,
Lamb_assembly_Katelyn,snaive168,28,0.3721044175740868,0.6215875203596688,34.50520237784566,
Lamb_assembly_Kurt,snaive168,28,0.0,0.0,0.0,
Lamb_assembly_Librada,snaive168,28,0.1718610126717989,0.3352194948871876,17.028970299184003,
Lamb_assembly_Louis,snaive168,28,0.3666408154477624,0.6543293499798652,138.535458176644,
Lamb_assembly_Nicole,snaive168,28,0.0,0.0,0.0,
Lamb_assembly_Ossie,snaive168,28,0.0,0.0,0.0,
Lamb_assembly_Rosa,snaive168,28,0.5115777397550179,1.0530328163850675,187.3851870063191,
Lamb_assembly_Steven,snaive168,28,0.0,0.0,0.0,
Lamb_assembly_Tasha,snaive168,28,0.0,0.0,0.0,
Lamb_assembly_Tawana,snaive168,28,0.0,0.0,0.0,
Lamb_assembly_Theresa,snaive168,28,0.0,0.0,0.0,
Lamb_assembly_Walter,snaive168,28,0.0,0.0,0.0,
Lamb_education_Aldo,snaive168,28,0.0,0.0,0.0,
Lamb_education_Antonio,snaive168,28,0.1517635008117297,0.3227819362578331,17.559546399549824,
Lamb_education_Armando,snaive168,28,0.1221281929715074,0.2935474325005646,13.962342108165483,
Lamb_education_Augustine,snaive168,28,0.0,0.0,0.0,
Lamb_education_Bert,snaive168,28,0.1805811661473898,0.4751491650792028,27.002292704584608,
Lamb_education_Bettye,snaive168,28,0.0,0.0,0.0,
Lamb_education_Carlton,snaive168,28,0.1789349994915656,0.3491979944648947,24.202260922565657,
Lamb_education_Chet,snaive168,28,0.0,0.0,0.0,
Lamb_education_Daniel,snaive168,28,0.1435021176115355,0.3587987717872886,19.19770671406582,
Lamb_education_Darrel,snaive168,28,0.1039963611367359,0.2497097993151026,14.058118818745015,
Lamb_education_Debby,snaive168,28,0.0,0.0,0.0,
Lamb_education_Dolly,snaive168,28,0.4793694582482318,1.0713848245526472,3577.437374960447,
Lamb_education_Domitila,snaive168,28,0.1085980227535576,0.2387435778531783,12.42456512551842,
Lamb_education_Dwayne,snaive168,28,0.1596590730375675,0.4188647437905541,22.6888392735335,
Lamb_education_Ellen,snaive168,28,0.0,0.0,0.0,
Lamb_education_Emery,snaive168,28,0.4872339592415886,0.9304380926794158,4004.061586562348,
Lamb_education_Emilie,snaive168,28,0.2043106390581177,0.4006071521985406,32.47199667057728,
Lamb_education_Eula,snaive168,28,0.0,0.0,0.0,
Lamb_education_Faith,snaive168,28,0.1709180130549512,0.4115477058166978,23.339502543276204,
Lamb_education_Felicia,snaive168,28,0.5488702183413684,0.9361677933446696,3475.550217712761,
Lamb_education_Felipe,snaive168,28,0.1517232030863488,0.3261074075890181,19.41048420499641,
Lamb_education_Fred,snaive168,28,0.1861429954363158,0.4246754791681453,25.41267185179839,
Lamb_education_Freddy,snaive168,28,0.0,0.0,0.0,
Lamb_education_Gabriel,snaive168,28,0.0,0.0,0.0,
Lamb_education_Gabrielle,snaive168,28,0.3406749143697118,0.5779702315843126,69.31521058193016,
Lamb_education_Garry,snaive168,28,0.0,0.0,0.0,
Lamb_education_Harold,snaive168,28,0.0,0.0,0.0,
Lamb_education_Heidi,snaive168,28,0.5468676997782372,1.1661116254518715,4404.083541822826,
Lamb_education_Hellen,snaive168,28,0.2045167673046088,0.3968841955864621,21.7280379188658,
Lamb_education_Hilary,snaive168,28,0.0,0.0,0.0,
Lamb_education_Hillary,snaive168,28,0.0,0.0,0.0,
Lamb_education_Hubert,snaive168,28,0.0,0.0,0.0,
Lamb_education_Hui,snaive168,28,0.0,0.0,0.0,
Lamb_education_Ira,snaive168,28,0.0,0.0,0.0,
Lamb_education_Isabelle,snaive168,28,0.0,0.0,0.0,
Lamb_education_Jane,snaive168,28,0.5653630461226731,1.2351237846205976,4688.941322293451,
Lamb_education_Junior,snaive168,28,0.1519866963153636,0.3267125577450401,20.49760157015121,
Lamb_education_Kasha,snaive168,28,0.0,0.0,0.0,
Lamb_education_Kayla,snaive168,28,0.4846994204763578,0.9434802336423224,3303.8321475000303,
Lamb_education_Larissa,snaive168,28,0.0,0.0,0.0,
Lamb_education_Lawrence,snaive168,28,0.1549601792235248,0.4141386427899728,23.63172258015,
Lamb_education_Lazaro,snaive168,28,0.0,0.0,0.0,
Lamb_education_Lemuel,snaive168,28,0.0,0.0,0.0,
Lamb_education_Leopoldo,snaive168,28,0.0,0.0,0.0,
Lamb_education_Logan,snaive168,28,0.7060637773866586,1.231506511514429,4060.179051856696,
Lamb_education_Lucas,snaive168,28,0.2119520462851413,0.4555596392158264,32.38083489279172,
Lamb_education_Luz,snaive168,28,0.1360325080142403,0.2855339329399238,13.496720593762925,
Lamb_education_Mae,snaive168,28,0.2140085426851134,0.4244036820320005,58.97880537207898,
Lamb_education_Manuel,snaive168,28,0.0,0.0,0.0,
Lamb_education_Marc,snaive168,28,,,0.0,
Lamb_education_Maritza,snaive168,28,0.1184894741256395,0.3067839801697412,14.67550242256632,
Lamb_education_Marty,snaive168,28,0.0,0.0,0.0,
Lamb_education_Maxwell,snaive168,28,0.0,0.0,0.0,
Lamb_education_Mckenzie,snaive168,28,0.1530542200401771,0.2903803393228089,17.55735646367883,
Lamb_education_Moses,snaive168,28,0.1899201833412359,0.461055524165438,27.98659665289686,
Lamb_education_Nathan,snaive168,28,0.0,0.0,0.0,
Lamb_education_Nichol,snaive168,28,0.0,0.0,0.0,
Lamb_education_Norris,snaive168,28,0.192628295547571,0.4211107472938116,25.997240288948905,
Lamb_education_Patsy,snaive168,28,0.0,0.0,0.0,
Lamb_education_Phil,snaive168,28,0.0,0.0,0.0,
Lamb_education_Philomena,snaive168,28,0.1280145169199694,0.2514951420352395,13.797570277666557,
Lamb_education_Princess,snaive168,28,0.0,0.0,0.0,
Lamb_education_Randal,snaive168,28,0.1640536711923217,0.3923986226830521,18.76429956303605,
Lamb_education_Rick,snaive168,28,0.0,0.0,0.0,
Lamb_education_Robin,snaive168,28,0.1443134281000781,0.2657207360579049,17.51597135073398,
Lamb_education_Rodrigo,snaive168,28,0.1079758357843159,0.2256652270046823,13.135156699358644,
Lamb_education_Ruben,snaive168,28,0.0,0.0,0.0,
Lamb_education_Sabrina,snaive168,28,0.216378935151603,0.513287785656447,84.4946831096701,
Lamb_education_Salvador,snaive168,28,0.4575384216644822,1.0234670423172123,3599.4208220738265,
Lamb_education_Sara,snaive168,28,0.1507492339830777,0.3328831760573622,19.129192384641676,
Lamb_education_Stefan,snaive168,28,0.0,0.0,0.0,
Lamb_education_Sunny,snaive168,28,0.2301718873797269,0.452375208613639,37.27595139356221,
Lamb_education_Sylvester,snaive168,28,0.2109143976343177,0.4713938912401806,38.20902979179056,
Lamb_education_Terina,snaive168,28,0.1316091733639554,0.2948586704040177,242.31028815204945,
Lamb_education_Traci,snaive168,28,0.3181978798586572,0.5740655443720916,239.0973093035698,
Lamb_education_Vaughn,snaive168,28,0.1768817160782629,0.3623815535535835,21.85733290134209,
Lamb_education_Wanda,snaive168,28,0.0,0.0,0.0,
Lamb_education_Wilbert,snaive168,28,0.0,0.0,0.0,
Lamb_education_Williams,snaive168,28,0.1763134163110056,0.3560427865582218,22.12698685517862,
Lamb_food_Sylvia,snaive168,28,0.0,0.0,0.0,
Lamb_health_Ken,snaive168,28,0.166822952697009,0.2257001630492552,17.378061987545166,
Lamb_industrial_Carla,snaive168,28,0.148064112903532,0.3389950727813899,18.497114347366484,
Lamb_industrial_Enrique,snaive168,28,0.7751846559875106,1.133203796170372,81.21653214013584,
Lamb_industrial_Venessa,snaive168,28,0.0,0.0,0.0,
Lamb_industrial_Willard,snaive168,28,0.0,0.0,0.0,
Lamb_lodging_Burt,snaive168,28,0.0,0.0,0.0,
Lamb_lodging_Harley,snaive168,28,0.0,0.0,0.0,
Lamb_office_Bertha,snaive168,28,0.3140904631243107,0.6266464866020011,28.005431517535577,
Lamb_office_Caitlin,snaive168,28,0.3513758467266834,0.7880794206022769,33.67303360724754,
Lamb_office_Callie,snaive168,28,0.0,0.0,0.0,
Lamb_office_Gerardo,snaive168,28,0.0,0.0,0.0,
Lamb_office_Jo,snaive168,28,0.0,0.0,0.0,
Lamb_office_Maggie,snaive168,28,0.0,0.0,0.0,
Lamb_office_Raymond,snaive168,28,0.0,0.0,0.0,
Lamb_office_Stefani,snaive168,28,0.0,0.0,0.0,
Lamb_office_Vasiliki,snaive168,28,0.0425784465026336,0.067571568297239,4.127595053814368,
Lamb_office_Velma,snaive168,28,0.1344154487354503,0.1809931940959311,13.916747570916026,
Lamb_office_William,snaive168,28,0.0,0.0,0.0,
Lamb_other_Katharina,snaive168,28,0.0,0.0,0.0,
Lamb_other_Minerva,snaive168,28,0.6455733839046834,0.934304031976402,3995.48536688962,
Lamb_public_Angeline,snaive168,28,0.0,0.0,0.0,
Lamb_public_Grace,snaive168,28,0.3666036502707031,0.7955345740870293,30.9455070853459,
Lamb_public_Gracie,snaive168,28,0.0,0.0,0.0,
Lamb_public_Nyla,snaive168,28,0.0,0.0,0.0,
Lamb_public_Vania,snaive168,28,0.3954670690508335,0.5733901150251168,61.74759157913705,
Lamb_warehouse_Allan,snaive168,28,0.4678149599383127,0.8854838613819404,3651.197244872704,
Moose_education_Abbie,snaive168,28,0.0352462408319693,0.0966303169985662,3.5320255506367557,
Moose_education_Clark,snaive168,28,0.0928573938558584,0.1991542698765568,9.182384191853236,
Moose_education_Florence,snaive168,28,0.1031972785355577,0.2523618064574519,10.918471977906414,
Moose_education_Gladys,snaive168,28,0.0648407171796328,0.1157426449850208,6.7565931359123805,
Moose_education_Leland,snaive168,28,0.0568875580142505,0.1499655285644174,5.63097573963544,
Moose_education_Lori,snaive168,28,0.0581442057983902,0.0734680598493278,5.741390139370027,
Moose_education_Maria,snaive168,28,0.0172773480816111,0.0232243926377483,1.7482635786011185,
Moose_education_Marina,snaive168,28,0.0801150750044741,0.1135182004809909,8.050028330576385,
Moose_education_Marlon,snaive168,28,0.1201638016579186,0.170410219255652,13.09157901849271,
Moose_education_Rene,snaive168,28,0.1096259125207315,0.3061004799334074,10.879829683985594,
Moose_education_Ricardo,snaive168,28,0.0641121362114525,0.10227578466425,6.585886912013009,
Mouse_health_Estela,snaive168,28,0.3777083296960385,0.723177926040146,3489.3304643753813,
Mouse_health_Ileana,snaive168,28,0.4137041913539609,0.7843009560448244,3551.314028056272,
Mouse_health_Justin,snaive168,28,0.4652483390588784,0.7341186081898978,3531.258968918644,
Mouse_health_Modesto,snaive168,28,0.4319407166036891,0.738797372393088,3615.6297579307543,
Mouse_lodging_Vicente,snaive168,28,0.4511041009463722,0.7535292193485811,3500.5347396582183,
Panther_assembly_Carrol,snaive168,28,0.3014230482112798,0.6012028203517471,37.86037450658976,
Panther_assembly_David,snaive168,28,0.3183321001697363,0.7834412418456639,29.216336383192825,
Panther_assembly_Denice,snaive168,28,0.1299337702941785,0.1548229642248206,13.32938134013268,
Panther_assembly_Gwyneth,snaive168,28,0.2031311425375961,0.3256479252223145,18.941106540929677,
Panther_assembly_Pamella,snaive168,28,0.1827528067439241,0.2242192071636248,20.519877095904583,
Panther_education_Alecia,snaive168,28,0.0578751728158086,0.0814357983353486,5.692552145082776,
Panther_education_Annetta,snaive168,28,0.0604432155157743,0.0836078101037394,6.0125336827821565,
Panther_education_Aurora,snaive168,28,0.0916600535248676,0.1184879349588518,11.14972713727794,
Panther_education_Cleopatra,snaive168,28,0.1951842821684486,0.2624607521503552,22.240989909875356,
Panther_education_Diann,snaive168,28,0.1646350043669413,0.2604850965409758,17.836792128970803,
Panther_education_Edna,snaive168,28,0.0522464777535689,0.0676962993060167,5.500253224641527,
Panther_education_Emily,snaive168,28,0.0830268180812436,0.1353999260905796,7.380827870557193,
Panther_education_Enriqueta,snaive168,28,0.0892292599127691,0.1647090335153817,8.899538345618236,
Panther_education_Genevieve,snaive168,28,0.0970645428128287,0.1663273511795122,9.374259620255462,
Panther_education_Gina,snaive168,28,0.0206632617864863,0.0274230285777984,2.0577660860887037,
Panther_education_Hugh,snaive168,28,0.0421354261884904,0.0639096032745748,4.372371691060652,
Panther_education_Ivan,snaive168,28,0.0614968190884993,0.1037187965630989,5.502970220315212,
Panther_education_Janis,snaive168,28,0.2877317767075838,0.3914869343677991,30.110274741676967,
Panther_education_Jerome,snaive168,28,0.0199613369610935,0.0307764114753833,2.01878862684086,
Panther_education_Jonathan,snaive168,28,0.2132147846951731,0.2556772520909192,21.439746147605707,
Panther_education_Karri,snaive168,28,0.0669730807789385,0.1705036547645788,6.696586670438691,
Panther_education_Mattie,snaive168,28,0.3816601373832451,0.4846157747503795,56.22314238538026,
Panther_education_Misty,snaive168,28,0.1405749438863321,0.2381298063540239,21.120626242493884,
Panther_education_Mohammad,snaive168,28,0.0869337863256822,0.1090172565262152,8.991240582536946,
Panther_education_Neal,snaive168,28,0.1524070196054471,0.2635494032980008,15.626321081478906,
Panther_education_Quintin,snaive168,28,0.0729787568501099,0.1236605976313655,6.530812101378519,
Panther_education_Rosalie,snaive168,28,0.1303334772424261,0.1782582677443628,15.264342179709578,
Panther_education_Scarlett,snaive168,28,0.2318236073871034,0.3610623538546048,23.90599275351796,
Panther_education_Shelton,snaive168,28,0.0814669658724677,0.1288670882498536,7.385260931186837,
Panther_education_Sophia,snaive168,28,0.0269640315325478,0.0412222040845253,2.763754099439175,
Panther_education_Teofila,snaive168,28,0.0655271939110358,0.1002976416759257,6.327319211410683,
Panther_education_Tina,snaive168,28,0.3698478080137919,0.478376380295878,64.41703808121686,
Panther_education_Vincent,snaive168,28,0.0331245681794646,0.043239754262157,3.7404340847831854,
Panther_education_Violet,snaive168,28,0.0776993586969793,0.0998888654209906,7.944281482203812,
Panther_education_Zelda,snaive168,28,0.0521056930645731,0.0722915659505649,5.248571408873332,
Panther_lodging_Alita,snaive168,28,0.1420697037287888,0.1836779006004992,14.929706014154998,
Panther_lodging_Anastasia,snaive168,28,0.1750778990714663,0.2187499627654292,17.467803381978587,
Panther_lodging_Awilda,snaive168,28,0.0673946875624706,0.082971821749169,6.583723994714272,
Panther_lodging_Blaine,snaive168,28,0.1704357071357867,0.2136437101761514,20.2920913822867,
Panther_lodging_Cora,snaive168,28,0.0420928871036054,0.0561425800074025,4.208072841211774,
Panther_lodging_Cornelia,snaive168,28,0.1493451815634467,0.1878453977717364,16.835224175848186,
Panther_lodging_Dianna,snaive168,28,0.1549077540060135,0.1900223229538361,15.561642650456456,
Panther_lodging_Edison,snaive168,28,0.1615941377310835,0.2111871587493824,17.189030241420237,
Panther_lodging_Edmond,snaive168,28,0.1627934243459481,0.2060419058082902,17.854008984206693,
Panther_lodging_Else,snaive168,28,0.1380212544903669,0.1976569504963071,12.469317526017711,
Panther_lodging_Fausto,snaive168,28,0.1290074506505222,0.1911376804942082,11.823731624612083,
Panther_lodging_Floyd,snaive168,28,0.1445881717355758,0.1755707738505603,16.38579737121793,
Panther_lodging_Gale,snaive168,28,0.0592061313712319,0.0766743172023068,5.742350212002932,
Panther_lodging_Hattie,snaive168,28,0.1185377049354479,0.1528192538747021,13.419361127467244,
Panther_lodging_Jana,snaive168,28,0.1621116555257003,0.2101058554672946,19.98687556660032,
Panther_lodging_Janice,snaive168,28,0.1538243725670053,0.1903753357478641,15.495952969417438,
Panther_lodging_Jorge,snaive168,28,0.1354584815886757,0.1641760795640263,15.359728259651131,
Panther_lodging_Kaitlin,snaive168,28,0.1503965616991312,0.1887555780201624,17.090179642106644,
Panther_lodging_Kara,snaive168,28,0.0517961398552696,0.068166614075708,5.231461600458852,
Panther_lodging_Kirk,snaive168,28,0.0611661205098648,0.0821714986626587,6.094169658456546,
Panther_lodging_Marisol,snaive168,28,0.0474534058210784,0.060037553293063,4.756368787650421,
Panther_lodging_Myrtle,snaive168,28,0.1505289980038449,0.191881172214607,15.68861308497793,
Panther_lodging_Russell,snaive168,28,0.1405748178575347,0.1978260780134364,12.725731635313418,
Panther_lodging_Sonja,snaive168,28,0.1913741797378693,0.2305935747063307,21.12689943263433,
Panther_lodging_Teresita,snaive168,28,0.1438820487193019,0.1857345066649163,17.734477675206538,
Panther_lodging_Tracie,snaive168,28,0.1325625097938829,0.1709978875395001,15.269082435433068,
Panther_lodging_Willa,snaive168,28,0.0703912816470629,0.1055619094389092,6.593858404595025,
Panther_office_Antonette,snaive168,28,0.1162572742421149,0.1442710996969081,11.381413741255644,
Panther_office_Brent,snaive168,28,0.3051693051804957,0.4328667708339888,30.351119537689748,
Panther_office_Catherine,snaive168,28,0.1423430537795222,0.2063393320734334,15.251864460999562,
Panther_office_Christian,snaive168,28,0.2484019066673491,0.3423853612761037,24.26450109328826,
Panther_office_Christin,snaive168,28,0.0792036388414644,0.1293390006221803,8.376081534981369,
Panther_office_Clementine,snaive168,28,0.0901183779215044,0.1229197910055683,9.186223905379142,
Panther_office_Danica,snaive168,28,0.2792100247207658,0.409032731137369,28.969942633831163,
Panther_office_Garth,snaive168,28,0.1149733092402343,0.192774345204554,13.875056028137788,
Panther_office_Graham,snaive168,28,0.0321413598727563,0.0421837242642067,3.356778170126075,
Panther_office_Hannah,snaive168,28,0.3187313867648148,0.4258201683927068,34.71256530214066,
Panther_office_Jeane,snaive168,28,0.2205620631079762,0.3490629493881705,22.883505362604208,
Panther_office_Jesus,snaive168,28,0.1159386081245901,0.161929269217414,12.171035398572752,
Panther_office_Karla,snaive168,28,0.1157658771901175,0.1954033940531135,10.170604226781958,
Panther_office_Kristen,snaive168,28,0.1741796878718311,0.2268897290445167,20.22118409570192,
Panther_office_Larry,snaive168,28,0.0989079073337521,0.1356232439907936,10.39403572685728,
Panther_office_Lauretta,snaive168,28,0.1087170765183081,0.1567676471760969,12.863314291596549,
Panther_office_Lavinia,snaive168,28,0.0805161384106092,0.1309602202067506,7.249119559980981,
Panther_office_Lois,snaive168,28,0.0960007601209959,0.1151816299913174,9.955154526637616,
Panther_office_Otto,snaive168,28,0.0585662381996379,0.0716344457906503,5.753234968065877,
Panther_office_Patti,snaive168,28,0.0819487676572214,0.1051805777566066,8.214017981102987,
Panther_office_Ruthie,snaive168,28,0.050044361429327,0.0638563475047501,5.037089067995656,
Panther_office_Shauna,snaive168,28,0.0794998815120754,0.1361105075877569,7.468913844104648,
Panther_office_Taryn,snaive168,28,0.0288403702681368,0.0379095193164944,3.011213539236604,
Panther_office_Valarie,snaive168,28,0.1634916969394328,0.2179409074933779,15.684351154255776,
Panther_other_Bethel,snaive168,28,0.1078325546952421,0.1377180765516527,10.841980564548956,
Panther_other_Bettie,snaive168,28,0.0598308278440281,0.076740721252973,5.947412263119442,
Panther_other_Lucina,snaive168,28,0.0253800751445914,0.0512704285616436,2.767141149513169,
Panther_other_Tyrone,snaive168,28,0.251246279595907,0.3467204863361101,44.70539019875835,
Panther_parking_Adela,snaive168,28,0.0699431555349733,0.1496324343191842,8.412358017858205,
Panther_parking_Alaina,snaive168,28,0.0287112846708911,0.0403955524293116,3.422088595164269,
Panther_parking_Asia,snaive168,28,0.0332738726419164,0.0695694487378526,3.9040110543565496,
Panther_parking_Charlene,snaive168,28,0.0561670663345942,0.0844305536350183,6.209077789167879,
Panther_parking_Jody,snaive168,28,0.1233098007156559,0.2116490238495841,232.137996738737,
Panther_parking_Lorriane,snaive168,28,0.0774504887310209,0.1194191951925884,7.591580959486994,
Panther_parking_Mellissa,snaive168,28,0.0574036892518425,0.0726375307134317,6.028631868270801,
Panther_parking_Stanley,snaive168,28,0.0165082775372746,0.0267224731111888,1.680854701271391,
Panther_retail_Felix,snaive168,28,0.1566388044801752,0.1918713535679223,18.13440285290174,
Panther_retail_Kristina,snaive168,28,0.0606349334547482,0.0843943686483091,6.301091310631063,
Panther_retail_Lester,snaive168,28,0.2140274634725999,0.283448721557939,24.387585050875536,
Panther_retail_Rachel,snaive168,28,0.1950908631071778,0.260089287703167,22.088219145194028,
Panther_retail_Romeo,snaive168,28,0.0387861460460216,0.055640237851672,3.882734368705598,
Peacock_assembly_Dena,snaive168,28,0.0548197421408742,0.0850906629865243,5.647725401684377,
Peacock_assembly_Mamie,snaive168,28,0.1132272075338683,0.1555881399739627,13.476759203262064,
Peacock_assembly_Russ,snaive168,28,0.0543952566795875,0.0764946286813388,5.509468175465424,
Peacock_assembly_Socorro,snaive168,28,0.2742459060897605,0.4153100459262003,27.02067343407333,
Peacock_education_Anita,snaive168,28,0.1534925627634439,0.2163471831170669,15.875969107318385,
Peacock_education_Bianca,snaive168,28,0.1008918178687077,0.1759323372628964,13.134200427603885,
Peacock_education_Dustin,snaive168,28,0.0719743410909271,0.0983959719408491,7.33874991373433,
Peacock_education_Forest,snaive168,28,0.0716563358294659,0.0975818188896818,7.123931899189809,
Peacock_education_Gilberto,snaive168,28,0.0392919621309559,0.051937755818478,3.882828598213666,
Peacock_education_Joshua,snaive168,28,0.0265607156120502,0.0346829838094347,2.6280111866075817,
Peacock_education_Karl,snaive168,28,0.0836426890243314,0.1108808783787565,8.225663877426994,
Peacock_education_Karyn,snaive168,28,0.0204258127193498,0.0302276371789429,2.059228648880668,
Peacock_education_Lucie,snaive168,28,0.0776320464883189,0.098596183730745,7.848274188762809,
Peacock_education_Lyle,snaive168,28,0.0525700213016329,0.0702108092789458,5.332609997255922,
Peacock_education_Ophelia,snaive168,28,0.0215891853109372,0.0294153006665372,2.172075720356993,
Peacock_education_Pasquale,snaive168,28,0.0386691164559912,0.0495980095868253,3.8572999071493177,
Peacock_education_Patience,snaive168,28,0.1256497758410793,0.1588718847448383,13.4536482103897,
Peacock_education_Robbie,snaive168,28,0.2062363374015658,0.2579589672722353,22.877113678510145,
Peacock_education_Shelly,snaive168,28,0.035129307120013,0.0498541473523412,3.439542944408059,
Peacock_education_Weldon,snaive168,28,0.0914931711704757,0.1296173312114177,10.026893166707785,
Peacock_education_Yolanda,snaive168,28,0.0531437611485125,0.0765984225066378,5.234989892166732,
Peacock_lodging_Chloe,snaive168,28,0.211525753772024,0.2689735199852607,21.784712877203315,
Peacock_lodging_Francesca,snaive168,28,0.1715722669334041,0.2149264990482434,17.563346923215015,
Peacock_lodging_Jamaal,snaive168,28,0.0916012994855267,0.1251093955141824,10.015654426580715,
Peacock_lodging_James,snaive168,28,0.1132837048967286,0.1457549357206574,11.251335098340505,
Peacock_lodging_Lou,snaive168,28,0.1118999284217498,0.1390114302852493,11.293919608625783,
Peacock_lodging_Mathew,snaive168,28,0.1355777611197066,0.1689261012397797,13.562776113303231,
Peacock_lodging_Matthew,snaive168,28,0.0750790104159061,0.0981598137988384,7.750368611235442,
Peacock_lodging_Nova,snaive168,28,0.2020810879458678,0.2574845830478274,31.24554571633421,
Peacock_lodging_Sergio,snaive168,28,0.1036575869291384,0.1440029425138748,10.66515620790813,
Peacock_lodging_Terrie,snaive168,28,0.1955142072544554,0.2537330911983901,20.098447803669472,
Peacock_lodging_Wes,snaive168,28,0.1198830235280807,0.1438182243384984,12.146782732416955,
Peacock_office_Annie,snaive168,28,0.164310848064582,0.2252503609686691,15.700251889461834,
Peacock_office_Burl,snaive168,28,0.0626357628121911,0.0908531164065337,6.200249384825318,
Peacock_office_Dara,snaive168,28,0.1289865440314272,0.1585084614712709,14.939048713755923,
Peacock_office_Effie,snaive168,28,0.0734403242127872,0.1012271892435094,7.4946426449098364,
Peacock_office_Elton,snaive168,28,0.0437473465122067,0.0589535813506025,4.435006607600694,
Peacock_office_Glenn,snaive168,28,0.1552408455785627,0.2333743576200503,14.68227773071556,
Peacock_office_Jonathon,snaive168,28,0.0757042247486545,0.1084325188676626,7.3619995746270845,
Peacock_office_Julian,snaive168,28,0.1594150688116542,0.2240287597865104,16.888118247092308,
Peacock_office_Major,snaive168,28,0.0409129341630202,0.0512993858819012,4.098402459604443,
Peacock_office_Naomi,snaive168,28,0.0675781427506595,0.1633143060201587,6.7338601020604445,
Peacock_office_Norman,snaive168,28,0.1133692302359311,0.1554295662051251,11.902917611492466,
Peacock_public_Kelvin,snaive168,28,0.0591040336315832,0.0788226540646737,6.06641457150139,
Rat_assembly_Adolfo,snaive168,28,0.2989648481494329,0.4461613305364627,29.485173620824884,
Rat_assembly_Aisha,snaive168,28,0.2654337591688352,0.3286387330274805,26.292305195959443,
Rat_assembly_Alex,snaive168,28,0.1503375568814265,0.2030470911688144,15.380737702103705,
Rat_assembly_Archie,snaive168,28,0.2864573422137646,0.3680188218819321,27.572199813793794,
Rat_assembly_Aubrey,snaive168,28,0.1059490050874499,0.1471523009563721,21.132880729390337,
Rat_assembly_Cristina,snaive168,28,0.2135635910628384,0.2930607492400714,34.6657363509253,
Rat_assembly_Damaris,snaive168,28,0.1810007507098191,0.3390446900661534,14.287139129155356,
Rat_assembly_Deandre,snaive168,28,0.2071005875374273,0.2736769454802979,21.064726238666523,
Rat_assembly_Donny,snaive168,28,0.3993895280582296,0.5980646559820435,98.6665282025632,
Rat_assembly_Dovie,snaive168,28,0.323173551600789,0.4153227646979712,40.99063288410682,
Rat_assembly_Erwin,snaive168,28,0.2969029989643493,0.4314681384984644,336.62856969200874,
Rat_assembly_Ezequiel,snaive168,28,0.5376228013459979,0.8607319545198558,55.1676614321576,
Rat_assembly_Francine,snaive168,28,0.2380092016933722,0.3205215740213981,25.053333239110117,
Rat_assembly_Frieda,snaive168,28,0.2006518422812423,0.254460445067223,20.73813299044971,
Rat_assembly_Gwen,snaive168,28,0.1950870547196228,0.2903778262180205,28.69857152990009,
Rat_assembly_Horace,snaive168,28,0.3509513339548161,0.4650777778082579,51.01251173692343,
Rat_assembly_Ida,snaive168,28,0.2470584600858341,0.3294603761396904,24.998506462194698,
Rat_assembly_Jamie,snaive168,28,0.3810605120459924,0.4906186410352348,46.4217598268217,
Rat_assembly_Jannie,snaive168,28,0.1233996186325251,0.6719274999085897,80.83485649034007,
Rat_assembly_Jennie,snaive168,28,0.0881970167183902,0.1393429320132051,26.0106131989634,
Rat_assembly_Kaitlyn,snaive168,28,0.3034040214886923,0.39411388736101,34.716633443916464,
Rat_assembly_Kelley,snaive168,28,0.2865966207581996,0.3792184898809893,95.98368757545217,
Rat_assembly_Kenya,snaive168,28,0.147609318298573,0.2021157574590269,14.881586734968172,
Rat_assembly_Kimberley,snaive168,28,0.1678719838100298,0.2020669234313921,17.335014982702194,
Rat_assembly_Kristine,snaive168,28,0.1916497045538775,0.2513226567127521,19.111269465587792,
Rat_assembly_Kristy,snaive168,28,0.165678615860483,0.3602901178219252,24.42610366070497,
Rat_assembly_Lillie,snaive168,28,0.1185328802718369,0.4250336505013444,28.305198850760053,
Rat_assembly_Michel,snaive168,28,0.1090148259932954,0.1335454436614639,11.068170584137626,
Rat_assembly_Mirta,snaive168,28,0.2778368759721294,0.33987191902671,29.64697740374205,
Rat_assembly_Monica,snaive168,28,0.2096676988144767,0.2598835090770033,21.12761361511249,
Rat_assembly_Pauline,snaive168,28,0.4620534035351636,1.0330721453222498,257.02064446928523,
Rat_assembly_Rolland,snaive168,28,0.2026966830078524,0.3325557772696455,269.32869777886134,
Rat_assembly_Rosemarie,snaive168,28,0.3418217842097501,0.508217859910662,36.33969323678161,
Rat_assembly_Ruth,snaive168,28,0.6479618329389544,0.9462499697194612,122.7256874934697,
Rat_assembly_Silvia,snaive168,28,0.1514032057133173,0.1956207707586658,17.079116171034634,
Rat_assembly_Suzanne,snaive168,28,0.2174707113902623,0.2933960490266498,24.559201270989597,
Rat_assembly_Teddy,snaive168,28,0.1950956468752908,0.2478280719211408,19.766581121831518,
Rat_assembly_Teodoro,snaive168,28,0.1797719371240382,0.2655531445389019,329.0631680582167,
Rat_assembly_Trent,snaive168,28,0.5520431443992304,0.6935700682440121,75.06109848018806,
Rat_assembly_Trudy,snaive168,28,0.2195866163393638,0.2929442029418967,25.9844413519763,
Rat_assembly_Victorina,snaive168,28,0.4712320514107843,0.7733160365596157,378.1741523673569,
Rat_assembly_Viola,snaive168,28,0.5478906032876657,0.8132027321498003,55.943747560776224,
Rat_education_Adell,snaive168,28,0.2757111803554901,0.3866528933425788,27.24057494003039,
Rat_education_Adrian,snaive168,28,0.2921649439058055,0.3575906464091027,35.47909050747529,
Rat_education_Alfonso,snaive168,28,0.2131661011711018,0.2748534689453133,21.432271331771396,
Rat_education_Alfred,snaive168,28,0.096687180861429,0.2002906231506342,9.375448215956498,
Rat_education_Barbara,snaive168,28,0.0618000658761528,0.1557878743364485,45.05546377281097,
Rat_education_Barney,snaive168,28,0.2519742460302321,0.293729492076376,26.96622143700654,
Rat_education_Beverly,snaive168,28,0.1534121595856913,0.2101562224688326,14.742635822712364,
Rat_education_Brett,snaive168,28,1.190252034566066,1.9652707071574769,171.63552066465246,
Rat_education_Bryant,snaive168,28,0.0807697158094406,0.1185970407472296,8.35996725598853,
Rat_education_Calvin,snaive168,28,0.0349051428869308,0.059502538510546,3.461118430944209,
Rat_education_Candida,snaive168,28,0.1798085712062383,0.2212138326241139,18.18905740255357,
Rat_education_Carmela,snaive168,28,0.1351604763558177,0.2076113703274233,11.829470945432629,
Rat_education_Cecil,snaive168,28,0.1668667603070553,0.2010557607361172,17.88038646584361,
Rat_education_Cedric,snaive168,28,0.185053758230453,0.2291495005847709,19.541357822605963,
Rat_education_Colin,snaive168,28,0.2643845613045364,0.3482366704092802,30.981254207125414,
Rat_education_Conrad,snaive168,28,0.5120711915334635,0.7240365102037845,56.71820775354354,
Rat_education_Dana,snaive168,28,0.2460298477530839,0.3142821004391405,25.387878114761115,
Rat_education_Dann,snaive168,28,0.3121342332357055,0.3908120557451487,31.76121215372521,
Rat_education_Davis,snaive168,28,0.2536353351842385,0.3640384517215652,25.466760208375085,
Rat_education_Deanna,snaive168,28,0.2306131651512021,0.3097682489547695,23.542202781778045,
Rat_education_Debra,snaive168,28,0.2286636709173456,0.3053220797443629,23.31287880141452,
Rat_education_Dreama,snaive168,28,0.0751378019503764,0.1147397585285637,8.319451299889149,
Rat_education_Earl,snaive168,28,0.1938350572809482,0.2601181115774728,24.09613369951727,
Rat_education_Earnest,snaive168,28,0.2162082033843901,0.2919868346970869,21.921427285383132,
Rat_education_Elisa,snaive168,28,0.2607654335130135,0.4186036661102014,31.330834554421266,
Rat_education_Elsie,snaive168,28,0.4770559317503134,0.7587242839118334,1548.62476936608,
Rat_education_Esther,snaive168,28,0.2242560941694939,0.2800582025732605,22.884964611098805,
Rat_education_Everett,snaive168,28,0.1373511112528017,0.1878889607676631,13.214523473917485,
Rat_education_Fernando,snaive168,28,0.222908881898883,0.2929203806408654,23.071721300727745,
Rat_education_Francisca,snaive168,28,0.1384635138000058,0.2154681249406776,13.72540491506768,
Rat_education_Gricelda,snaive168,28,0.3031291392715038,0.3692297760616432,42.64198380361756,
Rat_education_Guillermo,snaive168,28,0.3038270229208035,0.3577507141103225,31.608870724383987,
Rat_education_Humberto,snaive168,28,0.8288143060497267,1.1302416090330054,124.75441144049184,
Rat_education_Irma,snaive168,28,0.2695963558863579,0.3415943524359406,28.5707290372204,
Rat_education_Jacob,snaive168,28,0.1466102479270851,0.1875286211255854,15.447824204577232,
Rat_education_Jame,snaive168,28,0.1460415834614811,0.1883841935839917,14.6540091310214,
Rat_education_Jeanne,snaive168,28,0.236247801738932,0.3216131464885079,23.51336069823985,
Rat_education_Jena,snaive168,28,0.1437942142359767,0.1973158129096454,13.50038092861092,
Rat_education_Jesse,snaive168,28,0.1800050044320296,0.2457510293403126,17.882719392394655,
Rat_education_Kandice,snaive168,28,0.6509054571320593,0.8549880728717036,256.76880357634434,
Rat_education_Kathryn,snaive168,28,0.1310948745160224,0.1895105306372217,11.164590359653538,
Rat_education_Keith,snaive168,28,0.1455156101601213,0.1896693419145896,14.922717649284742,
Rat_education_Kelsey,snaive168,28,0.2052713728727122,0.2983326625596381,37.51200513075259,
Rat_education_Lee,snaive168,28,0.1323615140714852,0.1806589662406048,13.762127042820488,
Rat_education_Leonardo,snaive168,28,0.4235658452387307,0.6601038046186772,51.13426745808257,
Rat_education_Lincoln,snaive168,28,0.20897224595597,0.2699237785522279,20.54062251647261,
Rat_education_Liz,snaive168,28,0.2809231148552591,0.3583586146953423,32.530303827117585,
Rat_education_Lonnie,snaive168,28,0.3393388705262609,0.4597841214817422,36.12598905360328,
Rat_education_Lynn,snaive168,28,0.205784658296729,0.2659589255073171,21.817944610606087,
Rat_education_Marcos,snaive168,28,0.2119699412328503,0.2584041972262501,21.01951768154952,
Rat_education_Marianna,snaive168,28,0.2236873286371891,0.3287302237925215,21.650670552349784,
Rat_education_Maricela,snaive168,28,0.3627540968963425,0.4502975195084005,48.26659904596805,
Rat_education_Marvin,snaive168,28,0.6184106252816007,0.8442079411345005,94.860170136507,
Rat_education_Meghan,snaive168,28,0.3071216175043886,0.4332209088587974,30.75693624388664,
Rat_education_Milagros,snaive168,28,0.230829067427546,0.2986659241210279,25.407110564340684,
Rat_education_Mona,snaive168,28,0.1299539129832455,0.1863836605261859,12.090485176386348,
Rat_education_Morton,snaive168,28,0.2492142228473821,0.3207510701041342,26.32404336604146,
Rat_education_Mose,snaive168,28,0.2081631931902062,0.2955939163702453,21.76972431135403,
Rat_education_Nellie,snaive168,28,0.2101366404411982,0.3165301097878264,19.72348171438811,
Rat_education_Nona,snaive168,28,0.3213921597621624,0.4391061994168993,44.426724865580056,
Rat_education_Nydia,snaive168,28,0.1599263046208153,0.1979006574878143,16.153622834318796,
Rat_education_Pat,snaive168,28,0.0142091301570961,0.0364671859297298,1.4578973105316302,
Rat_education_Patty,snaive168,28,0.4281280671690228,0.5366212031192406,45.117248576145386,
Rat_education_Paula,snaive168,28,0.2148014002527834,0.2689209345597283,21.44929955922139,
Rat_education_Renee,snaive168,28,0.3435571698406664,0.4397665609812853,35.29723979359601,
Rat_education_Robyn,snaive168,28,0.3354828843244867,0.394363383322842,37.621479224486784,
Rat_education_Rogelio,snaive168,28,0.1768385913271745,0.2253056124947783,16.895944218786664,
Rat_education_Rosalyn,snaive168,28,0.1900242452415892,0.2356379658546336,19.875917742408543,
Rat_education_Royal,snaive168,28,0.1684968583901034,0.2281612199241324,17.508435805062362,
Rat_education_Salvatore,snaive168,28,0.1684825480868972,0.241919281236992,14.918108267528144,
Rat_education_Shellie,snaive168,28,0.2049212756322096,0.2575175927683839,21.500665245004484,
Rat_education_Sherwood,snaive168,28,0.2090081649967735,0.2683205687751342,21.74328586104845,
Rat_education_Sina,snaive168,28,0.1683920882903084,0.2315371516228732,16.937711008457825,
Rat_education_Stuart,snaive168,28,0.2531200995375292,0.3506731172457127,24.86223765825886,
Rat_education_Tania,snaive168,28,0.3007187954596406,0.4670332456389744,289.635589820252,
Rat_education_Terese,snaive168,28,0.1769761819616788,0.2265375503035291,17.461527020526233,
Rat_education_Theo,snaive168,28,0.1557489030485619,0.2533058436512486,15.342640745370389,
Rat_education_Tim,snaive168,28,0.2059339525044312,0.2663491763546869,20.235842787260445,
Rat_education_Tristan,snaive168,28,0.2092945729710977,0.373523710287514,22.77096833383016,
Rat_education_Ulrike,snaive168,28,0.1742999470271409,0.2278573532606279,17.77224001240591,
Rat_education_Verna,snaive168,28,0.2671183861497081,0.3435090741312837,27.02125615473776,
Rat_education_Vicky,snaive168,28,0.2553965323014582,0.3783222112481822,396.96880557705214,
Rat_education_Willie,snaive168,28,0.2012444316492844,0.2890013612203929,21.070565159179537,
Rat_education_Willy,snaive168,28,0.1803501189453451,0.3698950274791017,19.703992311826894,
Rat_education_Wilmer,snaive168,28,0.2340335242945045,0.2996364558923481,27.570926195124777,
Rat_education_Winnie,snaive168,28,0.1906401751765827,0.2511810580664713,18.929612474672396,
Rat_education_Yu,snaive168,28,0.1337722598444946,0.1696263379397524,13.739135704292485,
Rat_education_Zina,snaive168,28,0.2703364738307682,0.4063226081602168,26.05157940783454,
Rat_education_Zoe,snaive168,28,0.1774000170411624,0.2337355990606836,18.073689016458115,
Rat_health_Gaye,snaive168,28,0.2183120567884672,0.2802795383087028,22.7571066410312,
Rat_health_Guy,snaive168,28,0.120328839398248,0.1516428187645601,12.041266249280769,
Rat_health_Mildred,snaive168,28,0.2390316323690785,0.3024088167161332,24.887642072129143,
Rat_health_Rosaria,snaive168,28,0.2954282006023875,0.4027036625189976,29.27008959437365,
Rat_health_Shane,snaive168,28,0.1600785625812508,0.1955548914611407,16.47638607383745,
Rat_health_Tanya,snaive168,28,0.1677099659239526,0.2234502825669811,16.095792641286042,
Rat_lodging_Ardell,snaive168,28,0.2956651190613762,0.3827081400183782,30.22194280522492,
Rat_lodging_Ben,snaive168,28,0.2606769185774428,0.3073470338585422,28.934611115282205,
Rat_lodging_Christine,snaive168,28,0.3943665313216387,0.4809938330046773,42.94174258942464,
Rat_lodging_Dwight,snaive168,28,0.303968162496017,0.382570691000075,33.086238570706264,
Rat_lodging_Jeannette,snaive168,28,0.3568557776896141,0.4538836150009419,37.05898015330565,
Rat_lodging_Lorenzo,snaive168,28,0.6814686483693506,0.9581826878137936,360.4298524215629,
Rat_lodging_Marguerite,snaive168,28,0.2860459248044411,0.3418592390155012,30.573154524494186,
Rat_lodging_Marion,snaive168,28,0.1907354911662822,0.2455709604363808,19.000422744245327,
Rat_lodging_Ted,snaive168,28,0.7872866771834217,1.0856679109013592,314.0738004626278,
Rat_office_Adele,snaive168,28,0.1061160299720776,0.1652900792459737,13.07142647694382,
Rat_office_Annis,snaive168,28,0.2728868605236718,0.3548903601619892,26.37462940254964,
Rat_office_Arron,snaive168,28,0.1496777659734124,0.2111851505335182,14.733132006433689,
Rat_office_Avis,snaive168,28,0.1538080561395426,0.2516088550966804,15.93054125523953,
Rat_office_Chris,snaive168,28,0.1796638143906022,0.2280009604208528,20.03865846406847,
Rat_office_Colby,snaive168,28,0.12964964855884,0.1637535553600906,13.61172373776642,
Rat_office_Craig,snaive168,28,0.2344530851236602,0.2865085424266524,23.53850327757087,
Rat_office_Jacinta,snaive168,28,0.1445768218556801,0.1997357830170529,15.83917151201723,
Rat_office_Jamal,snaive168,28,0.0870506731262149,0.1590858850631272,9.435943281275836,
Rat_office_Jeannie,snaive168,28,0.3347534525226046,0.4226665635862562,38.43019693133693,
Rat_office_Jessica,snaive168,28,0.0642242415459549,0.084380751854603,6.567597400006185,
Rat_office_Jill,snaive168,28,0.1659203604309257,0.2932272889697989,19.496418927568183,
Rat_office_Kasey,snaive168,28,0.2439622124375754,0.4141347886157012,18.76811267994665,
Rat_office_Lora,snaive168,28,0.3955863164917581,0.624781870701084,41.16812393025063,
Rat_office_Loyd,snaive168,28,0.2097344588828503,0.2858127883249608,23.289870001501157,
Rat_office_Mei,snaive168,28,0.1425271350361482,0.1914956610849122,15.59819033978051,
Rat_office_Olivia,snaive168,28,0.1264637278434518,0.1861298270281386,13.005769329294766,
Rat_office_Ramiro,snaive168,28,0.1202024978103975,0.1457429828450513,12.111993055702373,
Rat_office_Randy,snaive168,28,0.0902615246942206,0.1401119895988143,8.502988751973458,
Rat_office_Ronald,snaive168,28,0.3237872400922899,0.402441182675926,57.84227709861606,
Rat_office_Rosemary,snaive168,28,0.2937513381569104,0.3685122293738745,33.28801214265241,
Rat_office_Sammy,snaive168,28,0.2907468071803662,0.3628658398766646,36.58596952028261,
Rat_office_Tracy,snaive168,28,0.2504099373708052,0.3200843158142561,25.900671457066757,
Rat_other_Al,snaive168,28,0.2440956266288481,0.3135974263545337,23.93404453446952,
Rat_other_Daphne,snaive168,28,0.3546300008272404,0.5011656548373182,37.3220274313722,
Rat_other_Hazel,snaive168,28,0.0409199268570547,0.0499476645251057,4.08569546907888,
Rat_other_Lan,snaive168,28,0.096154685057843,0.1290676412244669,10.215775266377088,
Rat_parking_Ronnie,snaive168,28,0.2914075370090548,0.4224936129750896,29.542753653645885,
Rat_public_Alanna,snaive168,28,0.2423928292001555,0.3175386820943773,30.667514343286744,
Rat_public_Allie,snaive168,28,0.2903216604005035,0.3687058120770615,30.190569340951097,
Rat_public_Allyson,snaive168,28,0.1742847492044689,0.2134424060280293,17.78379565456309,
Rat_public_Amber,snaive168,28,0.4688841348722777,0.6625296352678968,64.64459899325621,
Rat_public_Angelina,snaive168,28,0.3089017906261886,0.4085956258300205,36.729794185537536,
Rat_public_Angle,snaive168,28,0.1001009349700828,0.125191756355092,10.167347626329988,
Rat_public_Becky,snaive168,28,0.3320483160287446,0.4171029820622285,33.74662513249595,
Rat_public_Berry,snaive168,28,0.1622573640990435,0.2339497106533136,18.33332074968338,
Rat_public_Bronwyn,snaive168,28,0.1502251737448919,0.1970181602293723,14.818227215924807,
Rat_public_Carole,snaive168,28,0.371845390545009,0.4604362150085982,38.91048340757832,
Rat_public_Caroline,snaive168,28,0.3844597687417934,0.4524938753048159,41.34384783937848,
Rat_public_Chrissy,snaive168,28,0.2333931714620527,0.2833650792233128,24.46865507525116,
Rat_public_Clyde,snaive168,28,0.2056903483020971,0.2643863579106515,21.09644399516698,
Rat_public_Corinne,snaive168,28,0.2364059329406531,0.318217816052143,22.626338392844268,
Rat_public_Courtney,snaive168,28,0.2513648093985793,0.321642225812509,27.49806589678104,
Rat_public_Dalia,snaive168,28,0.1049152792477162,0.12978774122614,10.54899820177538,
Rat_public_Damon,snaive168,28,0.2621958731961303,0.3066402164436835,29.96730380439788,
Rat_public_Deidre,snaive168,28,0.2506145883447615,0.3231892920814485,24.958121835425587,
Rat_public_Desiree,snaive168,28,0.3091592279089493,0.3747883126250484,32.30711590103398,
Rat_public_Dexter,snaive168,28,0.2163903726512913,0.2725704686044566,21.91189329708027,
Rat_public_Duane,snaive168,28,0.352473540650257,0.5076376300724076,67.98144797107643,
Rat_public_Elmira,snaive168,28,0.3848569448383798,0.5209705984285127,37.72570222192277,
Rat_public_Emilee,snaive168,28,0.2604484933278442,0.3389305815216037,30.222179325895866,
Rat_public_Faye,snaive168,28,0.3132351123104534,0.3709165326360586,35.43146401933787,
Rat_public_Fern,snaive168,28,0.2691178338501558,0.3516072623485418,31.04298290825523,
Rat_public_Frank,snaive168,28,0.1532884209877462,0.2027072011681956,15.491043808448312,
Rat_public_Frederick,snaive168,28,0.1183295300893482,0.1434345189029011,12.020860666961257,
Rat_public_Fredrick,snaive168,28,0.666388145174233,1.2445060691132428,129.91704038936928,
Rat_public_Grover,snaive168,28,0.2248154082212219,0.2743250418276611,22.98758721962354,
Rat_public_Helena,snaive168,28,0.2785481020157361,0.3540008549142245,28.61074529400932,
Rat_public_Hortencia,snaive168,28,0.2048187924308081,0.2634502544544642,24.03375413008955,
Rat_public_Isabel,snaive168,28,0.1392282669982217,0.1710308871437544,14.439864489800293,
Rat_public_Jason,snaive168,28,0.3633413564591547,0.548808485632695,63.76063375977903,
Rat_public_Joann,snaive168,28,0.1278654834035555,0.1492077999556109,13.182270326539811,
Rat_public_Johnna,snaive168,28,0.0,0.0,0.0,
Rat_public_Johnny,snaive168,28,0.1655783232764466,0.2049223276627922,16.550663132647774,
Rat_public_Josiah,snaive168,28,0.4149073714950348,0.5317767335941785,39.6006566692736,
Rat_public_Julieann,snaive168,28,0.0660794975875009,0.1217392255596398,22.343323179561303,
Rat_public_Kathleen,snaive168,28,0.181872665136876,0.2297478762748158,18.8282110447168,
Rat_public_Kelle,snaive168,28,0.3232819052215068,0.4250973526368354,31.119989110933115,
Rat_public_Kelly,snaive168,28,0.2497683433264375,0.3029419538641046,25.521394295355517,
Rat_public_Kermit,snaive168,28,0.330476500844955,0.545114337255696,36.7812106644817,
Rat_public_Kimber,snaive168,28,0.4132265716984983,0.5683184839322704,83.56791069274423,
Rat_public_Laura,snaive168,28,0.2882301963207029,0.3885166137745393,28.660178888139587,
Rat_public_Laurie,snaive168,28,0.1249024245425112,0.2138983134829929,12.07891720660385,
Rat_public_Laverne,snaive168,28,0.3506277695716396,0.4379263364317615,37.58467087130427,
Rat_public_Lea,snaive168,28,0.1149160537747673,0.1911653506489382,11.280334888110756,
Rat_public_Leo,snaive168,28,0.2425470651878595,0.2932854234825182,25.088352902224067,
Rat_public_Leta,snaive168,28,0.2597679825587657,0.3152313506329275,41.53291802108442,
Rat_public_Lloyd,snaive168,28,0.1826675503898197,0.2612846416150787,17.63132373424098,
Rat_public_Loretta,snaive168,28,0.145381244490361,0.1842472811208096,15.879965152858627,
Rat_public_Lynda,snaive168,28,0.3365744449133162,0.4143395096249991,35.94473123705394,
Rat_public_Mabel,snaive168,28,0.2057895022217693,0.2798063356106084,22.327029984043456,
Rat_public_Marcellus,snaive168,28,0.2047217222436842,0.2787466720451711,21.24061866450381,
Rat_public_Margart,snaive168,28,0.2421037629708139,0.2934116126901259,26.434000398905944,
Rat_public_Mark,snaive168,28,0.1684599926104157,0.2260673727404335,20.180672081359173,
Rat_public_Michael,snaive168,28,0.1258617766774939,0.1494788519937796,13.203111455879228,
Rat_public_Michelle,snaive168,28,0.1557077512505719,0.2672971586136207,15.629558287129052,
Rat_public_Muriel,snaive168,28,0.1536431555558751,0.1959305448521833,16.999715595401756,
Rat_public_Nancy,snaive168,28,0.2595505294513113,0.3185132724455662,26.996687319084806,
Rat_public_Neil,snaive168,28,0.2135332356104512,0.300168262324573,21.43632859433576,
Rat_public_Nell,snaive168,28,0.1941685310557422,0.2512097681561023,19.344866994703093,
Rat_public_Nelson,snaive168,28,0.1396107907098937,0.1643097301943022,14.304471278776164,
Rat_public_Norene,snaive168,28,0.0136261354252683,0.049490608160836,1.3626135425268375,
Rat_public_Ramon,snaive168,28,0.4222672380640703,0.5195334896702793,45.96376964618851,
Rat_public_Ramona,snaive168,28,0.3047290558510638,0.374797759235955,30.91516352338741,
Rat_public_Roberta,snaive168,28,0.3207475282620785,0.3825822297317417,33.41676927527531,
Rat_public_Roma,snaive168,28,0.2688571832416491,0.3869927845713394,23.448780380679672,
Rat_public_Sade,snaive168,28,0.317239314388475,0.4020391288352231,32.22458451368379,
Rat_public_Sana,snaive168,28,0.1616884906348062,0.3196052776005575,777.8481724161446,
Rat_public_Sean,snaive168,28,0.1473043470253196,0.2106973803691123,15.145263194227454,
Rat_public_Shanta,snaive168,28,0.3680449676008586,0.4487715411473713,38.70331219677044,
Rat_public_Sharonda,snaive168,28,0.1862005464405312,0.2511331178525637,18.50520860005812,
Rat_public_Sharron,snaive168,28,0.2342865904377315,0.3050479012948076,166.41974205570287,
Rat_public_Stacey,snaive168,28,0.387935842965987,0.4873157838567671,41.93755894912335,
Rat_public_Stella,snaive168,28,0.1221948484197633,0.151686266958284,12.28496239016773,
Rat_public_Sue,snaive168,28,0.1137849162272074,0.1619504692770504,12.232256841263489,
Rat_public_Tammara,snaive168,28,0.3473672682489369,0.4584312602775548,35.34080321338914,
Rat_public_Tamra,snaive168,28,0.2466552759281885,0.2986834854554949,25.50136009428416,
Rat_public_Tommy,snaive168,28,0.180220259053884,0.2290101335755183,18.56745391523873,
Rat_public_Toya,snaive168,28,0.3596992775731278,0.4719171660192545,42.59672905995762,
Rat_public_Tricia,snaive168,28,0.32291598578218,0.4509754916454428,31.40538429136149,
Rat_public_Vickie,snaive168,28,0.1671891062980539,0.2696218463766422,18.124744721835626,
Rat_public_Wilbur,snaive168,28,0.2631573130599549,0.3983308547562236,49.770726618024334,
Rat_public_Wilma,snaive168,28,0.2015860503162651,0.2527429820965882,22.146305898384856,
Rat_public_Yessenia,snaive168,28,0.178580751604915,0.2656342304232604,20.567984714830096,
Rat_religion_Kathy,snaive168,28,0.4201084237991591,0.5562319808425906,54.50706940656424,
Rat_retail_Jeffrey,snaive168,28,0.2632637012781544,0.37586083559785,192.31225249896795,
Rat_warehouse_Breanna,snaive168,28,0.0595214246835573,0.1017488755881368,6.812562930598364,
Rat_warehouse_Doretta,snaive168,28,0.087526719119353,0.1098414451039995,8.73701528979606,
Rat_warehouse_Eloisa,snaive168,28,0.2992799200925465,0.3790981925512293,31.894624111676062,
Rat_warehouse_Maegan,snaive168,28,0.1986891037560431,0.2745304208926949,22.69776073101066,
Rat_warehouse_Shari,snaive168,28,0.3410622392064782,0.4353579551636001,47.26648953977725,
Robin_assembly_Colleen,snaive168,28,0.0696348987747654,0.0895156811916079,7.908176913134316,
Robin_education_Audrea,snaive168,28,0.1776946891598676,0.2694915640986197,24.222155777235567,
Robin_education_Billi,snaive168,28,0.0717269668783621,0.097683168580474,7.8853778717047325,
Robin_education_Cecilia,snaive168,28,0.116742896249063,0.1543157446193001,11.602322472834766,
Robin_education_Della,snaive168,28,0.2797041398666836,0.3990697324720769,72.21938962283859,
Robin_education_Derick,snaive168,28,0.0909433480297225,0.1125058308053994,9.175345728938884,
Robin_education_Derrick,snaive168,28,0.0320704342613604,0.0531397394817216,3.114802359520645,
Robin_education_Jasper,snaive168,28,0.0497445438603448,0.0629231882184223,5.083381927256406,
Robin_education_Julius,snaive168,28,0.0500174437823115,0.0663856111873769,4.932734540731846,
Robin_education_Karyl,snaive168,28,0.0704185967072826,0.0893485107181537,7.228710513819163,
Robin_education_Kiera,snaive168,28,0.060571425852299,0.0823996264777447,6.378939890210347,
Robin_education_Kristopher,snaive168,28,0.0927757043507819,0.1357970444678101,8.901786718930015,
Robin_education_Lashandra,snaive168,28,0.1146743531344531,0.1607923723209793,10.624663844481958,
Robin_education_Leslie,snaive168,28,0.0485932846187634,0.0747459450363305,4.666657674217482,
Robin_education_Lizbeth,snaive168,28,0.0969879233831414,0.1405002263969393,9.482743748530632,
Robin_education_Madeline,snaive168,28,0.0340316357387715,0.0654768577879731,3.395488901417018,
Robin_education_Margarito,snaive168,28,0.0789675672215625,0.097590359931056,7.9513515088665905,
Robin_education_Megan,snaive168,28,0.0987189550257744,0.1295752697833274,9.903762255443684,
Robin_education_Mercedes,snaive168,28,0.1474952332674728,0.1777905017823602,15.144925853995176,
Robin_education_So,snaive168,28,0.0243168534059585,0.0320016777081894,2.383189852526997,
Robin_education_Takako,snaive168,28,0.1761605784685923,0.2514095203012466,16.677136320122347,
Robin_education_Terrance,snaive168,28,0.0534006233078897,0.0652639477021326,5.371725286665416,
Robin_education_Zenia,snaive168,28,0.0358337464903922,0.0471476667451819,3.576183726250525,
Robin_lodging_Armand,snaive168,28,0.0590332930100457,0.0779349896952001,5.753564657997622,
Robin_lodging_Celia,snaive168,28,0.0708722344963805,0.095116504030413,7.154297969784433,
Robin_lodging_Donna,snaive168,28,0.0698987943142719,0.0970212049664524,6.733620100200823,
Robin_lodging_Dorthy,snaive168,28,0.1294133285308772,0.1647643061189054,13.584757516833266,
Robin_lodging_Elmer,snaive168,28,0.0646710180808762,0.0863742568630765,6.482799585154535,
Robin_lodging_Janie,snaive168,28,0.1630823777042556,0.2024758814000467,16.275877485968792,
Robin_lodging_Oliva,snaive168,28,0.0941971695150944,0.1190532326535385,9.571634204304448,
Robin_lodging_Phillip,snaive168,28,0.1769562729380988,0.2100136223882665,17.807137524171246,
Robin_lodging_Pricilla,snaive168,28,0.1397033930421161,0.1821165496622818,13.61700888668675,
Robin_lodging_Renea,snaive168,28,0.0501652912030529,0.0752927565590962,5.11864295804964,
Robin_office_Addie,snaive168,28,0.1515372401847574,0.1858981506359007,17.373210359027937,
Robin_office_Adolph,snaive168,28,0.1123718066820519,0.1392108125933443,12.344950008803538,
Robin_office_Antonina,snaive168,28,0.0475397606020796,0.0610277281383164,4.858181861685467,
Robin_office_Dina,snaive168,28,0.067598292835984,0.0899029371415983,6.856593070277002,
Robin_office_Donald,snaive168,28,0.0596695761546224,0.0822944205856112,5.820492608192749,
Robin_office_Gayle,snaive168,28,0.0730166367872972,0.1092313813613442,7.508693097843566,
Robin_office_Lindsay,snaive168,28,0.079485665465127,0.1078878042616381,7.767666904115746,
Robin_office_Maryann,snaive168,28,0.0380340102714479,0.0499581664578069,3.82161437117519,
Robin_office_Sammie,snaive168,28,0.0967953183475331,0.1237345259468515,9.954664918251945,
Robin_office_Saul,snaive168,28,0.1733023828168699,0.2368596527253669,64.77715306772515,
Robin_office_Serena,snaive168,28,0.0882446743263687,0.1098643113284254,9.239993563205664,
Robin_office_Shirlene,snaive168,28,0.0856362977509375,0.1161384496882118,8.629482948984307,
Robin_office_Soledad,snaive168,28,0.1576071057833031,0.2421054545798805,13.897866061611202,
Robin_office_Victor,snaive168,28,0.0540360817307408,0.0718656491190881,5.829658479070849,
Robin_office_Wai,snaive168,28,0.0541642468262511,0.1174033877678145,6.393851093199523,
Robin_office_Zelma,snaive168,28,0.0499330819924836,0.0726933811597143,4.70453650752643,
Robin_public_Cami,snaive168,28,0.0576063475355519,0.078235773813082,6.092469159880481,
Robin_public_Carolina,snaive168,28,0.0332776623038564,0.0455435522092061,3.36091834985924,
Swan_unknown_Allison,snaive168,28,0.0815166551886677,0.1904365774384693,35.24191359388896,
Swan_unknown_Andres,snaive168,28,0.0643317036250666,0.0966795776726676,7.142376050343088,
Swan_unknown_Bette,snaive168,28,0.0602183129167015,0.1505029851934081,28.54844169103571,
Swan_unknown_Christoper,snaive168,28,0.1972167596188836,0.2418831925722712,43.987795740665526,
Swan_unknown_Douglas,snaive168,28,0.0508027812332386,0.1060955986147871,21.73674161922588,
Swan_unknown_Esteban,snaive168,28,0.0514604919535133,0.1245344580654423,24.817648455759823,
Swan_unknown_Fabian,snaive168,28,0.1158290284338285,0.1711766648824897,34.16880338664302,
Swan_unknown_Ike,snaive168,28,0.0869850264354692,0.2107728233692321,35.41239992608228,
Swan_unknown_Isaiah,snaive168,28,0.1237570379717988,0.2226333911928332,37.380601490999645,
Swan_unknown_Jan,snaive168,28,0.0285584292153155,0.0971414833072556,19.255715063337263,
Swan_unknown_Jerold,snaive168,28,0.0529347752101149,0.1036881602714432,19.508630150947987,
Swan_unknown_Noelia,snaive168,28,0.1256624624044386,0.1969783216025397,26.04336773594924,
Swan_unknown_Raquel,snaive168,28,0.0394731005307031,0.1205618696563972,21.530713753697054,
Swan_unknown_Reyna,snaive168,28,0.1019964985032538,0.2106024292275769,31.68255977086477,
Swan_unknown_Rocco,snaive168,28,0.0258899834116086,0.0906915516273851,17.610657589385063,
Swan_unknown_Rudy,snaive168,28,0.0348341955483886,0.0941701671794775,18.912092368224307,
Swan_unknown_Tom,snaive168,28,0.080314764696675,0.1829275374442872,37.17548279974898,
Swan_unknown_Valeria,snaive168,28,0.0580602344217212,0.1106200503570797,24.03298395484832,
Swan_unknown_Wendy,snaive168,28,0.045556449656112,0.1182118083880596,24.362138063639293,
Wolf_assembly_Elaine,snaive168,28,0.3796885648950067,0.7391390037091011,41.07900906789813,
Wolf_assembly_Sallie,snaive168,28,0.1405318693080221,0.2281147663846219,16.706149513834305,
Wolf_education_Anisa,snaive168,28,0.3369912568876789,0.6223399310294719,39.60022005844262,
Wolf_education_Arnulfo,snaive168,28,0.2636789959521874,0.4566360863323237,34.574945150249334,
Wolf_education_Bobby,snaive168,28,0.2428501517037321,0.411776581455657,29.85176897020202,
Wolf_education_Cheryl,snaive168,28,0.2400552457604132,0.4290801293999204,26.23222983663271,
Wolf_education_Clarissa,snaive168,28,0.1507723831144229,0.2396351904163222,15.38693441965899,
Wolf_education_Cody,snaive168,28,0.6328132348130503,1.1367514521394793,89.83686174436379,
Wolf_education_Dolores,snaive168,28,0.2808253365713227,0.5000385946842107,250.25786527260288,
Wolf_education_Dorris,snaive168,28,0.1071925047392706,0.1496225418969256,11.160332225854368,
Wolf_education_Eulalia,snaive168,28,0.2921914004760364,0.5159956326373016,41.97112919013722,
Wolf_education_Joaquin,snaive168,28,0.0991187400546288,0.1485272221616056,10.313847002900072,
Wolf_education_Josefa,snaive168,28,0.3647224272545762,0.6080488531316486,45.47745787013102,
Wolf_education_Katie,snaive168,28,0.2046002455876243,0.3609814072246679,21.444703814552717,
Wolf_education_Laurinda,snaive168,28,0.2931905669315081,0.4800590443685874,32.97915139319646,
Wolf_education_Loren,snaive168,28,0.1837757928250335,0.3215961261154032,19.62827408711394,
Wolf_education_Miguel,snaive168,28,0.2373332130873941,0.4342959482780442,26.691445746898037,
Wolf_education_Roderick,snaive168,28,0.4569597297333488,0.695894490396799,91.82296418997936,
Wolf_education_Tammie,snaive168,28,0.1262077122297631,0.2091376333587165,12.192257336866422,
Wolf_education_Tori,snaive168,28,0.1742171012814964,0.2971562586754167,17.95347684679871,
Wolf_education_Ursula,snaive168,28,0.2515528042476945,0.3857284333719279,26.859370781278106,
Wolf_education_Vivian,snaive168,28,0.2637795126088506,0.422007633095844,29.84840213231165,
Wolf_office_Bobbie,snaive168,28,0.2393242785496528,0.3888799354262464,25.808732200337914,
Wolf_office_Cary,snaive168,28,0.1424513080039942,0.2384672659068387,14.449672568883887,
Wolf_office_Darleen,snaive168,28,0.2092804741426041,0.3773114051432161,21.88313026905768,
Wolf_office_Elisabeth,snaive168,28,0.0636454407392498,0.0885607262555299,6.406638492946505,
Wolf_office_Emanuel,snaive168,28,0.282820029107453,0.4654306928234948,37.97431753088174,
Wolf_office_Haydee,snaive168,28,0.4131220493119141,0.7072337319111418,56.48418990906778,
Wolf_office_Joana,snaive168,28,0.2071443111714014,0.3311529711857143,25.28054313121227,
Wolf_office_Nadia,snaive168,28,0.1616536917253308,0.2460367354142772,16.47880973648361,
Wolf_office_Rochelle,snaive168,28,0.3563303880984379,0.5613652422805215,40.14382223353935,
Wolf_public_Norma,snaive168,28,0.2315777876782367,0.3863507784571029,28.07228056037645,
Wolf_retail_Harriett,snaive168,28,0.3476926766469992,0.5325807838757083,313.5654357818848,
Wolf_retail_Marcella,snaive168,28,0.2921467435134019,0.4308684616403572,33.04458161777799,
Wolf_retail_Toshia,snaive168,28,0.3770184799821444,0.6717545033646738,49.439503828313306,
Wolf_science_Alfreda,snaive168,28,0.0931013294440347,0.1442977205152174,9.562919616153035,
Bear_assembly_Angel,chronos_t5_small,28,0.1383222603793953,0.2125426681080085,13.739273809699124,0.1068251429693867
Bear_assembly_Beatrice,chronos_t5_small,28,0.17860630680861,0.271853689919205,24.96508411585002,0.1446915862372935
Bear_assembly_Danial,chronos_t5_small,28,0.0641756593787251,0.0872332666356652,6.392849118268174,0.04736104154153
Bear_assembly_Genia,chronos_t5_small,28,0.1409852430693525,0.2449673261723784,14.168517510943564,0.0959549731050762
Bear_assembly_Harry,chronos_t5_small,28,0.2008703504829405,0.3664406810886551,18.8344965282594,0.1529574696254246
Bear_assembly_Jose,chronos_t5_small,28,0.0849878959212217,0.1251205384406478,8.41400536449282,0.0640400908046039
Bear_assembly_Roxy,chronos_t5_small,28,0.3148360642358948,0.5521441574915836,32.4361244795716,0.2265195380634761
Bear_assembly_Ruby,chronos_t5_small,28,0.0397036230798929,0.0544378330612933,3.8727134694225143,0.0282909715020319
Bear_education_Alvaro,chronos_t5_small,28,0.0384751342163535,0.0599773685929153,3.869404536344813,0.0288513203413761
Bear_education_Augusta,chronos_t5_small,28,0.0631782399436793,0.1556292024309923,5.6797890641303805,0.0467537305713402
Bear_education_Austin,chronos_t5_small,28,0.1031457718327701,0.2267069448551904,9.116862768048902,0.0684740006535029
Bear_education_Babara,chronos_t5_small,28,0.0539660376444869,0.0805237791532375,5.136346501005449,0.0387362718627517
Bear_education_Benita,chronos_t5_small,28,0.0293812500423202,0.0416628290084092,2.910162399900241,0.0218699427400287
Bear_education_Bob,chronos_t5_small,28,0.052032699381441,0.1045017425923499,5.015768712177005,0.0374447175162729
Bear_education_Bulah,chronos_t5_small,28,0.0467507989617612,0.0649417081303768,4.539181451552719,0.0331392306737157
Bear_education_Carlo,chronos_t5_small,28,0.1652142189332389,0.3053418905070749,15.12094649328675,0.1217364633504586
Bear_education_Chad,chronos_t5_small,28,0.0367716943169496,0.0510825461147972,3.7202866459814894,0.0269625199220429
Bear_education_Chana,chronos_t5_small,28,0.0687987332510548,0.1058353709846953,6.6129637602018105,0.0518551743230438
Bear_education_Chun,chronos_t5_small,28,0.1051306681341654,0.1537320734107959,11.61691370396546,0.0840768376089895
Bear_education_Clint,chronos_t5_small,28,0.0491079368427369,0.0797373697922597,4.641391696980571,0.0371018721347512
Bear_education_Curtis,chronos_t5_small,28,0.0438226139180867,0.074538212745349,4.122443779851443,0.0330475367966569
Bear_education_Danna,chronos_t5_small,28,0.0631089731613915,0.0880060606631392,6.670069355321634,0.0496548348661804
Bear_education_Darrell,chronos_t5_small,28,0.136034022357574,0.3127358029001213,13.484923867363314,0.1167510287941183
Bear_education_Deena,chronos_t5_small,28,0.1330320933650837,0.2021731588010592,13.291983510360875,0.1046590528084916
Bear_education_Derek,chronos_t5_small,28,0.0364017206371024,0.0500363050835829,3.5572313283066967,0.0265391384949116
Bear_education_Destiny,chronos_t5_small,28,0.1184636340609564,0.1634883396381885,11.95780889702436,0.090587977373031
Bear_education_Elise,chronos_t5_small,28,0.1302534588286086,0.1704138077401527,13.919172275945003,0.1004174055641352
Bear_education_Fannie,chronos_t5_small,28,0.0641935740047632,0.1000139204321011,6.46491050387234,0.0478530843536394
Bear_education_Gavin,chronos_t5_small,28,0.0292575471090354,0.0381828541468403,2.922312632134885,0.0216790529149695
Bear_education_Herb,chronos_t5_small,28,0.0860579462857835,0.1485869203427279,8.159928430909266,0.0644956132754083
Bear_education_Irene,chronos_t5_small,28,0.1065996823214949,0.322429477735004,9.361618382541316,0.0663611028740625
Bear_education_Iris,chronos_t5_small,28,0.0458333200537444,0.0671116203174426,4.854014357613981,0.036606266949126
Bear_education_Katy,chronos_t5_small,28,0.0923933392561861,0.1459075497330246,8.670809157561727,0.0633956723532443
Bear_education_Lashanda,chronos_t5_small,28,0.0739092901162954,0.1122248078177865,7.64937576551987,0.0542139460727674
Bear_education_Laurette,chronos_t5_small,28,0.0277295195605466,0.0410915843761863,2.6634247493430294,0.021137356151346
Bear_education_Leonel,chronos_t5_small,28,0.1467205479933783,0.2685978973356769,16.987302328043764,0.1025811319149811
Bear_education_Lewis,chronos_t5_small,28,0.0743789302465507,0.1338198468436462,7.441820569182191,0.0590013523922807
Bear_education_Lidia,chronos_t5_small,28,0.1029960257702128,0.1626259071342362,10.217711606580044,0.0759203813940874
Bear_education_Lila,chronos_t5_small,28,0.0262625300585783,0.0420342796431747,2.593898228356616,0.0197861287359165
Bear_education_Liliana,chronos_t5_small,28,0.0536764555836958,0.0920282743356176,5.289992909458059,0.0434992053944677
Bear_education_Lorie,chronos_t5_small,28,0.0534675385839058,0.0781745875637854,5.078272219736272,0.0389752176265555
Bear_education_Mara,chronos_t5_small,28,0.0178353962714922,0.0288434093772605,1.720474779772128,0.0131344228924073
Bear_education_Marie,chronos_t5_small,28,0.0489508091866612,0.0715409975568489,4.8500132309912,0.0363664846807223
Bear_education_Marsha,chronos_t5_small,28,0.0304645811140199,0.0429620605377775,2.912663616657428,0.021504590981792
Bear_education_Marta,chronos_t5_small,28,0.0928865689744585,0.1421130215035955,9.999554267423704,0.0758333536059812
Bear_education_Maryjane,chronos_t5_small,28,0.0836343677370382,0.1282979416894207,8.936200869950337,0.0614881019533371
Bear_education_Merrill,chronos_t5_small,28,0.1583156266327438,0.2986312383282679,13.430423931164462,0.1094131867098331
Bear_education_Nanette,chronos_t5_small,28,0.1390915636152102,0.2220326712482206,13.065361684165556,0.1023136473439815
Bear_education_Oscar,chronos_t5_small,28,0.1199878582953523,0.1821405642625632,10.987099860394665,0.0835926585637661
Bear_education_Owen,chronos_t5_small,28,0.0276202155844182,0.0511495578322822,2.562381006304676,0.0204105982033912
Bear_education_Paola,chronos_t5_small,28,0.0887034690097685,0.1436106830042176,7.683656421072047,0.0613928187668176
Bear_education_Patricia,chronos_t5_small,28,0.0244851742269054,0.0363199952541777,2.4062372507772816,0.0181020399061596
Bear_education_Pattie,chronos_t5_small,28,0.052012818019883,0.0712306130943624,5.115265575548449,0.0377520449112361
Bear_education_Rebecca,chronos_t5_small,28,0.0373670594898909,0.0519657944916398,3.639886112200342,0.0268409636346303
Bear_education_Sandy,chronos_t5_small,28,0.0797136340651755,0.1117225317846407,7.513569634774027,0.0581185516613683
Bear_education_Santos,chronos_t5_small,28,0.3279038765021217,0.6505558667393984,25.661246634533608,0.2269207771738147
Bear_education_Sharon,chronos_t5_small,28,0.0257061390945926,0.0345167194798885,2.4899809257638736,0.0187707177189227
Bear_education_Shelley,chronos_t5_small,28,0.0429673840333836,0.0689394338328667,4.3267557650882,0.0320502469926007
Bear_education_Tara,chronos_t5_small,28,0.1626342415166005,0.2984055822858559,15.793220553445591,0.1209050219065431
Bear_education_Thuy,chronos_t5_small,28,0.0769027856064205,0.133305359697566,6.639953632936709,0.0571501253862467
Bear_education_Val,chronos_t5_small,28,0.0189853661848003,0.0251654698335644,1.8785241233131345,0.0137739588318646
Bear_education_Wade,chronos_t5_small,28,0.1243175851235458,0.2519897058045288,11.314599501604816,0.1023488561021654
Bear_education_Wilton,chronos_t5_small,28,0.0481166393850139,0.0661324603321191,4.67854918081844,0.0345639926223285
Bear_education_Wm,chronos_t5_small,28,0.0338622902592154,0.0450248722226386,3.354067294482331,0.0245957442966671
Bear_education_Yuri,chronos_t5_small,28,0.0842860398293329,0.1652941758775946,9.56065967727519,0.0677024768756144
Bear_education_Yvette,chronos_t5_small,28,0.1261890786244285,0.193372109650936,11.957681113836127,0.0957304867513024
Bear_education_Zandra,chronos_t5_small,28,0.0110456425489532,0.0166655480448321,1.0855698089426098,0.0084372096533402
Bear_lodging_Dannie,chronos_t5_small,28,0.1258110238343844,0.1912346636352672,11.559767708412602,0.0956797432031727
Bear_lodging_Erick,chronos_t5_small,28,0.0810568777912792,0.1134806954256606,8.152499319321556,0.0595769058678364
Bear_lodging_Esperanza,chronos_t5_small,28,0.0873625910174144,0.1207987396642216,8.34343788339449,0.0647040023746262
Bear_lodging_Evan,chronos_t5_small,28,0.0441981996388072,0.0693887773367029,4.249159131820392,0.0330499460899583
Bear_parking_Bridget,chronos_t5_small,28,0.1919374716342833,0.2787159613527215,18.293137768225662,0.1437873596257353
Bear_parking_Bruce,chronos_t5_small,28,0.0455101414508516,0.0666536839317139,4.494834046832772,0.0340352172193239
Bear_public_Arlean,chronos_t5_small,28,0.1355468317837636,0.2046555268433747,13.770907966055452,0.1025733725497996
Bear_public_Jocelyn,chronos_t5_small,28,0.0381456413034054,0.0536726764508742,3.6795604063884935,0.0279530899546131
Bear_public_Lowell,chronos_t5_small,28,0.0398764792015735,0.0622646977028296,3.875462839831635,0.0317829505700445
Bear_public_Orville,chronos_t5_small,28,0.0773421343076863,0.1398249048174231,6.16182036889912,0.0631977960927692
Bear_public_Rayna,chronos_t5_small,28,0.0347880873042296,0.049511476419817,4.552296619781217,0.0278979848003668
Bear_public_Valorie,chronos_t5_small,28,0.0742292212819823,0.1147048509048818,8.871742389163243,0.0546027188329973
Bear_science_Alison,chronos_t5_small,28,0.0246108918032417,0.0328965552907432,2.420922604798323,0.0177246034994854
Bear_science_Eleanor,chronos_t5_small,28,0.1019415907768555,0.1364880723376228,10.386807722306605,0.0741450057404207
Bear_utility_Sidney,chronos_t5_small,28,0.0214401769341704,0.0356284828077029,2.095320440527346,0.0170845676140407
Bobcat_assembly_Adam,chronos_t5_small,28,0.1319042192007637,0.2237243102683023,11.76459368732971,0.099708345024709
Bobcat_assembly_Billy,chronos_t5_small,28,0.1078377869923654,0.1518772142052644,11.124572774741235,0.0848188721227833
Bobcat_assembly_Camilla,chronos_t5_small,28,0.2725834754040476,0.4689778071309753,42.60255722618793,0.2787468884856043
Bobcat_assembly_Franklin,chronos_t5_small,28,0.1739453888104061,0.3354959151169726,16.641766197837978,0.1281748367848212
Bobcat_education_Alissa,chronos_t5_small,28,0.0721322502590455,0.1081373796198093,6.887707995780941,0.0540553626279564
Bobcat_education_Angela,chronos_t5_small,28,0.0760761450739501,0.1092332387420708,7.642272255965479,0.0569104836203549
Bobcat_education_Coleman,chronos_t5_small,28,0.0673197809681428,0.1003406597574209,6.430648618681528,0.0505712665770988
Bobcat_education_Dylan,chronos_t5_small,28,0.0634519612304966,0.0897359353763384,6.442627021670163,0.0489572017804025
Bobcat_education_Hollis,chronos_t5_small,28,0.0463694479172843,0.065810031642642,4.539553014680501,0.0348664195350078
Bobcat_education_Jayne,chronos_t5_small,28,0.0749597925012651,0.1457542799694842,6.975241825750797,0.0601422011787091
Bobcat_education_Marisha,chronos_t5_small,28,0.1198012109107533,0.2065925543780224,11.441458170512446,0.0943861406480295
Bobcat_education_Monte,chronos_t5_small,28,0.1426714235532755,0.2884806774676479,23.227292032841333,0.1392376023030884
Bobcat_education_Rosalva,chronos_t5_small,28,0.0485310074458578,0.0783063291137493,4.624538049538743,0.0374917978935673
Bobcat_education_Toni,chronos_t5_small,28,0.0940521971226158,0.1400062902997002,8.681676246325583,0.0706105784976875
Bobcat_education_Whitney,chronos_t5_small,28,0.2152600488201501,0.4089509138953982,34.70513374593661,0.1848902059238177
Bobcat_lodging_Darin,chronos_t5_small,28,0.0652024748291584,0.0927433106191296,6.389510629114437,0.0482401853999593
Bobcat_lodging_Melaine,chronos_t5_small,28,0.0576775064847737,0.0773258635091308,5.836984899561857,0.042389584552643
Bobcat_lodging_Nickolas,chronos_t5_small,28,0.0681820056762491,0.0863041532400077,6.845983415865447,0.0488913415924754
Bobcat_office_Alma,chronos_t5_small,28,0.245866556052956,0.3434223250391482,236.296496056462,0.187278798711162
Bobcat_office_Justine,chronos_t5_small,28,0.199590095469319,0.3388815037374965,21.16202811144325,0.1550549623876143
Bobcat_office_Kassandra,chronos_t5_small,28,0.0761382840139077,0.105586038758997,7.644188194874841,0.0560185757923776
Bobcat_office_Melody,chronos_t5_small,28,0.0659365834806011,0.0911012628313484,6.386223483339959,0.0471804991889191
Bobcat_office_Nikita,chronos_t5_small,28,0.0673274038789732,0.1343996382035737,5.88911745809709,0.0515064850188945
Bobcat_other_Howard,chronos_t5_small,28,0.8100865827651573,3.393650155246971,76.51622666976834,0.7365416719896862
Bobcat_other_Jovita,chronos_t5_small,28,0.4395987837430006,0.7431444851044593,418.8561046511607,0.4251160328144018
Bobcat_other_Timothy,chronos_t5_small,28,0.1359052682363939,0.1869882802810885,20.795513427124355,0.1025315195985061
Bull_assembly_Amalia,chronos_t5_small,28,0.100486415821608,0.2388221657314233,9.020817571009342,0.0771140212234808
Bull_assembly_Beau,chronos_t5_small,28,0.1523152296903163,0.2532511410459181,14.41982998699682,0.117861096515396
Bull_assembly_Brandon,chronos_t5_small,28,0.0686046769795437,0.0917632100834665,6.901796987119077,0.0509352713472561
Bull_assembly_Daryl,chronos_t5_small,28,0.583108934348162,1.5958708821695915,59.9015570757471,0.4521031266106818
Bull_assembly_Dorethea,chronos_t5_small,28,0.0993488449909991,0.2395239506432894,12.891470622315184,0.0856585222405797
Bull_assembly_Freddie,chronos_t5_small,28,0.1745533890319879,0.2506651632994581,18.13054539287654,0.1365571452319163
Bull_assembly_Gerri,chronos_t5_small,28,0.0406209142468852,0.0822917367599046,4.441163878756012,0.0308107769612813
Bull_assembly_Gigi,chronos_t5_small,28,0.1466822475850215,0.3000362938137438,12.347912445006347,0.0961066936797456
Bull_assembly_Goldie,chronos_t5_small,28,0.0748038378721314,0.1021470401328992,7.280868493523898,0.0562987667062888
Bull_assembly_Katia,chronos_t5_small,28,0.1965222116209503,0.5785804583685418,11.781102452780331,0.1528106575217695
Bull_assembly_Lance,chronos_t5_small,28,0.028628714913286,0.040636931331906,2.8007621169971646,0.0219058123265068
Bull_assembly_Lesa,chronos_t5_small,28,0.1250690487014279,0.1669477901538913,12.539314866168262,0.0914133947527408
Bull_assembly_Maren,chronos_t5_small,28,0.4008333414626716,2.211077378564552,507.1698670464779,176209319.62552908
Bull_assembly_Nathanial,chronos_t5_small,28,0.0308976029430062,0.042771535577748,3.1202102247457257,0.0234065815842296
Bull_assembly_Newton,chronos_t5_small,28,0.2897950836348456,0.4467456328667672,347.1833267625843,0.2650916983306497
Bull_assembly_Nick,chronos_t5_small,28,0.0586095629175482,0.0891488803962148,5.952426928418502,0.0455932331681539
Bull_assembly_Vanessa,chronos_t5_small,28,0.049708966846552,0.1099166456024479,5.228487051440229,0.0342930747704894
Bull_education_Annette,chronos_t5_small,28,0.0147908034439612,0.0196986367222189,1.4528929923712484,0.0107394384457888
Bull_education_Antonia,chronos_t5_small,28,0.1245842597862707,0.2979653677864953,9.582330841293816,0.0848756152733548
Bull_education_Arthur,chronos_t5_small,28,0.0254831267313723,0.0349712168709498,2.5148607069677635,0.0184642805440155
Bull_education_Barry,chronos_t5_small,28,0.0080829261754752,0.0109842126236881,0.802324841969408,0.0059238946007671
Bull_education_Bernice,chronos_t5_small,28,0.1915416605484073,0.7020712793743895,5.029773314297877,13052899.657174794
Bull_education_Brady,chronos_t5_small,28,0.062323720083231,0.0809545169924352,6.919473731007219,0.0461124676316886
Bull_education_Brain,chronos_t5_small,28,0.0176962264992363,0.0231993417176188,1.7409003084159242,0.0130170833289845
Bull_education_Brandi,chronos_t5_small,28,0.0698450573032728,0.1149760438861967,6.40846510485382,0.0526993501833318
Bull_education_Brenda,chronos_t5_small,28,0.0433834790103183,0.0574673436413077,4.34019873672244,0.031723432126399
Bull_education_Bryon,chronos_t5_small,28,0.0415447563620024,0.0532475817534123,4.385452523562396,0.0314403928506394
Bull_education_Carl,chronos_t5_small,28,0.0148894328585135,0.0239394887650536,1.47857195243161,0.0112675935954789
Bull_education_Clarice,chronos_t5_small,28,0.0421054324191114,0.0594217707821723,4.193644470619246,0.031403537989507
Bull_education_Clarita,chronos_t5_small,28,0.0161142553811014,0.0208114881303308,1.6100977441087647,0.0120691785942242
Bull_education_Dakota,chronos_t5_small,28,0.0563520530799727,0.0724719423137774,6.433379459032524,0.0433918014348242
Bull_education_Dan,chronos_t5_small,28,0.0302517587268611,0.0417784159421422,2.9097117005012145,0.0215440360187019
Bull_education_Dania,chronos_t5_small,28,0.0365075031770707,0.047486131009847,3.7593834346619928,0.0274001756201614
Bull_education_Delia,chronos_t5_small,28,0.0188762132330299,0.0262264622692888,1.8725765728446155,0.0137630273336442
Bull_education_Dora,chronos_t5_small,28,0.0640647396603237,0.1089261138232848,6.31198274021539,0.0510405531380174
Bull_education_Dottie,chronos_t5_small,28,0.0224387634587356,0.0773055918540107,17.237959144921046,0.0182975368569725
Bull_education_Elva,chronos_t5_small,28,0.0334446023566493,0.0501124664884083,3.155934653186939,0.0246165620813575
Bull_education_Fabiola,chronos_t5_small,28,0.0527548148664003,0.0723433805966043,5.975902728039317,0.0416949702401925
Bull_education_Geneva,chronos_t5_small,28,0.1491084051069045,0.2930126630354944,12.625494412848528,0.0976402383733933
Bull_education_Genie,chronos_t5_small,28,0.030759464245121,0.0479182222851149,3.030586840543136,0.0239582985210787
Bull_education_Gregory,chronos_t5_small,28,0.0562957859025549,0.1034122935203986,5.446130113000815,0.0423942610159144
Bull_education_Hayley,chronos_t5_small,28,0.023072348313336,0.030374483273817,2.3188831204440623,0.0170223825151934
Bull_education_Jae,chronos_t5_small,28,0.0164722481056035,0.0230641957872164,1.664699596984212,0.0128278705151829
Bull_education_Jeffery,chronos_t5_small,28,0.0165864501621897,0.022740380335346,1.6734542922927025,0.0125337179027663
Bull_education_Joseph,chronos_t5_small,28,0.0484003444529148,0.0929346191610194,5.311467315705366,0.0363441691262684
Bull_education_Juan,chronos_t5_small,28,0.0406668381014322,0.0743539764185747,3.725750658385908,0.031969862628601
Bull_education_Kendra,chronos_t5_small,28,0.0253925936225467,0.033961071039077,2.606159083657116,0.0190743698713019
Bull_education_Krista,chronos_t5_small,28,0.0408484113829778,0.0684375517757505,3.7822615887597584,0.028755040160784
Bull_education_Kristal,chronos_t5_small,28,0.0121546091363234,0.0158210921245383,1.2044398289326408,0.0088114808375405
Bull_education_Lenny,chronos_t5_small,28,0.0572987341555768,0.0877292770866499,5.618530444571823,0.0437150619878037
Bull_education_Linnie,chronos_t5_small,28,0.0344382687451677,0.046365843929426,3.695054168069068,0.0276360023570352
Bull_education_Luke,chronos_t5_small,28,0.0380382092452201,0.0503159756654251,3.7719345850320103,0.0278759176467177
Bull_education_Lydia,chronos_t5_small,28,0.029904708288533,0.0423730995250789,2.890235603513362,0.0221640003569417
Bull_education_Lyn,chronos_t5_small,28,0.0685805517560934,0.0974883528302874,6.854320575503115,0.0517096028527237
Bull_education_Magaret,chronos_t5_small,28,0.1189762515979248,0.1871866489476157,13.767239784282404,0.1036822927205009
Bull_education_Mario,chronos_t5_small,28,0.0422217210923207,0.0716258322941935,4.983823541553485,0.0369652278572388
Bull_education_Matilda,chronos_t5_small,28,0.075341072042706,0.0996396294457295,7.499738339658285,0.0531219426180457
Bull_education_Mervin,chronos_t5_small,28,0.0513884651360215,0.0683279036598434,4.990449683692433,0.0375439574644595
Bull_education_Miquel,chronos_t5_small,28,0.0224970136865167,0.0293396626739827,2.215915618625261,0.0167987729753785
Bull_education_Miranda,chronos_t5_small,28,0.0449139196421327,0.066004763106279,4.237957681268576,0.0324433767022816
Bull_education_Myra,chronos_t5_small,28,0.0789609644518905,0.1062727229688665,8.779635279945344,0.0586381300384632
Bull_education_Nichole,chronos_t5_small,28,0.0224964147610158,0.0302458687194059,2.2549443079531373,0.01735665430796
Bull_education_Nina,chronos_t5_small,28,0.0241441378570827,0.0331208258866376,2.3800806897913045,0.0178611714678623
Bull_education_Nolan,chronos_t5_small,28,0.0316162302968977,0.0453181329534398,3.2380584448323915,0.0245467211871037
Bull_education_Olive,chronos_t5_small,28,0.0558048113325595,0.0859400009896108,5.292376092367404,0.0417260320878067
Bull_education_Pablo,chronos_t5_small,28,0.0413750038326521,0.0542152344578565,4.3372804410602335,0.0306124657421453
Bull_education_Pamela,chronos_t5_small,28,0.0221656622868404,0.0290667768689518,2.3103086377566853,0.0168655267842387
Bull_education_Patrina,chronos_t5_small,28,0.1524161626687489,0.2093640367977007,14.701794216287489,0.1048123638814135
Bull_education_Racheal,chronos_t5_small,28,0.0196616076266207,0.0314338484691119,1.865697545413905,0.0168997132370009
Bull_education_Reina,chronos_t5_small,28,0.0498734505267577,0.0967382338312598,5.234116881580799,0.0372284554795441
Bull_education_Reynaldo,chronos_t5_small,28,0.0583836138904173,0.0798173333286559,5.8232147982303,0.0424922338136268
Bull_education_Roland,chronos_t5_small,28,0.0430625453841544,0.0610248381098258,4.809525728879966,0.0314570110790079
Bull_education_Roseann,chronos_t5_small,28,0.0172962784764422,0.0263251939369585,1.7012981227075077,0.0127924236408561
Bull_education_Sebastian,chronos_t5_small,28,0.0385252682104959,0.0536155028433017,3.991681403279683,0.027989210719466
Bull_education_Shona,chronos_t5_small,28,0.0133008674380415,0.0203383976840098,1.31742159359461,0.0098946223458586
Bull_education_Stewart,chronos_t5_small,28,0.0389869259235882,0.0574823328804626,3.741690192061648,0.0293343903452981
Bull_education_Summer,chronos_t5_small,28,0.051331643849717,0.0676626208071836,5.3039124507996975,0.0390533756325654
Bull_education_Tracey,chronos_t5_small,28,0.0275825749936108,0.0365626979749067,2.8382533686673206,0.0211326075143847
Bull_education_Venita,chronos_t5_small,28,0.0437980641108939,0.0571636116962629,4.365809687329395,0.03246034686311
Bull_education_Violeta,chronos_t5_small,28,0.0636844415110917,0.0877364267181844,6.230704175461555,0.0460218371310854
Bull_lodging_Abby,chronos_t5_small,28,0.0965614570677199,0.1681577600589198,8.339091694845417,0.0718508419309733
Bull_lodging_Allen,chronos_t5_small,28,0.2508103417256739,0.3684233968361115,32.242850942362644,0.2164567700105279
Bull_lodging_Anibal,chronos_t5_small,28,0.1057152817121341,0.1457024415827793,9.914648374918803,0.0745330541634929
Bull_lodging_Caren,chronos_t5_small,28,0.0478360114005203,0.0622419487376033,4.624963118056593,0.0342292967538848
Bull_lodging_Carie,chronos_t5_small,28,0.0578489234448631,0.0757914817991471,5.625669987559096,0.0417434436226583
Bull_lodging_Charlotte,chronos_t5_small,28,0.2263089880272656,0.3163015411731927,26.03573786231345,0.1901784800892651
Bull_lodging_Danielle,chronos_t5_small,28,0.2622391821524544,1.3820005495984258,134.76172426518448,0.3090321950417277
Bull_lodging_Dave,chronos_t5_small,28,0.0234865502703157,0.0304989374473111,2.3579567827590813,0.0174157699540317
Bull_lodging_Elena,chronos_t5_small,28,0.1677467923720383,0.2473728424090398,15.063739181577184,0.1197126528163996
Bull_lodging_Graciela,chronos_t5_small,28,0.0935326822914,0.1538474688060986,8.497910284041538,0.069996352813657
Bull_lodging_Hugo,chronos_t5_small,28,0.0626056216957689,0.0830888801739495,6.112559968273899,0.0449616964127194
Bull_lodging_Jeremiah,chronos_t5_small,28,0.0396085338653687,0.0524594846015944,4.079664619557811,0.029805886094293
Bull_lodging_Leonard,chronos_t5_small,28,0.0806498629586392,0.1071094294683493,7.8359885700649405,0.0593119610431371
Bull_lodging_Lettie,chronos_t5_small,28,0.0666447569196912,0.0882002958267665,6.581047822964203,0.0483683917729658
Bull_lodging_Melissa,chronos_t5_small,28,0.0389177041152693,0.0503786266134493,3.817521078279658,0.0278549439717418
Bull_lodging_Perry,chronos_t5_small,28,0.0687454628096332,0.094045962299978,6.513421493161651,0.0487611932878436
Bull_lodging_Terence,chronos_t5_small,28,0.0872581703017408,0.1143538615147212,8.674233901838047,0.0628599669351928
Bull_lodging_Travis,chronos_t5_small,28,0.0224824699598653,0.0292821042282652,2.213934220766466,0.0165025976664144
Bull_lodging_Xavier,chronos_t5_small,28,0.2528435230123806,0.3471560220833276,35.11760696327541,0.2178656577637472
Bull_office_Anne,chronos_t5_small,28,0.0333513617338852,0.0473031998909266,3.3429862748023087,0.0238395010104958
Bull_office_Chantel,chronos_t5_small,28,0.0886633206914925,0.1311793381426053,8.561841427753327,0.0642485261296771
Bull_office_Claudia,chronos_t5_small,28,0.0406038072448009,0.0593004865344449,4.171150505636399,0.0296851162425946
Bull_office_Debbie,chronos_t5_small,28,0.0398187694763392,0.0522737910722435,4.260552217110434,0.0316542743590743
Bull_office_Efren,chronos_t5_small,28,0.0716632337763743,0.1247512436496779,7.56443752990902,0.0559602325041754
Bull_office_Ella,chronos_t5_small,28,0.0342290028239685,0.0471573196209972,3.403129191215569,0.0255193066029481
Bull_office_Hilton,chronos_t5_small,28,0.0677848176881411,0.1041344403917027,6.575991709316711,0.0499610174496427
Bull_office_Ivette,chronos_t5_small,28,0.0722129010684127,0.0947511351651282,7.524321371961625,0.05341239671047
Bull_office_Lilla,chronos_t5_small,28,0.020975790465162,0.0288456177658033,2.096476125665607,0.0155312998793109
Bull_office_Marco,chronos_t5_small,28,0.134810774177431,0.1884251649534088,14.295714835342883,0.1039148194780699
Bull_office_Myron,chronos_t5_small,28,0.0568436013486207,0.0807258582056678,5.493378163965046,0.0410224161023814
Bull_office_Nicolas,chronos_t5_small,28,0.0542652087753261,0.084833019973266,5.843532988347052,0.0414577880820422
Bull_office_Rob,chronos_t5_small,28,0.0277841118925649,0.0383009984623796,2.894210872893263,0.0209839514757429
Bull_office_Sally,chronos_t5_small,28,0.1226524525545176,0.2114518721534702,12.373548576774123,0.0991023482337895
Bull_office_Trevor,chronos_t5_small,28,0.0217867814520443,0.0303571669257387,2.134703776121612,0.0158628640980753
Bull_office_Yvonne,chronos_t5_small,28,0.0231222567805994,0.0416585604840753,2.440650522990356,0.0190872526343791
Bull_public_Hyun,chronos_t5_small,28,0.0128465599861711,0.0173179276139389,1.2897333721690354,0.0095141444592556
Bull_public_Jefferson,chronos_t5_small,28,0.064877504441363,0.1224246209307927,5.279518929007112,0.0508024471006993
Bull_services_Jeanmarie,chronos_t5_small,28,0.0546516564522061,0.0767330612707227,5.465809078244482,0.0411047450166617
Bull_services_Juanita,chronos_t5_small,28,0.0155801883164628,0.0232931219879376,1.6205473911398434,0.0119651001468854
Bull_services_Nadine,chronos_t5_small,28,0.0256473314673506,0.0371147356067794,2.7056316252517325,0.0195531745138287
Bull_services_Rachelle,chronos_t5_small,28,0.049307676836024,0.0647707062165096,4.965599478261212,0.0369399626492704
Bull_services_Winford,chronos_t5_small,28,0.0252411275671044,0.0553220704717287,2.99534874634198,0.0226894741855615
Cockatoo_assembly_Doyle,chronos_t5_small,28,0.0778199483049829,0.1428323304049187,8.189431097564757,0.0656331475433404
Cockatoo_assembly_Ed,chronos_t5_small,28,0.0961318060379795,0.1357056456604882,9.532169239495468,0.0727532028288785
Cockatoo_assembly_Emilio,chronos_t5_small,28,0.056577289046417,0.0791904990516554,5.735735145098135,0.0420981000119945
Cockatoo_assembly_Evelyn,chronos_t5_small,28,0.2816283773762013,0.532234454260938,22.73241669112004,0.2071776988816231
Cockatoo_assembly_Fernanda,chronos_t5_small,28,0.075160480059159,0.1011313343640326,7.999593565367199,0.0566488250629376
Cockatoo_assembly_Genoveva,chronos_t5_small,28,0.1975335404256376,0.2796292258756235,19.94622224614293,0.1494058935017736
Cockatoo_assembly_Griselda,chronos_t5_small,28,0.0797521604707331,0.1306743196888111,8.84214081944162,0.0639472689060857
Cockatoo_assembly_Heath,chronos_t5_small,28,0.1383693367167495,0.2079018779441238,13.189782133020378,0.1055045400229987
Cockatoo_assembly_Meredith,chronos_t5_small,28,0.0722812643016156,0.1021246586992175,7.323562932486342,0.0536264509729152
Cockatoo_assembly_Pierre,chronos_t5_small,28,0.1004502245744426,0.137967113440418,9.922487577427184,0.0745117031569114
Cockatoo_assembly_Ralph,chronos_t5_small,28,0.0905583620451163,0.119586788940155,9.270979389377311,0.066322584345849
Cockatoo_assembly_Rodger,chronos_t5_small,28,0.0860465921981298,0.1248281146005677,8.801258344218507,0.0638396803259823
Cockatoo_assembly_Tabitha,chronos_t5_small,28,0.1189718550803187,0.1594150551061963,11.833807393141074,0.0856301561621128
Cockatoo_assembly_Valencia,chronos_t5_small,28,0.0811828283317837,0.1211564084692389,8.62069019875513,0.0606713700747212
Cockatoo_education_Amira,chronos_t5_small,28,0.0626646563567874,0.1792585547175956,4.834147760836943,0.0521374265218661
Cockatoo_education_Arlen,chronos_t5_small,28,0.0879723020801569,0.1235524085552391,8.875450068602309,0.0652063094388297
Cockatoo_education_Brendan,chronos_t5_small,28,0.0448040791797212,0.0623609402059142,4.55671172793974,0.0333158827833262
Cockatoo_education_Brigitte,chronos_t5_small,28,0.0258274792302411,0.0425514274476927,2.6305195426261023,0.0198693033067095
Cockatoo_education_Charity,chronos_t5_small,28,0.0299197806409656,0.045847817901131,2.8918472472554604,0.021764821221054
Cockatoo_education_Christi,chronos_t5_small,28,0.1311681419071795,0.1890914267943647,12.581304384111142,0.1020889651563835
Cockatoo_education_Claudine,chronos_t5_small,28,0.0591280641348334,0.090363022269753,5.753889686564212,0.0438584600753976
Cockatoo_education_Collin,chronos_t5_small,28,0.0395181894626247,0.0584240006186708,3.989383165466641,0.0306790531678841
Cockatoo_education_Deloris,chronos_t5_small,28,0.065267627467296,0.0850404154172717,6.40557996496594,0.0463533542626795
Cockatoo_education_Doreen,chronos_t5_small,28,0.0606910056754106,0.087736569838043,6.134882079005891,0.0440869527056888
Cockatoo_education_Erik,chronos_t5_small,28,0.039780791755414,0.0524815768024781,3.9296897171603216,0.0282376296218738
Cockatoo_education_Eunice,chronos_t5_small,28,0.0504958681919694,0.0860952440266556,5.078922966854268,0.0402695003763024
Cockatoo_education_Evangeline,chronos_t5_small,28,0.0018006525534973,0.0020621712035649,0.1800652553497335,0.0018821274376688
Cockatoo_education_Flora,chronos_t5_small,28,0.021545845184413,0.0273401850913545,2.163513785531654,0.0157892091324509
Cockatoo_education_Gussie,chronos_t5_small,28,0.0347326812044405,0.0492240486352803,3.4237489479511862,0.0256969227444539
Cockatoo_education_Helene,chronos_t5_small,28,0.0331823132574519,0.0491630083322119,3.215213746179092,0.0247713974303414
Cockatoo_education_Jack,chronos_t5_small,28,0.1144993645725016,0.165603244453611,11.318270950154805,0.0855397143973875
Cockatoo_education_Janet,chronos_t5_small,28,0.0352349445199597,0.0487890577152738,3.475897863579956,0.0254928799763271
Cockatoo_education_Joeann,chronos_t5_small,28,0.1301542904042028,0.2467952010184905,12.331480185888172,0.0944336820416644
Cockatoo_education_Joel,chronos_t5_small,28,0.0853220123160498,0.1196975689034496,8.296426677399719,0.0631207481859666
Cockatoo_education_Jon,chronos_t5_small,28,0.0819599593666154,0.1380756237339326,8.637696881887454,0.0658419427121216
Cockatoo_education_Julia,chronos_t5_small,28,0.1086383559701365,0.1467776690333005,10.602459945986938,0.0798430515010979
Cockatoo_education_Julio,chronos_t5_small,28,0.055004070288326,0.0728112803790643,5.416452616296035,0.0396455360230787
Cockatoo_education_June,chronos_t5_small,28,0.0391581770531212,0.0559363286567274,3.8632953368981338,0.0295207677298481
Cockatoo_education_Laurence,chronos_t5_small,28,0.2489205900776365,0.4882731330791534,18.86062754961865,0.1740246537454169
Cockatoo_education_Lionel,chronos_t5_small,28,0.0239191736049785,0.0383379556660323,2.41592964169076,0.0181280113843301
Cockatoo_education_Magdalena,chronos_t5_small,28,0.1731182921047174,0.4085721637281729,18.02337670685652,0.1244574820524091
Cockatoo_education_Marva,chronos_t5_small,28,0.0762854290702293,0.1478696803160567,8.011919597117489,0.0627963098908369
Cockatoo_education_Maynard,chronos_t5_small,28,0.1941359343614645,0.2783678562814706,18.10518375652078,0.1516494054232
Cockatoo_education_Mayra,chronos_t5_small,28,0.1008767434287717,0.1686071797990221,10.560158146102824,0.0788265632633678
Cockatoo_education_Melanie,chronos_t5_small,28,0.1062002043492227,0.1580726177277883,11.59096768844142,0.0826227953400882
Cockatoo_education_Minh,chronos_t5_small,28,0.1111474076791669,0.155141021647046,11.152238526213369,0.0829103688808318
Cockatoo_education_Nelda,chronos_t5_small,28,0.0360030991551563,0.0504712144240177,3.5650969482414188,0.0269284385612278
Cockatoo_education_Oliver,chronos_t5_small,28,0.0426665578497504,0.066069932243805,4.209239082371018,0.0319406542579943
Cockatoo_education_Orlando,chronos_t5_small,28,0.0538132744304463,0.0974140695153829,4.877220570128618,0.0418052149985789
Cockatoo_education_Rita,chronos_t5_small,28,0.0661311768379768,0.1102750070506505,6.294850955467076,0.0495745578533277
Cockatoo_education_Shawn,chronos_t5_small,28,0.0609037550458423,0.0845196441807178,6.194184269854824,0.0457962658147169
Cockatoo_education_Sheryl,chronos_t5_small,28,0.016921579765923,0.0297061866347198,1.6793583916438068,0.0130403960995044
Cockatoo_education_Terrence,chronos_t5_small,28,0.0336745870166199,0.0610735642353177,3.2931917406529414,0.0232289551659426
Cockatoo_education_Tyler,chronos_t5_small,28,0.0156932280630163,0.0247613049686505,1.5596870347087126,0.0115434192338781
Cockatoo_education_Victoria,chronos_t5_small,28,0.1406249804014415,0.2310052651962721,11.73090328072195,0.1027532037999722
Cockatoo_industrial_Nathaniel,chronos_t5_small,28,0.2375163398882678,0.448139433577703,32.03204261803253,0.1786668317142528
Cockatoo_industrial_Sarita,chronos_t5_small,28,0.0966413488023253,0.1292219232056529,9.986507398772952,0.0703625503575855
Cockatoo_lodging_Aimee,chronos_t5_small,28,0.075427763936316,0.1015938249251565,7.356678224329372,0.0546731414144522
Cockatoo_lodging_Albert,chronos_t5_small,28,0.0667118047611195,0.0861468019957445,6.548665394656784,0.0473285137229119
Cockatoo_lodging_Alicia,chronos_t5_small,28,0.108513114921137,0.1523304295539019,10.263311646880776,0.08029324945489
Cockatoo_lodging_Ana,chronos_t5_small,28,0.0866130191502844,0.1096579523261759,9.109134586229104,0.0623286678311057
Cockatoo_lodging_Carmen,chronos_t5_small,28,0.1598478776927293,0.2089026381946859,15.913175127311854,0.1197276005805737
Cockatoo_lodging_Cletus,chronos_t5_small,28,0.0808813156727276,0.1075396066424652,8.195542738435737,0.0594811772051468
Cockatoo_lodging_Elvia,chronos_t5_small,28,0.0596723432050952,0.0915684065589552,6.10940515608464,0.0453075303302116
Cockatoo_lodging_Emory,chronos_t5_small,28,0.0610998293803003,0.0781629780442895,6.067970854735351,0.0436844689538752
Cockatoo_lodging_Eric,chronos_t5_small,28,0.1509571852851719,0.1972451958966846,15.26193622872984,0.1121839991084622
Cockatoo_lodging_Homer,chronos_t5_small,28,0.0313511665909172,0.0458867843485493,3.1245333799883963,0.0236773718989783
Cockatoo_lodging_Jarrod,chronos_t5_small,28,0.4019802345848624,1.8200230499108985,2509.67307642065,12206540.1944903
Cockatoo_lodging_Javier,chronos_t5_small,28,0.0683663270541404,0.0915120104948492,6.748314002465934,0.0505541201875583
Cockatoo_lodging_Jim,chronos_t5_small,28,0.0581522575143307,0.0740203648969849,5.884728163987717,0.0419458787856285
Cockatoo_lodging_Jimmie,chronos_t5_small,28,0.0391494439833228,0.0501120287545976,3.913520164685453,0.0283563980612551
Cockatoo_lodging_Johnathan,chronos_t5_small,28,0.0989425680020235,0.1260587149636081,9.719303156127925,0.0709372763828269
Cockatoo_lodging_Josephine,chronos_t5_small,28,0.1065075406169054,0.1659955826610032,10.286682958628392,0.0825453746109243
Cockatoo_lodging_Judi,chronos_t5_small,28,0.1206751871856442,0.1679549352343907,11.459529554699008,0.0893751767021307
Cockatoo_lodging_Katharine,chronos_t5_small,28,0.0760845760849731,0.1033299764799963,7.435282860709664,0.054989630191483
Cockatoo_lodging_Kerri,chronos_t5_small,28,0.0663195754705994,0.1063973286781038,6.954044282586909,0.0512732932763328
Cockatoo_lodging_Kyle,chronos_t5_small,28,0.0629311250772442,0.099851374668826,6.554937254965034,0.0491880061664929
Cockatoo_lodging_Lana,chronos_t5_small,28,0.1188750476949677,0.163694896562957,11.259800406067413,0.0873807766368175
Cockatoo_lodging_Linwood,chronos_t5_small,28,0.1679470106781164,0.2183076771633492,17.16313037365508,0.1269603585433558
Cockatoo_lodging_Lynne,chronos_t5_small,28,0.0828750632095773,0.1284917266413109,7.905839428873406,0.0633051613320097
Cockatoo_lodging_Mandy,chronos_t5_small,28,0.1000431719300272,0.1375153458387538,9.58599912302174,0.0749365174545524
Cockatoo_lodging_Olga,chronos_t5_small,28,0.2007393945602785,0.3439828986085169,19.36867030912541,0.1365003873997246
Cockatoo_lodging_Raphael,chronos_t5_small,28,0.0860392954601276,0.1485294426216838,8.63519136370059,0.071306685647109
Cockatoo_lodging_Tesha,chronos_t5_small,28,0.0993149819537984,0.1306552331398813,9.639850717021195,0.0713954144538638
Cockatoo_lodging_Tessie,chronos_t5_small,28,0.0544767284137707,0.0809472016159031,5.400407042862901,0.0412318031284678
Cockatoo_office_Ada,chronos_t5_small,28,0.0303996675351292,0.0423572527216617,3.0301642528047257,0.0222912856484604
Cockatoo_office_Alton,chronos_t5_small,28,0.0822201339451026,0.1279332782062251,7.933892063727709,0.061084166650858
Cockatoo_office_Christy,chronos_t5_small,28,0.0529933570700448,0.0854225608701809,5.283384109174281,0.040568412511617
Cockatoo_office_Delores,chronos_t5_small,28,0.0551732254515674,0.0822739863830314,5.354914382029086,0.0417971942450415
Cockatoo_office_Elbert,chronos_t5_small,28,0.0662174774680512,0.09761999784443,6.613356599211036,0.0496373025516378
Cockatoo_office_Gail,chronos_t5_small,28,0.0821905183095557,0.1387024603662741,7.655866412134206,0.0635276748073497
Cockatoo_office_Georgia,chronos_t5_small,28,0.0450654042708081,0.0686199439002828,4.43442061080986,0.0339937052730375
Cockatoo_office_Giovanni,chronos_t5_small,28,0.0496894201086068,0.0740160000973074,4.923940374767476,0.0377188177401467
Cockatoo_office_Jimmy,chronos_t5_small,28,0.1087100124772902,0.2096365319755166,8.738204209722667,0.082019139102852
Cockatoo_office_Jodie,chronos_t5_small,28,0.0473152873108697,0.0705204060412216,4.58651607759355,0.0352866287723978
Cockatoo_office_Kristin,chronos_t5_small,28,0.0349573074606023,0.0491448958712337,3.4652638183176445,0.0258815437592439
Cockatoo_office_Laila,chronos_t5_small,28,0.0404857307541693,0.0595402950670015,4.084549838871287,0.030439591831959
Cockatoo_office_Lorraine,chronos_t5_small,28,0.1674849069750991,0.2587730700209457,14.901327346912463,0.1295341493564843
Cockatoo_office_Paige,chronos_t5_small,28,0.0534787170318462,0.1010171185803403,5.243628715334204,0.0418009960686863
Cockatoo_office_Pansy,chronos_t5_small,28,0.0465102813414352,0.1028252575865793,4.893900128272894,0.0375079959540706
Cockatoo_office_Rodney,chronos_t5_small,28,0.0574695937943302,0.1116368950282703,6.172098902088158,0.0475642072384385
Cockatoo_office_Roxanna,chronos_t5_small,28,0.1210465296431838,0.1557268847373822,12.169185640346404,0.087138326945134
Cockatoo_public_Caleb,chronos_t5_small,28,0.0492524462826709,0.088221040594248,5.389977652449908,0.0410593070408403
Cockatoo_public_Chiquita,chronos_t5_small,28,0.0655593788769839,0.1058595417409591,6.762752798848955,0.0499291169276844
Cockatoo_public_Harland,chronos_t5_small,28,0.042403085882132,0.0597209562942374,4.258519990663881,0.0317576056632
Cockatoo_public_Leah,chronos_t5_small,28,0.0484759012327027,0.0859841865176291,5.377715953773205,0.0386968045068877
Cockatoo_public_Shad,chronos_t5_small,28,0.0542870387689469,0.0897138697208529,5.840425226554736,0.0427031447804822
Cockatoo_public_Valerie,chronos_t5_small,28,0.0258217552477662,0.0420596925204762,2.5108805767195563,0.0195044974520343
Cockatoo_religion_Diedre,chronos_t5_small,28,0.3392040569372921,0.4620890008840126,32.54250013874757,0.225642546571716
Cockatoo_science_Rex,chronos_t5_small,28,0.0232710553102037,0.0440896840539698,2.3283433545030605,0.0179389024329973
Cockatoo_utility_Kimiko,chronos_t5_small,28,0.2383520945452758,0.4461810041589619,67.73723875279784,0.2056575478711782
Cockatoo_utility_Sherri,chronos_t5_small,28,0.0416309386763969,0.0952486188727465,4.415504284245034,0.0333053869594163
Crow_education_Kate,chronos_t5_small,28,0.0586272652380798,0.0885383715396545,5.618212518240272,0.0439128030265978
Crow_education_Keisha,chronos_t5_small,28,0.0370916185438821,0.0650635977344493,3.816412743579657,0.0265761761102315
Crow_education_Marlin,chronos_t5_small,28,0.0784454282839851,0.1211826869655694,8.387346697403238,0.063100230466745
Crow_education_Omer,chronos_t5_small,28,0.069188308383479,0.1386467913623217,6.477682580831881,0.0537878488457081
Crow_education_Winston,chronos_t5_small,28,0.0792975099585901,0.1309792174512495,7.36310962576385,0.0571525115815508
Eagle_assembly_Benny,chronos_t5_small,28,0.1755652896252615,0.2323347863744654,20.526000832549084,0.1326456695886476
Eagle_assembly_Candice,chronos_t5_small,28,0.6511710377697861,1.4255341153243,52.19564829772113,0.4833680982385144
Eagle_assembly_Estelle,chronos_t5_small,28,0.1895731879426283,0.3017569977738972,16.824419972890155,0.1378898816811671
Eagle_assembly_Herbert,chronos_t5_small,28,0.1293979182910907,0.2081762034475033,15.081302954572696,0.0950017948669591
Eagle_assembly_Ian,chronos_t5_small,28,0.1378606388527947,0.2287125128167959,13.681295443379437,0.102395521301717
Eagle_assembly_Josie,chronos_t5_small,28,0.0856664405588336,0.1586636823647736,7.710028693769696,0.0598665959956204
Eagle_assembly_Lacy,chronos_t5_small,28,0.0823081558972476,0.1036365871018281,8.29640519118464,0.0589109056306441
Eagle_assembly_Latrina,chronos_t5_small,28,0.0905905969190448,0.2544009253162542,7.109091444935618,0.0613844934108065
Eagle_assembly_Margret,chronos_t5_small,28,0.0584915240706775,0.0870769175098494,5.992758907438762,0.0444656326562016
Eagle_assembly_Portia,chronos_t5_small,28,0.1329181630032406,0.1835873384661777,13.345439005357346,0.0973774131583395
Eagle_education_Alberto,chronos_t5_small,28,0.0218110308904276,0.0284215379510443,2.1441387200755817,0.0159124244506579
Eagle_education_April,chronos_t5_small,28,0.1397433968963125,0.6101838806489468,4.15915994631696,27186790.99330909
Eagle_education_Brianne,chronos_t5_small,28,0.0577201349869643,0.0819037498447537,6.219976987044539,0.0435093945233325
Eagle_education_Brooke,chronos_t5_small,28,0.0228967111313951,0.0355717701282397,2.3171182112266533,0.0173398167332057
Eagle_education_Edith,chronos_t5_small,28,0.0780061738107154,0.1131868750481462,8.240654278401237,0.0578324365082894
Eagle_education_Eileen,chronos_t5_small,28,0.0663766311566878,0.0935830043883463,6.560960576841837,0.0485106459223064
Eagle_education_Jewell,chronos_t5_small,28,0.0415476449741406,0.0675321344835498,19.24735106719841,0.0322425294931299
Eagle_education_Lino,chronos_t5_small,28,0.055074552632828,0.0743839951356709,5.513025966156064,0.0407463546623137
Eagle_education_Luther,chronos_t5_small,28,0.0397970467202302,0.052895132559373,3.918868912529271,0.0288004353177463
Eagle_education_Maragret,chronos_t5_small,28,0.0811086464946833,0.1040050740749665,7.984123433839799,0.0580114185428354
Eagle_education_Norah,chronos_t5_small,28,0.0283920940759638,0.0470609175507606,3.0103384924448315,0.0214439546247324
Eagle_education_Paul,chronos_t5_small,28,0.1018248901473054,0.2144178201774056,7.893947684990844,0.0780882052456998
Eagle_education_Peter,chronos_t5_small,28,0.0195546731876991,0.058314700947947,18.922675680060586,0.0155028509080288
Eagle_education_Petra,chronos_t5_small,28,0.0664693883105507,0.1148741213138696,6.047777829264384,0.0527164381885328
Eagle_education_Raul,chronos_t5_small,28,0.0307377223198182,0.0656675815456058,3.461831258237784,0.0215867222028305
Eagle_education_Roman,chronos_t5_small,28,0.0229470004067875,0.0444575952408646,2.6210441070956025,0.0173404324151318
Eagle_education_Samantha,chronos_t5_small,28,0.0452284457312982,0.0617369077461101,4.520057536679981,0.0331191869843273
Eagle_education_Shana,chronos_t5_small,28,0.022896316480762,0.029266454470439,2.271176977448868,0.0167255334777629
Eagle_education_Shanna,chronos_t5_small,28,0.0484308722910724,0.0809439849104275,4.727395621708198,0.0351392684156401
Eagle_education_Shante,chronos_t5_small,28,0.0187611999810356,0.0248262773968255,1.8453409427541083,0.0134686220991678
Eagle_education_Sheena,chronos_t5_small,28,0.1002250077639508,0.2114385908105303,7.771258208802012,0.0769424194626196
Eagle_education_Sherrill,chronos_t5_small,28,0.0173875424993718,0.0218532163169769,1.7421040834401835,0.012631090883845
Eagle_education_Teresa,chronos_t5_small,28,0.0695712635112455,0.0926704547909296,7.278666542862318,0.0521129690193616
Eagle_education_Wesley,chronos_t5_small,28,0.0564001196637985,0.0801790702693097,5.574987265454205,0.0411806083644842
Eagle_education_Will,chronos_t5_small,28,0.0479460960093391,0.0636166916382109,4.699886913989574,0.0348721576736686
Eagle_food_Jennifer,chronos_t5_small,28,0.1848102065354926,0.4113436353052004,434.2665497243652,28558752.818501823
Eagle_food_Kay,chronos_t5_small,28,0.0666830542833446,0.0994960467799912,25.47259940114228,0.0512818644283476
Eagle_health_Amy,chronos_t5_small,28,0.0986045916853293,0.1577427036839593,11.670656635042343,0.0721964448992209
Eagle_health_Athena,chronos_t5_small,28,0.0819697685391763,0.1207880483603354,7.64326809432479,0.0601059580532034
Eagle_health_Gregoria,chronos_t5_small,28,,,139698.38619232175,2432324.180062135
Eagle_health_Jodi,chronos_t5_small,28,0.048490826871894,0.0802566979188726,4.502046679164097,0.0370851422725839
Eagle_health_Lucinda,chronos_t5_small,28,0.0305201364667476,0.0479247160470231,3.1043478906363284,0.022965673803457
Eagle_health_Margo,chronos_t5_small,28,0.0304265757832255,0.0511906033296682,16.149395096555505,0.0224258601669694
Eagle_health_Reba,chronos_t5_small,28,0.0288417842215264,0.0398062427090213,2.8120236272302503,0.0212133584058695
Eagle_health_Reuben,chronos_t5_small,28,0.0426047095132348,0.0752845227422416,23.143119997683467,0.032207913385924
Eagle_health_Trisha,chronos_t5_small,28,0.0804041928666033,0.1048208161816282,8.239345330499999,0.0577094475209434
Eagle_health_Vincenza,chronos_t5_small,28,0.0476732811262158,0.0818986854415455,24.66368934560003,0.0360206832710333
Eagle_lodging_Andy,chronos_t5_small,28,0.0728011138842158,0.0989188766020188,6.9244001275015306,0.0533325955070382
Eagle_lodging_Casey,chronos_t5_small,28,0.0572694120583648,0.075207162118115,5.487921118877653,0.0404836054706039
Eagle_lodging_Dawn,chronos_t5_small,28,0.0662123978107939,0.0989201014698639,7.05859014975024,0.0521690331592975
Eagle_lodging_Edgardo,chronos_t5_small,28,0.0766414343913622,0.106183080657885,7.23000575496191,0.0564357975366843
Eagle_lodging_Stephanie,chronos_t5_small,28,0.0672203756207204,0.0928313234163824,6.313163159799975,0.0481299692171606
Eagle_lodging_Terri,chronos_t5_small,28,0.1049726883725324,0.1415971600374504,10.12596378973834,0.0769277844723438
Eagle_lodging_Tressa,chronos_t5_small,28,0.1374820967232001,0.2016689363356612,12.484984247779025,0.1020650987758307
Eagle_lodging_Trina,chronos_t5_small,28,0.0746401107500533,0.1069787647259899,6.944116072767844,0.0553359056552533
Eagle_office_Amanda,chronos_t5_small,28,0.3886673434173159,2.753828808796305,3508.024120483122,263658436.65176672
Eagle_office_Amie,chronos_t5_small,28,0.0029443609688514,0.0060611170729183,0.2958416039763183,0.0030014723425574
Eagle_office_Bridgett,chronos_t5_small,28,0.0550558476683474,0.080150440923867,5.658106719123398,0.0425145869357369
Eagle_office_Chantelle,chronos_t5_small,28,0.0549057478891442,0.0750870927727617,5.58694297552043,0.0404954166752286
Eagle_office_Chauncey,chronos_t5_small,28,0.0286253669786685,0.0368048889945901,2.823367225142332,0.0208880056856733
Eagle_office_Dallas,chronos_t5_small,28,0.1385212251874702,0.1809269172635513,26.01128587011694,0.1026736030460726
Eagle_office_Damian,chronos_t5_small,28,0.0743473088198864,0.1088259821369039,7.030227470877228,0.0555856408415311
Eagle_office_Demetra,chronos_t5_small,28,0.0559341383222424,0.0936947534630137,5.612517359528645,0.0410133406365832
Eagle_office_Donovan,chronos_t5_small,28,0.0561545499764156,0.0935747913891121,5.176141825957475,0.0418530686555433
Eagle_office_Efrain,chronos_t5_small,28,0.0786987187387679,0.1161782739893532,7.432173571808991,0.0589195799941845
Eagle_office_Elia,chronos_t5_small,28,0.0790090564362409,0.1149468188230917,8.363138431737365,0.058429920159016
Eagle_office_Elias,chronos_t5_small,28,0.0752355390623161,0.1097745069452652,7.09393053378518,0.0556020227681957
Eagle_office_Elvis,chronos_t5_small,28,0.0943944725708994,0.1496303629930683,9.059275598451569,0.0702485633338272
Eagle_office_Flossie,chronos_t5_small,28,0.087694392321566,0.1152209792480791,8.789042239738865,0.06417659901449
Eagle_office_Francis,chronos_t5_small,28,0.0316228675883019,0.0409845811170698,3.1300957449629343,0.0233833986147754
Eagle_office_Freida,chronos_t5_small,28,0.0892522543026695,0.1705644185041858,31.59243384325428,0.0735563430575547
Eagle_office_Henriette,chronos_t5_small,28,0.1692777995276463,0.2460624556501861,18.3247489766172,0.1204709076199237
Eagle_office_Isidro,chronos_t5_small,28,0.06130997582683,0.1176158794029746,5.401191854194972,0.0493029492080004
Eagle_office_Jackie,chronos_t5_small,28,0.0795117718435996,0.1107489301275344,7.67816341567494,0.057403358489101
Eagle_office_Jeff,chronos_t5_small,28,0.1116305285021009,0.1941782636551716,10.280290059423224,0.0830631520180819
Eagle_office_Joette,chronos_t5_small,28,0.0634698705245216,0.1408954166207917,6.626973315650324,0.0560889354493202
Eagle_office_Katheleen,chronos_t5_small,28,0.079913429486714,0.1164298477819085,8.387135419726528,0.0601649074602315
Eagle_office_Lamont,chronos_t5_small,28,0.0823948149426808,0.1116836753109263,8.159153106806597,0.0609247710511381
Eagle_office_Lane,chronos_t5_small,28,0.0655662967784194,0.0842939621533124,6.913579340228859,0.0476738799041917
Eagle_office_Lillian,chronos_t5_small,28,0.1793317578392914,0.3077235895398671,16.402423887900344,0.1303145520746815
Eagle_office_Mable,chronos_t5_small,28,0.0759876312681728,0.1078577333978374,7.063796492842463,0.0557940159232491
Eagle_office_Mandi,chronos_t5_small,28,0.0231104446691013,0.0296042365418526,2.288530968268301,0.0166506406789305
Eagle_office_Marisela,chronos_t5_small,28,0.0742486073627821,0.09651021945536,7.487102996650768,0.0551868108528388
Eagle_office_Michele,chronos_t5_small,28,0.0915549177661411,0.1200342136342955,9.693035351368415,0.0693528422454548
Eagle_office_Nereida,chronos_t5_small,28,0.0284911607369671,0.0381075510913782,2.8152762320178057,0.0209781494144694
Eagle_office_Norbert,chronos_t5_small,28,0.0673354880316163,0.1041591350038001,6.076731141036765,0.0491539552593354
Eagle_office_Patrice,chronos_t5_small,28,0.0570622710161233,0.0798943863015922,5.501847548300747,0.0417865669264247
Eagle_office_Phyllis,chronos_t5_small,28,0.0233290354315231,0.0299292847896746,2.3102743855846857,0.0171259939049516
Eagle_office_Randolph,chronos_t5_small,28,0.0606649689109749,0.1030771164734444,5.928300484892853,0.0456533120242665
Eagle_office_Remedios,chronos_t5_small,28,0.0453033393502669,0.062533108203053,4.464035362551866,0.0333592805589962
Eagle_office_Ryan,chronos_t5_small,28,0.0983353579348042,0.1417405463528678,9.04393555991535,0.0716123355309427
Eagle_office_Sheree,chronos_t5_small,28,0.0807819612293727,0.1522085522197419,7.259561962111081,0.0632640317544717
Eagle_office_Sonya,chronos_t5_small,28,0.0474216016982666,0.0620914507535193,4.909720778197391,0.034505683587299
Eagle_office_Tia,chronos_t5_small,28,0.0629777566759047,0.0875559376407474,6.184972280260735,0.0466285462514045
Eagle_office_Yadira,chronos_t5_small,28,0.0527807383804969,0.0931515916493258,24.154051523388656,0.0403755803816117
Eagle_public_Alvin,chronos_t5_small,28,0.0370574613305799,0.0571395369835439,3.721330330721072,0.0286353449910479
Eagle_public_Henry,chronos_t5_small,28,0.2691608537267475,0.4364985368621415,45.90063976874863,0.1987989093273186
Eagle_public_Minnie,chronos_t5_small,28,0.0364439072127112,0.057974386784875,3.610650631587685,0.0285341041843693
Eagle_public_Missy,chronos_t5_small,28,0.0997688146154147,0.1594133002756363,9.420008900336606,0.0710142862840242
Eagle_public_Ola,chronos_t5_small,28,0.0623247613894127,0.1139200857416006,7.717688222272136,0.0485392832198843
Eagle_public_Pearle,chronos_t5_small,28,0.035519971000574,0.0554906740692771,3.6570842576090232,0.0256787896101803
Eagle_public_Preston,chronos_t5_small,28,0.0343015785957653,0.0777268230817523,21.685586351961515,0.0266162633773617
Fox_assembly_Adrianne,chronos_t5_small,28,0.0835477770291662,0.1590897343051971,7.591197105379213,0.0669734274794119
Fox_assembly_Audrey,chronos_t5_small,28,0.1234888891490466,0.1920857523652757,11.676571238622904,0.0919488070585954
Fox_assembly_Boyce,chronos_t5_small,28,0.0829686205953769,0.2130077511488736,6.723981465714048,0.0582387685044572
Fox_assembly_Bradley,chronos_t5_small,28,0.1872991570613535,0.4866229988232741,13.92037781956411,0.1250383923987028
Fox_assembly_Carlos,chronos_t5_small,28,0.0801658438063161,0.1751615041315723,8.425806107674504,0.0654491759455285
Fox_assembly_Cathy,chronos_t5_small,28,0.0328242878076651,0.0493856159840374,3.1949888777354705,0.0241511571846399
Fox_assembly_Cecelia,chronos_t5_small,28,0.1190684952346526,0.1654650049223798,11.605123364239848,0.0869920797392858
Fox_assembly_Christie,chronos_t5_small,28,0.2614161092530902,0.4411826664944878,27.06664383564738,0.2079626233871286
Fox_assembly_Cindy,chronos_t5_small,28,0.1179067876047353,0.166114063190311,11.677312188500366,0.0864965980874783
Fox_assembly_Dixie,chronos_t5_small,28,0.2519706305231679,0.422864486382805,26.614672384185837,0.2016596184695532
Fox_assembly_Emma,chronos_t5_small,28,0.0662282423478834,0.0963012785139408,6.678553638365141,0.0508808288766706
Fox_assembly_Gary,chronos_t5_small,28,0.0428387844532013,0.0589827131208156,4.178473904095367,0.030590682964434
Fox_assembly_Jerrod,chronos_t5_small,28,0.9104337174622956,2.299881153760085,150.42274145462835,0.6858111551732594
Fox_assembly_Johnnie,chronos_t5_small,28,0.0546026295452906,0.1003794294902566,6.034859379475564,0.0417375524339321
Fox_assembly_Kathie,chronos_t5_small,28,0.1022336409217871,0.1877892842335035,9.224549953907298,0.0747735120208778
Fox_assembly_Lakeisha,chronos_t5_small,28,0.2037379019748252,0.2726191629922146,28.29628786631013,0.1576844272767232
Fox_assembly_Leeanne,chronos_t5_small,28,0.1819274639240683,0.2866922690284156,20.184903290131988,0.1476729760003265
Fox_assembly_Renna,chronos_t5_small,28,0.0169601156096991,0.02450352956738,1.684598729934337,0.0120964342631612
Fox_assembly_Sheldon,chronos_t5_small,28,0.0432450706062083,0.0580491401949201,4.262891958930321,0.0312823038468624
Fox_assembly_Terrell,chronos_t5_small,28,0.1116949854208933,0.1810231215081305,10.408379095449028,0.0829018625429561
Fox_assembly_Tony,chronos_t5_small,28,0.058336281687421,0.1004671505897403,6.214862151416226,0.0476270202481646
Fox_education_Andre,chronos_t5_small,28,0.0275687703449685,0.0359755181899644,2.7266640399158786,0.0199507103063215
Fox_education_Ashli,chronos_t5_small,28,0.1586687397944474,0.2764782848015032,18.6378263537746,0.1212647463846089
Fox_education_Burton,chronos_t5_small,28,0.1305296334658325,0.1913227895791765,12.978096046868057,0.0935026705045842
Fox_education_Carleen,chronos_t5_small,28,0.0398683762318012,0.0633227959790158,4.29717225301493,0.0326754335005992
Fox_education_Charles,chronos_t5_small,28,0.113502231082952,0.2173467378831609,11.916132987411665,0.0845765113029568
Fox_education_Claire,chronos_t5_small,28,0.0494889944601521,0.0844931214322517,4.89158867756233,0.0390990491415828
Fox_education_Claude,chronos_t5_small,28,0.0126850552058427,0.0196394352894383,1.26947539438694,0.0094205910993438
Fox_education_Cynthia,chronos_t5_small,28,0.0592204017995105,0.0760911868400449,5.912265050705376,0.0423834835066251
Fox_education_Delma,chronos_t5_small,28,0.0744237605481986,0.1994195295421243,9.94733443292136,0.0685314792268787
Fox_education_Dewayne,chronos_t5_small,28,0.052498283031722,0.0915175326745921,4.890889304095138,0.0385382391369739
Fox_education_Dominique,chronos_t5_small,28,0.0188962836842684,0.026512548661183,1.8517068754081356,0.0138690705337102
Fox_education_Eddy,chronos_t5_small,28,0.047650165336869,0.1093223641749325,6.333294936792824,0.034824928636736
Fox_education_Eldon,chronos_t5_small,28,0.0176674707620383,0.0245749112571443,1.7736393790453415,0.0129282805239585
Fox_education_Elizabeth,chronos_t5_small,28,0.0360110139669852,0.0602469085413588,3.596564156413374,0.0303767583544287
Fox_education_Elois,chronos_t5_small,28,0.2248223209642453,0.328961195945789,23.774053114856645,0.1777288941365294
Fox_education_Elvira,chronos_t5_small,28,0.043025800521529,0.0587466116377634,4.282956818942973,0.0328518158136687
Fox_education_Etta,chronos_t5_small,28,0.0519629708044087,0.1035448734285305,6.879936232611243,0.0409520173926815
Fox_education_Gayla,chronos_t5_small,28,0.0981643845492137,0.1514591057516276,9.35469936473846,0.069504771645282
Fox_education_Geoffrey,chronos_t5_small,28,0.0301882440184793,0.0453155270672206,2.9076806703015325,0.0220184118562173
Fox_education_Gloria,chronos_t5_small,28,0.0157653239229616,0.0275742148788257,1.6271707832660367,0.0127916838553824
Fox_education_Henrietta,chronos_t5_small,28,0.1375733763633841,0.2386590155230847,14.291664867233994,0.1138600858542053
Fox_education_Heriberto,chronos_t5_small,28,0.0388144470583888,0.0522411544260617,4.160022844553557,0.0279869589264956
Fox_education_Jaclyn,chronos_t5_small,28,0.0413243414751677,0.0723158816815278,4.044695563252516,0.0321077075454764
Fox_education_Jacqueline,chronos_t5_small,28,0.0631934076594791,0.2079293024719368,5.846946444780071,0.0654519846331747
Fox_education_Janina,chronos_t5_small,28,0.0513048065602966,0.0951422739088488,5.293198747332834,0.041415870359034
Fox_education_John,chronos_t5_small,28,0.0619997668062129,0.0844040459600009,6.097285893474069,0.047464927047861
Fox_education_Kendrick,chronos_t5_small,28,0.1553685144968597,0.2625249726558286,22.128714265142595,0.1408626115933554
Fox_education_Kim,chronos_t5_small,28,0.0645627307110916,0.0816726812994119,6.927953941376656,0.0487716256792901
Fox_education_Kris,chronos_t5_small,28,0.079875077842175,0.11969662108509,7.552961360313241,0.0595532966689498
Fox_education_Leona,chronos_t5_small,28,0.0370641484515552,0.0588979832842511,3.588524535178702,0.0275054605936379
Fox_education_Leota,chronos_t5_small,28,0.034600687481666,0.0523966481052864,3.4003005369543957,0.0269166226596489
Fox_education_Lesley,chronos_t5_small,28,0.1382518321318602,0.2578587882413372,13.515048399100529,0.1030653832312962
Fox_education_Lilly,chronos_t5_small,28,0.0561721756506164,0.08531219380503,5.313691603163552,0.039418008966295
Fox_education_Long,chronos_t5_small,28,0.0375056442689294,0.0641768289959274,3.716020542847958,0.0300630502105247
Fox_education_Louie,chronos_t5_small,28,0.0672778327363377,0.0901918539368074,6.598902605923433,0.0494846082146373
Fox_education_Marcelina,chronos_t5_small,28,0.1013340122337313,0.2077571281399065,15.322975208754135,0.0704984756363314
Fox_education_Maris,chronos_t5_small,28,0.0430956530416249,0.0590214817419679,4.165075097319707,0.0317722285025301
Fox_education_Marlana,chronos_t5_small,28,0.0289948584506809,0.0395793509376303,2.846284346461068,0.0212505334612436
Fox_education_Maureen,chronos_t5_small,28,0.0281637231494246,0.0474479696371165,2.652881469787066,0.0221147084635869
Fox_education_Melinda,chronos_t5_small,28,0.0267684357468848,0.0355607071706556,2.647954722811848,0.019829984066039
Fox_education_Melvin,chronos_t5_small,28,0.1313764603011024,0.2305823907834113,11.682848354671984,0.0975015919774786
Fox_education_Miguelina,chronos_t5_small,28,0.071101698646108,0.1468936687197872,5.709995868456465,0.048292762624239
Fox_education_Nilda,chronos_t5_small,28,0.0478608589217535,0.0721587370733751,4.47344704699258,0.0345917308599882
Fox_education_Ollie,chronos_t5_small,28,0.0687605703922016,0.0864766645548973,6.933883117160391,0.0490282524079143
Fox_education_Otilia,chronos_t5_small,28,0.0099192284387528,0.0186565078151363,1.006037633289863,0.0075274403753238
Fox_education_Ray,chronos_t5_small,28,0.0735499569401277,0.0937497523998609,7.482994155067793,0.0531696690147337
Fox_education_Rosie,chronos_t5_small,28,0.0305695393173168,0.0439593325746981,3.068820284526556,0.0226611553239405
Fox_education_Rudolph,chronos_t5_small,28,0.118252232991116,0.1653252371086059,12.497337954784127,0.0903915491078473
Fox_education_Shaun,chronos_t5_small,28,0.0500010581936836,0.0698750085441025,5.015295422450934,0.0369866814638367
Fox_education_Shawanda,chronos_t5_small,28,0.0866143298127604,0.1329941379669775,8.734618810123852,0.0653334896548975
Fox_education_Shirley,chronos_t5_small,28,0.0566160631678539,0.0791489871114434,5.486197002007074,0.0417645788378273
Fox_education_Stacia,chronos_t5_small,28,0.0171183612476377,0.0261832728814828,1.6856956300343475,0.0128598190375807
Fox_education_Sterling,chronos_t5_small,28,0.0828738098976877,0.1252492029453602,8.771854991655708,0.0643354339526732
Fox_education_Suzan,chronos_t5_small,28,0.0451577607760699,0.0631041971784712,4.31524119323155,0.031762877756627
Fox_education_Tamika,chronos_t5_small,28,0.0809095986613635,0.1090463418975877,8.402581543302079,0.0613206156191668
Fox_education_Theodore,chronos_t5_small,28,0.0139455878539712,0.0198716069273201,1.3793710954531908,0.0100593318632089
Fox_education_Tonya,chronos_t5_small,28,0.0324637252695951,0.0556704129125114,3.2099265528099643,0.0231078720021971
Fox_education_Virgil,chronos_t5_small,28,0.0270881725033937,0.0344730111887122,2.720305589015904,0.0198604714243128
Fox_education_Virginia,chronos_t5_small,28,0.1210931284455067,0.1695257388420425,13.141410799755182,0.0900463473753702
Fox_education_Wendell,chronos_t5_small,28,0.0099133056478068,0.0162768889841603,0.9909927811183724,0.0077050982714487
Fox_education_Willis,chronos_t5_small,28,0.0105669898536773,0.01615645681272,1.0676350980475269,0.0077562301707014
Fox_education_Yolande,chronos_t5_small,28,0.0148201254643986,0.021198605304032,1.4575361075431372,0.0110579830392049
Fox_food_Francesco,chronos_t5_small,28,0.0697230467241405,0.1119817854271065,6.969212981767122,0.0534336192978288
Fox_food_Scott,chronos_t5_small,28,0.0685207478229828,0.0970888764356703,6.825992015862847,0.0502955934300556
Fox_health_Lorena,chronos_t5_small,28,0.0362403694574681,0.061617374140609,3.510766808107272,0.0278980019731566
Fox_lodging_Alana,chronos_t5_small,28,0.0429568997645502,0.0594823701507299,4.170669470744065,0.0310663012729605
Fox_lodging_Angla,chronos_t5_small,28,0.0631291853699554,0.09044557894308,6.144700256878183,0.0475451547542579
Fox_lodging_Frances,chronos_t5_small,28,0.0392642590157494,0.0542579785852835,3.8896281671994606,0.0286283671430547
Fox_lodging_Helen,chronos_t5_small,28,0.0441014057282979,0.0636038214531849,4.387678405645082,0.033701950970535
Fox_lodging_Isabell,chronos_t5_small,28,0.0130903960221451,0.0256016315892767,1.3057807104063432,0.0103130336541645
Fox_lodging_Jina,chronos_t5_small,28,0.0297785245267992,0.0424349382361128,2.9201038677960063,0.0220753312673178
Fox_lodging_Morris,chronos_t5_small,28,0.0413993106767449,0.0628788743379644,4.074938715147321,0.0309787026529218
Fox_lodging_Stephan,chronos_t5_small,28,0.0515330918792115,0.0729173095759441,5.042928544277706,0.0383692822494217
Fox_lodging_Stephen,chronos_t5_small,28,0.0576591807251594,0.0753986182037848,5.629779764111403,0.0411497687510005
Fox_lodging_Wallace,chronos_t5_small,28,0.0270387115192152,0.0405737404684408,2.695477042048236,0.0200633112697876
Fox_lodging_Warren,chronos_t5_small,28,0.0618613014051337,0.0829507410226178,6.079439298058445,0.0454291849201802
Fox_lodging_Winifred,chronos_t5_small,28,0.0302514030668494,0.0405581105765393,3.0223973914087576,0.022269006013085
Fox_office_Alice,chronos_t5_small,28,0.0184936275594904,0.0271710077800378,1.789803741267972,0.0134334276590769
Fox_office_Bernard,chronos_t5_small,28,0.0245981137655357,0.036132497816323,2.399129623821747,0.0182238053742665
Fox_office_Berniece,chronos_t5_small,28,0.0441222214746297,0.0619344973072996,4.956948254851257,0.0363582972008648
Fox_office_Brandy,chronos_t5_small,28,0.0729130374033203,0.1059032537590148,7.9231467518645475,0.0525764041853767
Fox_office_Carson,chronos_t5_small,28,0.0478257010426536,0.0749348204319008,4.812217752009783,0.0353207121687063
Fox_office_Clayton,chronos_t5_small,28,0.0637179448203315,0.0936387750606226,5.837605059910871,0.0469894239303758
Fox_office_Demetrius,chronos_t5_small,28,0.1510075848396088,0.2874118073984845,11.813391624114402,0.1284034816570331
Fox_office_Easter,chronos_t5_small,28,0.0446823072730061,0.066975658947994,4.164877864392456,0.0314399314505182
Fox_office_Edythe,chronos_t5_small,28,0.068087036462923,0.1017132998779201,6.732499032325901,0.0538529824720622
Fox_office_Essie,chronos_t5_small,28,0.0634951362019548,0.1326068288653277,6.771810733943714,0.0495713428591493
Fox_office_Gaylord,chronos_t5_small,28,0.0396030619742963,0.0590030927285326,3.6736399720697976,0.0288052860249988
Fox_office_Israel,chronos_t5_small,28,0.0413693611949581,0.0692645696624068,3.9629720878185934,0.0298068152538475
Fox_office_Joy,chronos_t5_small,28,0.022630113679077,0.0286619077737235,2.2766691865721977,0.0162071348931431
Fox_office_Juana,chronos_t5_small,28,0.0752885624766336,0.1366229377377859,6.979898260537085,0.0570699046273463
Fox_office_Karima,chronos_t5_small,28,0.059446610603918,0.1104945131677121,6.2862195326345045,0.0496354787891591
Fox_office_Margarita,chronos_t5_small,28,0.0570372984446816,0.0830463823181905,5.462163981505945,0.0421438723609161
Fox_office_Molly,chronos_t5_small,28,0.0981817726382474,0.1742204723480021,9.041317842512171,0.0731595358858415
Fox_office_Rowena,chronos_t5_small,28,0.0901050270779729,0.1524071977692634,8.498128216587215,0.0659831227173129
Fox_office_Sheila,chronos_t5_small,28,0.0931113822188533,0.1231764842137333,9.4366889444649,0.0691789054253797
Fox_office_Susanne,chronos_t5_small,28,0.1082389635586787,0.1571580321143334,12.08289199893207,0.0872164878188914
Fox_office_Thelma,chronos_t5_small,28,0.0221976981148245,0.0372449266589582,2.577591663477451,0.0191896290726334
Fox_office_Vicki,chronos_t5_small,28,0.0302478124324423,0.0401145698381873,3.006438672405938,0.0223354278465572
Fox_office_Yong,chronos_t5_small,28,0.0253894568038382,0.0349447855076212,2.745334151451699,0.0204607885413948
Fox_office_Zachary,chronos_t5_small,28,0.0994873304246617,0.1361979444618168,10.08088494961945,0.0759310329643459
Fox_parking_Felipa,chronos_t5_small,28,0.0298090573771044,0.041655102675784,3.19081341226284,0.0219875280228163
Fox_parking_Lynelle,chronos_t5_small,28,0.0560319385724707,0.0742708039891942,6.010236526786131,0.0405679873837916
Fox_parking_Tommie,chronos_t5_small,28,0.0134349205438984,0.0233135203308613,1.333443858089162,0.010374260212663
Fox_public_Bart,chronos_t5_small,28,0.0931392059531644,0.1977812683254795,13.817035547681929,0.1080750865944472
Fox_public_Belle,chronos_t5_small,28,0.0204484691497411,0.0300388726034713,2.0125709698812777,0.0148167876623585
Fox_public_Denny,chronos_t5_small,28,0.0513899529339278,0.0698779383358769,5.145324932077022,0.0379720945999869
Fox_public_Lauren,chronos_t5_small,28,0.0416673985184474,0.0605859828731989,4.319994865118112,0.0323109049848122
Fox_public_Martin,chronos_t5_small,28,0.0316995504272691,0.0485507584474792,3.246767246872918,0.0241116094160327
Fox_public_Rhonda,chronos_t5_small,28,0.1181395319925642,0.2216278256235351,13.780943585588586,0.1031260507735314
Fox_religion_Maurice,chronos_t5_small,28,0.6036946587274498,1.005448410612993,101.16354984664812,0.6126861860645013
Fox_retail_Manie,chronos_t5_small,28,0.2331116290275462,0.3415174981541472,26.14292609667059,0.1597971968837761
Fox_utility_Marian,chronos_t5_small,28,0.1492054159775494,0.2848393403853369,18.531880216298205,0.1260857216313133
Fox_warehouse_Lorretta,chronos_t5_small,28,0.7095490316570121,1.620204651625616,114.45714485275352,30752185.692966104
Fox_warehouse_Pearl,chronos_t5_small,28,0.1922931666599487,0.2989569634385079,17.25248268810533,0.1437130825827731
Gator_assembly_Blanca,chronos_t5_small,28,0.1777455781370406,0.2544759525287207,27.70801838347462,0.2525506011254353
Gator_assembly_Daisy,chronos_t5_small,28,0.0906784585461382,0.1633196689852253,13.64602364477834,0.1330754200074224
Gator_assembly_Enid,chronos_t5_small,28,0.2074277145421376,0.257494026485132,23.130053132099228,0.2083107359682725
Gator_assembly_Gene,chronos_t5_small,28,0.220698154950807,0.3600605726887132,455.3428764314728,901643667.8694432
Gator_assembly_Joni,chronos_t5_small,28,0.627963557138,1.4959018212433366,107.77637048457922,1.0467521405264932
Gator_assembly_Kayleigh,chronos_t5_small,28,0.6126082023047775,0.8813658473454962,579.8291112939372,410935268.0237358
Gator_assembly_Kimberly,chronos_t5_small,28,0.1966810040682916,0.2778291547698729,35.80653396100515,0.3322106738045799
Gator_assembly_Lelia,chronos_t5_small,28,0.1276170025079968,0.1884031762865406,17.285415854371365,0.1600705318783491
Gator_assembly_Loyce,chronos_t5_small,28,0.1236032742975285,0.2556041649054899,28.764259697544475,0.2719449386547081
Gator_assembly_Lucia,chronos_t5_small,28,0.3343780618437325,0.4089940622142177,311.103403612324,156907921.92063254
Gator_assembly_Marjorie,chronos_t5_small,28,0.1899187444978373,0.272537761947517,38.50265147202049,0.3651111533100472
Gator_assembly_Maurine,chronos_t5_small,28,0.8543044836884738,1.1094993754083216,154.15167288694713,1.3608002858267978
Gator_assembly_Regina,chronos_t5_small,28,0.1285030681727298,0.2178006576477965,26.497518421866467,0.2472980904141506
Gator_office_August,chronos_t5_small,28,0.0025810866962513,0.002746443500572,0.2581086696251316,0.0040718402707886
Gator_office_Betty,chronos_t5_small,28,0.2539227542829845,0.4260255896800641,48.31848635992935,0.4383051308173516
Gator_office_Hunter,chronos_t5_small,28,0.1426385820578863,0.295937700060296,400.1636748941639,1688990999.071027
Gator_office_Julie,chronos_t5_small,28,0.2891353874074877,0.3508663605066123,53.13913391969981,0.4530040290097581
Gator_office_Lisa,chronos_t5_small,28,0.0827331987504361,0.1941633781521745,23.501485951462588,0.2279286819595608
Gator_office_Lucy,chronos_t5_small,28,0.0929494248126624,0.1970489888755447,19.53018584067061,0.1843802644075458
Gator_other_Cassandra,chronos_t5_small,28,0.4127304302752065,0.5563185860532515,50.13732870845017,0.4708185924224877
Gator_other_Elfriede,chronos_t5_small,28,0.167054687476013,0.2561838043422019,41.91096611845108,0.3926322618663381
Gator_other_Gertrude,chronos_t5_small,28,0.2340481439956249,0.3389293056460732,72.5458359087796,0.7064080874297349
Gator_other_Minda,chronos_t5_small,28,0.6185131657375826,0.7140332662742906,105.58501792137388,0.8200376562568217
Gator_other_Reginald,chronos_t5_small,28,0.19308799270157,0.2879083465391012,35.69866068120281,0.3226373214383133
Gator_other_Russel,chronos_t5_small,28,0.31533978854946,0.4176695331585535,354.939025509507,298541824.526638
Gator_public_Alexandra,chronos_t5_small,28,0.4170137288270789,0.5458862052952717,488.6734337175048,967339722.1095992
Gator_public_Beulah,chronos_t5_small,28,0.1412012359903562,0.2323581120408997,29.18693110716417,0.262277756910825
Gator_public_Cheri,chronos_t5_small,28,0.0811809275506341,0.1035790259873214,8.480741380366325,0.0694422278315735
Gator_public_Clara,chronos_t5_small,28,0.3995629049599945,0.5483131435316296,240.25156301505595,2.308351860377396
Gator_public_Dale,chronos_t5_small,28,0.1821559961403503,0.2488912848448657,30.84426533196775,0.2719317802809557
Gator_public_Dewey,chronos_t5_small,28,0.1385026767467445,0.2743745646488743,373.81313877972775,234653188.04386568
Gator_public_Dionna,chronos_t5_small,28,0.0923146471508922,0.1277510895368633,9.382217199976676,0.079364238992675
Gator_public_Erika,chronos_t5_small,28,0.0943731062235739,0.1243503834300764,9.891628389887128,0.0891946909939934
Gator_public_Everette,chronos_t5_small,28,0.1944920471083161,0.2780463259313953,31.21800509528151,0.2833742519335794
Gator_public_Geraldine,chronos_t5_small,28,0.1302540735395726,0.2436067567015097,25.7826295106392,0.2442819525593121
Gator_public_Janna,chronos_t5_small,28,0.1280012910197987,0.2601083045174219,26.308462183650636,0.2374595113970871
Gator_public_Jayme,chronos_t5_small,28,0.0571321100057865,0.0752108294439075,6.295059613688629,0.0572503977555082
Gator_public_Kendall,chronos_t5_small,28,0.1481992906996717,0.1756564468032264,15.33558241285124,0.132508553858531
Gator_public_Kenny,chronos_t5_small,28,0.2915287311149951,0.3814476423055887,32.12054126524296,0.2883950198306711
Gator_public_Latasha,chronos_t5_small,28,0.1069930023782593,0.1591412590097506,11.726013853213251,0.0988965785616256
Gator_public_Leroy,chronos_t5_small,28,0.2534869586771581,0.3207301445847139,30.362592955411422,0.2684657921358099
Gator_public_Lindsey,chronos_t5_small,28,0.1601769991148995,0.2666919923559527,33.143019761964105,0.2938846744177862
Gator_public_Marcie,chronos_t5_small,28,0.1380967567540622,0.2301272258705857,14.233671962491886,0.1257067853932814
Gator_public_Marissa,chronos_t5_small,28,0.086283699085633,0.1122798300723094,8.545980920108672,0.0687115397277971
Gator_public_Maude,chronos_t5_small,28,0.1045067284733875,0.2228919576777363,27.373820021276195,0.2645684552901532
Gator_public_Natasha,chronos_t5_small,28,0.3371790354270761,0.4704583767473247,60.29895936339552,0.5681972133060839
Gator_public_Nettie,chronos_t5_small,28,0.1560689357084578,0.2419405974514911,24.960961243733788,0.2293710307793117
Gator_public_Noe,chronos_t5_small,28,0.1294512511689888,0.1682407679926366,14.245043782976094,0.1248920207994843
Gator_public_Philip,chronos_t5_small,28,0.1834872822869756,0.2431119416794114,241.90632641533608,44597003.96215282
Gator_public_Randall,chronos_t5_small,28,0.1421795178466975,0.2779748822181379,35.128167738991,0.3247690828753343
Gator_public_Ross,chronos_t5_small,28,0.1708298111895718,0.2730380581711693,30.45766265004409,0.2802125928641393
Gator_public_Tiffany,chronos_t5_small,28,0.0997606605570531,0.1735244508092897,26.629073673097142,0.2582674855615202
Gator_warehouse_Constance,chronos_t5_small,28,0.4188079510437331,0.5600322266435411,655.7585635552883,951737754.5543088
Gator_warehouse_Stacie,chronos_t5_small,28,0.2239620066193909,0.4422399112754835,56.64210989256231,0.5417089877489635
Hog_assembly_Colette,chronos_t5_small,28,0.1662536187258124,0.2289993491444992,18.794966391586605,0.1270376175511013
Hog_assembly_Dona,chronos_t5_small,28,0.104890174406727,0.1394646882228915,11.20509139478795,0.0782192610597983
Hog_assembly_Edward,chronos_t5_small,28,0.1326249188087409,0.2563614717029951,11.64538589138926,0.1099362881730103
Hog_assembly_Jasmine,chronos_t5_small,28,0.0438705117865665,0.0582045305685311,4.219976033471522,0.0316854942977836
Hog_assembly_Letha,chronos_t5_small,28,0.1465097232298809,0.2800232622270687,12.44333349267679,0.0990523108867841
Hog_assembly_Maribel,chronos_t5_small,28,0.0433473327328833,0.0711633379454693,4.268602776495149,0.0329655784022555
Hog_assembly_Pedro,chronos_t5_small,28,0.2687023610440422,0.3968865179711334,30.8823997527906,0.2204455099579458
Hog_education_Beth,chronos_t5_small,28,0.0472693840892287,0.066929554971925,4.457020260074402,0.0349039643123031
Hog_education_Bruno,chronos_t5_small,28,0.0189405714950202,0.0284181771522382,1.823035269628845,0.014138235439344
Hog_education_Caridad,chronos_t5_small,28,0.0506446894673331,0.1663120365928182,4.816795144741811,0.0416949797658647
Hog_education_Casandra,chronos_t5_small,28,0.1071676432089897,0.2008089020008366,9.56945333868751,0.0759897093681
Hog_education_Cathleen,chronos_t5_small,28,0.0390407696169048,0.0614386109061299,3.91168603746799,0.0277713489024847
Hog_education_Darryl,chronos_t5_small,28,0.1087550533519933,0.1566973929488825,10.309864841192644,0.0795098978864876
Hog_education_Donnie,chronos_t5_small,28,0.3178883685162559,0.5257769213235571,32.99289327263523,0.2413695500159896
Hog_education_George,chronos_t5_small,28,0.0263120438427022,0.0344275206949435,2.6156503929138406,0.0188887528183624
Hog_education_Hallie,chronos_t5_small,28,0.0201043504727174,0.0276247800995701,2.00362293411288,0.0147755883496032
Hog_education_Haywood,chronos_t5_small,28,0.0119530523880264,0.0208570412527989,1.2018106513814868,0.0090601348157055
Hog_education_Janell,chronos_t5_small,28,0.0715298070994981,0.1102296050333899,7.034788950642101,0.0550890060619148
Hog_education_Jared,chronos_t5_small,28,0.1343120506599566,0.2563512595524223,11.37902742398275,0.0857508918500135
Hog_education_Jewel,chronos_t5_small,28,0.1254560286761093,0.2015202255993426,13.847134415273215,0.0984487769853909
Hog_education_Jordan,chronos_t5_small,28,0.0734915564598572,0.1173858681417894,7.498551142129112,0.0558353925345536
Hog_education_Josh,chronos_t5_small,28,0.1028045847126491,0.1461493990045076,9.979772419656754,0.0750355130216864
Hog_education_Leandro,chronos_t5_small,28,0.0244367401742164,0.0382308181429485,2.4109832711408847,0.0179141966806374
Hog_education_Luvenia,chronos_t5_small,28,0.0633751132850411,0.0984345542578115,6.257660550469894,0.0466072516319616
Hog_education_Madge,chronos_t5_small,28,0.0747462272286343,0.116995953034199,7.53295319099944,0.0571880091929164
Hog_education_Odell,chronos_t5_small,28,0.023368258682401,0.0404913308705111,2.251960597362588,0.0181439881831386
Hog_education_Rachael,chronos_t5_small,28,0.0665085201430791,0.0933026811357704,6.721990421852145,0.0484969646686932
Hog_education_Robert,chronos_t5_small,28,0.0857592779607537,0.1119755125973926,8.862217104822305,0.0638287734754236
Hog_education_Roberto,chronos_t5_small,28,0.0340194643773403,0.0504763516037396,3.6135921834082776,0.0275986064615205
Hog_education_Sonia,chronos_t5_small,28,0.0179697719943251,0.029453197693896,1.7466874961335472,0.0130440394137479
Hog_education_Wayne,chronos_t5_small,28,0.0416020106652127,0.0598792495081842,4.090121155542623,0.0315885234985475
Hog_food_Morgan,chronos_t5_small,28,0.0612220435956963,0.0916283772144189,5.906262480356812,0.0457263981693504
Hog_health_Hisako,chronos_t5_small,28,0.0216085701725059,0.0333618182608621,2.113699231398978,0.0153849477462728
Hog_health_Jenny,chronos_t5_small,28,0.0300435425393446,0.0430357813218125,2.920441564253981,0.0224669162135661
Hog_health_Kesha,chronos_t5_small,28,0.0156877733167315,0.0270920256976873,1.526926085379436,0.0119323204984221
Hog_industrial_Jay,chronos_t5_small,28,0.0501758461277988,0.1001431395013586,4.987807656646903,0.0384706127902288
Hog_industrial_Jeremy,chronos_t5_small,28,0.145795005286462,0.290074970121138,18.616652315253766,0.1131686819908844
Hog_industrial_Joanne,chronos_t5_small,28,0.157459124336441,0.2726422266215413,16.7873166850929,0.1141890545484109
Hog_industrial_Mariah,chronos_t5_small,28,0.1042098587780095,0.1586180752276439,9.631778498152816,0.0744872598243134
Hog_industrial_Quentin,chronos_t5_small,28,0.1601948095754805,0.2937325050255784,13.038221215263002,0.105009239244117
Hog_lodging_Brian,chronos_t5_small,28,0.0539891379284653,0.0712456526739996,5.248326899182106,0.0394194470166585
Hog_lodging_Celeste,chronos_t5_small,28,0.0628709572647304,0.0810936533685097,6.389443878160132,0.0459523469021456
Hog_lodging_Edgar,chronos_t5_small,28,,,525233.190273866,2236986.3107483173
Hog_lodging_Francisco,chronos_t5_small,28,0.0431089047220426,0.0572378091663531,4.2831977589255725,0.0312811225113568
Hog_lodging_Hal,chronos_t5_small,28,0.0474961089395976,0.0798927004003776,4.6708054009767705,0.035666950086538
Hog_lodging_Mauricio,chronos_t5_small,28,0.0490399853772906,0.0752268938225592,4.766244160047172,0.0376068165708168
Hog_lodging_Nikki,chronos_t5_small,28,0.07522790403374,0.1219247941986462,6.957601829287744,0.0533215284199422
Hog_lodging_Ora,chronos_t5_small,28,0.044964841600691,0.0714383589783873,5.058730045251987,0.0366229945912014
Hog_lodging_Retha,chronos_t5_small,28,0.055494957430972,0.0932134028850544,5.43647855747157,0.0412520494263859
Hog_lodging_Shanti,chronos_t5_small,28,0.1233706567055338,0.1952672126803754,11.216101133126031,0.0920282523228623
Hog_lodging_Shonda,chronos_t5_small,28,0.0484594297165677,0.0658707339910497,4.623699220180392,0.0354208597670308
Hog_office_Alexis,chronos_t5_small,28,0.1858512395771018,0.3530608069081612,14.698933459369842,0.1397529196174191
Hog_office_Alisha,chronos_t5_small,28,0.0483918341837539,0.0621019225961301,4.91116121806178,0.0349549739646127
Hog_office_Almeda,chronos_t5_small,28,0.1013523972201526,0.177014480479232,9.552892961891628,0.084925949566028
Hog_office_Bessie,chronos_t5_small,28,0.0563274494526283,0.078953780424394,5.456967811925325,0.0412324707973044
Hog_office_Betsy,chronos_t5_small,28,0.1951793192607342,0.302268595527681,18.2177012561497,0.1474543253445645
Hog_office_Bill,chronos_t5_small,28,0.1527686309543733,0.2619272639530227,17.681628850989576,0.1177963809352642
Hog_office_Bryan,chronos_t5_small,28,0.0483729139452802,0.0624805828711708,5.222655615124916,0.0375095654369273
Hog_office_Byron,chronos_t5_small,28,0.0129708471213062,0.0188919562194926,1.2375872386923452,0.0093193467617364
Hog_office_Candi,chronos_t5_small,28,0.032451472516686,0.0496773291592374,3.183889053907701,0.0245594626027771
Hog_office_Carri,chronos_t5_small,28,0.0567294316721572,0.0785377362741887,5.409636179497138,0.0410399710117347
Hog_office_Catalina,chronos_t5_small,28,0.062807123853739,0.0907135606815171,6.679062919904993,0.049331192888636
Hog_office_Catharine,chronos_t5_small,28,0.1298634511879304,0.2446735799596482,11.062420368671315,0.0887156713783054
Hog_office_Charla,chronos_t5_small,28,0.0181029584056715,0.0298508517303391,1.805984794677074,0.0136480117165545
Hog_office_Clemencia,chronos_t5_small,28,0.0261155183743568,0.0342221803095188,2.552877218729328,0.0190706241072479
Hog_office_Concetta,chronos_t5_small,28,0.1818259532635028,0.3522069102569396,15.109025349868618,0.1361079834076651
Hog_office_Cordelia,chronos_t5_small,28,0.0926303863092583,0.153145129190521,8.89280861433499,0.0689680530552915
Hog_office_Corey,chronos_t5_small,28,0.0488618225470292,0.0772891808014735,5.8542522504369945,0.0412968474793689
Hog_office_Corie,chronos_t5_small,28,0.0638639996591123,0.0974132928884576,5.887778488420649,0.0469275403467472
Hog_office_Cornell,chronos_t5_small,28,0.0664840688400991,0.0968186099205585,6.388064333197574,0.0500680266314806
Hog_office_Cortney,chronos_t5_small,28,0.1531815939469946,0.8795967936916966,986.9917277127538,112714973.96940231
Hog_office_Darline,chronos_t5_small,28,0.0241996634625044,0.0379359976284469,2.489220253151706,0.0189198763308822
Hog_office_Denita,chronos_t5_small,28,0.0425571456486018,0.0593940808100153,4.455810455165088,0.032594274612302
Hog_office_Elizbeth,chronos_t5_small,28,0.0217096310272825,0.0306265102507024,2.1313507979708777,0.0162191051202098
Hog_office_Elke,chronos_t5_small,28,0.064127492047218,0.106475681657936,6.118090409601029,0.0454237067759267
Hog_office_Elnora,chronos_t5_small,28,0.0641177257851024,0.0874098049310371,6.265481004057021,0.0456477488281092
Hog_office_Eloise,chronos_t5_small,28,0.0259862593425459,0.0708418746270071,2.940646247941844,0.0203766084924991
Hog_office_Elsy,chronos_t5_small,28,0.058661695854877,0.0860892121898382,5.499680494644472,0.0415246111606603
Hog_office_Emmanuel,chronos_t5_small,28,0.050341966369253,0.0691664046338437,4.787614483766711,0.0357472754083844
Hog_office_Garrett,chronos_t5_small,28,0.1848516158672918,0.2709478190399282,17.511365721857292,0.1501769272991528
Hog_office_Guadalupe,chronos_t5_small,28,0.0683062152156167,0.1043870445639174,6.609472205855201,0.0507594180050672
Hog_office_Gustavo,chronos_t5_small,28,0.0175242438980791,0.0284996536342237,1.857856730131476,0.0132406444169476
Hog_office_Joey,chronos_t5_small,28,0.1455130096137519,0.2459106476833804,13.724614046618967,0.1170552101635638
Hog_office_Josefina,chronos_t5_small,28,0.027882797050317,0.0413922895640402,2.615735825194812,0.0206238538455719
Hog_office_Lanell,chronos_t5_small,28,0.0621538365400736,0.0861748086563836,6.262296188098252,0.0476723530049384
Hog_office_Lavon,chronos_t5_small,28,0.275870389728047,0.6013778297563336,75.78382482936436,0.2624320044635227
Hog_office_Leanne,chronos_t5_small,28,0.0215267403046825,0.0281869559477786,2.150227980857127,0.0156152236335756
Hog_office_Leon,chronos_t5_small,28,0.1551528300567834,0.2312998735761498,17.039670314495588,0.1109168952053132
Hog_office_Lizzie,chronos_t5_small,28,0.0839088996865172,0.1248610698117321,8.513202125101481,0.0630063497613721
Hog_office_Mack,chronos_t5_small,28,0.0407769768260057,0.0546683912323996,3.9854383399358686,0.0292406384625243
Hog_office_Man,chronos_t5_small,28,0.0511571419909206,0.0682249626849045,5.149322812581611,0.0366283690998923
Hog_office_Mari,chronos_t5_small,28,0.1379307800122852,0.2959944794284687,10.044996903169611,0.0945770507408147
Hog_office_Marilyn,chronos_t5_small,28,0.0623351442346277,0.1039586759672058,5.803949782344859,0.0440151479862978
Hog_office_Marlena,chronos_t5_small,28,0.0356827849208942,0.0580125670148075,4.4218257073655325,0.0309653332518645
Hog_office_Marlene,chronos_t5_small,28,0.0503722552597838,0.0726916969790841,4.908098204431848,0.0381216895238293
Hog_office_Mary,chronos_t5_small,28,0.0324066277167741,0.0468818504255903,3.138293068664335,0.0239225620616557
Hog_office_Merilyn,chronos_t5_small,28,0.0799942553650574,0.1233074526632377,8.016131147932859,0.0613206720533558
Hog_office_Migdalia,chronos_t5_small,28,0.0882589782161985,0.126038822139142,8.92151676998963,0.0654173864398936
Hog_office_Mike,chronos_t5_small,28,0.0618141414819736,0.0965185657587995,6.024273220056281,0.0471511969172629
Hog_office_Miriam,chronos_t5_small,28,0.0689387386620628,0.0963598129700031,6.898515009480061,0.0503259220658246
Hog_office_Myles,chronos_t5_small,28,0.0519176910867101,0.1391070021128186,5.797012615135272,0.0513727592256556
Hog_office_Nancie,chronos_t5_small,28,0.0890704579871228,0.2022316186358924,7.281618387990933,0.0599441000944427
Hog_office_Napoleon,chronos_t5_small,28,0.0421514844414263,0.0597174006490538,4.433382139392468,0.0321855931759589
Hog_office_Nia,chronos_t5_small,28,0.1509583546544545,0.242945650800547,13.521673999630044,0.1062576397569236
Hog_office_Patrick,chronos_t5_small,28,0.1144844718972155,0.1972189459120815,10.715424245575331,0.0849890050778344
Hog_office_Randi,chronos_t5_small,28,0.0834102066952196,0.1857438740988199,6.6672690014160665,0.0572423574484505
Hog_office_Richelle,chronos_t5_small,28,0.0246866538764154,0.0337390122414338,2.3975471231771,0.0186344533005849
Hog_office_Roger,chronos_t5_small,28,0.0503402711087448,0.0980971842627072,7.170105625481718,0.0413357435588412
Hog_office_Rolando,chronos_t5_small,28,0.0108285760448156,0.0140531860926921,1.0801913711349729,0.0080232063271738
Hog_office_Sarah,chronos_t5_small,28,0.0207377758846123,0.033816031613487,2.081115331946283,0.0158038478666754
Hog_office_Shawna,chronos_t5_small,28,0.0444186499894613,0.0654651744817764,4.943802851984902,0.0376674826964943
Hog_office_Shawnna,chronos_t5_small,28,0.0924509757367091,0.1348748038517622,8.895675942288058,0.0725692972952157
Hog_office_Sherrie,chronos_t5_small,28,0.0577175763400485,0.0830426871636157,6.198549611887261,0.0469602306648331
Hog_office_Shon,chronos_t5_small,28,0.0307595583026496,0.0459226832234649,2.8714930237513765,0.0219822324204885
Hog_office_Simon,chronos_t5_small,28,0.1051322720365976,0.1428084709080271,11.034100909345309,0.0788961852750647
Hog_office_Sonny,chronos_t5_small,28,0.0870248985012787,0.1309854456788978,8.405507448866302,0.0627647371568915
Hog_office_Sung,chronos_t5_small,28,0.0316296316813499,0.0429541369693974,3.069692157351289,0.0235569564569877
Hog_office_Sydney,chronos_t5_small,28,0.0255505801202353,0.0350625304017531,2.496784678183836,0.0200906848900932
Hog_office_Terry,chronos_t5_small,28,0.2183195296431023,0.3309049502058164,22.54327441013082,0.1755542389104902
Hog_office_Thomas,chronos_t5_small,28,0.3982558657638601,0.9924461115392514,42.48587295810523,0.3258196154127151
Hog_office_Valda,chronos_t5_small,28,0.0767088257845826,0.118369119394429,6.810002010785439,0.0549464171654852
Hog_office_Vera,chronos_t5_small,28,0.0501232332609425,0.0779020540709029,5.213162255853936,0.04139052319353
Hog_other_Noma,chronos_t5_small,28,0.029281198611818,0.0418155278196386,2.9363592856867906,0.0215588079281521
Hog_other_Tobias,chronos_t5_small,28,0.0946806848449778,0.1452998459463905,9.10658694098526,0.069810815360317
Hog_parking_Antoinette,chronos_t5_small,28,0.1390675221252368,0.1897580731229894,13.876622289967203,0.1001545237554967
Hog_parking_Bernardo,chronos_t5_small,28,0.0419786764563755,0.056562342289468,4.197853958599848,0.0322672415197239
Hog_parking_Cliff,chronos_t5_small,28,0.1093371861360904,0.1599460029269765,10.842515079432197,0.0778945429200966
Hog_parking_Jean,chronos_t5_small,28,0.1328777352737441,0.3142879370984611,11.74249206762586,0.0987405316772438
Hog_parking_Jeana,chronos_t5_small,28,0.1960396259367225,0.3539417451611285,14.589605414256814,0.1435921245097026
Hog_parking_Marcus,chronos_t5_small,28,0.0467699710573444,0.065688716895436,4.604250478953604,0.0343478330569462
Hog_parking_Shannon,chronos_t5_small,28,0.048476427609518,0.0819933858181422,4.469919257126472,0.0356205432324016
Hog_public_Brad,chronos_t5_small,28,0.0280196114387574,0.0445090473674551,2.846683841007664,0.021067230305315
Hog_public_Crystal,chronos_t5_small,28,0.1011878087270446,0.155883265070275,9.121061169891655,0.0707002051472808
Hog_public_Gerard,chronos_t5_small,28,0.0286590730600396,0.0489676962499635,3.1509258164419527,0.0212362465536683
Hog_public_Kevin,chronos_t5_small,28,0.1422761631193856,0.3798845335908175,12.76350724748352,0.0963833692156164
Hog_public_Octavia,chronos_t5_small,28,0.0231091093617258,0.03958615709484,2.257930885883668,0.0179867104961477
Hog_science_Max,chronos_t5_small,28,0.0143902473045098,0.0186668782876707,1.4166071472920525,0.0103934704754787
Hog_services_Adrianna,chronos_t5_small,28,0.0473125238900262,0.0869978637292636,4.393393421747764,0.0374008484591543
Hog_services_Joe,chronos_t5_small,28,0.1161514733678425,0.1561818010581424,12.140446440665846,0.0876224893925182
Hog_services_Kerrie,chronos_t5_small,28,0.0855509846042495,0.1358587850437222,8.267733454247688,0.0630498887149504
Hog_services_Marshall,chronos_t5_small,28,0.0723520763502369,0.1013820617571666,6.971153982473044,0.0538051076439442
Hog_warehouse_Louise,chronos_t5_small,28,0.1660731277490025,0.2718956015029378,16.620472657295412,0.1214925342699924
Hog_warehouse_Porsha,chronos_t5_small,28,0.0286666834431514,0.0920534827785369,6.0628139890550985,0.025743963673679
Hog_warehouse_Rosanna,chronos_t5_small,28,0.0763241381884268,0.1444688031350312,6.945204193801413,0.0566620475665581
Lamb_assembly_Bertie,chronos_t5_small,28,0.3567560470000308,0.5427495784808118,35.77773259151104,0.276428172194022
Lamb_assembly_Cesar,chronos_t5_small,28,0.0029328702283756,0.0029328702283756,0.2932870228375696,0.004175356921024
Lamb_assembly_Cherie,chronos_t5_small,28,0.0522637275499927,0.0804568084410366,5.40651834452963,0.0386724530924139
Lamb_assembly_Corliss,chronos_t5_small,28,0.0029325514721372,0.0029325514721372,0.2932551472137285,0.0041767037672032
Lamb_assembly_Dillon,chronos_t5_small,28,0.3282966456618406,0.8534662683184889,30.92208946858091,0.1986740458489646
Lamb_assembly_Dorathy,chronos_t5_small,28,0.0029325514721372,0.0029325514721372,0.2932551472137285,0.0029280239060122
Lamb_assembly_Dorothy,chronos_t5_small,28,0.0961580509056748,0.17406271969098,8.413837603848586,0.0722180136464633
Lamb_assembly_Elinor,chronos_t5_small,28,0.3008405005816503,0.6863793279762479,50.25082155620251,0.2256452771440591
Lamb_assembly_Isa,chronos_t5_small,28,0.0029329637764022,0.0029329637764022,0.2932963776402223,0.0029319802325972
Lamb_assembly_Jerry,chronos_t5_small,28,0.3475407321789118,0.748132899342972,526.7462453454192,7.598453397079294
Lamb_assembly_Katelyn,chronos_t5_small,28,0.2299759787491621,0.3851659860724322,18.227765027807248,0.1775233663803724
Lamb_assembly_Kurt,chronos_t5_small,28,0.0029329637764022,0.0029329637764022,0.2932963776402223,0.0035175091943182
Lamb_assembly_Librada,chronos_t5_small,28,0.1496338518088953,0.3014689808435649,13.290017281077128,0.1136417575716989
Lamb_assembly_Louis,chronos_t5_small,28,0.2021537962218062,0.401306043135596,105.5631730277094,0.2196549555002517
Lamb_assembly_Nicole,chronos_t5_small,28,0.0029329637764022,0.0029329637764022,0.2932963776402223,0.0032520195770021
Lamb_assembly_Ossie,chronos_t5_small,28,0.0029324544593692,0.0029324544593692,0.2932454459369203,0.0032181550508626
Lamb_assembly_Rosa,chronos_t5_small,28,0.7256041705144657,1.402734874095645,239.2636166091105,0.7135295897241669
Lamb_assembly_Steven,chronos_t5_small,28,0.0029324544593692,0.0029324544593692,0.2932454459369203,0.0029340912886774
Lamb_assembly_Tasha,chronos_t5_small,28,0.0029325514721372,0.0029325514721372,0.2932551472137285,0.0030499135235133
Lamb_assembly_Tawana,chronos_t5_small,28,0.0029324544593692,0.0029324544593692,0.2932454459369203,0.0030399438119708
Lamb_assembly_Theresa,chronos_t5_small,28,0.0029329637764022,0.0029329637764022,0.2932963776402223,0.0029846215469466
Lamb_assembly_Walter,chronos_t5_small,28,0.0029329637764022,0.0029329637764022,0.2932963776402223,0.0031382028782359
Lamb_education_Aldo,chronos_t5_small,28,0.0029329637764022,0.0029329637764022,0.2932963776402223,0.0031963801664742
Lamb_education_Antonio,chronos_t5_small,28,0.1284196833035095,0.278881111747285,14.260026664200971,0.1205137075263973
Lamb_education_Armando,chronos_t5_small,28,0.100059066040074,0.256709218063414,11.060081167068535,0.0944729760368574
Lamb_education_Augustine,chronos_t5_small,28,0.0029325514721372,0.0029325514721372,0.2932551472137285,0.0045845389400161
Lamb_education_Bert,chronos_t5_small,28,0.1201079018945088,0.3325575527081625,15.354243259967484,0.1427399725118329
Lamb_education_Bettye,chronos_t5_small,28,0.0029329637764022,0.0029329637764022,0.2932963776402223,0.0031889871279353
Lamb_education_Carlton,chronos_t5_small,28,0.1033371851134917,0.2321901889048436,12.517079039165695,0.0877423495895818
Lamb_education_Chet,chronos_t5_small,28,0.0029329637764022,0.0029329637764022,0.2932963776402223,0.0032452559418722
Lamb_education_Daniel,chronos_t5_small,28,0.1007788525093966,0.2612590580470801,11.831302301016017,0.0972518832846994
Lamb_education_Darrel,chronos_t5_small,28,0.0847129532881868,0.2267381306532924,10.376526398903826,0.0843268038530982
Lamb_education_Debby,chronos_t5_small,28,0.0029329637764022,0.0029329637764022,0.2932963776402223,0.0032540924993262
Lamb_education_Dolly,chronos_t5_small,28,0.2000932976365555,0.6265113783943438,662.5932651677352,7.873521088692415
Lamb_education_Domitila,chronos_t5_small,28,0.0739561173975599,0.1708011497158029,7.857578812984125,0.0670083996722301
Lamb_education_Dwayne,chronos_t5_small,28,0.1158287725861237,0.3324940674402703,17.333636332024717,0.1112213002009121
Lamb_education_Ellen,chronos_t5_small,28,0.0029325514721372,0.0029325514721372,0.2932551472137285,0.0030795608702631
Lamb_education_Emery,chronos_t5_small,28,0.0749825148105984,0.180075773366452,226.47333090250305,1.2475580437586902
Lamb_education_Emilie,chronos_t5_small,28,0.1381529550213732,0.3231169245085546,13.559506164269338,0.1070232063086458
Lamb_education_Eula,chronos_t5_small,28,0.0029329637764022,0.0029329637764022,0.2932963776402223,0.0031896707691864
Lamb_education_Faith,chronos_t5_small,28,0.1262756875493491,0.2869203242052596,16.40071449158093,0.1086820268655373
Lamb_education_Felicia,chronos_t5_small,28,0.2289269207675297,0.4720853994218501,604.4668392117966,2.1735704558483198
Lamb_education_Felipe,chronos_t5_small,28,0.1091499868950249,0.2348525935333814,12.12191006234724,0.0916853070824236
Lamb_education_Fred,chronos_t5_small,28,0.101296536347263,0.236617919735309,10.05254088247107,0.0883948062941594
Lamb_education_Freddy,chronos_t5_small,28,0.0029329637764022,0.0029329637764022,0.2932963776402223,0.0029486999107034
Lamb_education_Gabriel,chronos_t5_small,28,0.0029329637764022,0.0029329637764022,0.2932963776402223,0.003037724802489
Lamb_education_Gabrielle,chronos_t5_small,28,0.2524706411517307,0.403839964198206,43.06497573216979,0.2264862773599103
Lamb_education_Garry,chronos_t5_small,28,0.0029325514721372,0.0029325514721372,0.2932551472137285,0.0032945382586047
Lamb_education_Harold,chronos_t5_small,28,0.0029325514721372,0.0029325514721372,0.2932551472137285,0.0029475251571431
Lamb_education_Heidi,chronos_t5_small,28,0.1478549087585525,0.5339765728361181,755.6132956730004,4.032199236206326
Lamb_education_Hellen,chronos_t5_small,28,0.1275676851713746,0.2631959763448206,11.306783743959512,0.0953436280809881
Lamb_education_Hilary,chronos_t5_small,28,0.0029325514721372,0.0029325514721372,0.2932551472137285,0.002949379816337
Lamb_education_Hillary,chronos_t5_small,28,0.0029329637764022,0.0029329637764022,0.2932963776402223,0.0029433826205853
Lamb_education_Hubert,chronos_t5_small,28,0.0029325303824051,0.0029325303824051,0.2932530382405139,0.0030580202399938
Lamb_education_Hui,chronos_t5_small,28,0.0029325073754246,0.0029325073754246,0.2932507375424619,0.0029435536505147
Lamb_education_Ira,chronos_t5_small,28,0.0029325514721372,0.0029325514721372,0.2932551472137285,0.0029222144436407
Lamb_education_Isabelle,chronos_t5_small,28,0.0029323251090115,0.0029323251090115,0.293232510901157,0.0032549552282395
Lamb_education_Jane,chronos_t5_small,28,0.1427497139293813,0.5544691027378562,824.5643297528005,6.758343840107156
Lamb_education_Junior,chronos_t5_small,28,0.1237354394534905,0.324897633376602,14.32162525940429,0.0864212489248499
Lamb_education_Kasha,chronos_t5_small,28,0.0029329637764022,0.0029329637764022,0.2932963776402223,0.0031760839699451
Lamb_education_Kayla,chronos_t5_small,28,0.1911068414458656,0.5623510241450379,580.155163737639,38.28226557335904
Lamb_education_Larissa,chronos_t5_small,28,0.0029325514721372,0.0029325514721372,0.2932551472137285,0.0029329605881236
Lamb_education_Lawrence,chronos_t5_small,28,0.1325138556392759,0.3768847980232234,20.805280426166103,0.1334910180257413
Lamb_education_Lazaro,chronos_t5_small,28,0.0029325426527948,0.0029325426527948,0.2932542652794804,0.0035012972479102
Lamb_education_Lemuel,chronos_t5_small,28,0.0029329637764022,0.0029329637764022,0.2932963776402223,0.003181732305696
Lamb_education_Leopoldo,chronos_t5_small,28,0.0029325514721372,0.0029325514721372,0.2932551472137285,0.0031548929641973
Lamb_education_Logan,chronos_t5_small,28,0.3179770225788102,0.6351790194314895,695.8905864812983,58.71080550266297
Lamb_education_Lucas,chronos_t5_small,28,0.1374401166341656,0.325348389516729,18.406643974577047,0.1308662836270743
Lamb_education_Luz,chronos_t5_small,28,0.1019014106134871,0.2251322393452678,10.114898568211524,0.0813922058929011
Lamb_education_Mae,chronos_t5_small,28,0.1481934243703697,0.3107011591024952,48.81284517066247,0.1434901267562472
Lamb_education_Manuel,chronos_t5_small,28,0.0029329637764022,0.0029329637764022,0.2932963776402223,0.0038612214817606
Lamb_education_Marc,chronos_t5_small,28,,,127396.82075142104,1411856.5382980483
Lamb_education_Maritza,chronos_t5_small,28,0.1025628955394422,0.2885846491431294,13.494698047693207,0.1034944005868731
Lamb_education_Marty,chronos_t5_small,28,0.0029329637764022,0.0029329637764022,0.2932963776402223,0.0033462259407575
Lamb_education_Maxwell,chronos_t5_small,28,0.0029329637764022,0.0029329637764022,0.2932963776402223,0.002931216683042
Lamb_education_Mckenzie,chronos_t5_small,28,0.1030473477096767,0.2049428948056523,11.117335610590388,0.1001506011042581
Lamb_education_Moses,chronos_t5_small,28,0.1396431499829842,0.3476581897342619,18.41959216926111,0.1299116548042342
Lamb_education_Nathan,chronos_t5_small,28,0.0029325514721372,0.0029325514721372,0.2932551472137285,0.0030704784713241
Lamb_education_Nichol,chronos_t5_small,28,0.0029329637764022,0.0029329637764022,0.2932963776402223,0.0029459716691907
Lamb_education_Norris,chronos_t5_small,28,0.1702475487453019,0.4003529846142531,14.4172252995031,0.114252987919743
Lamb_education_Patsy,chronos_t5_small,28,0.0029325514721372,0.0029325514721372,0.2932551472137285,0.0029176323307182
Lamb_education_Phil,chronos_t5_small,28,0.0029329637764022,0.0029329637764022,0.2932963776402223,0.0029604796598029
Lamb_education_Philomena,chronos_t5_small,28,0.108267185458321,0.2334932884387644,11.221233718191026,0.092089646583371
Lamb_education_Princess,chronos_t5_small,28,0.0029324544593692,0.0029324544593692,0.2932454459369203,0.0037211781913183
Lamb_education_Randal,chronos_t5_small,28,0.155603693263497,0.3608514617110345,18.69004692629634,0.1566239963370524
Lamb_education_Rick,chronos_t5_small,28,0.0029325514721372,0.0029325514721372,0.2932551472137285,0.0030453041350609
Lamb_education_Robin,chronos_t5_small,28,0.0682476951765472,0.1088633325165019,6.932807006257832,0.0576295574763287
Lamb_education_Rodrigo,chronos_t5_small,28,0.0665890257148978,0.1351209404851507,7.217162981456216,0.0519335716584712
Lamb_education_Ruben,chronos_t5_small,28,0.0029325514721372,0.0029325514721372,0.2932551472137285,0.0031143358235913
Lamb_education_Sabrina,chronos_t5_small,28,0.1215786019854391,0.2384313627298113,28.957485867951345,0.1194854717580867
Lamb_education_Salvador,chronos_t5_small,28,0.1433051969025575,0.465893336257311,608.9798700977013,4.006529088383972
Lamb_education_Sara,chronos_t5_small,28,0.1075755586893862,0.2360209348423673,11.935838955542993,0.1006021086180565
Lamb_education_Stefan,chronos_t5_small,28,0.0029329637764022,0.0029329637764022,0.2932963776402223,0.0035053994581154
Lamb_education_Sunny,chronos_t5_small,28,0.1889997333207599,0.4068010867905519,24.41099555679797,0.1766159015219114
Lamb_education_Sylvester,chronos_t5_small,28,0.1604050595738645,0.4292974034188404,19.598369110084988,0.1357243270460063
Lamb_education_Terina,chronos_t5_small,28,0.0695783986606054,0.1568588543983769,114.37455694763732,0.0883052837233198
Lamb_education_Traci,chronos_t5_small,28,0.2592642897746952,0.5864242247967238,234.850473877166,0.2785844274870977
Lamb_education_Vaughn,chronos_t5_small,28,0.1358881617293579,0.2718769753072302,15.073446710774116,0.1074403878619905
Lamb_education_Wanda,chronos_t5_small,28,0.0029325514721372,0.0029325514721372,0.2932551472137285,0.0033299950717015
Lamb_education_Wilbert,chronos_t5_small,28,0.0029325514721372,0.0029325514721372,0.2932551472137285,0.0033857168205507
Lamb_education_Williams,chronos_t5_small,28,0.1616397845991811,0.3548945547247867,21.130485641999265,0.1515458839691997
Lamb_food_Sylvia,chronos_t5_small,28,0.0029325426527948,0.0029325426527948,0.2932542652794804,0.0029288606093899
Lamb_health_Ken,chronos_t5_small,28,0.1446329109320307,0.2012759594950725,14.690918420820994,0.1104495250842572
Lamb_industrial_Carla,chronos_t5_small,28,0.1242561572684458,0.3125917074523998,16.758539083065592,0.1007929857160186
Lamb_industrial_Enrique,chronos_t5_small,28,0.2209918800453256,0.4952172333014039,15.8994694172605,0.1686844525232415
Lamb_industrial_Venessa,chronos_t5_small,28,0.0029325514721372,0.0029325514721372,0.2932551472137285,0.0031933226940154
Lamb_industrial_Willard,chronos_t5_small,28,0.0029329637764022,0.0029329637764022,0.2932963776402223,0.0029380900838337
Lamb_lodging_Burt,chronos_t5_small,28,0.0029329637764022,0.0029329637764022,0.2932963776402223,0.0033902994392022
Lamb_lodging_Harley,chronos_t5_small,28,0.0029329637764022,0.0029329637764022,0.2932963776402223,0.0029944390640507
Lamb_office_Bertha,chronos_t5_small,28,0.1403978705777171,0.313361542061512,13.523091923317232,0.1301520003177323
Lamb_office_Caitlin,chronos_t5_small,28,0.2807949031198037,0.6932345321445834,18.79601175052689,0.2046237768146889
Lamb_office_Callie,chronos_t5_small,28,0.0029328702283756,0.0029328702283756,0.2932870228375696,0.0039656714066529
Lamb_office_Gerardo,chronos_t5_small,28,0.0029323251090115,0.0029323251090115,0.293232510901157,0.0029300346603564
Lamb_office_Jo,chronos_t5_small,28,0.0029329637764022,0.0029329637764022,0.2932963776402223,0.0031945794987894
Lamb_office_Maggie,chronos_t5_small,28,0.0029329637764022,0.0029329637764022,0.2932963776402223,0.0029345434856081
Lamb_office_Raymond,chronos_t5_small,28,0.0029329637764022,0.0029329637764022,0.2932963776402223,0.0029222425165331
Lamb_office_Stefani,chronos_t5_small,28,0.0029326640069484,0.0029326640069484,0.2932664006948492,0.0029326640069484
Lamb_office_Vasiliki,chronos_t5_small,28,0.0355874288827496,0.0553111527535196,3.3986719845195843,0.0270685771224108
Lamb_office_Velma,chronos_t5_small,28,0.104835815539577,0.1432781535487795,10.558556564660911,0.0780546935146054
Lamb_office_William,chronos_t5_small,28,0.0029325514721372,0.0029325514721372,0.2932551472137285,0.0032427985861373
Lamb_other_Katharina,chronos_t5_small,28,0.0029329637764022,0.0029329637764022,0.2932963776402223,0.0030962007593037
Lamb_other_Minerva,chronos_t5_small,28,0.2596137046558609,0.5070917891618634,562.6397107141341,2.911091804338139
Lamb_public_Angeline,chronos_t5_small,28,0.0029323625525361,0.0029323625525361,0.2932362552536159,0.0031424040434552
Lamb_public_Grace,chronos_t5_small,28,0.3592117542739688,0.7773073184922656,27.308449437035847,0.2682838581390845
Lamb_public_Gracie,chronos_t5_small,28,0.0029325514721372,0.0029325514721372,0.2932551472137285,0.003139182868668
Lamb_public_Nyla,chronos_t5_small,28,0.0029324544593692,0.0029324544593692,0.2932454459369203,0.0032866685549033
Lamb_public_Vania,chronos_t5_small,28,0.2773414346889598,0.4613213859040466,40.64048420673681,0.2202586193335507
Lamb_warehouse_Allan,chronos_t5_small,28,0.161061894896008,0.4537326624209979,605.7844391530347,1.4942271322889074
Moose_education_Abbie,chronos_t5_small,28,0.0303561694133702,0.0899298220708445,3.3931347708402693,0.026504414461386
Moose_education_Clark,chronos_t5_small,28,0.0702134047105143,0.1580226064145926,8.18977635777984,0.0597224992072044
Moose_education_Florence,chronos_t5_small,28,0.0591638444226368,0.1733030459417832,7.697318434770533,0.069000177120493
Moose_education_Gladys,chronos_t5_small,28,0.0527973241475372,0.1091129022469832,5.07794290027088,0.0369696543195218
Moose_education_Leland,chronos_t5_small,28,0.0350243677532448,0.1097731741773392,3.986207086976433,0.0320691413585497
Moose_education_Lori,chronos_t5_small,28,0.0284246569492316,0.038565175878881,2.8185998353665638,0.0205377921069705
Moose_education_Maria,chronos_t5_small,28,0.0122734460033331,0.0176193444310894,1.241638199632631,0.0084591895047403
Moose_education_Marina,chronos_t5_small,28,0.0481280297898839,0.0794280493826441,4.741258043090716,0.036597603225666
Moose_education_Marlon,chronos_t5_small,28,0.1040252424801801,0.1842822223982446,11.07185736018272,0.0849859641377307
Moose_education_Rene,chronos_t5_small,28,0.0785534931960878,0.2367607905841479,10.464675461518262,0.0622512160478769
Moose_education_Ricardo,chronos_t5_small,28,0.0332423343194571,0.0652307757783214,3.449198148754727,0.0254793697789865
Mouse_health_Estela,chronos_t5_small,28,0.0741064390793747,0.2951464789694605,537.9902085656463,13767070018.812086
Mouse_health_Ileana,chronos_t5_small,28,0.108912670217491,0.344442750435954,595.2966546482252,1564810959.8858109
Mouse_health_Justin,chronos_t5_small,28,0.1173983712333947,0.300668720572104,531.3310039241595,29036202485.51572
Mouse_health_Modesto,chronos_t5_small,28,0.0905318419332469,0.2896066641613422,525.9831520331767,11820571625.592695
Mouse_lodging_Vicente,chronos_t5_small,28,0.1511379090484612,0.3425163270195159,547.5941175415684,1697891788.8021474
Panther_assembly_Carrol,chronos_t5_small,28,0.1794977755736634,0.4469245146226403,18.002854919210286,0.1667019928401977
Panther_assembly_David,chronos_t5_small,28,0.3288240387553921,0.8856930985350849,31.91882366600987,0.2184253556193743
Panther_assembly_Denice,chronos_t5_small,28,0.0806858444682228,0.1064505227137408,8.191675162890698,0.0600472482789128
Panther_assembly_Gwyneth,chronos_t5_small,28,0.1036497838437177,0.1794035869994739,9.304212911493323,0.0722502382657453
Panther_assembly_Pamella,chronos_t5_small,28,0.1233069244733232,0.1828184814332045,14.036249269807,0.092950398965651
Panther_education_Alecia,chronos_t5_small,28,0.0406552311799978,0.0626745092075176,3.7972534191032095,0.0302621629894412
Panther_education_Annetta,chronos_t5_small,28,0.0514689842196528,0.0723338997948216,5.0132002564827145,0.0382407810363909
Panther_education_Aurora,chronos_t5_small,28,0.0697950979522046,0.0906083267420955,8.193629431641005,0.0541090830274577
Panther_education_Cleopatra,chronos_t5_small,28,0.1144795525213329,0.1734384141759566,11.002389118024942,0.0929296254596542
Panther_education_Diann,chronos_t5_small,28,0.1385861809266657,0.2559268510763073,15.364088979192486,0.133366273045341
Panther_education_Edna,chronos_t5_small,28,0.0444565523237951,0.0586929405187916,4.538700659031064,0.0330560610621409
Panther_education_Emily,chronos_t5_small,28,0.0551661213324738,0.0858152107932712,5.177331747718574,0.0393050721402641
Panther_education_Enriqueta,chronos_t5_small,28,0.0775853677015534,0.1701290804818707,8.749012112939013,0.057165482653911
Panther_education_Genevieve,chronos_t5_small,28,0.035795750829319,0.0833722508212993,3.3571421218605075,0.0283749833248987
Panther_education_Gina,chronos_t5_small,28,0.0141329866333409,0.0189188235743958,1.3928828406101152,0.010539776945857
Panther_education_Hugh,chronos_t5_small,28,0.0234634128857761,0.0383887614691044,2.4411524315924,0.0187330845364631
Panther_education_Ivan,chronos_t5_small,28,0.0615307733950553,0.1010701416954126,5.502751045654616,0.0432295808813986
Panther_education_Janis,chronos_t5_small,28,0.1799153077822516,0.2553033472003842,18.66943932984325,0.1384134088529897
Panther_education_Jerome,chronos_t5_small,28,0.0131526561171128,0.0202963413358114,1.3347543869090286,0.0098652897845274
Panther_education_Jonathan,chronos_t5_small,28,0.0819770372309997,0.1168996837241795,8.250779955852854,0.0637945252678695
Panther_education_Karri,chronos_t5_small,28,0.0191310006279622,0.0338734456434883,1.970590029859813,0.0148238927337129
Panther_education_Mattie,chronos_t5_small,28,0.1970321841868594,0.2714595581103672,23.338932843696814,0.1754711851477314
Panther_education_Misty,chronos_t5_small,28,0.0713191530301018,0.1381474048682436,8.578815248901387,0.0639910447790805
Panther_education_Mohammad,chronos_t5_small,28,0.0543405888477571,0.0742302373867587,5.411251479858255,0.0402640961946558
Panther_education_Neal,chronos_t5_small,28,0.1088051762285245,0.1923980449988513,10.817113423002208,0.0824396442543947
Panther_education_Quintin,chronos_t5_small,28,0.0431730877756109,0.0690965037054671,3.916076980565301,0.0307380481359855
Panther_education_Rosalie,chronos_t5_small,28,0.0840777831713241,0.1133805211750876,9.16809443484454,0.0638930035307998
Panther_education_Scarlett,chronos_t5_small,28,0.1626222171888451,0.2530455519047739,15.29314283671351,0.1216364223776975
Panther_education_Shelton,chronos_t5_small,28,0.0393993822808708,0.0591751478721206,3.762523296915715,0.0280005102016711
Panther_education_Sophia,chronos_t5_small,28,0.0180666780817794,0.0333172146927765,1.8658771931373128,0.0142442787760094
Panther_education_Teofila,chronos_t5_small,28,0.0504395732997686,0.0769872955598138,4.863143400429221,0.0357178337550309
Panther_education_Tina,chronos_t5_small,28,0.2480837632283956,0.3283862154275873,37.61868489616116,0.2306347810822815
Panther_education_Vincent,chronos_t5_small,28,0.0396701794818808,0.0721546742633123,4.147037101767193,0.029733338462265
Panther_education_Violet,chronos_t5_small,28,0.0507387353467085,0.0675807171708246,5.056098629574245,0.0365257059697911
Panther_education_Zelda,chronos_t5_small,28,0.0401633359543663,0.0604938370244419,4.022560317042496,0.0303734555353777
Panther_lodging_Alita,chronos_t5_small,28,0.0603025062069503,0.085291119126929,6.236308365460054,0.046135562678134
Panther_lodging_Anastasia,chronos_t5_small,28,0.1237945541849476,0.1583295302185291,12.361662033975367,0.0888639952057009
Panther_lodging_Awilda,chronos_t5_small,28,0.0401762631704096,0.049129384215722,4.027106586024399,0.0284190587024565
Panther_lodging_Blaine,chronos_t5_small,28,0.0909126283884503,0.1273499299880278,10.234685859962829,0.0774726515243073
Panther_lodging_Cora,chronos_t5_small,28,0.0338831253078695,0.0457916972108003,3.388453743360514,0.0250485591764423
Panther_lodging_Cornelia,chronos_t5_small,28,0.0735220846198384,0.0969815987094815,7.650462405740069,0.0569471917475624
Panther_lodging_Dianna,chronos_t5_small,28,0.0934941586874726,0.1178365356850133,9.529413167546934,0.0701947114463184
Panther_lodging_Edison,chronos_t5_small,28,0.0643651751394182,0.0988454512871556,6.7593700512352415,0.0502154362008682
Panther_lodging_Edmond,chronos_t5_small,28,0.0865761208880618,0.1107408630827558,8.811524120300327,0.0636849073952472
Panther_lodging_Else,chronos_t5_small,28,0.065599451935719,0.0883160558308003,6.249012131983727,0.0455324254295091
Panther_lodging_Fausto,chronos_t5_small,28,0.0664488816635801,0.0906695322966968,6.367252084865694,0.046224947282249
Panther_lodging_Floyd,chronos_t5_small,28,0.0703393614999475,0.0919660839554373,7.487118776781007,0.0550227256311755
Panther_lodging_Gale,chronos_t5_small,28,0.0341963523719007,0.0448557327134224,3.385466683294845,0.024660253341058
Panther_lodging_Hattie,chronos_t5_small,28,0.0617624549950446,0.0801916634825452,6.498965517651343,0.0472591315350898
Panther_lodging_Jana,chronos_t5_small,28,0.086302675267848,0.1161496242145335,9.397842911990722,0.0711634462749547
Panther_lodging_Janice,chronos_t5_small,28,0.1032834213057792,0.1274738816295531,10.404341363415936,0.0749686250503876
Panther_lodging_Jorge,chronos_t5_small,28,0.057988642476365,0.0796894047908119,6.116072653422115,0.0469592410242692
Panther_lodging_Kaitlin,chronos_t5_small,28,0.0685514956008815,0.0896997477096272,7.107266610682221,0.0530211861851078
Panther_lodging_Kara,chronos_t5_small,28,0.0381870383016329,0.0510557730357839,3.839574370152717,0.0284157382753047
Panther_lodging_Kirk,chronos_t5_small,28,0.0505682684275768,0.0709865614218443,4.991847761917345,0.0364531211321115
Panther_lodging_Marisol,chronos_t5_small,28,0.0406900078957103,0.0525264286394501,4.065223110947158,0.0292377106960147
Panther_lodging_Myrtle,chronos_t5_small,28,0.104589655329209,0.1398877591738114,10.924204816015068,0.0778337654070969
Panther_lodging_Russell,chronos_t5_small,28,0.056421770658867,0.0737356929765366,5.554332830689538,0.0392012288317693
Panther_lodging_Sonja,chronos_t5_small,28,0.0678053663958626,0.0970339586215259,7.0116814511649626,0.053304651583134
Panther_lodging_Teresita,chronos_t5_small,28,0.062169606917829,0.085082642641748,6.880857487495054,0.0507580189237553
Panther_lodging_Tracie,chronos_t5_small,28,0.062123626455343,0.0807488665041711,6.566612748742237,0.0471914594611404
Panther_lodging_Willa,chronos_t5_small,28,0.0417927042377343,0.0607603178360982,4.015155427081806,0.0296688218254888
Panther_office_Antonette,chronos_t5_small,28,0.0641235143343841,0.0849219693155436,6.464987580440947,0.0467140855278225
Panther_office_Brent,chronos_t5_small,28,0.2684375615150662,0.3750583995115334,25.359377078251217,0.2076784997156075
Panther_office_Catherine,chronos_t5_small,28,0.1160610034125989,0.1638353775196848,12.198344829151957,0.0887446449161666
Panther_office_Christian,chronos_t5_small,28,0.1610962157471746,0.2354302977677241,15.641528156534587,0.1123944347461853
Panther_office_Christin,chronos_t5_small,28,0.056376801442423,0.106924558822719,6.55048602531899,0.04254182056805
Panther_office_Clementine,chronos_t5_small,28,0.0639842172510067,0.0901897746764016,6.347192963215075,0.0474430100327409
Panther_office_Danica,chronos_t5_small,28,0.1861069116803573,0.3171668821213844,15.85190861286542,0.1485033258659614
Panther_office_Garth,chronos_t5_small,28,0.0855016166119454,0.1416577792782961,9.258430328898733,0.0672611022682615
Panther_office_Graham,chronos_t5_small,28,0.0310752612858905,0.0449274165665377,3.0152238298024643,0.0234191667095515
Panther_office_Hannah,chronos_t5_small,28,0.2257011359102898,0.3239285953449133,23.664522913191213,0.1796353093831933
Panther_office_Jeane,chronos_t5_small,28,0.1930986220972576,0.314969065453178,17.648020154561735,0.144283096777412
Panther_office_Jesus,chronos_t5_small,28,0.0635500891183077,0.0843987460772688,6.840376334934635,0.0522808321546146
Panther_office_Karla,chronos_t5_small,28,0.0967747664254763,0.1954346026328638,9.651205215307142,0.0709934752752429
Panther_office_Kristen,chronos_t5_small,28,0.1119531924867353,0.1788421506743188,12.890221843570524,0.1028008111581855
Panther_office_Larry,chronos_t5_small,28,0.0594646134963704,0.0920392524847119,5.685976110077081,0.0460464766329691
Panther_office_Lauretta,chronos_t5_small,28,0.0509666738419511,0.0836801133652725,5.714149206786377,0.0417072621371766
Panther_office_Lavinia,chronos_t5_small,28,0.0477844802231452,0.0790851413599765,4.352934646523981,0.0334667129422525
Panther_office_Lois,chronos_t5_small,28,0.0308180226133266,0.047356896173692,3.15844971507388,0.0239140078692152
Panther_office_Otto,chronos_t5_small,28,0.0280721782018822,0.0388558576626815,2.718949144406293,0.0206466844702519
Panther_office_Patti,chronos_t5_small,28,0.0517956294407005,0.0667052695771275,5.14399303933273,0.0370565626376513
Panther_office_Ruthie,chronos_t5_small,28,0.0352374287445939,0.0466101917526088,3.542476752149979,0.0255126130204067
Panther_office_Shauna,chronos_t5_small,28,0.0584214112656448,0.1096151850602162,5.51444760742111,0.0441358656672307
Panther_office_Taryn,chronos_t5_small,28,0.0255288482487577,0.0366205782150744,2.531631596549756,0.0213746729705231
Panther_office_Valarie,chronos_t5_small,28,0.0965156845551375,0.12622420085142,9.922301133628352,0.0707619712277639
Panther_other_Bethel,chronos_t5_small,28,0.0828235863711333,0.107280641126177,8.518984006144963,0.0589962239004976
Panther_other_Bettie,chronos_t5_small,28,0.050610666213517,0.0649571084487749,4.991845974487241,0.0362225555148189
Panther_other_Lucina,chronos_t5_small,28,0.0176928799167921,0.0354959888197912,1.883804897875176,0.0142590194135227
Panther_other_Tyrone,chronos_t5_small,28,0.1118860841985009,0.175286419428386,16.225689256675157,0.1173545790207319
Panther_parking_Adela,chronos_t5_small,28,0.0538330551650763,0.1211257011540794,5.7975290996129765,0.0407443490564072
Panther_parking_Alaina,chronos_t5_small,28,0.0244804888515581,0.0351595100669687,2.92137945433161,0.0177221091227005
Panther_parking_Asia,chronos_t5_small,28,0.0247412322383508,0.0576984211783535,2.8701195944816025,0.019072521509298
Panther_parking_Charlene,chronos_t5_small,28,0.0514280530204794,0.0796274283313852,5.644600098875419,0.0372340926993228
Panther_parking_Jody,chronos_t5_small,28,0.097806923283673,0.1747198287902182,143.01009359208769,0.0722733016165702
Panther_parking_Lorriane,chronos_t5_small,28,0.0674941923376782,0.1004201777576267,6.547938400931293,0.0485318387026472
Panther_parking_Mellissa,chronos_t5_small,28,0.0445605059964842,0.0572732339952158,4.663728764288696,0.0315483071894769
Panther_parking_Stanley,chronos_t5_small,28,0.0107454612219638,0.0190057513084446,1.12232809873074,0.0082397623695662
Panther_retail_Felix,chronos_t5_small,28,0.0812552386014051,0.1082929480378957,8.623888071234937,0.0633629445690887
Panther_retail_Kristina,chronos_t5_small,28,0.0499683928546957,0.0695339087448671,5.139117851208691,0.0374177225047166
Panther_retail_Lester,chronos_t5_small,28,0.1249922200436513,0.1745392395394901,13.46862078924825,0.0943497097066221
Panther_retail_Rachel,chronos_t5_small,28,0.194998996225038,0.307892587883716,17.174457552930814,0.1417403564702138
Panther_retail_Romeo,chronos_t5_small,28,0.0233007736224276,0.0340524244133334,2.3797958195168336,0.0175869185742112
Peacock_assembly_Dena,chronos_t5_small,28,0.0540389861192953,0.0922083578620533,5.508664458337317,0.0398669080346393
Peacock_assembly_Mamie,chronos_t5_small,28,0.0680789177638285,0.0997391828070955,7.577712541406398,0.0519120817754919
Peacock_assembly_Russ,chronos_t5_small,28,0.0444719626274951,0.064241082708762,4.416741441683562,0.0326347064349359
Peacock_assembly_Socorro,chronos_t5_small,28,0.1305280970866089,0.2052659168005714,11.95299038878243,0.0888653776133078
Peacock_education_Anita,chronos_t5_small,28,0.149084919652578,0.2378965344127668,15.01294929381109,0.1194568475307425
Peacock_education_Bianca,chronos_t5_small,28,0.0558114611993688,0.1018384272298664,8.121459448391832,0.0449543032573702
Peacock_education_Dustin,chronos_t5_small,28,0.0599562333094194,0.082957149266137,6.018968289756402,0.0436355539657445
Peacock_education_Forest,chronos_t5_small,28,0.051447126816656,0.0732921406573561,5.014948855625629,0.0384281922909797
Peacock_education_Gilberto,chronos_t5_small,28,0.0264574116629867,0.0353286582157825,2.619127161403568,0.0194798507734149
Peacock_education_Joshua,chronos_t5_small,28,0.0178128653394859,0.02895642204811,1.7895200451815814,0.0133465717117223
Peacock_education_Karl,chronos_t5_small,28,0.0629558175870768,0.0826557208864317,6.180802809423225,0.0450705175166269
Peacock_education_Karyn,chronos_t5_small,28,0.0131444677347305,0.0211410926255439,1.332918315357038,0.0098770815145886
Peacock_education_Lucie,chronos_t5_small,28,0.0333848809697026,0.0470110394073932,3.286373988222404,0.0245394052497514
Peacock_education_Lyle,chronos_t5_small,28,0.0346566656974129,0.0461070712661562,3.4989419885599733,0.0255387994662198
Peacock_education_Ophelia,chronos_t5_small,28,0.0136482709971108,0.0200589809529572,1.3705217340660567,0.0101754101947833
Peacock_education_Pasquale,chronos_t5_small,28,0.0291312065689681,0.037695957606692,2.899324498458747,0.021017504254854
Peacock_education_Patience,chronos_t5_small,28,0.0719158877835755,0.1055827245053047,7.327631395057456,0.0547033298812225
Peacock_education_Robbie,chronos_t5_small,28,0.1246807007627398,0.1793251163386936,12.576136394367904,0.0930305412051397
Peacock_education_Shelly,chronos_t5_small,28,0.0266862570578572,0.0377454583989236,2.6142948225140485,0.0196851573250232
Peacock_education_Weldon,chronos_t5_small,28,0.0474138183678437,0.0831440492136942,5.37006389825136,0.0388787720432145
Peacock_education_Yolanda,chronos_t5_small,28,0.0386112580035105,0.0566778409295109,3.819238849809664,0.0289303927965575
Peacock_lodging_Chloe,chronos_t5_small,28,0.1442809505844487,0.1883761262905682,14.282929880461444,0.1077700204516489
Peacock_lodging_Francesca,chronos_t5_small,28,0.1044982017660023,0.1414362540926737,10.121956056572026,0.077131188838502
Peacock_lodging_Jamaal,chronos_t5_small,28,0.0689733272825785,0.0948085943988685,7.391653260213844,0.0520310838237031
Peacock_lodging_James,chronos_t5_small,28,0.0757537211670449,0.103784453454032,7.367649803419176,0.0553403991261621
Peacock_lodging_Lou,chronos_t5_small,28,0.0722326787433338,0.0966367362258708,7.178541545916962,0.0530467943609531
Peacock_lodging_Mathew,chronos_t5_small,28,0.0770769579357954,0.1066824901144278,7.407628160835815,0.0565921993227233
Peacock_lodging_Matthew,chronos_t5_small,28,0.0537647151134281,0.0695458590872904,5.489589635519927,0.0389269907215434
Peacock_lodging_Nova,chronos_t5_small,28,0.1487225617658381,0.1939270090326064,27.024243322891863,0.1116148188858791
Peacock_lodging_Sergio,chronos_t5_small,28,0.0816240510511533,0.1144627740900767,8.106063070339616,0.0603776184735772
Peacock_lodging_Terrie,chronos_t5_small,28,0.1541488008835839,0.204399952638779,15.017557614019344,0.1158557076936747
Peacock_lodging_Wes,chronos_t5_small,28,0.0531925478495114,0.069359015245561,5.461579340770167,0.0397511305290546
Peacock_office_Annie,chronos_t5_small,28,0.0732306028669713,0.1023984637340798,6.89054766006355,0.0531203409808701
Peacock_office_Burl,chronos_t5_small,28,0.0445989581000767,0.066885260879934,4.354603572647728,0.0331618359298509
Peacock_office_Dara,chronos_t5_small,28,0.1020856764311494,0.1284796787515155,11.708155161963395,0.0735218417682977
Peacock_office_Effie,chronos_t5_small,28,0.0545761006946094,0.0765868870530758,5.463471848610952,0.0403763914461559
Peacock_office_Elton,chronos_t5_small,28,0.0323647342455701,0.0457624977431373,3.2378635923900987,0.0243622302182364
Peacock_office_Glenn,chronos_t5_small,28,0.1239981209053281,0.1791073459400488,11.828542326466977,0.0921293937809586
Peacock_office_Jonathon,chronos_t5_small,28,0.050722929802292,0.0746276634146294,4.945994974086519,0.0376402397542195
Peacock_office_Julian,chronos_t5_small,28,0.1250434436310551,0.1863108572555626,12.359986584253775,0.0994947930081783
Peacock_office_Major,chronos_t5_small,28,0.0288460510836433,0.037644373695944,2.8739721247658574,0.0212287426166344
Peacock_office_Naomi,chronos_t5_small,28,0.0135254122231056,0.0489838911639952,1.4728011664986218,0.0116480835631765
Peacock_office_Norman,chronos_t5_small,28,0.0846281478432456,0.1224909234762465,8.71923382783558,0.0627483630105614
Peacock_public_Kelvin,chronos_t5_small,28,0.0400569549307057,0.0582948161235397,3.939881615932108,0.0292909203785665
Rat_assembly_Adolfo,chronos_t5_small,28,0.1088309238741507,0.1741397589308044,9.914602105251308,0.0747474289425907
Rat_assembly_Aisha,chronos_t5_small,28,0.0958414868799386,0.1554213926025328,9.35448916685245,0.0708990063936069
Rat_assembly_Alex,chronos_t5_small,28,0.1125773856597756,0.1601243190534774,11.511159719847578,0.0794769092418395
Rat_assembly_Archie,chronos_t5_small,28,0.1024893131930602,0.1838557749754423,8.633462181386225,0.0779924389718585
Rat_assembly_Aubrey,chronos_t5_small,28,0.0469330519266793,0.0925019189970267,8.104523134949897,0.038309472095228
Rat_assembly_Cristina,chronos_t5_small,28,0.1012680979349968,0.1791093526490245,13.854174629135128,0.0926652519999191
Rat_assembly_Damaris,chronos_t5_small,28,0.0638173473505708,0.1605103427486611,5.799586584937557,0.0421396328784504
Rat_assembly_Deandre,chronos_t5_small,28,0.0692769645950927,0.1027914202600628,6.824323867813111,0.0494962265440862
Rat_assembly_Donny,chronos_t5_small,28,0.1142963133772755,0.2664701980949635,62.418211746874434,0.087680220920274
Rat_assembly_Dovie,chronos_t5_small,28,0.1862794175508758,0.2884537555016754,25.448868471920385,0.1273346919821647
Rat_assembly_Erwin,chronos_t5_small,28,0.207377716510428,0.3523056548550682,311.91794976114625,0.9314894722927124
Rat_assembly_Ezequiel,chronos_t5_small,28,0.4148188513683419,0.7320529666198841,35.71886560199689,0.3016246403032951
Rat_assembly_Francine,chronos_t5_small,28,0.1226784451588882,0.1831999409450035,12.865016684517611,0.0912403171910511
Rat_assembly_Frieda,chronos_t5_small,28,0.0689372423640037,0.1055118610888942,6.644088074470089,0.0480195420238665
Rat_assembly_Gwen,chronos_t5_small,28,0.1224397317134292,0.2046996142998524,15.577988602502662,0.0882435522979887
Rat_assembly_Horace,chronos_t5_small,28,0.1418059617216022,0.3394456764249849,16.25757847014674,0.1105098048793604
Rat_assembly_Ida,chronos_t5_small,28,0.0840480752899194,0.1254540816872853,8.067635668532944,0.0607715719721369
Rat_assembly_Jamie,chronos_t5_small,28,0.1898926808727063,0.2800639721667693,20.32503090519582,0.1427474319869565
Rat_assembly_Jannie,chronos_t5_small,28,0.1767610062176559,0.9443775723499748,11.90030458621422,0.128041221759433
Rat_assembly_Jennie,chronos_t5_small,28,0.0538048222922075,0.0946036060413082,22.350986064590213,0.0433829923855428
Rat_assembly_Kaitlyn,chronos_t5_small,28,0.1086950046893275,0.1755128041687565,11.26224686802948,0.0879665070501162
Rat_assembly_Kelley,chronos_t5_small,28,0.1729989954584213,0.2892819906995679,68.813587629424,0.1338197621184813
Rat_assembly_Kenya,chronos_t5_small,28,0.0828803793838113,0.1212929128490384,8.018084225677661,0.0609263931718671
Rat_assembly_Kimberley,chronos_t5_small,28,0.0752751635398661,0.1083976105089017,7.538746139717849,0.0560975676391062
Rat_assembly_Kristine,chronos_t5_small,28,0.1083742148500538,0.1606907746206082,10.27174134708943,0.0785309185941561
Rat_assembly_Kristy,chronos_t5_small,28,0.0600238014687193,0.2401473115518631,6.55471372077826,0.0634497696978096
Rat_assembly_Lillie,chronos_t5_small,28,0.0560381350765715,0.287624064962498,10.03227427348286,0.0475915266868954
Rat_assembly_Michel,chronos_t5_small,28,0.0344310841334104,0.0545291935324266,3.297260369141725,0.0257771978292479
Rat_assembly_Mirta,chronos_t5_small,28,0.0926704179806833,0.1462302796168645,8.941608084144457,0.0694084082217197
Rat_assembly_Monica,chronos_t5_small,28,0.0810775308817023,0.1091734044130668,7.919295289648905,0.0590199066090293
Rat_assembly_Pauline,chronos_t5_small,28,0.2574560875774281,0.6675712415678856,218.90315881370364,0.171596362462648
Rat_assembly_Rolland,chronos_t5_small,28,0.1784272222611519,0.3241843582376828,302.6021642244895,0.2361475912787021
Rat_assembly_Rosemarie,chronos_t5_small,28,0.1645871347961463,0.2648461220624105,14.577765510271798,0.114273367003339
Rat_assembly_Ruth,chronos_t5_small,28,0.2388417675998084,0.4553354012378646,36.81936249713068,0.1658893793022526
Rat_assembly_Silvia,chronos_t5_small,28,0.1015240287669611,0.1618279182966848,10.87937969713284,0.0738238554588006
Rat_assembly_Suzanne,chronos_t5_small,28,0.1069811433945324,0.1732543555336151,10.93976718428854,0.0787564037551058
Rat_assembly_Teddy,chronos_t5_small,28,0.1070520107167452,0.1531800052415911,10.372939214578812,0.0799185626304963
Rat_assembly_Teodoro,chronos_t5_small,28,0.1567463050532062,0.2864243297708873,320.8431661247298,0.2079922318155629
Rat_assembly_Trent,chronos_t5_small,28,0.1961647810206993,0.2949304011985434,19.76102868093981,0.1535526945964893
Rat_assembly_Trudy,chronos_t5_small,28,0.1158923053697379,0.2128945840252819,11.121554407937907,0.0843562103353371
Rat_assembly_Victorina,chronos_t5_small,28,0.2802078409889227,0.52993353205633,331.44004101916926,0.2024720852400775
Rat_assembly_Viola,chronos_t5_small,28,0.1244587550425514,0.2894548311879875,10.919994723920825,0.0918692170664245
Rat_education_Adell,chronos_t5_small,28,0.1529428352693632,0.2747464624205046,14.475067225193788,0.1219710270224444
Rat_education_Adrian,chronos_t5_small,28,0.1203570136520528,0.2223425841491463,10.907388536631323,0.0877024863996567
Rat_education_Alfonso,chronos_t5_small,28,0.1253727787841995,0.1740322512267159,12.113914336042624,0.0899702820292931
Rat_education_Alfred,chronos_t5_small,28,0.1086469956100182,0.2443885759307182,9.052628645068337,0.0583696094682526
Rat_education_Barbara,chronos_t5_small,28,0.0431922381638491,0.1214147807016095,38.46681984418116,0.0344071037122563
Rat_education_Barney,chronos_t5_small,28,0.1281545625047664,0.1819571501647721,12.197814327267684,0.0914656816007991
Rat_education_Beverly,chronos_t5_small,28,0.0854143255012381,0.1502876349539076,8.398961265832146,0.0625221652096443
Rat_education_Brett,chronos_t5_small,28,0.3250842526262846,0.8954387322603751,38.515464469000754,0.3576831077368249
Rat_education_Bryant,chronos_t5_small,28,0.063933381437337,0.1292318046575574,6.115885234964836,0.0438059128659549
Rat_education_Calvin,chronos_t5_small,28,0.0230637479015338,0.0438782311287772,2.290997792899653,0.0175603652422725
Rat_education_Candida,chronos_t5_small,28,0.0883242148375459,0.1203135134426381,8.58569942817601,0.0618918156321469
Rat_education_Carmela,chronos_t5_small,28,0.084400307945431,0.1440513962646816,7.485342453144312,0.0580470508482795
Rat_education_Cecil,chronos_t5_small,28,0.068846178705266,0.0896868219466818,7.326375267285328,0.051850856370399
Rat_education_Cedric,chronos_t5_small,28,0.0839161473832903,0.1346114391213051,8.402572219009715,0.0618404390202205
Rat_education_Colin,chronos_t5_small,28,0.0551569286893467,0.1128838700689505,9.518679908421854,0.0581741219393377
Rat_education_Conrad,chronos_t5_small,28,0.2709586961204855,0.5122121032533387,25.054155552708885,0.2240313878335022
Rat_education_Dana,chronos_t5_small,28,0.131521603592109,0.2246811356490929,12.278085411387234,0.0994422803727165
Rat_education_Dann,chronos_t5_small,28,0.0684217027258023,0.120794113623547,6.753951514320013,0.0538370102711126
Rat_education_Davis,chronos_t5_small,28,0.1040123954919143,0.1643064992890552,9.770096407074767,0.0724357363954529
Rat_education_Deanna,chronos_t5_small,28,0.1129623615355633,0.1717828559693083,10.91800329013377,0.0844991228786611
Rat_education_Debra,chronos_t5_small,28,0.0664033722418217,0.1166846757772169,5.984560176387028,0.0473149191157218
Rat_education_Dreama,chronos_t5_small,28,0.0198598621961641,0.0438418843747141,2.110532093852384,0.0168561324487866
Rat_education_Earl,chronos_t5_small,28,0.0763674283607578,0.1473650881746976,8.108289345034619,0.0623307325049159
Rat_education_Earnest,chronos_t5_small,28,0.0941735457006391,0.1686388834193342,8.520936261301115,0.0676981194104427
Rat_education_Elisa,chronos_t5_small,28,0.1586863455899609,0.2955938151269323,21.54624288088106,0.1828976193476441
Rat_education_Elsie,chronos_t5_small,28,0.3762554722927777,0.6325471222523903,966.3636135803524,20.88030017058859
Rat_education_Esther,chronos_t5_small,28,0.1076703495209388,0.1628635916809656,10.420134572421816,0.0797104153627892
Rat_education_Everett,chronos_t5_small,28,0.0674785061100588,0.1049270843589637,6.135270934474776,0.0511677230643142
Rat_education_Fernando,chronos_t5_small,28,0.1025095797502363,0.1661952798574698,9.833511584439938,0.0726776777537134
Rat_education_Francisca,chronos_t5_small,28,0.0493141505951849,0.1129146890718615,4.736846810460194,0.0362618782839765
Rat_education_Gricelda,chronos_t5_small,28,0.1268227050081664,0.1877632823318757,23.756957307192465,0.100434602400475
Rat_education_Guillermo,chronos_t5_small,28,0.0917475868208336,0.1288899507197217,9.42285733058518,0.068831814241824
Rat_education_Humberto,chronos_t5_small,28,0.2323051104632134,0.5178717239476641,30.20535117182865,0.2469927226300059
Rat_education_Irma,chronos_t5_small,28,0.1027188365911056,0.1594468398810414,10.096301359692012,0.0734192067233155
Rat_education_Jacob,chronos_t5_small,28,0.0724033779032628,0.0998301418520841,7.598235870508168,0.0521137843100814
Rat_education_Jame,chronos_t5_small,28,0.0864868451326171,0.1160205339604768,8.543591371991095,0.0628379955615598
Rat_education_Jeanne,chronos_t5_small,28,0.1080844248142688,0.1824276787466224,10.115135818170296,0.0754657500044939
Rat_education_Jena,chronos_t5_small,28,0.0811388026720055,0.1200673655664811,7.3088463911017,0.0600628383714628
Rat_education_Jesse,chronos_t5_small,28,0.0336113384318533,0.0543779912176653,3.27460021392162,0.0258068985587113
Rat_education_Kandice,chronos_t5_small,28,0.210068982242024,0.4789696414124397,62.59450718087406,0.356605641696115
Rat_education_Kathryn,chronos_t5_small,28,0.065213085904477,0.1047449290626742,5.761103712024732,0.0495476486314994
Rat_education_Keith,chronos_t5_small,28,0.0742574284708319,0.1050551895825687,7.349697515607986,0.052824497756301
Rat_education_Kelsey,chronos_t5_small,28,0.1201443445489709,0.2805051081229581,27.96437400551713,0.258038643329834
Rat_education_Lee,chronos_t5_small,28,0.0735761115265032,0.105459626824557,7.231264470626117,0.0561431233192032
Rat_education_Leonardo,chronos_t5_small,28,0.1819102095518111,0.3162551052188958,34.64912394580143,0.1475310029888173
Rat_education_Lincoln,chronos_t5_small,28,0.084205288267103,0.1220663178283425,7.848396554175467,0.0622074734107138
Rat_education_Liz,chronos_t5_small,28,0.134765058643812,0.2079904904412721,14.722569022223489,0.1112631302953945
Rat_education_Lonnie,chronos_t5_small,28,0.2132006572747612,0.3216957862853629,21.253442917249757,0.1605100247411862
Rat_education_Lynn,chronos_t5_small,28,0.1293921302951022,0.1943438078737804,13.007602049344708,0.1015327427251095
Rat_education_Marcos,chronos_t5_small,28,0.0803791780743228,0.1152382045928149,8.012034248665545,0.0594375485832611
Rat_education_Marianna,chronos_t5_small,28,0.1550751572651664,0.2777884456341383,14.47183644639554,0.1150254322484957
Rat_education_Maricela,chronos_t5_small,28,0.0859049225561733,0.1499300117014543,8.65812728919682,0.0694020941679031
Rat_education_Marvin,chronos_t5_small,28,0.1139186820776877,0.2052174196318625,11.829321284606154,0.1044844151186103
Rat_education_Meghan,chronos_t5_small,28,0.1687125112357142,0.3224131661272829,14.342340158452426,0.1221318663849422
Rat_education_Milagros,chronos_t5_small,28,0.0933572903771879,0.1470409226701707,9.206181399718623,0.071129807047716
Rat_education_Mona,chronos_t5_small,28,0.0973501273894838,0.1735659004375761,8.791028352599916,0.0756897144765651
Rat_education_Morton,chronos_t5_small,28,0.0851544225479188,0.1335053521970784,8.52490928165857,0.061568681196713
Rat_education_Mose,chronos_t5_small,28,0.1325628770232804,0.2545924719549255,12.076297866924564,0.0930014229955848
Rat_education_Nellie,chronos_t5_small,28,0.1151060230854044,0.1955297075993535,10.81436160711971,0.0858335258622869
Rat_education_Nona,chronos_t5_small,28,0.136938092405012,0.2517555712547676,15.21861409590612,0.1169276125732159
Rat_education_Nydia,chronos_t5_small,28,0.0756323848930232,0.1092126963706471,7.3156584965287665,0.0534551965543181
Rat_education_Pat,chronos_t5_small,28,0.0060158331762316,0.0105490405757677,0.613145637591413,0.0048502631845999
Rat_education_Patty,chronos_t5_small,28,0.1249835396237974,0.188386479487532,12.200246848349272,0.0902830303662602
Rat_education_Paula,chronos_t5_small,28,0.1039268899255106,0.1423369536286607,10.093413061235257,0.0730499708381048
Rat_education_Renee,chronos_t5_small,28,0.1115366644479298,0.1500437121841533,10.954438237116316,0.080734920813448
Rat_education_Robyn,chronos_t5_small,28,0.109585251201539,0.162388749653033,11.992627464280774,0.0888530763943935
Rat_education_Rogelio,chronos_t5_small,28,0.0669393534953085,0.0957398247884326,6.318943084664766,0.0491792118129208
Rat_education_Rosalyn,chronos_t5_small,28,0.1022582096712103,0.1544942459649501,10.178487592848406,0.0773602187614074
Rat_education_Royal,chronos_t5_small,28,0.065981696599643,0.1034568831527544,6.689437127161495,0.0493694174621602
Rat_education_Salvatore,chronos_t5_small,28,0.0650120814393807,0.1021291586533675,5.785878959587406,0.0472913227632487
Rat_education_Shellie,chronos_t5_small,28,0.0946881287574639,0.1592196953182676,9.104048780442833,0.0682287507629575
Rat_education_Sherwood,chronos_t5_small,28,0.094521048754138,0.1542562904871571,9.277835572473188,0.0704479027404897
Rat_education_Sina,chronos_t5_small,28,0.074605433993805,0.1098469716093081,7.287572384294561,0.0555703116139108
Rat_education_Stuart,chronos_t5_small,28,0.119448979449556,0.1921544422391588,11.155984189858914,0.0864065161386404
Rat_education_Tania,chronos_t5_small,28,0.1976530876189547,0.3134999443262075,100.59185246734548,0.1503363986073969
Rat_education_Terese,chronos_t5_small,28,0.0778919292725548,0.1379634998272096,6.952976192887371,0.0543918878857391
Rat_education_Theo,chronos_t5_small,28,0.0697464612423546,0.1015660556471839,6.984808515961065,0.0538355479305019
Rat_education_Tim,chronos_t5_small,28,0.0785540133975919,0.1150271749596285,7.385221831695368,0.0559587547928818
Rat_education_Tristan,chronos_t5_small,28,0.0483474004556668,0.1204349307339556,4.846652601857724,0.0393055724700374
Rat_education_Ulrike,chronos_t5_small,28,0.0915798659374397,0.1573787256174186,9.08888503428694,0.0712063700425049
Rat_education_Verna,chronos_t5_small,28,0.1122023097063582,0.1842619081592773,10.58500884173564,0.0827474999525995
Rat_education_Vicky,chronos_t5_small,28,0.1346426703370254,0.2591407486932389,188.3538422276088,0.1010200756882624
Rat_education_Willie,chronos_t5_small,28,0.1352688704377294,0.2157761734203216,13.301834719679764,0.1004368346535325
Rat_education_Willy,chronos_t5_small,28,0.0385108487904856,0.1472379813264907,5.142800223563482,0.051200698764437
Rat_education_Wilmer,chronos_t5_small,28,0.1054260999355314,0.16649680794733,10.405643503241237,0.0765872541642076
Rat_education_Winnie,chronos_t5_small,28,0.0985004068377969,0.1387580274483445,9.528396029755983,0.0711834341036374
Rat_education_Yu,chronos_t5_small,28,0.0776026635172751,0.1123258644819542,7.829922349617002,0.0574812184290329
Rat_education_Zina,chronos_t5_small,28,0.144304530323084,0.3206985335617171,12.338035851711734,0.1015863457096422
Rat_education_Zoe,chronos_t5_small,28,0.1222106436242329,0.1706070006710978,11.791162787185527,0.0882947130586873
Rat_health_Gaye,chronos_t5_small,28,0.0966523884891214,0.1384223468237888,9.18035413808213,0.0672483810747423
Rat_health_Guy,chronos_t5_small,28,0.0341888955614044,0.0491085901683921,3.439455863546792,0.0262338906172645
Rat_health_Mildred,chronos_t5_small,28,0.1315727551148102,0.1999516436080504,12.421483459288163,0.0920198230502561
Rat_health_Rosaria,chronos_t5_small,28,0.1935690177687651,0.3381720269049117,18.29536812788258,0.1422691464947395
Rat_health_Shane,chronos_t5_small,28,0.066091986050999,0.0881397527412637,6.878886595069431,0.050054552734122
Rat_health_Tanya,chronos_t5_small,28,0.0779958643278806,0.1008312598223328,7.6766736555644925,0.0562743695367863
Rat_lodging_Ardell,chronos_t5_small,28,0.104496763094429,0.1401921347129419,10.021012052131027,0.0738628788886069
Rat_lodging_Ben,chronos_t5_small,28,0.1413865162853601,0.242625395507227,17.14815561816959,0.1478901590458502
Rat_lodging_Christine,chronos_t5_small,28,0.1278503139419485,0.1933911888916075,12.95302384881332,0.0995433109497769
Rat_lodging_Dwight,chronos_t5_small,28,0.2546391661709822,0.3316533606389541,27.88915880802987,0.2211217969095562
Rat_lodging_Jeannette,chronos_t5_small,28,0.2344700383913411,0.3111182920552154,24.739321123363364,0.1693667601467393
Rat_lodging_Lorenzo,chronos_t5_small,28,0.427856457510247,0.6775871358138471,289.22248137960105,0.3044976939344136
Rat_lodging_Marguerite,chronos_t5_small,28,0.1348409832448145,0.1792531700396154,13.526337963724725,0.1004734911061073
Rat_lodging_Marion,chronos_t5_small,28,0.1289807416868078,0.1744277657794148,12.45016412985411,0.095300634485849
Rat_lodging_Ted,chronos_t5_small,28,0.462167633883575,0.7114451710898375,224.42786356663493,0.3771004226053515
Rat_office_Adele,chronos_t5_small,28,0.0488912733000244,0.0885423070482776,5.429458705473071,0.0438179651307802
Rat_office_Annis,chronos_t5_small,28,0.0982634647667807,0.141215115893333,9.843857071240969,0.0727978475287915
Rat_office_Arron,chronos_t5_small,28,0.0821512479093228,0.1413341673094828,7.611541895420153,0.0632638751873721
Rat_office_Avis,chronos_t5_small,28,0.0722747658059308,0.1260457328313741,6.746009109276649,0.049678304202941
Rat_office_Chris,chronos_t5_small,28,0.0445139400784316,0.0677273543162437,4.464954954350272,0.0343660540809153
Rat_office_Colby,chronos_t5_small,28,0.0677150433009065,0.0964596730742361,7.264063188201835,0.0515230514533563
Rat_office_Craig,chronos_t5_small,28,0.0462203074893311,0.0813403118372138,4.703414695548697,0.0374560410762634
Rat_office_Jacinta,chronos_t5_small,28,0.0494280832874123,0.0783760976802786,5.240522407957061,0.0398344149388747
Rat_office_Jamal,chronos_t5_small,28,0.0520252898439467,0.1239800105670379,5.013153763121138,0.0456431769062266
Rat_office_Jeannie,chronos_t5_small,28,0.1534051378513836,0.2406652803476767,14.909180965303772,0.109007972797798
Rat_office_Jessica,chronos_t5_small,28,0.0350479061486563,0.0473380804500248,3.4777788965636374,0.0257601190874193
Rat_office_Jill,chronos_t5_small,28,0.1562922252171955,0.2944484283973868,19.551053898541817,0.164780362113946
Rat_office_Kasey,chronos_t5_small,28,0.1505723526627108,0.2804881154276943,11.788535503000327,0.1077797840719718
Rat_office_Lora,chronos_t5_small,28,0.4671077677706223,0.6665559904718963,50.79593320857251,0.4076506460275683
Rat_office_Loyd,chronos_t5_small,28,0.1047270701664874,0.1729995462595611,10.34276820029318,0.0767673880205247
Rat_office_Mei,chronos_t5_small,28,0.1041360172687741,0.186202528184223,9.843072543098437,0.084598114040042
Rat_office_Olivia,chronos_t5_small,28,0.0774891479603748,0.1422331133621971,8.1576515684198,0.0637646801084705
Rat_office_Ramiro,chronos_t5_small,28,0.0410721149502382,0.0580767799191957,4.153700989459254,0.0302813058019903
Rat_office_Randy,chronos_t5_small,28,0.0548985521152966,0.0952867145061723,4.954859084825972,0.0410251276766131
Rat_office_Ronald,chronos_t5_small,28,0.2256728520022977,0.3419556766741365,43.73779102893647,0.385491034785235
Rat_office_Rosemary,chronos_t5_small,28,0.1386175344508065,0.1868230070707616,15.110331101739035,0.1030375417047077
Rat_office_Sammy,chronos_t5_small,28,0.1782155177532272,0.2886978875614946,24.13189148022596,0.2072634436774812
Rat_office_Tracy,chronos_t5_small,28,0.0917681736632947,0.1265523330350773,9.162248035088592,0.0687224780503516
Rat_other_Al,chronos_t5_small,28,0.1270061690735172,0.1716626502176947,12.37094498746247,0.0917659502146443
Rat_other_Daphne,chronos_t5_small,28,0.2534794492185519,0.4095277161285833,23.97808200771088,0.202904370008985
Rat_other_Hazel,chronos_t5_small,28,0.0157287113790118,0.0207031796615915,1.5656401097198975,0.0114052686574993
Rat_other_Lan,chronos_t5_small,28,0.0472100815562427,0.0716114191114257,5.2360702119227485,0.035864992999517
Rat_parking_Ronnie,chronos_t5_small,28,0.1961539248059089,0.2996308796242092,17.920567152349186,0.1463911586205797
Rat_public_Alanna,chronos_t5_small,28,0.0645115096367779,0.1186412919743173,6.4796623303458105,0.0545770556311771
Rat_public_Allie,chronos_t5_small,28,0.1170371148134117,0.1773695431145117,12.51581566374331,0.0910112460486012
Rat_public_Allyson,chronos_t5_small,28,0.0838618712358517,0.1110802066917118,8.677825649703404,0.0613553752468815
Rat_public_Amber,chronos_t5_small,28,0.1897886814390083,0.3411295629618533,21.817837178196637,0.1452924398881894
Rat_public_Angelina,chronos_t5_small,28,0.0912178378358076,0.1677805727300368,10.032474453460452,0.0779974094168089
Rat_public_Angle,chronos_t5_small,28,0.0513103664450012,0.0701793188468296,5.156266000983126,0.0381605875222402
Rat_public_Becky,chronos_t5_small,28,0.110299321466393,0.1520850899355639,11.048744090566723,0.0795564571891358
Rat_public_Berry,chronos_t5_small,28,0.034596197810135,0.0548423285580846,3.582581060119463,0.0266401258972509
Rat_public_Bronwyn,chronos_t5_small,28,0.0773122874706562,0.1228939594257347,7.196490861718308,0.0564624731760921
Rat_public_Carole,chronos_t5_small,28,0.1430123537534598,0.2059310390489778,13.494679796116117,0.1026974879266867
Rat_public_Caroline,chronos_t5_small,28,0.1331456265099102,0.1858137857869146,14.649551339443056,0.1164934433274993
Rat_public_Chrissy,chronos_t5_small,28,0.0935436347951196,0.1223122791875497,9.955610752879627,0.0687296110853464
Rat_public_Clyde,chronos_t5_small,28,0.1213539942546208,0.1749695766780016,11.954374007566743,0.090843681217417
Rat_public_Corinne,chronos_t5_small,28,0.0763342030160723,0.1131627766478698,7.105146750945435,0.0534196376840785
Rat_public_Courtney,chronos_t5_small,28,0.1259829879195574,0.2270211223184769,12.235025872446824,0.0899728828526673
Rat_public_Dalia,chronos_t5_small,28,0.0341997708390248,0.043911308599099,3.4476855584475183,0.0250991462187857
Rat_public_Damon,chronos_t5_small,28,0.0883510998265723,0.1190896545453022,9.392469159350108,0.0693181973698463
Rat_public_Deidre,chronos_t5_small,28,0.1143889346053003,0.1558288897533569,11.452386358027065,0.0837627117771562
Rat_public_Desiree,chronos_t5_small,28,0.1376529750467509,0.175241356556893,14.337468429843875,0.1042874884443343
Rat_public_Dexter,chronos_t5_small,28,0.0927446391582039,0.1223087385014504,9.34323736490677,0.0679454792590173
Rat_public_Duane,chronos_t5_small,28,0.2400866488947878,0.4353532915008131,54.49478066860062,0.4039248781931537
Rat_public_Elmira,chronos_t5_small,28,0.1358987570414963,0.2103299796800475,13.61114377224382,0.0970025556013474
Rat_public_Emilee,chronos_t5_small,28,0.1473066105751883,0.2259640250242132,15.022389971656652,0.1149852512708997
Rat_public_Faye,chronos_t5_small,28,0.1291741744413945,0.1835869704637613,13.861790704837157,0.1013400514929286
Rat_public_Fern,chronos_t5_small,28,0.0659330201061326,0.0956441671433638,7.425095831173969,0.0545620850323297
Rat_public_Frank,chronos_t5_small,28,0.0744195859372106,0.1038052368204365,7.6147226161132675,0.0553709676304111
Rat_public_Frederick,chronos_t5_small,28,0.0575906727929508,0.0733802165039089,5.993078756287278,0.0430536300134138
Rat_public_Fredrick,chronos_t5_small,28,0.3382559668915179,0.9053813910797056,53.80442030463959,0.526117844185968
Rat_public_Grover,chronos_t5_small,28,0.0805412493251456,0.1040935522402145,8.176209189278698,0.0576517881210224
Rat_public_Helena,chronos_t5_small,28,0.1299185238909684,0.1686793028076386,13.549876050583926,0.0982965339461415
Rat_public_Hortencia,chronos_t5_small,28,0.1462085334410668,0.2579060731512176,15.376494169473109,0.1108521356415464
Rat_public_Isabel,chronos_t5_small,28,0.0492862838244131,0.0742138623798833,4.937748721873179,0.0360188180333355
Rat_public_Jason,chronos_t5_small,28,0.0720811576570653,0.1446315802026676,8.958631578601118,0.0677493890442125
Rat_public_Joann,chronos_t5_small,28,0.072336205302212,0.1269296678017251,7.067634741204987,0.056164132233524
Rat_public_Johnna,chronos_t5_small,28,0.0022584206921458,0.0024778177773158,0.2258420692145833,0.0024224753054349
Rat_public_Johnny,chronos_t5_small,28,0.0762334095089194,0.0955151218878655,7.675109580595245,0.0547895753759275
Rat_public_Josiah,chronos_t5_small,28,0.092125790534064,0.1790881338913179,7.992830194839523,0.0654300663896999
Rat_public_Julieann,chronos_t5_small,28,0.0273697988393707,0.0863387971435328,17.818171432928224,0.0229597156798284
Rat_public_Kathleen,chronos_t5_small,28,0.0412617345317622,0.0640962397670805,3.992465603801667,0.0318487652926131
Rat_public_Kelle,chronos_t5_small,28,0.2039627778008775,0.3042250344190416,18.35206493036726,0.1567897976304705
Rat_public_Kelly,chronos_t5_small,28,0.0965536200286584,0.1205781318094224,9.82032390789174,0.0698460518626289
Rat_public_Kermit,chronos_t5_small,28,0.1131891353616495,0.2742333158196383,10.739458718187793,0.0874156986261763
Rat_public_Kimber,chronos_t5_small,28,0.2361750804309398,0.3502960946609484,55.41660942512947,0.1720448356730227
Rat_public_Laura,chronos_t5_small,28,0.1025297448922814,0.1555597557313968,9.74594430945305,0.0718844730939676
Rat_public_Laurie,chronos_t5_small,28,0.046530342446355,0.076408728495043,4.51470126271588,0.036120679982553
Rat_public_Laverne,chronos_t5_small,28,0.1475278034206463,0.1922400399152608,15.858364021291488,0.112041782784545
Rat_public_Lea,chronos_t5_small,28,0.0274919839683936,0.0688807161626734,2.9558484376315413,0.0233625228111139
Rat_public_Leo,chronos_t5_small,28,0.0889931463375355,0.1156924564406501,8.974079562629443,0.0656706321661222
Rat_public_Leta,chronos_t5_small,28,0.1122915803658478,0.1448785414896967,24.913533066733592,0.0850842421853896
Rat_public_Lloyd,chronos_t5_small,28,0.0973862047329278,0.1517460980182891,8.849345730030581,0.0691270359296543
Rat_public_Loretta,chronos_t5_small,28,0.0477109197504257,0.0740669880491958,5.357545034444473,0.0387497850087426
Rat_public_Lynda,chronos_t5_small,28,0.1261129996589876,0.1635424152568715,13.342565355795472,0.0960840668656441
Rat_public_Mabel,chronos_t5_small,28,0.0553887037014096,0.0938222929657884,5.55852720256996,0.0410672189182758
Rat_public_Marcellus,chronos_t5_small,28,0.1262610091383159,0.2083734870214537,12.775854934126022,0.0968361964430449
Rat_public_Margart,chronos_t5_small,28,0.1314141541607554,0.1756614235548095,13.806554298175676,0.1013115134720217
Rat_public_Mark,chronos_t5_small,28,0.0915269852200223,0.1408596325062449,11.350121729363847,0.0712357148133772
Rat_public_Michael,chronos_t5_small,28,0.0688432131744427,0.1194932325675194,7.001501054983314,0.0522159959895748
Rat_public_Michelle,chronos_t5_small,28,0.1790688238222522,0.4018991621105813,14.286494674934463,0.1375845096093503
Rat_public_Muriel,chronos_t5_small,28,0.0725635056782756,0.1010888119456367,7.83789678318205,0.0581686006894819
Rat_public_Nancy,chronos_t5_small,28,0.0972096811167679,0.1234943279382991,10.30155306633248,0.0743870459497123
Rat_public_Neil,chronos_t5_small,28,0.0980035566578047,0.1819206683504025,9.051275077824103,0.0721231765838368
Rat_public_Nell,chronos_t5_small,28,0.0696813754136915,0.104400363849092,6.823717537562617,0.0504406915689588
Rat_public_Nelson,chronos_t5_small,28,0.0671533168043381,0.0938344528229439,6.662861389771275,0.0490815711616124
Rat_public_Norene,chronos_t5_small,28,0.0019952977225369,0.0022501577422501,0.1995297722536901,0.0020212592883048
Rat_public_Ramon,chronos_t5_small,28,0.1487811484432798,0.2010739224911656,15.6252053183584,0.1141550697648927
Rat_public_Ramona,chronos_t5_small,28,0.0984939297121967,0.1322003612711838,9.936574012849633,0.0732886063614512
Rat_public_Roberta,chronos_t5_small,28,0.1127226675852198,0.1503524489349147,11.8963208011349,0.0865566277615534
Rat_public_Roma,chronos_t5_small,28,0.1353006086485015,0.2156644507898897,11.713314822956203,0.1027654339959052
Rat_public_Sade,chronos_t5_small,28,0.1289104080144134,0.1770381480399278,12.941609807048184,0.0965880489212857
Rat_public_Sana,chronos_t5_small,28,0.0705236928050133,0.2243989927952435,402.4875435852002,3160968670.8829927
Rat_public_Sean,chronos_t5_small,28,0.1207777627090778,0.1877622818054102,12.121281433222611,0.0898077410771853
Rat_public_Shanta,chronos_t5_small,28,0.1311757368369621,0.1709414471351181,13.71855626094351,0.0993261007649163
Rat_public_Sharonda,chronos_t5_small,28,0.1077490701996724,0.1647969860031627,10.336834598337523,0.0783932034491357
Rat_public_Sharron,chronos_t5_small,28,0.114539873140925,0.2436907600331552,155.22098868955646,0.9530217599186824
Rat_public_Stacey,chronos_t5_small,28,0.1522313075940378,0.2182670596496661,15.109809263537134,0.1169380750103673
Rat_public_Stella,chronos_t5_small,28,0.0520313951037078,0.0684202093357905,5.188992384945295,0.0378016977506386
Rat_public_Sue,chronos_t5_small,28,0.0773000189888616,0.1446469267652568,8.30657954682514,0.0645511801951361
Rat_public_Tammara,chronos_t5_small,28,0.1929657646034523,0.2990734235982625,17.29950777314546,0.1374716326716185
Rat_public_Tamra,chronos_t5_small,28,0.1195554339900487,0.1718595485297369,12.2516917552238,0.0909917445938294
Rat_public_Tommy,chronos_t5_small,28,0.0720031553236113,0.0959836870244638,7.299474757265189,0.0531035570562047
Rat_public_Toya,chronos_t5_small,28,0.2444622763117689,0.4128699446251361,21.740678687607115,0.1792326441305934
Rat_public_Tricia,chronos_t5_small,28,0.1676378639521526,0.271151187259474,16.181248169971646,0.1245970481060254
Rat_public_Vickie,chronos_t5_small,28,0.0736178088069624,0.1052854254653631,7.395867643586803,0.0559980741213133
Rat_public_Wilbur,chronos_t5_small,28,0.1864219490705936,0.323454097412168,38.915293668772,0.3542541202541597
Rat_public_Wilma,chronos_t5_small,28,0.0863524255557486,0.1296243881600189,8.772010338429958,0.0628754957954762
Rat_public_Yessenia,chronos_t5_small,28,0.0893901660461684,0.1427489271626913,9.555512008577876,0.0734351280595952
Rat_religion_Kathy,chronos_t5_small,28,0.291784156794114,0.3962589262422795,36.13548009531121,0.226880583455717
Rat_retail_Jeffrey,chronos_t5_small,28,0.1731628160943577,0.3583384410655286,193.0219333752838,1.5914983278194277
Rat_warehouse_Breanna,chronos_t5_small,28,0.0355711470324651,0.060687020190872,3.688808461781217,0.030236543325642
Rat_warehouse_Doretta,chronos_t5_small,28,0.0482936381125425,0.0748238700670234,4.7932764986593535,0.0374555664210834
Rat_warehouse_Eloisa,chronos_t5_small,28,0.1641399234552091,0.2330853684546514,16.71819955379922,0.1267155180073683
Rat_warehouse_Maegan,chronos_t5_small,28,0.1053260614533724,0.1768461121550636,12.628886749216344,0.0859182238486923
Rat_warehouse_Shari,chronos_t5_small,28,0.1493105435259471,0.2316805773618718,20.22706433176158,0.1519443631047076
Robin_assembly_Colleen,chronos_t5_small,28,0.047132306858674,0.0670565235500722,4.93374824601697,0.0362037616366037
Robin_education_Audrea,chronos_t5_small,28,0.0393927189729461,0.0657816113027704,4.198865493192237,0.0326238403785767
Robin_education_Billi,chronos_t5_small,28,0.0591657472292061,0.0837381994756429,6.399656897091412,0.0454898335960644
Robin_education_Cecilia,chronos_t5_small,28,0.0925605886265356,0.1286989721989783,9.216258363887512,0.0673701653083888
Robin_education_Della,chronos_t5_small,28,0.2429977385437803,0.3759641447651471,64.74271878365447,0.1805754956472016
Robin_education_Derick,chronos_t5_small,28,0.05050242340072,0.0688046436620249,4.99258395361903,0.0374744975286369
Robin_education_Derrick,chronos_t5_small,28,0.0210639425990277,0.0425418489323153,2.003598116408308,0.0157008824367016
Robin_education_Jasper,chronos_t5_small,28,0.0252002681182853,0.0341259595525642,2.538850076984687,0.0189852841674375
Robin_education_Julius,chronos_t5_small,28,0.0427737261119411,0.0571517312435093,4.146379489956512,0.0312959971017071
Robin_education_Karyl,chronos_t5_small,28,0.053606443642714,0.0770760070134098,5.213401144264516,0.0405332364728946
Robin_education_Kiera,chronos_t5_small,28,0.0503134036692769,0.0699833087760365,5.185962813368856,0.0389594738041952
Robin_education_Kristopher,chronos_t5_small,28,0.0484669455205568,0.0841489256728198,4.409636217647791,0.0346643567812123
Robin_education_Lashandra,chronos_t5_small,28,0.0983024118406927,0.1460294964194987,8.787019241232656,0.0688074866228893
Robin_education_Leslie,chronos_t5_small,28,0.0338424740713403,0.0612320026982112,3.178256204547444,0.025054789912893
Robin_education_Lizbeth,chronos_t5_small,28,0.0544100270059774,0.1025470244903537,4.931557572197363,0.0416086501564274
Robin_education_Madeline,chronos_t5_small,28,0.0226873562883353,0.0519839872720516,2.234548361052106,0.0185811421240952
Robin_education_Margarito,chronos_t5_small,28,0.0444133594760194,0.0603204613699502,4.374930026179393,0.0327682778552785
Robin_education_Megan,chronos_t5_small,28,0.0638497706939931,0.0952339060236845,6.334539340969972,0.0473446083272578
Robin_education_Mercedes,chronos_t5_small,28,0.0778205038883659,0.1133616142140397,7.596336969018631,0.0594513722131174
Robin_education_So,chronos_t5_small,28,0.0164577432695301,0.022764048848402,1.5997737258569555,0.0119476342583748
Robin_education_Takako,chronos_t5_small,28,0.1087348668777611,0.1873214380181097,9.646126897530264,0.0800562284399206
Robin_education_Terrance,chronos_t5_small,28,0.0338026338602196,0.0447782961327174,3.339932863814932,0.0249270904411327
Robin_education_Zenia,chronos_t5_small,28,0.0237837038150235,0.0344157329912564,2.286080761489408,0.0173051392215605
Robin_lodging_Armand,chronos_t5_small,28,0.0429077534729184,0.0581771979636438,4.174827050050926,0.0306583055381622
Robin_lodging_Celia,chronos_t5_small,28,0.0536994738869067,0.0731910927751781,5.309334212804716,0.0393526757640407
Robin_lodging_Donna,chronos_t5_small,28,0.0579294429899658,0.0825695568745776,5.591143437023391,0.0419133526647223
Robin_lodging_Dorthy,chronos_t5_small,28,0.079639676821364,0.1065889079840905,8.067735899574819,0.0586731123238904
Robin_lodging_Elmer,chronos_t5_small,28,0.0555717738249892,0.0768597324518883,5.444920286984041,0.0406932063338573
Robin_lodging_Janie,chronos_t5_small,28,0.0848368987531957,0.1100802475326695,8.30840030372928,0.0604312272087423
Robin_lodging_Oliva,chronos_t5_small,28,0.0606692752783377,0.0818984594312973,5.947622871215369,0.0442857961268775
Robin_lodging_Phillip,chronos_t5_small,28,0.0854114603227224,0.1276920822185583,8.044268559542944,0.061470485234377
Robin_lodging_Pricilla,chronos_t5_small,28,0.0770211419745737,0.1098309534607403,7.382149431858275,0.0570193998793092
Robin_lodging_Renea,chronos_t5_small,28,0.0376339107702468,0.0534417662068489,3.966108937501431,0.0282230531514505
Robin_office_Addie,chronos_t5_small,28,0.0936545100484654,0.1411086812932825,9.3652213368843,0.072055402282702
Robin_office_Adolph,chronos_t5_small,28,0.0743363546236645,0.0982385443458867,7.7458005850848,0.0548099744218682
Robin_office_Antonina,chronos_t5_small,28,0.0282599841317183,0.0369114132014297,2.804421329493451,0.0205273088062208
Robin_office_Dina,chronos_t5_small,28,0.057118374686985,0.1014771298109686,5.385186111647108,0.0399195049772808
Robin_office_Donald,chronos_t5_small,28,0.0457249474060064,0.0702561294394497,4.396093288308727,0.0344508925342667
Robin_office_Gayle,chronos_t5_small,28,0.0538628962949596,0.0826935486979899,5.523171264669048,0.0432975674101773
Robin_office_Lindsay,chronos_t5_small,28,0.0600842841064985,0.0911828923548543,5.5556620280987286,0.0446354496305744
Robin_office_Maryann,chronos_t5_small,28,0.0269293858457597,0.0357850609862134,2.653847043120162,0.0200158472041494
Robin_office_Sammie,chronos_t5_small,28,0.0788142577681171,0.101744264311512,8.158123389214019,0.0592968349309155
Robin_office_Saul,chronos_t5_small,28,0.0848057327714325,0.1450933679110412,67.01608130755788,0.0707055504717076
Robin_office_Serena,chronos_t5_small,28,0.0594978853582294,0.0830356698852086,6.043473588342324,0.0475868169027398
Robin_office_Shirlene,chronos_t5_small,28,0.0668699134875481,0.0954118400454747,6.786863677201585,0.0527316054466416
Robin_office_Soledad,chronos_t5_small,28,0.1068342658599402,0.1824657210138034,8.822385471617677,0.0791690844587735
Robin_office_Victor,chronos_t5_small,28,0.040588247057641,0.0575655665148074,4.155150498708485,0.0302261755126735
Robin_office_Wai,chronos_t5_small,28,0.0161515251356638,0.0250187526588764,1.6379812840279775,0.0127296081820256
Robin_office_Zelma,chronos_t5_small,28,0.0383930640603008,0.0569641578337488,3.5925995770379533,0.0279266069109373
Robin_public_Cami,chronos_t5_small,28,0.0467761087779486,0.0655854610953741,4.695837941674841,0.0352680510081579
Robin_public_Carolina,chronos_t5_small,28,0.0281928243747943,0.039354165075012,2.858881871422302,0.0212670734784243
Swan_unknown_Allison,chronos_t5_small,28,0.0638505263161137,0.1397728343679874,33.68756420475921,0.0472379400276135
Swan_unknown_Andres,chronos_t5_small,28,0.0439924445854458,0.070365239463562,4.43102301191419,0.0330150498187999
Swan_unknown_Bette,chronos_t5_small,28,0.0421955803885557,0.1091411003022438,27.34537774608557,0.0321880510283892
Swan_unknown_Christoper,chronos_t5_small,28,0.050130264819447,0.1246108515016289,26.37427825278414,0.0380451453680449
Swan_unknown_Douglas,chronos_t5_small,28,0.024668579533421,0.0732317950484284,19.03266839400857,0.0196283567299232
Swan_unknown_Esteban,chronos_t5_small,28,0.0392145231160661,0.0934459571979644,23.682170967089203,0.031111308670446
Swan_unknown_Fabian,chronos_t5_small,28,0.0782595547417394,0.1241356341865701,28.71243745049508,0.0603409380423732
Swan_unknown_Ike,chronos_t5_small,28,0.0757065483236862,0.1783561272795952,34.32244250075115,0.0649102520331304
Swan_unknown_Isaiah,chronos_t5_small,28,0.0741572471491433,0.138287363206418,30.085401217161863,0.0611596628822862
Swan_unknown_Jan,chronos_t5_small,28,0.0180154842174634,0.0691053665011774,18.56899969594876,0.0144550434604637
Swan_unknown_Jerold,chronos_t5_small,28,0.0212256608660417,0.0657794936039452,17.05703999617337,0.0170069884377233
Swan_unknown_Noelia,chronos_t5_small,28,0.102929631599689,0.1620135371144396,24.726540558054023,0.0787239112506079
Swan_unknown_Raquel,chronos_t5_small,28,0.0268962825515903,0.086375499822402,21.02378783478407,0.0223414608283283
Swan_unknown_Reyna,chronos_t5_small,28,0.0910895147695886,0.1858851032693399,30.69060206916548,0.0733161058393987
Swan_unknown_Rocco,chronos_t5_small,28,0.0129693702500017,0.0630169573680914,16.016796720305276,0.0105921307868872
Swan_unknown_Rudy,chronos_t5_small,28,0.0182496545850705,0.0655595364776993,17.185506825762616,0.014600729694264
Swan_unknown_Tom,chronos_t5_small,28,0.0570273917462334,0.1330930471459814,33.67383494939383,0.043253828643621
Swan_unknown_Valeria,chronos_t5_small,28,0.0399409628838673,0.0763395108132949,19.428614855462907,0.0304002348166849
Swan_unknown_Wendy,chronos_t5_small,28,0.0356090194055287,0.0873593351894234,22.929336449453043,0.0283861242356644
Wolf_assembly_Elaine,chronos_t5_small,28,0.3386948786500708,0.6730993105329057,31.533181534121503,0.2678396467256014
Wolf_assembly_Sallie,chronos_t5_small,28,0.1119580406530678,0.2048594286083673,13.390143143847247,0.0965471384314217
Wolf_education_Anisa,chronos_t5_small,28,0.2404339617752444,0.4428065967106342,24.267300501102085,0.1848211477577419
Wolf_education_Arnulfo,chronos_t5_small,28,0.2055694389385195,0.3464119350344416,28.22283069116689,0.2041206824086363
Wolf_education_Bobby,chronos_t5_small,28,0.2060168483065538,0.347426692370489,24.953699521239265,0.1967862065070136
Wolf_education_Cheryl,chronos_t5_small,28,0.2076924757207326,0.3428694289496575,22.61133718910957,0.175467351050738
Wolf_education_Clarissa,chronos_t5_small,28,0.1289411314001998,0.20611684863955,13.488005160703814,0.1049836691431021
Wolf_education_Cody,chronos_t5_small,28,0.6092164866366198,1.118331600471579,76.4172130879333,0.5919160084112634
Wolf_education_Dolores,chronos_t5_small,28,0.251071989602707,0.4347696582709964,176.1509152904314,0.2410249713466923
Wolf_education_Dorris,chronos_t5_small,28,0.0777011381151751,0.1213538515399839,7.836071066232154,0.0622356516842383
Wolf_education_Eulalia,chronos_t5_small,28,0.2545549282723288,0.4552855172873735,37.83047880008918,0.3059468262938765
Wolf_education_Joaquin,chronos_t5_small,28,0.0922353655258169,0.1400244360186651,9.557839825293778,0.0717054149143715
Wolf_education_Josefa,chronos_t5_small,28,0.326819842425937,0.5766964217617503,38.84851311343841,0.3094221046478594
Wolf_education_Katie,chronos_t5_small,28,0.1666299260609832,0.2795630410909606,17.61040405016906,0.130602226443543
Wolf_education_Laurinda,chronos_t5_small,28,0.1970408262630986,0.3558874092805723,20.643003860776325,0.1719127726490876
Wolf_education_Loren,chronos_t5_small,28,0.1542964116316632,0.2800818535924083,17.119505889900783,0.1411513029055073
Wolf_education_Miguel,chronos_t5_small,28,0.2243569270180212,0.4066330934046169,26.495114248929603,0.2071658877453057
Wolf_education_Roderick,chronos_t5_small,28,0.2789015380538549,0.459354151282356,57.59481483418127,0.2228837665385018
Wolf_education_Tammie,chronos_t5_small,28,0.1093225073546371,0.182531229563673,11.067177180139428,0.0925945085103018
Wolf_education_Tori,chronos_t5_small,28,0.1578543496956881,0.2851442143474538,16.643485708393165,0.1376913534600271
Wolf_education_Ursula,chronos_t5_small,28,0.2110369090761908,0.3308132953702898,21.8914855976606,0.1764681939291968
Wolf_education_Vivian,chronos_t5_small,28,0.2075125420190453,0.340409539098977,23.99390135341951,0.1948189047277262
Wolf_office_Bobbie,chronos_t5_small,28,0.1965450449944827,0.3361657043680772,22.59097303564556,0.1850352501068609
Wolf_office_Cary,chronos_t5_small,28,0.1256293486627657,0.2231386825861424,12.78806714408209,0.1056604347154239
Wolf_office_Darleen,chronos_t5_small,28,0.1875989471137219,0.3458209548555175,20.733802648722687,0.16181356117702
Wolf_office_Elisabeth,chronos_t5_small,28,0.0522963495309978,0.0779283754471696,5.259338200998091,0.0389119060050719
Wolf_office_Emanuel,chronos_t5_small,28,0.2605896358321881,0.4517817412047941,31.250281796416505,0.2044234513643756
Wolf_office_Haydee,chronos_t5_small,28,0.331058235562796,0.5465660562439729,44.9031280178554,0.3168600761263269
Wolf_office_Joana,chronos_t5_small,28,0.1605430717706377,0.2521155466864472,18.71927601240781,0.1214501419295061
Wolf_office_Nadia,chronos_t5_small,28,0.1284696618538359,0.2167091254218632,12.940474985136133,0.1024635488014019
Wolf_office_Rochelle,chronos_t5_small,28,0.267471626304083,0.432552082934136,30.213915814634174,0.2325131592703894
Wolf_public_Norma,chronos_t5_small,28,0.1961572345498718,0.3383479828451349,24.05674057025623,0.2081939507011923
Wolf_retail_Harriett,chronos_t5_small,28,0.2904959646575771,0.4457340332948958,347.0165100963508,0.2477184301669992
Wolf_retail_Marcella,chronos_t5_small,28,0.2222103870137207,0.3393257146447467,25.395858785114477,0.1970715255584159
Wolf_retail_Toshia,chronos_t5_small,28,0.3118171627043836,0.5885618089503266,42.09603912382276,0.378169056412199
Wolf_science_Alfreda,chronos_t5_small,28,0.0638481963336506,0.097212628809971,6.397918085028238,0.0504913666016467
